"id","created_at","latitude","longitude"
"1","2026-04-01T19:51:33.880322","37.56643555952377","126.9778553389254"
"2","2026-04-01T19:58:59.018968","37.56644785289782","126.97792818846354"
"3","2026-04-01T19:59:00.984776","37.566464440243344","126.97805502251038"
"4","2026-04-01T19:59:06.187987","37.566493634264035","126.97820044202592"
"5","2026-04-01T19:59:18.639574","37.56663823121135","126.97803516090329"
"6","2026-04-02T07:44:29.553281","37.56729597996666","126.97726744002962"
"7","2026-04-02T07:44:29.553281","37.56639281790234","126.97820787701642"
"8","2026-04-02T07:44:29.553281","37.56645112619236","126.97795902570478"
"9","2026-04-02T07:44:29.594136","37.565839507864226","126.97756174772546"
"10","2026-04-02T07:44:29.596510","37.56750355251034","126.97707593757617"
"11","2026-04-02T07:44:29.596510","37.5666954261045","126.97900016639636"
"12","2026-04-02T07:44:29.597511","37.567359387132676","126.97726347977562"
"13","2026-04-02T07:44:29.633551","37.56732001504068","126.97694359532704"
"14","2026-04-02T07:44:29.669962","37.566925016000454","126.97866566540414"
"15","2026-04-02T07:44:29.668685","37.56637760445321","126.97810606375343"
"16","2026-04-02T07:44:30.424448","37.56695028500878","126.9786111370178"
"17","2026-04-02T07:44:30.424448","37.565889877667814","126.97734640620739"
"18","2026-04-02T07:44:30.424448","37.56664146700531","126.97819332221846"
"19","2026-04-02T07:44:30.427715","37.566500783798574","126.97783132941096"
"20","2026-04-02T07:44:30.429749","37.566024053084135","126.97743379427126"
"21","2026-04-02T07:44:30.453585","37.56677291928966","126.97882804719873"
"22","2026-04-02T07:44:30.453585","37.56671029209133","126.97890356468186"
"23","2026-04-02T07:44:30.455581","37.56699678670422","126.97881785662254"
"24","2026-04-02T07:44:30.458813","37.566956317386946","126.97860344363423"
"25","2026-04-02T07:44:30.459815","37.566617118417994","126.9781239453123"
"26","2026-04-06T11:27:27.489137","37.283425502887965","127.04615685851282"
"27","2026-04-21T19:40:27.300633","37.27349929724759","127.0432602552744"
"28","2026-05-14T07:11:39.239511","37.27355802730398","127.04333925887728"
"29","2026-05-14T07:11:39.239511","37.27355802730398","127.04333925887728"
"30","2026-05-14T07:11:39.642473","37.27355802730398","127.04333925887728"
"31","2026-05-14T10:22:57.642768","37.28365594026576","127.0460484440137"
"32","2026-06-01T13:13:53.041771","37.283128","127.04517200000001"
"33","2026-06-01T13:13:53.048770","37.282328","127.043972"
"34","2026-06-01T13:13:53.050771","37.282346000000004","127.043954"
"35","2026-06-01T13:13:53.051771","37.282364","127.04393599999999"
"36","2026-06-01T13:13:53.054771","37.282382000000005","127.04391799999999"
"37","2026-06-01T13:13:53.055770","37.2824","127.0439"
"38","2026-06-01T13:13:53.057771","37.281628","127.04477200000001"
"39","2026-06-01T13:13:53.058771","37.281646","127.04475400000001"
"40","2026-06-01T13:13:53.059771","37.281664","127.044736"
"41","2026-06-01T13:13:53.060772","37.281682","127.044718"
"42","2026-06-01T13:13:53.061771","37.2817","127.0447"
"43","2026-06-01T13:13:53.062772","37.281718","127.04468200000001"
"44","2026-06-01T13:13:53.063770","37.281736","127.04466400000001"
"45","2026-06-01T13:13:53.063770","37.281754","127.044646"
"46","2026-06-01T13:13:53.064771","37.281772000000004","127.044628"
"47","2026-06-01T13:13:53.065772","37.281639999999996","127.044784"
"48","2026-06-01T13:13:53.068771","37.281658","127.04476600000001"
"49","2026-06-01T13:13:53.070770","37.281676","127.044748"
"50","2026-06-01T13:13:53.073770","37.282928","127.044172"
"51","2026-06-01T13:13:53.074770","37.282946","127.044154"
"52","2026-06-01T13:13:53.076771","37.282964","127.044136"
"53","2026-06-01T13:13:53.077771","37.282982000000004","127.044118"
"54","2026-06-01T13:13:53.078770","37.283","127.0441"
"55","2026-06-01T13:13:53.079771","37.283018","127.044082"
"56","2026-06-01T13:13:53.080770","37.283036","127.044064"
"57","2026-06-01T13:13:53.081770","37.283054","127.044046"
"58","2026-06-01T13:13:53.082770","37.282128","127.044972"
"59","2026-06-01T13:13:53.082770","37.282146000000004","127.044954"
"60","2026-06-01T13:13:53.084771","37.282164","127.04493599999999"
"61","2026-06-01T13:13:53.088771","37.282182000000006","127.044918"
"62","2026-06-01T13:13:53.089771","37.2822","127.0449"
"63","2026-06-01T13:13:53.090770","37.282218","127.044882"
"64","2026-06-01T13:13:53.090770","37.282236000000005","127.044864"
"65","2026-06-01T13:13:53.091771","37.282254","127.04484599999999"
"66","2026-06-01T13:13:53.092771","37.282272000000006","127.044828"
"67","2026-06-01T13:13:53.095770","37.28214","127.044984"
"68","2026-06-01T13:13:53.100784","37.282158","127.044966"
"69","2026-06-01T13:13:53.102779","37.282176","127.04494799999999"
"70","2026-06-01T13:13:53.103779","37.282194000000004","127.04493"
"71","2026-06-01T13:13:53.104780","37.282212","127.044912"
"72","2026-06-01T13:13:53.104780","37.28223","127.044894"
"73","2026-06-01T13:13:53.107780","37.281828","127.043672"
"74","2026-06-01T13:13:53.108779","37.281846","127.043654"
"75","2026-06-01T13:13:53.109778","37.281864","127.04363599999999"
"76","2026-06-01T13:13:53.110779","37.282627999999995","127.045472"
"77","2026-06-01T13:13:53.112780","37.282646","127.045454"
"78","2026-06-01T13:13:53.113779","37.282664","127.045436"
"79","2026-06-01T13:13:53.114286","37.282682","127.045418"
"80","2026-06-01T13:13:53.115292","37.2827","127.0454"
"81","2026-06-01T13:13:53.116299","37.282717999999996","127.045382"
"82","2026-06-01T13:13:53.116299","37.282736","127.045364"
"83","2026-06-01T13:13:53.117292","37.282754","127.045346"
"84","2026-06-01T13:13:53.120292","37.282772","127.045328"
"85","2026-06-01T13:13:53.120292","37.282639999999994","127.045484"
"86","2026-06-01T13:13:53.121292","37.283328","127.04437200000001"
"87","2026-06-01T13:13:53.122294","37.283346","127.04435400000001"
"88","2026-06-01T13:13:53.123295","37.283364","127.044336"
"89","2026-06-01T13:13:53.124292","37.283382","127.044318"
"90","2026-06-01T13:13:53.125291","37.2834","127.0443"
"91","2026-06-01T13:13:53.125291","37.283418","127.04428200000001"
"92","2026-06-01T13:13:53.128292","37.281727999999994","127.045272"
"93","2026-06-01T13:13:53.129293","37.281746","127.045254"
"94","2026-06-01T13:13:53.130291","37.281763999999995","127.04523599999999"
"95","2026-06-01T13:13:53.133291","37.281782","127.04521799999999"
"96","2026-06-01T13:13:53.133291","37.2818","127.0452"
"97","2026-06-01T13:13:53.134292","37.281817999999994","127.045182"
"98","2026-06-01T13:13:53.135292","37.281836","127.045164"
"99","2026-06-01T13:13:53.136292","37.281853999999996","127.04514599999999"
"100","2026-06-01T13:13:53.137292","37.281872","127.04512799999999"
"101","2026-06-01T13:13:53.137292","37.28173999999999","127.045284"
"102","2026-06-01T13:13:53.138293","37.281757999999996","127.045266"
"103","2026-06-01T13:13:53.139293","37.281775999999994","127.04524799999999"
"104","2026-06-01T13:13:53.139293","37.281794","127.04522999999999"
"105","2026-06-01T13:13:53.142291","37.281811999999995","127.04521199999999"
"106","2026-06-01T13:13:53.143292","37.28182999999999","127.045194"
"107","2026-06-01T13:13:53.144292","37.281848","127.045176"
"108","2026-06-01T13:13:53.145292","37.281865999999994","127.04515799999999"
"109","2026-06-01T13:13:53.146292","37.281884","127.04513999999999"
"110","2026-06-01T13:13:53.146292","37.281752","127.045296"
"111","2026-06-01T13:13:53.147293","37.28177","127.045278"
"112","2026-06-01T13:13:53.148292","37.281788","127.04525999999998"
"113","2026-06-01T13:13:53.149292","37.281806","127.04524199999999"
"114","2026-06-01T13:13:53.149292","37.282427999999996","127.043172"
"115","2026-06-01T13:13:53.150293","37.282446","127.043154"
"116","2026-06-01T13:13:53.150293","37.283027999999995","127.042972"
"117","2026-06-01T13:13:53.152292","37.283046","127.04295400000001"
"118","2026-06-01T13:13:53.153292","37.283063999999996","127.042936"
"119","2026-06-01T13:13:53.154292","37.283082","127.042918"
"120","2026-06-01T13:13:53.155291","37.2831","127.0429"
"121","2026-06-01T13:13:53.156291","37.283117999999995","127.042882"
"122","2026-06-01T13:13:53.156291","37.283136","127.04286400000001"
"123","2026-06-01T13:13:53.157292","37.283153999999996","127.042846"
"124","2026-06-01T13:13:53.158291","37.283172","127.042828"
"125","2026-06-01T13:13:53.158291","37.28303999999999","127.042984"
"126","2026-06-01T13:13:53.160292","37.283058","127.042966"
"127","2026-06-01T13:13:53.160292","37.283075999999994","127.042948"
"128","2026-06-01T13:13:53.161292","37.283094","127.04293"
"129","2026-06-01T13:13:53.162292","37.283111999999996","127.042912"
"130","2026-06-01T13:13:53.163291","37.28312999999999","127.042894"
"131","2026-06-01T13:13:53.163291","37.283148","127.042876"
"132","2026-06-01T13:13:53.164292","37.283165999999994","127.042858"
"133","2026-06-01T13:13:53.165291","37.283184","127.04284"
"134","2026-06-01T13:13:53.166291","37.281527999999994","127.044072"
"135","2026-06-01T13:13:53.167291","37.28192799999999","127.042772"
"136","2026-06-01T13:13:53.169292","37.281946","127.042754"
"137","2026-06-01T13:13:53.173291","37.281963999999995","127.04273599999999"
"138","2026-06-01T13:13:53.174292","37.281982","127.042718"
"139","2026-06-01T13:13:53.175295","37.282","127.0427"
"140","2026-06-01T13:13:53.176291","37.282928","127.044672"
"141","2026-06-01T13:13:53.177292","37.282946","127.04465400000001"
"142","2026-06-01T13:13:53.178292","37.282964","127.044636"
"143","2026-06-01T13:13:53.179292","37.282982000000004","127.044618"
"144","2026-06-01T13:13:53.180291","37.283","127.0446"
"145","2026-06-01T13:13:53.181295","37.283018","127.044582"
"146","2026-06-01T13:13:53.182291","37.283036","127.04456400000001"
"147","2026-06-01T13:13:53.183292","37.283054","127.044546"
"148","2026-06-01T13:13:53.183292","37.283072000000004","127.044528"
"149","2026-06-01T13:13:53.185291","37.282939999999996","127.044684"
"150","2026-06-01T13:13:53.186295","37.282958","127.044666"
"151","2026-06-01T13:13:53.186295","37.282976","127.044648"
"152","2026-06-01T13:13:53.187292","37.282728","127.043572"
"153","2026-06-01T13:13:53.188292","37.282746","127.043554"
"154","2026-06-01T13:13:53.188292","37.282764","127.04353599999999"
"155","2026-06-01T13:13:53.189292","37.282782000000005","127.04351799999999"
"156","2026-06-01T13:13:53.190292","37.2828","127.0435"
"157","2026-06-01T13:13:53.191292","37.282818","127.043482"
"158","2026-06-01T13:13:53.196291","37.282836","127.043464"
"159","2026-06-01T13:13:53.197291","37.282854","127.04344599999999"
"160","2026-06-01T13:13:53.198291","37.281428","127.044872"
"161","2026-06-01T13:13:53.199297","37.281446","127.044854"
"162","2026-06-01T13:13:53.200299","37.281464","127.04483599999999"
"163","2026-06-01T13:13:53.202297","37.281482000000004","127.04481799999999"
"164","2026-06-01T13:13:53.203296","37.2815","127.0448"
"165","2026-06-01T13:13:53.204296","37.281518","127.044782"
"166","2026-06-01T13:13:53.205296","37.281536","127.044764"
"167","2026-06-01T13:13:53.205296","37.281554","127.04474599999999"
"168","2026-06-01T13:13:53.206296","37.281572000000004","127.04472799999999"
"169","2026-06-01T13:13:53.207295","37.281439999999996","127.044884"
"170","2026-06-01T13:13:53.207295","37.281458","127.044866"
"171","2026-06-01T13:13:53.208296","37.281476","127.04484799999999"
"172","2026-06-01T13:13:53.209296","37.281494","127.04482999999999"
"173","2026-06-01T13:13:53.210297","37.281512","127.044812"
"174","2026-06-01T13:13:53.211296","37.28153","127.044794"
"175","2026-06-01T13:13:53.214807","37.282528","127.045772"
"176","2026-06-01T13:13:53.227807","37.282546","127.045754"
"177","2026-06-01T13:13:53.231807","37.282564","127.04573599999999"
"178","2026-06-01T13:13:53.235807","37.283427999999994","127.04387200000001"
"179","2026-06-01T13:13:53.237808","37.283446","127.04385400000001"
"180","2026-06-01T13:13:53.238807","37.283463999999995","127.043836"
"181","2026-06-01T13:13:53.238807","37.283482","127.043818"
"182","2026-06-01T13:13:53.239807","37.2835","127.0438"
"183","2026-06-01T13:13:53.240807","37.283517999999994","127.04378200000001"
"184","2026-06-01T13:13:53.240807","37.283536","127.04376400000001"
"185","2026-06-01T13:13:53.242807","37.283553999999995","127.043746"
"186","2026-06-01T13:13:53.243808","37.283572","127.043728"
"187","2026-06-01T13:13:53.245808","37.28343999999999","127.043884"
"188","2026-06-01T13:13:53.246807","37.281327999999995","127.04347200000001"
"189","2026-06-01T13:13:53.247807","37.281346","127.04345400000001"
"190","2026-06-01T13:13:53.247807","37.281363999999996","127.043436"
"191","2026-06-01T13:13:53.248807","37.281382","127.043418"
"192","2026-06-01T13:13:53.249807","37.2814","127.0434"
"193","2026-06-01T13:13:53.249807","37.281417999999995","127.04338200000001"
"194","2026-06-01T13:13:53.250807","37.283628","127.044972"
"195","2026-06-01T13:13:53.250807","37.283646000000005","127.044954"
"196","2026-06-01T13:13:53.251807","37.283664","127.04493599999999"
"197","2026-06-01T13:13:53.252808","37.283682000000006","127.044918"
"198","2026-06-01T13:13:53.252808","37.2837","127.0449"
"199","2026-06-01T13:13:53.253808","37.283718","127.044882"
"200","2026-06-01T13:13:53.254807","37.283736000000005","127.044864"
"201","2026-06-01T13:13:53.254807","37.283754","127.04484599999999"
"202","2026-06-01T13:13:53.255808","37.283772000000006","127.044828"
"203","2026-06-01T13:13:53.256808","37.28364","127.044984"
"204","2026-06-01T13:13:53.257808","37.283658","127.044966"
"205","2026-06-01T13:13:53.258807","37.283676","127.04494799999999"
"206","2026-06-01T13:13:53.258807","37.283694000000004","127.04493"
"207","2026-06-01T13:13:53.260807","37.283712","127.044912"
"208","2026-06-01T13:13:53.261808","37.28373","127.044894"
"209","2026-06-01T13:13:53.261808","37.283748","127.044876"
"210","2026-06-01T13:13:53.262808","37.283766","127.04485799999999"
"211","2026-06-01T13:13:53.262808","37.283784000000004","127.04484"
"212","2026-06-01T13:13:53.263807","37.283652000000004","127.044996"
"213","2026-06-01T13:13:53.264807","37.28367000000001","127.044978"
"214","2026-06-01T13:13:53.264807","37.283688000000005","127.04495999999999"
"215","2026-06-01T13:13:53.265807","37.28370600000001","127.04494199999999"
"216","2026-06-01T13:13:53.266807","37.282028","127.042572"
"217","2026-06-01T13:13:53.266807","37.282046","127.04255400000001"
"218","2026-06-01T13:13:53.268808","37.283927999999996","127.044172"
"219","2026-06-01T13:13:53.269808","37.283946","127.044154"
"220","2026-06-01T13:13:53.269808","37.283964","127.044136"
"221","2026-06-01T13:13:53.270807","37.283982","127.044118"
"222","2026-06-01T13:13:53.270807","37.284","127.0441"
"223","2026-06-01T13:13:53.271807","37.284017999999996","127.044082"
"224","2026-06-01T13:13:53.272808","37.284036","127.044064"
"225","2026-06-01T13:13:53.272808","37.284054","127.044046"
"226","2026-06-01T13:13:53.273807","37.284072","127.044028"
"227","2026-06-01T13:13:53.274807","37.283939999999994","127.044184"
"228","2026-06-01T13:13:53.274807","37.283958","127.044166"
"229","2026-06-01T13:13:53.274807","37.283975999999996","127.04414799999999"
"230","2026-06-01T13:13:53.275807","37.283994","127.04413"
"231","2026-06-01T13:13:53.277807","37.284012","127.044112"
"232","2026-06-01T13:13:53.278808","37.284029999999994","127.044094"
"233","2026-06-01T13:13:53.278808","37.284048","127.044076"
"234","2026-06-01T13:13:53.279807","37.284065999999996","127.04405799999999"
"235","2026-06-01T13:13:53.279807","37.284084","127.04404"
"236","2026-06-01T13:13:53.280808","37.281828","127.04607200000001"
"237","2026-06-01T13:13:53.280808","37.282827999999995","127.046272"
"238","2026-06-01T13:13:53.281807","37.282846","127.046254"
"239","2026-06-01T13:13:53.281807","37.282864","127.046236"
"240","2026-06-01T13:13:53.281807","37.282882","127.046218"
"241","2026-06-01T13:13:53.282807","37.2829","127.0462"
"242","2026-06-01T13:13:53.283807","37.281228","127.045672"
"243","2026-06-01T13:13:53.283807","37.281246","127.045654"
"244","2026-06-01T13:13:53.284807","37.281264","127.04563599999999"
"245","2026-06-01T13:13:53.286811","37.281282000000004","127.04561799999999"
"246","2026-06-01T13:13:53.287807","37.2813","127.0456"
"247","2026-06-01T13:13:53.288807","37.281318","127.045582"
"248","2026-06-01T13:13:53.288807","37.281336","127.045564"
"249","2026-06-01T13:13:53.289807","37.281354","127.04554599999999"
"250","2026-06-01T13:13:53.290807","37.281372000000005","127.04552799999999"
"251","2026-06-01T13:13:53.292809","37.28124","127.045684"
"252","2026-06-01T13:13:53.293808","37.281258","127.045666"
"253","2026-06-01T13:13:53.294807","37.281276","127.04564799999999"
"254","2026-06-01T13:13:53.294807","37.284028","127.043272"
"255","2026-06-01T13:13:53.295811","37.284046000000004","127.043254"
"256","2026-06-01T13:13:53.295811","37.284064","127.043236"
"257","2026-06-01T13:13:53.296807","37.284082000000005","127.043218"
"258","2026-06-01T13:13:53.296807","37.2841","127.0432"
"259","2026-06-01T13:13:53.296807","37.284118","127.043182"
"260","2026-06-01T13:13:53.297806","37.284136000000004","127.043164"
"261","2026-06-01T13:13:53.298807","37.284154","127.043146"
"262","2026-06-01T13:13:53.299812","37.281028","127.044272"
"263","2026-06-01T13:13:53.302812","37.281046","127.04425400000001"
"264","2026-06-01T13:13:53.303812","37.281064","127.044236"
"265","2026-06-01T13:13:53.304812","37.281082000000005","127.044218"
"266","2026-06-01T13:13:53.304812","37.2811","127.0442"
"267","2026-06-01T13:13:53.305812","37.281118","127.044182"
"268","2026-06-01T13:13:53.305812","37.281136000000004","127.04416400000001"
"269","2026-06-01T13:13:53.306812","37.281154","127.044146"
"270","2026-06-01T13:13:53.306812","37.281172000000005","127.044128"
"271","2026-06-01T13:13:53.307812","37.28104","127.044284"
"272","2026-06-01T13:13:53.307812","37.281058","127.04426600000001"
"273","2026-06-01T13:13:53.308812","37.281076","127.044248"
"274","2026-06-01T13:13:53.309812","37.281094","127.04423"
"275","2026-06-01T13:13:53.310813","37.281112","127.044212"
"276","2026-06-01T13:13:53.310813","37.28113","127.044194"
"277","2026-06-01T13:13:53.311812","37.283828","127.045372"
"278","2026-06-01T13:13:53.311812","37.283846000000004","127.045354"
"279","2026-06-01T13:13:53.312812","37.283864","127.04533599999999"
"280","2026-06-01T13:13:53.312812","37.282227999999996","127.04647200000001"
"281","2026-06-01T13:13:53.314323","37.282246","127.04645400000001"
"282","2026-06-01T13:13:53.314323","37.282264","127.046436"
"283","2026-06-01T13:13:53.315331","37.282282","127.046418"
"284","2026-06-01T13:13:53.315331","37.2823","127.0464"
"285","2026-06-01T13:13:53.316330","37.282318","127.04638200000001"
"286","2026-06-01T13:13:53.337330","37.282336","127.04636400000001"
"287","2026-06-01T13:13:53.339332","37.282354","127.046346"
"288","2026-06-01T13:13:53.340331","37.282372","127.046328"
"289","2026-06-01T13:13:53.341331","37.282239999999994","127.046484"
"290","2026-06-01T13:13:53.359333","37.280927999999996","127.043772"
"291","2026-06-01T13:13:53.361331","37.280946","127.043754"
"292","2026-06-01T13:13:53.365330","37.280964","127.043736"
"293","2026-06-01T13:13:53.366330","37.280982","127.043718"
"294","2026-06-01T13:13:53.366330","37.281","127.0437"
"295","2026-06-01T13:13:53.367331","37.281017999999996","127.043682"
"296","2026-06-01T13:13:53.369331","37.284127999999995","127.044872"
"297","2026-06-01T13:13:53.370331","37.284146","127.044854"
"298","2026-06-01T13:13:53.370331","37.284164","127.04483599999999"
"299","2026-06-01T13:13:53.371331","37.284182","127.04481799999999"
"300","2026-06-01T13:13:53.371331","37.2842","127.0448"
"301","2026-06-01T13:13:53.372330","37.284217999999996","127.044782"
"302","2026-06-01T13:13:53.372330","37.284236","127.044764"
"303","2026-06-01T13:13:53.374331","37.284254","127.04474599999999"
"304","2026-06-01T13:13:53.375331","37.284272","127.04472799999999"
"305","2026-06-01T13:13:53.377331","37.284139999999994","127.044884"
"306","2026-06-01T13:13:53.381330","37.284158","127.044866"
"307","2026-06-01T13:13:53.382330","37.284175999999995","127.04484799999999"
"308","2026-06-01T13:13:53.383331","37.284194","127.04482999999999"
"309","2026-06-01T13:13:53.383331","37.284212","127.044812"
"310","2026-06-01T13:13:53.384330","37.284229999999994","127.044794"
"311","2026-06-01T13:13:53.386331","37.284248","127.044776"
"312","2026-06-01T13:13:53.386331","37.284265999999995","127.04475799999999"
"313","2026-06-01T13:13:53.387331","37.284284","127.04473999999999"
"314","2026-06-01T13:13:53.387331","37.284152","127.044896"
"315","2026-06-01T13:13:53.389331","37.28417","127.044878"
"316","2026-06-01T13:13:53.389331","37.284188","127.04485999999999"
"317","2026-06-01T13:13:53.390330","37.284206000000005","127.04484199999999"
"318","2026-06-01T13:13:53.391330","37.283227999999994","127.046672"
"319","2026-06-01T13:13:53.391330","37.283246","127.046654"
"320","2026-06-01T13:13:53.392330","37.281127999999995","127.042972"
"321","2026-06-01T13:13:53.393332","37.281146","127.04295400000001"
"322","2026-06-01T13:13:53.395331","37.281164","127.042936"
"323","2026-06-01T13:13:53.395331","37.281182","127.042918"
"324","2026-06-01T13:13:53.396331","37.2812","127.0429"
"325","2026-06-01T13:13:53.396331","37.281217999999996","127.042882"
"326","2026-06-01T13:13:53.397331","37.281236","127.04286400000001"
"327","2026-06-01T13:13:53.397331","37.281254","127.042846"
"328","2026-06-01T13:13:53.398331","37.281272","127.042828"
"329","2026-06-01T13:13:53.398331","37.28113999999999","127.042984"
"330","2026-06-01T13:13:53.398331","37.281158","127.042966"
"331","2026-06-01T13:13:53.399336","37.281175999999995","127.042948"
"332","2026-06-01T13:13:53.399336","37.281194","127.04293"
"333","2026-06-01T13:13:53.400336","37.281212","127.042912"
"334","2026-06-01T13:13:53.400336","37.281229999999994","127.042894"
"335","2026-06-01T13:13:53.401336","37.281248","127.042876"
"336","2026-06-01T13:13:53.401336","37.281265999999995","127.042858"
"337","2026-06-01T13:13:53.402336","37.281284","127.04284"
"338","2026-06-01T13:13:53.402336","37.283128","127.04517200000001"
"339","2026-06-01T13:13:53.403336","37.282128","127.045572"
"340","2026-06-01T13:13:53.403336","37.282146000000004","127.04555400000001"
"341","2026-06-01T13:13:53.404336","37.282164","127.045536"
"342","2026-06-01T13:13:53.404336","37.282182000000006","127.045518"
"343","2026-06-01T13:13:53.404336","37.2822","127.0455"
"344","2026-06-01T13:13:53.405336","37.281628","127.04477200000001"
"345","2026-06-01T13:13:53.405336","37.281646","127.04475400000001"
"346","2026-06-01T13:13:53.406335","37.281664","127.044736"
"347","2026-06-01T13:13:53.406335","37.281682","127.044718"
"348","2026-06-01T13:13:53.406335","37.2817","127.0447"
"349","2026-06-01T13:13:53.407336","37.281718","127.04468200000001"
"350","2026-06-01T13:13:53.407336","37.281736","127.04466400000001"
"351","2026-06-01T13:13:53.407336","37.281754","127.044646"
"352","2026-06-01T13:13:53.408336","37.281772000000004","127.044628"
"353","2026-06-01T13:13:53.408336","37.281639999999996","127.044784"
"354","2026-06-01T13:13:53.409337","37.281658","127.04476600000001"
"355","2026-06-01T13:13:53.409337","37.281676","127.044748"
"356","2026-06-01T13:13:53.410337","37.282128","127.044972"
"357","2026-06-01T13:13:53.411337","37.282146000000004","127.044954"
"358","2026-06-01T13:13:53.411337","37.282164","127.04493599999999"
"359","2026-06-01T13:13:53.411337","37.282182000000006","127.044918"
"360","2026-06-01T13:13:53.412336","37.2822","127.0449"
"361","2026-06-01T13:13:53.412336","37.282218","127.044882"
"362","2026-06-01T13:13:53.412336","37.282236000000005","127.044864"
"363","2026-06-01T13:13:53.412336","37.282254","127.04484599999999"
"364","2026-06-01T13:13:53.413846","37.283328","127.04437200000001"
"365","2026-06-01T13:13:53.413846","37.283346","127.04435400000001"
"366","2026-06-01T13:13:53.413846","37.283364","127.044336"
"367","2026-06-01T13:13:53.414853","37.283382","127.044318"
"368","2026-06-01T13:13:53.414853","37.2834","127.0443"
"369","2026-06-01T13:13:53.414853","37.283418","127.04428200000001"
"370","2026-06-01T13:13:53.415853","37.283436","127.04426400000001"
"371","2026-06-01T13:13:53.415853","37.283454","127.044246"
"372","2026-06-01T13:13:53.415853","37.283472","127.044228"
"373","2026-06-01T13:13:53.415853","37.283339999999995","127.04438400000001"
"374","2026-06-01T13:13:53.416853","37.283358","127.04436600000001"
"375","2026-06-01T13:13:53.416853","37.283376","127.044348"
"376","2026-06-01T13:13:53.418854","37.283394","127.04433"
"377","2026-06-01T13:13:53.418854","37.283412","127.044312"
"378","2026-06-01T13:13:53.419854","37.283429999999996","127.04429400000001"
"379","2026-06-01T13:13:53.419854","37.281327999999995","127.04387200000001"
"380","2026-06-01T13:13:53.419854","37.281346","127.04385400000001"
"381","2026-06-01T13:13:53.420853","37.281363999999996","127.043836"
"382","2026-06-01T13:13:53.420853","37.282528","127.043272"
"383","2026-06-01T13:13:53.420853","37.282546","127.043254"
"384","2026-06-01T13:13:53.421853","37.282564","127.043236"
"385","2026-06-01T13:13:53.421853","37.282582000000005","127.043218"
"386","2026-06-01T13:13:53.422853","37.2826","127.0432"
"387","2026-06-01T13:13:53.422853","37.282618","127.043182"
"388","2026-06-01T13:13:53.422853","37.282636000000004","127.043164"
"389","2026-06-01T13:13:53.423856","37.282654","127.043146"
"390","2026-06-01T13:13:53.423856","37.282672000000005","127.043128"
"391","2026-06-01T13:13:53.423856","37.28254","127.043284"
"392","2026-06-01T13:13:53.424853","37.282728","127.04477200000001"
"393","2026-06-01T13:13:53.424853","37.282746","127.04475400000001"
"394","2026-06-01T13:13:53.424853","37.282764","127.044736"
"395","2026-06-01T13:13:53.425853","37.282782000000005","127.044718"
"396","2026-06-01T13:13:53.426854","37.2828","127.0447"
"397","2026-06-01T13:13:53.427854","37.282818","127.04468200000001"
"398","2026-06-01T13:13:53.429853","37.281727999999994","127.045072"
"399","2026-06-01T13:13:53.430853","37.281746","127.04505400000001"
"400","2026-06-01T13:13:53.430853","37.281763999999995","127.045036"
"401","2026-06-01T13:13:53.430853","37.281782","127.045018"
"402","2026-06-01T13:13:53.431853","37.2818","127.045"
"403","2026-06-01T13:13:53.431853","37.281817999999994","127.044982"
"404","2026-06-01T13:13:53.432853","37.281836","127.04496400000001"
"405","2026-06-01T13:13:53.432853","37.281853999999996","127.044946"
"406","2026-06-01T13:13:53.433854","37.281872","127.044928"
"407","2026-06-01T13:13:53.435853","37.28173999999999","127.045084"
"408","2026-06-01T13:13:53.435853","37.281757999999996","127.045066"
"409","2026-06-01T13:13:53.436854","37.281775999999994","127.045048"
"410","2026-06-01T13:13:53.436854","37.281794","127.04503"
"411","2026-06-01T13:13:53.437855","37.281811999999995","127.045012"
"412","2026-06-01T13:13:53.437855","37.28182999999999","127.044994"
"413","2026-06-01T13:13:53.438854","37.281848","127.044976"
"414","2026-06-01T13:13:53.438854","37.281865999999994","127.044958"
"415","2026-06-01T13:13:53.438854","37.281884","127.04494"
"416","2026-06-01T13:13:53.439853","37.281752","127.045096"
"417","2026-06-01T13:13:53.439853","37.28177","127.045078"
"418","2026-06-01T13:13:53.439853","37.281788","127.04505999999999"
"419","2026-06-01T13:13:53.440853","37.281806","127.045042"
"420","2026-06-01T13:13:53.440853","37.283027999999995","127.043572"
"421","2026-06-01T13:13:53.441853","37.283046","127.043554"
"422","2026-06-01T13:13:53.441853","37.281428","127.044672"
"423","2026-06-01T13:13:53.443853","37.281446","127.04465400000001"
"424","2026-06-01T13:13:53.443853","37.281464","127.044636"
"425","2026-06-01T13:13:53.444853","37.281482000000004","127.044618"
"426","2026-06-01T13:13:53.444853","37.2815","127.0446"
"427","2026-06-01T13:13:53.444853","37.281518","127.044582"
"428","2026-06-01T13:13:53.445853","37.281536","127.04456400000001"
"429","2026-06-01T13:13:53.445853","37.281554","127.044546"
"430","2026-06-01T13:13:53.446853","37.281572000000004","127.044528"
"431","2026-06-01T13:13:53.446853","37.281439999999996","127.044684"
"432","2026-06-01T13:13:53.447853","37.281458","127.044666"
"433","2026-06-01T13:13:53.448854","37.281476","127.044648"
"434","2026-06-01T13:13:53.449854","37.281494","127.04463"
"435","2026-06-01T13:13:53.452855","37.281512","127.044612"
"436","2026-06-01T13:13:53.454855","37.28153","127.044594"
"437","2026-06-01T13:13:53.455853","37.281548","127.044576"
"438","2026-06-01T13:13:53.456857","37.281566","127.044558"
"439","2026-06-01T13:13:53.456857","37.281584","127.04454"
"440","2026-06-01T13:13:53.457854","37.299927999999994","127.100072"
"441","2026-06-01T13:13:53.457854","37.282328","127.045872"
"442","2026-06-01T13:13:53.458853","37.282346000000004","127.045854"
"443","2026-06-01T13:13:53.459854","37.282364","127.045836"
"444","2026-06-01T13:13:53.460855","37.282382000000005","127.045818"
"445","2026-06-01T13:13:53.460855","37.2824","127.0458"
"446","2026-06-01T13:13:53.461853","37.283427999999994","127.045072"
"447","2026-06-01T13:13:53.462855","37.283446","127.04505400000001"
"448","2026-06-01T13:13:53.462855","37.283463999999995","127.045036"
"449","2026-06-01T13:13:53.463854","37.283482","127.045018"
"450","2026-06-01T13:13:53.463854","37.2835","127.045"
"451","2026-06-01T13:13:53.463854","37.283517999999994","127.044982"
"452","2026-06-01T13:13:53.464854","37.283536","127.04496400000001"
"453","2026-06-01T13:13:53.465854","37.283553999999995","127.044946"
"454","2026-06-01T13:13:53.465854","37.283572","127.044928"
"455","2026-06-01T13:13:53.465854","37.28343999999999","127.045084"
"456","2026-06-01T13:13:53.466853","37.283457999999996","127.045066"
"457","2026-06-01T13:13:53.466853","37.28347599999999","127.045048"
"458","2026-06-01T13:13:53.467853","37.281028","127.045472"
"459","2026-06-01T13:13:53.467853","37.281046","127.045454"
"460","2026-06-01T13:13:53.468854","37.281064","127.045436"
"461","2026-06-01T13:13:53.468854","37.281082000000005","127.045418"
"462","2026-06-01T13:13:53.469853","37.2811","127.0454"
"463","2026-06-01T13:13:53.469853","37.281118","127.045382"
"464","2026-06-01T13:13:53.470853","37.281136000000004","127.045364"
"465","2026-06-01T13:13:53.470853","37.281154","127.045346"
"466","2026-06-01T13:13:53.471853","37.282928","127.04607200000001"
"467","2026-06-01T13:13:53.471853","37.282946","127.04605400000001"
"468","2026-06-01T13:13:53.476854","37.282964","127.046036"
"469","2026-06-01T13:13:53.479854","37.282982000000004","127.046018"
"470","2026-06-01T13:13:53.479854","37.283","127.046"
"471","2026-06-01T13:13:53.480853","37.283018","127.04598200000001"
"472","2026-06-01T13:13:53.482853","37.283036","127.04596400000001"
"473","2026-06-01T13:13:53.485853","37.283054","127.045946"
"474","2026-06-01T13:13:53.486858","37.283072000000004","127.045928"
"475","2026-06-01T13:13:53.486858","37.282939999999996","127.04608400000001"
"476","2026-06-01T13:13:53.487854","37.282958","127.04606600000001"
"477","2026-06-01T13:13:53.487854","37.282976","127.046048"
"478","2026-06-01T13:13:53.488854","37.282994","127.04603"
"479","2026-06-01T13:13:53.488854","37.283012","127.046012"
"480","2026-06-01T13:13:53.489854","37.28303","127.04599400000001"
"481","2026-06-01T13:13:53.489854","37.281828","127.045972"
"482","2026-06-01T13:13:53.489854","37.281846","127.04595400000001"
"483","2026-06-01T13:13:53.490853","37.281864","127.045936"
"484","2026-06-01T13:13:53.490853","37.283528","127.044072"
"485","2026-06-01T13:13:53.491853","37.283546","127.044054"
"486","2026-06-01T13:13:53.491853","37.283564","127.04403599999999"
"487","2026-06-01T13:13:53.493853","37.283582","127.044018"
"488","2026-06-01T13:13:53.493853","37.2836","127.044"
"489","2026-06-01T13:13:53.494854","37.283618","127.043982"
"490","2026-06-01T13:13:53.494854","37.283636","127.043964"
"491","2026-06-01T13:13:53.495854","37.283654","127.04394599999999"
"492","2026-06-01T13:13:53.497854","37.283672","127.043928"
"493","2026-06-01T13:13:53.498854","37.283539999999995","127.044084"
"494","2026-06-01T13:13:53.499859","37.282227999999996","127.043172"
"495","2026-06-01T13:13:53.501859","37.282246","127.043154"
"496","2026-06-01T13:13:53.503859","37.282264","127.04313599999999"
"497","2026-06-01T13:13:53.504858","37.282282","127.04311799999999"
"498","2026-06-01T13:13:53.505861","37.2823","127.0431"
"499","2026-06-01T13:13:53.508861","37.282318","127.043082"
"500","2026-06-01T13:13:53.522373","37.283227999999994","127.043772"
"501","2026-06-01T13:13:53.523373","37.283246","127.043754"
"502","2026-06-01T13:13:53.525373","37.283263999999996","127.043736"
"503","2026-06-01T13:13:53.525373","37.283282","127.043718"
"504","2026-06-01T13:13:53.527373","37.2833","127.0437"
"505","2026-06-01T13:13:53.527373","37.283317999999994","127.043682"
"506","2026-06-01T13:13:53.527373","37.283336","127.043664"
"507","2026-06-01T13:13:53.528373","37.283353999999996","127.043646"
"508","2026-06-01T13:13:53.528373","37.283372","127.043628"
"509","2026-06-01T13:13:53.532374","37.28323999999999","127.043784"
"510","2026-06-01T13:13:53.533373","37.283258","127.043766"
"511","2026-06-01T13:13:53.534374","37.283275999999994","127.043748"
"512","2026-06-01T13:13:53.535374","37.283294","127.04373"
"513","2026-06-01T13:13:53.536373","37.283311999999995","127.043712"
"514","2026-06-01T13:13:53.537376","37.28332999999999","127.043694"
"515","2026-06-01T13:13:53.537376","37.283348","127.043676"
"516","2026-06-01T13:13:53.538373","37.283365999999994","127.043658"
"517","2026-06-01T13:13:53.538373","37.283384","127.04364"
"518","2026-06-01T13:13:53.539373","37.283252","127.043796"
"519","2026-06-01T13:13:53.541372","37.28327","127.043778"
"520","2026-06-01T13:13:53.542372","37.283288","127.04375999999999"
"521","2026-06-01T13:13:53.542372","37.283306","127.043742"
"522","2026-06-01T13:13:53.543373","37.28192799999999","127.046272"
"523","2026-06-01T13:13:53.544372","37.281946","127.046254"
"524","2026-06-01T13:13:53.545374","37.281228","127.04347200000001"
"525","2026-06-01T13:13:53.545374","37.281246","127.04345400000001"
"526","2026-06-01T13:13:53.546374","37.281264","127.043436"
"527","2026-06-01T13:13:53.546374","37.281282000000004","127.043418"
"528","2026-06-01T13:13:53.547374","37.2813","127.0434"
"529","2026-06-01T13:13:53.548374","37.281318","127.04338200000001"
"530","2026-06-01T13:13:53.548374","37.281336","127.04336400000001"
"531","2026-06-01T13:13:53.548374","37.281354","127.043346"
"532","2026-06-01T13:13:53.549374","37.281372000000005","127.043328"
"533","2026-06-01T13:13:53.549374","37.28124","127.043484"
"534","2026-06-01T13:13:53.550373","37.281258","127.04346600000001"
"535","2026-06-01T13:13:53.550373","37.281276","127.043448"
"536","2026-06-01T13:13:53.552373","37.281294","127.04343"
"537","2026-06-01T13:13:53.552373","37.281312","127.043412"
"538","2026-06-01T13:13:53.552373","37.28133","127.043394"
"539","2026-06-01T13:13:53.553373","37.281348","127.04337600000001"
"540","2026-06-01T13:13:53.553373","37.281366","127.043358"
"541","2026-06-01T13:13:53.553373","37.281384","127.04334"
"542","2026-06-01T13:13:53.554373","37.282478","127.046422"
"543","2026-06-01T13:13:53.555374","37.283677999999995","127.045422"
"544","2026-06-01T13:13:53.555374","37.283696","127.045404"
"545","2026-06-01T13:13:53.556374","37.283713999999996","127.045386"
"546","2026-06-01T13:13:53.556374","37.283732","127.045368"
"547","2026-06-01T13:13:53.556374","37.28375","127.04535"
"548","2026-06-01T13:13:53.557373","37.281678","127.046522"
"549","2026-06-01T13:13:53.557373","37.281696000000004","127.046504"
"550","2026-06-01T13:13:53.557373","37.281714","127.04648599999999"
"551","2026-06-01T13:13:53.558373","37.281732000000005","127.04646799999999"
"552","2026-06-01T13:13:53.558373","37.28175","127.04645"
"553","2026-06-01T13:13:53.558373","37.281768","127.046432"
"554","2026-06-01T13:13:53.559374","37.281786000000004","127.046414"
"555","2026-06-01T13:13:53.559374","37.281804","127.04639599999999"
"556","2026-06-01T13:13:53.560374","37.281822000000005","127.04637799999999"
"557","2026-06-01T13:13:53.560374","37.28169","127.046534"
"558","2026-06-01T13:13:53.561374","37.281708","127.046516"
"559","2026-06-01T13:13:53.561374","37.281726","127.04649799999999"
"560","2026-06-01T13:13:53.561374","37.281378","127.045922"
"561","2026-06-01T13:13:53.562374","37.281396","127.04590400000001"
"562","2026-06-01T13:13:53.562374","37.281414","127.045886"
"563","2026-06-01T13:13:53.563373","37.281432","127.045868"
"564","2026-06-01T13:13:53.563373","37.28145","127.04585"
"565","2026-06-01T13:13:53.564373","37.281468","127.045832"
"566","2026-06-01T13:13:53.564373","37.281486","127.04581400000001"
"567","2026-06-01T13:13:53.564373","37.281504","127.045796"
"568","2026-06-01T13:13:53.565373","37.282078","127.046672"
"569","2026-06-01T13:13:53.565373","37.282096","127.046654"
"570","2026-06-01T13:13:53.566373","37.282114","127.04663599999999"
"571","2026-06-01T13:13:53.566373","37.282132000000004","127.046618"
"572","2026-06-01T13:13:53.566373","37.28215","127.0466"
"573","2026-06-01T13:13:53.567373","37.282168","127.046582"
"574","2026-06-01T13:13:53.567373","37.282186","127.046564"
"575","2026-06-01T13:13:53.568373","37.282204","127.04654599999999"
"576","2026-06-01T13:13:53.568373","37.282222000000004","127.046528"
"577","2026-06-01T13:13:53.569374","37.28209","127.046684"
"578","2026-06-01T13:13:53.569374","37.282108","127.046666"
"579","2026-06-01T13:13:53.570374","37.282126","127.04664799999999"
"580","2026-06-01T13:13:53.570374","37.282144","127.04663"
"581","2026-06-01T13:13:53.571374","37.282162","127.046612"
"582","2026-06-01T13:13:53.571374","37.28218","127.046594"
"583","2026-06-01T13:13:53.572374","37.283077999999996","127.045972"
"584","2026-06-01T13:13:53.572374","37.283096","127.04595400000001"
"585","2026-06-01T13:13:53.573373","37.283114","127.045936"
"586","2026-06-01T13:13:53.573373","37.280877999999994","127.04472200000001"
"587","2026-06-01T13:13:53.573373","37.280896","127.04470400000001"
"588","2026-06-01T13:13:53.574374","37.280913999999996","127.044686"
"589","2026-06-01T13:13:53.574374","37.280932","127.044668"
"590","2026-06-01T13:13:53.575373","37.28095","127.04465"
"591","2026-06-01T13:13:53.575373","37.280967999999994","127.04463200000001"
"592","2026-06-01T13:13:53.575373","37.280986","127.04461400000001"
"593","2026-06-01T13:13:53.579373","37.281003999999996","127.044596"
"594","2026-06-01T13:13:53.580374","37.281022","127.044578"
"595","2026-06-01T13:13:53.581374","37.28088999999999","127.044734"
"596","2026-06-01T13:13:53.581374","37.283477999999995","127.043322"
"597","2026-06-01T13:13:53.582373","37.283496","127.043304"
"598","2026-06-01T13:13:53.582373","37.283514","127.043286"
"599","2026-06-01T13:13:53.587373","37.283532","127.043268"
"600","2026-06-01T13:13:53.587373","37.28355","127.04325"
"601","2026-06-01T13:13:53.588374","37.283567999999995","127.043232"
"602","2026-06-01T13:13:53.589374","37.281577999999996","127.043322"
"603","2026-06-01T13:13:53.589374","37.281596","127.043304"
"604","2026-06-01T13:13:53.590373","37.281614","127.043286"
"605","2026-06-01T13:13:53.590373","37.281632","127.043268"
"606","2026-06-01T13:13:53.591373","37.28165","127.04325"
"607","2026-06-01T13:13:53.592373","37.281667999999996","127.043232"
"608","2026-06-01T13:13:53.592373","37.281686","127.043214"
"609","2026-06-01T13:13:53.593374","37.281704","127.043196"
"610","2026-06-01T13:13:53.594374","37.281722","127.043178"
"611","2026-06-01T13:13:53.594374","37.281589999999994","127.043334"
"612","2026-06-01T13:13:53.595374","37.281608","127.043316"
"613","2026-06-01T13:13:53.595374","37.281625999999996","127.043298"
"614","2026-06-01T13:13:53.595374","37.281644","127.04328"
"615","2026-06-01T13:13:53.596377","37.281662","127.043262"
"616","2026-06-01T13:13:53.596377","37.281679999999994","127.043244"
"617","2026-06-01T13:13:53.597373","37.281698","127.043226"
"618","2026-06-01T13:13:53.597373","37.281715999999996","127.04320799999999"
"619","2026-06-01T13:13:53.598373","37.281734","127.04319"
"620","2026-06-01T13:13:53.598373","37.281602","127.043346"
"621","2026-06-01T13:13:53.599379","37.281620000000004","127.043328"
"622","2026-06-01T13:13:53.599379","37.281638","127.04330999999999"
"623","2026-06-01T13:13:53.600380","37.281656000000005","127.043292"
"624","2026-06-01T13:13:53.600380","37.280778","127.045422"
"625","2026-06-01T13:13:53.601380","37.280796","127.045404"
"626","2026-06-01T13:13:53.603380","37.283778","127.043822"
"627","2026-06-01T13:13:53.608378","37.283796","127.04380400000001"
"628","2026-06-01T13:13:53.608378","37.283814","127.043786"
"629","2026-06-01T13:13:53.612379","37.283832000000004","127.043768"
"630","2026-06-01T13:13:53.613887","37.28385","127.04375"
"631","2026-06-01T13:13:53.615893","37.283868","127.043732"
"632","2026-06-01T13:13:53.616894","37.283886","127.04371400000001"
"633","2026-06-01T13:13:53.619894","37.283904","127.043696"
"634","2026-06-01T13:13:53.620893","37.283922000000004","127.043678"
"635","2026-06-01T13:13:53.621894","37.283789999999996","127.043834"
"636","2026-06-01T13:13:53.621894","37.283808","127.043816"
"637","2026-06-01T13:13:53.622894","37.283826","127.043798"
"638","2026-06-01T13:13:53.622894","37.283844","127.04378"
"639","2026-06-01T13:13:53.623893","37.283862","127.043762"
"640","2026-06-01T13:13:53.623893","37.283879999999996","127.043744"
"641","2026-06-01T13:13:53.624893","37.283898","127.043726"
"642","2026-06-01T13:13:53.624893","37.283916","127.043708"
"643","2026-06-01T13:13:53.624893","37.283934","127.04369"
"644","2026-06-01T13:13:53.625893","37.280677999999995","127.043822"
"645","2026-06-01T13:13:53.627895","37.280477999999995","127.04432200000001"
"646","2026-06-01T13:13:53.628894","37.280496","127.04430400000001"
"647","2026-06-01T13:13:53.629893","37.280514","127.044286"
"648","2026-06-01T13:13:53.629893","37.280532","127.044268"
"649","2026-06-01T13:13:53.630895","37.28055","127.04425"
"650","2026-06-01T13:13:53.630895","37.282377999999994","127.042522"
"651","2026-06-01T13:13:53.631893","37.282396","127.04250400000001"
"652","2026-06-01T13:13:53.631893","37.282413999999996","127.042486"
"653","2026-06-01T13:13:53.631893","37.282432","127.042468"
"654","2026-06-01T13:13:53.632893","37.28245","127.04245"
"655","2026-06-01T13:13:53.632893","37.282467999999994","127.042432"
"656","2026-06-01T13:13:53.633893","37.282486","127.04241400000001"
"657","2026-06-01T13:13:53.636894","37.282503999999996","127.042396"
"658","2026-06-01T13:13:53.637894","37.282522","127.042378"
"659","2026-06-01T13:13:53.637894","37.28238999999999","127.042534"
"660","2026-06-01T13:13:53.637894","37.282408","127.042516"
"661","2026-06-01T13:13:53.638899","37.282425999999994","127.042498"
"662","2026-06-01T13:13:53.638899","37.280828","127.044122"
"663","2026-06-01T13:13:53.639894","37.280846000000004","127.044104"
"664","2026-06-01T13:13:53.639894","37.280864","127.044086"
"665","2026-06-01T13:13:53.640894","37.280882000000005","127.044068"
"666","2026-06-01T13:13:53.640894","37.2809","127.04405"
"667","2026-06-01T13:13:53.641893","37.280918","127.044032"
"668","2026-06-01T13:13:53.641893","37.280936000000004","127.044014"
"669","2026-06-01T13:13:53.643894","37.280954","127.04399599999999"
"670","2026-06-01T13:13:53.643894","37.280578","127.046122"
"671","2026-06-01T13:13:53.644893","37.280596","127.046104"
"672","2026-06-01T13:13:53.644893","37.280614","127.04608599999999"
"673","2026-06-01T13:13:53.645894","37.280632000000004","127.04606799999999"
"674","2026-06-01T13:13:53.645894","37.28065","127.04605"
"675","2026-06-01T13:13:53.646893","37.280668","127.046032"
"676","2026-06-01T13:13:53.646893","37.280686","127.046014"
"677","2026-06-01T13:13:53.647894","37.280704","127.04599599999999"
"678","2026-06-01T13:13:53.647894","37.280722000000004","127.04597799999999"
"679","2026-06-01T13:13:53.648893","37.28059","127.046134"
"680","2026-06-01T13:13:53.648893","37.280608","127.046116"
"681","2026-06-01T13:13:53.648893","37.280626","127.04609799999999"
"682","2026-06-01T13:13:53.649897","37.280644","127.04607999999999"
"683","2026-06-01T13:13:53.649897","37.280662","127.04606199999999"
"684","2026-06-01T13:13:53.650893","37.28068","127.046044"
"685","2026-06-01T13:13:53.652894","37.282678","127.04302200000001"
"686","2026-06-01T13:13:53.653894","37.282696","127.04300400000001"
"687","2026-06-01T13:13:53.655894","37.282714","127.042986"
"688","2026-06-01T13:59:10.111124","37.283128","127.04517200000001"
"689","2026-06-01T13:59:10.114136","37.282328","127.043972"
"690","2026-06-01T13:59:10.116115","37.282346000000004","127.043954"
"691","2026-06-01T13:59:10.118115","37.282364","127.04393599999999"
"692","2026-06-01T13:59:10.121117","37.282382000000005","127.04391799999999"
"693","2026-06-01T13:59:10.135123","37.2824","127.0439"
"694","2026-06-01T13:59:10.137123","37.281628","127.04477200000001"
"695","2026-06-01T13:59:10.138130","37.281646","127.04475400000001"
"696","2026-06-01T13:59:10.140124","37.281664","127.044736"
"697","2026-06-01T13:59:10.141122","37.281682","127.044718"
"698","2026-06-01T13:59:10.142123","37.2817","127.0447"
"699","2026-06-01T13:59:10.144280","37.281718","127.04468200000001"
"700","2026-06-01T13:59:10.145279","37.281736","127.04466400000001"
"701","2026-06-01T13:59:10.148281","37.281754","127.044646"
"702","2026-06-01T13:59:10.149282","37.281772000000004","127.044628"
"703","2026-06-01T13:59:10.152292","37.281639999999996","127.044784"
"704","2026-06-01T13:59:10.154278","37.281658","127.04476600000001"
"705","2026-06-01T13:59:10.156281","37.281676","127.044748"
"706","2026-06-01T13:59:10.158285","37.282928","127.044172"
"707","2026-06-01T13:59:10.160280","37.282946","127.044154"
"708","2026-06-01T13:59:10.162278","37.282964","127.044136"
"709","2026-06-01T13:59:10.165279","37.282982000000004","127.044118"
"710","2026-06-01T13:59:10.169296","37.283","127.0441"
"711","2026-06-01T13:59:10.171285","37.283018","127.044082"
"712","2026-06-01T13:59:10.172280","37.283036","127.044064"
"713","2026-06-01T13:59:10.175283","37.283054","127.044046"
"714","2026-06-01T13:59:10.177279","37.282128","127.044972"
"715","2026-06-01T13:59:10.178277","37.282146000000004","127.044954"
"716","2026-06-01T13:59:10.180283","37.282164","127.04493599999999"
"717","2026-06-01T13:59:10.184279","37.282182000000006","127.044918"
"718","2026-06-01T13:59:10.186278","37.2822","127.0449"
"719","2026-06-01T13:59:10.188278","37.282218","127.044882"
"720","2026-06-01T13:59:10.190278","37.282236000000005","127.044864"
"721","2026-06-01T13:59:10.191278","37.282254","127.04484599999999"
"722","2026-06-01T13:59:10.193281","37.282272000000006","127.044828"
"723","2026-06-01T13:59:10.195282","37.28214","127.044984"
"724","2026-06-01T13:59:10.196280","37.282158","127.044966"
"725","2026-06-01T13:59:10.198281","37.282176","127.04494799999999"
"726","2026-06-01T13:59:10.200281","37.282194000000004","127.04493"
"727","2026-06-01T13:59:10.201278","37.282212","127.044912"
"728","2026-06-01T13:59:10.203280","37.28223","127.044894"
"729","2026-06-01T13:59:10.204279","37.281828","127.043672"
"730","2026-06-01T13:59:10.206276","37.281846","127.043654"
"731","2026-06-01T13:59:10.207278","37.281864","127.04363599999999"
"732","2026-06-01T13:59:10.209281","37.282627999999995","127.045472"
"733","2026-06-01T13:59:10.211280","37.282646","127.045454"
"734","2026-06-01T13:59:10.213279","37.282664","127.045436"
"735","2026-06-01T13:59:10.214280","37.282682","127.045418"
"736","2026-06-01T13:59:10.215283","37.2827","127.0454"
"737","2026-06-01T13:59:10.217280","37.282717999999996","127.045382"
"738","2026-06-01T13:59:10.218279","37.282736","127.045364"
"739","2026-06-01T13:59:10.219297","37.282754","127.045346"
"740","2026-06-01T13:59:10.221286","37.282772","127.045328"
"741","2026-06-01T13:59:10.222280","37.282639999999994","127.045484"
"742","2026-06-01T13:59:10.224286","37.283328","127.04437200000001"
"743","2026-06-01T13:59:10.225281","37.283346","127.04435400000001"
"744","2026-06-01T13:59:10.227278","37.283364","127.044336"
"745","2026-06-01T13:59:10.229286","37.283382","127.044318"
"746","2026-06-01T13:59:10.230285","37.2834","127.0443"
"747","2026-06-01T13:59:10.232294","37.283418","127.04428200000001"
"748","2026-06-01T13:59:10.233286","37.281727999999994","127.045272"
"749","2026-06-01T13:59:10.234286","37.281746","127.045254"
"750","2026-06-01T13:59:10.236291","37.281763999999995","127.04523599999999"
"751","2026-06-01T13:59:10.237285","37.281782","127.04521799999999"
"752","2026-06-01T13:59:10.238305","37.2818","127.0452"
"753","2026-06-01T13:59:10.240291","37.281817999999994","127.045182"
"754","2026-06-01T13:59:10.242794","37.281836","127.045164"
"755","2026-06-01T13:59:10.243802","37.281853999999996","127.04514599999999"
"756","2026-06-01T13:59:10.244801","37.281872","127.04512799999999"
"757","2026-06-01T13:59:10.245802","37.28173999999999","127.045284"
"758","2026-06-01T13:59:10.246817","37.281757999999996","127.045266"
"759","2026-06-01T13:59:10.248808","37.281775999999994","127.04524799999999"
"760","2026-06-01T13:59:10.249802","37.281794","127.04522999999999"
"761","2026-06-01T13:59:10.251806","37.281811999999995","127.04521199999999"
"762","2026-06-01T13:59:10.252803","37.28182999999999","127.045194"
"763","2026-06-01T13:59:10.254807","37.281848","127.045176"
"764","2026-06-01T13:59:10.256802","37.281865999999994","127.04515799999999"
"765","2026-06-01T13:59:10.257818","37.281884","127.04513999999999"
"766","2026-06-01T13:59:10.259802","37.281752","127.045296"
"767","2026-06-01T13:59:10.260803","37.28177","127.045278"
"768","2026-06-01T13:59:10.261803","37.281788","127.04525999999998"
"769","2026-06-01T13:59:10.262803","37.281806","127.04524199999999"
"770","2026-06-01T13:59:10.265802","37.282427999999996","127.043172"
"771","2026-06-01T13:59:10.267802","37.282446","127.043154"
"772","2026-06-01T13:59:10.268804","37.283027999999995","127.042972"
"773","2026-06-01T13:59:10.270809","37.283046","127.04295400000001"
"774","2026-06-01T13:59:10.272813","37.283063999999996","127.042936"
"775","2026-06-01T13:59:10.273803","37.283082","127.042918"
"776","2026-06-01T13:59:10.275801","37.2831","127.0429"
"777","2026-06-01T13:59:10.276803","37.283117999999995","127.042882"
"778","2026-06-01T13:59:10.278802","37.283136","127.04286400000001"
"779","2026-06-01T13:59:10.280802","37.283153999999996","127.042846"
"780","2026-06-01T13:59:10.281811","37.283172","127.042828"
"781","2026-06-01T13:59:10.283807","37.28303999999999","127.042984"
"782","2026-06-01T13:59:10.284802","37.283058","127.042966"
"783","2026-06-01T13:59:10.286807","37.283075999999994","127.042948"
"784","2026-06-01T13:59:10.289803","37.283094","127.04293"
"785","2026-06-01T13:59:10.291803","37.283111999999996","127.042912"
"786","2026-06-01T13:59:10.293802","37.28312999999999","127.042894"
"787","2026-06-01T13:59:10.294800","37.283148","127.042876"
"788","2026-06-01T13:59:10.296801","37.283165999999994","127.042858"
"789","2026-06-01T13:59:10.298805","37.283184","127.04284"
"790","2026-06-01T13:59:10.299802","37.281527999999994","127.044072"
"791","2026-06-01T13:59:10.302805","37.28192799999999","127.042772"
"792","2026-06-01T13:59:10.303806","37.281946","127.042754"
"793","2026-06-01T13:59:10.305802","37.281963999999995","127.04273599999999"
"794","2026-06-01T13:59:10.307803","37.281982","127.042718"
"795","2026-06-01T13:59:10.309803","37.282","127.0427"
"796","2026-06-01T13:59:10.310807","37.282928","127.044672"
"797","2026-06-01T13:59:10.312810","37.282946","127.04465400000001"
"798","2026-06-01T13:59:10.314802","37.282964","127.044636"
"799","2026-06-01T13:59:10.316810","37.282982000000004","127.044618"
"800","2026-06-01T13:59:10.318809","37.283","127.0446"
"801","2026-06-01T13:59:10.320802","37.283018","127.044582"
"802","2026-06-01T13:59:10.321802","37.283036","127.04456400000001"
"803","2026-06-01T13:59:10.323808","37.283054","127.044546"
"804","2026-06-01T13:59:10.324801","37.283072000000004","127.044528"
"805","2026-06-01T13:59:10.326804","37.282939999999996","127.044684"
"806","2026-06-01T13:59:10.327811","37.282958","127.044666"
"807","2026-06-01T13:59:10.328812","37.282976","127.044648"
"808","2026-06-01T13:59:10.330812","37.282728","127.043572"
"809","2026-06-01T13:59:10.331814","37.282746","127.043554"
"810","2026-06-01T13:59:10.333814","37.282764","127.04353599999999"
"811","2026-06-01T13:59:10.334814","37.282782000000005","127.04351799999999"
"812","2026-06-01T13:59:10.336811","37.2828","127.0435"
"813","2026-06-01T13:59:10.337810","37.282818","127.043482"
"814","2026-06-01T13:59:10.338815","37.282836","127.043464"
"815","2026-06-01T13:59:10.339814","37.282854","127.04344599999999"
"816","2026-06-01T13:59:10.342814","37.281428","127.044872"
"817","2026-06-01T13:59:10.344336","37.281446","127.044854"
"818","2026-06-01T13:59:10.347342","37.281464","127.04483599999999"
"819","2026-06-01T13:59:10.350330","37.281482000000004","127.04481799999999"
"820","2026-06-01T13:59:10.351333","37.2815","127.0448"
"821","2026-06-01T13:59:10.353337","37.281518","127.044782"
"822","2026-06-01T13:59:10.354331","37.281536","127.044764"
"823","2026-06-01T13:59:10.356331","37.281554","127.04474599999999"
"824","2026-06-01T13:59:10.357330","37.281572000000004","127.04472799999999"
"825","2026-06-01T13:59:10.358329","37.281439999999996","127.044884"
"826","2026-06-01T13:59:10.360330","37.281458","127.044866"
"827","2026-06-01T13:59:10.361335","37.281476","127.04484799999999"
"828","2026-06-01T13:59:10.362334","37.281494","127.04482999999999"
"829","2026-06-01T13:59:10.363335","37.281512","127.044812"
"830","2026-06-01T13:59:10.365330","37.28153","127.044794"
"831","2026-06-01T13:59:10.366332","37.282528","127.045772"
"832","2026-06-01T13:59:10.367331","37.282546","127.045754"
"833","2026-06-01T13:59:10.368333","37.282564","127.04573599999999"
"834","2026-06-01T13:59:10.369330","37.283427999999994","127.04387200000001"
"835","2026-06-01T13:59:10.371330","37.283446","127.04385400000001"
"836","2026-06-01T13:59:10.373339","37.283463999999995","127.043836"
"837","2026-06-01T13:59:10.375338","37.283482","127.043818"
"838","2026-06-01T13:59:10.377338","37.2835","127.0438"
"839","2026-06-01T13:59:10.379330","37.283517999999994","127.04378200000001"
"840","2026-06-01T13:59:10.380330","37.283536","127.04376400000001"
"841","2026-06-01T13:59:10.382331","37.283553999999995","127.043746"
"842","2026-06-01T13:59:10.383333","37.283572","127.043728"
"843","2026-06-01T13:59:10.384331","37.28343999999999","127.043884"
"844","2026-06-01T13:59:10.386332","37.281327999999995","127.04347200000001"
"845","2026-06-01T13:59:10.388335","37.281346","127.04345400000001"
"846","2026-06-01T13:59:10.389330","37.281363999999996","127.043436"
"847","2026-06-01T13:59:10.390345","37.281382","127.043418"
"848","2026-06-01T13:59:10.392332","37.2814","127.0434"
"849","2026-06-01T13:59:10.393335","37.281417999999995","127.04338200000001"
"850","2026-06-01T13:59:10.395334","37.283628","127.044972"
"851","2026-06-01T13:59:10.396334","37.283646000000005","127.044954"
"852","2026-06-01T13:59:10.397330","37.283664","127.04493599999999"
"853","2026-06-01T13:59:10.398330","37.283682000000006","127.044918"
"854","2026-06-01T13:59:10.400332","37.2837","127.0449"
"855","2026-06-01T13:59:10.401333","37.283718","127.044882"
"856","2026-06-01T13:59:10.402332","37.283736000000005","127.044864"
"857","2026-06-01T13:59:10.404334","37.283754","127.04484599999999"
"858","2026-06-01T13:59:10.406331","37.283772000000006","127.044828"
"859","2026-06-01T13:59:10.407342","37.28364","127.044984"
"860","2026-06-01T13:59:10.409334","37.283658","127.044966"
"861","2026-06-01T13:59:10.410330","37.283676","127.04494799999999"
"862","2026-06-01T13:59:10.412345","37.283694000000004","127.04493"
"863","2026-06-01T13:59:10.413335","37.283712","127.044912"
"864","2026-06-01T13:59:10.414332","37.28373","127.044894"
"865","2026-06-01T13:59:10.416331","37.283748","127.044876"
"866","2026-06-01T13:59:10.417334","37.283766","127.04485799999999"
"867","2026-06-01T13:59:10.418334","37.283784000000004","127.04484"
"868","2026-06-01T13:59:10.420333","37.283652000000004","127.044996"
"869","2026-06-01T13:59:10.421334","37.28367000000001","127.044978"
"870","2026-06-01T13:59:10.422332","37.283688000000005","127.04495999999999"
"871","2026-06-01T13:59:10.424332","37.28370600000001","127.04494199999999"
"872","2026-06-01T13:59:10.425339","37.282028","127.042572"
"873","2026-06-01T13:59:10.427331","37.282046","127.04255400000001"
"874","2026-06-01T13:59:10.428338","37.283927999999996","127.044172"
"875","2026-06-01T13:59:10.429337","37.283946","127.044154"
"876","2026-06-01T13:59:10.430352","37.283964","127.044136"
"877","2026-06-01T13:59:10.432347","37.283982","127.044118"
"878","2026-06-01T13:59:10.433339","37.284","127.0441"
"879","2026-06-01T13:59:10.434340","37.284017999999996","127.044082"
"880","2026-06-01T13:59:10.436353","37.284036","127.044064"
"881","2026-06-01T13:59:10.437338","37.284054","127.044046"
"882","2026-06-01T13:59:10.438339","37.284072","127.044028"
"883","2026-06-01T13:59:10.440346","37.283939999999994","127.044184"
"884","2026-06-01T13:59:10.441337","37.283958","127.044166"
"885","2026-06-01T13:59:10.443856","37.283975999999996","127.04414799999999"
"886","2026-06-01T13:59:10.444856","37.283994","127.04413"
"887","2026-06-01T13:59:10.445854","37.284012","127.044112"
"888","2026-06-01T13:59:10.447855","37.284029999999994","127.044094"
"889","2026-06-01T13:59:10.448855","37.284048","127.044076"
"890","2026-06-01T13:59:10.450853","37.284065999999996","127.04405799999999"
"891","2026-06-01T13:59:10.451854","37.284084","127.04404"
"892","2026-06-01T13:59:10.453867","37.281828","127.04607200000001"
"893","2026-06-01T13:59:10.454853","37.282827999999995","127.046272"
"894","2026-06-01T13:59:10.456863","37.282846","127.046254"
"895","2026-06-01T13:59:10.457853","37.282864","127.046236"
"896","2026-06-01T13:59:10.458857","37.282882","127.046218"
"897","2026-06-01T13:59:10.460854","37.2829","127.0462"
"898","2026-06-01T13:59:10.461854","37.281228","127.045672"
"899","2026-06-01T13:59:10.462854","37.281246","127.045654"
"900","2026-06-01T13:59:10.463858","37.281264","127.04563599999999"
"901","2026-06-01T13:59:10.465858","37.281282000000004","127.04561799999999"
"902","2026-06-01T13:59:10.467852","37.2813","127.0456"
"903","2026-06-01T13:59:10.469853","37.281318","127.045582"
"904","2026-06-01T13:59:10.470851","37.281336","127.045564"
"905","2026-06-01T13:59:10.472850","37.281354","127.04554599999999"
"906","2026-06-01T13:59:10.473851","37.281372000000005","127.04552799999999"
"907","2026-06-01T13:59:10.474851","37.28124","127.045684"
"908","2026-06-01T13:59:10.475851","37.281258","127.045666"
"909","2026-06-01T13:59:10.476853","37.281276","127.04564799999999"
"910","2026-06-01T13:59:10.478854","37.284028","127.043272"
"911","2026-06-01T13:59:10.482870","37.284046000000004","127.043254"
"912","2026-06-01T13:59:10.484853","37.284064","127.043236"
"913","2026-06-01T13:59:10.485853","37.284082000000005","127.043218"
"914","2026-06-01T13:59:10.486853","37.2841","127.0432"
"915","2026-06-01T13:59:10.488853","37.284118","127.043182"
"916","2026-06-01T13:59:10.489857","37.284136000000004","127.043164"
"917","2026-06-01T13:59:10.491853","37.284154","127.043146"
"918","2026-06-01T13:59:10.492851","37.281028","127.044272"
"919","2026-06-01T13:59:10.493853","37.281046","127.04425400000001"
"920","2026-06-01T13:59:10.495858","37.281064","127.044236"
"921","2026-06-01T13:59:10.496857","37.281082000000005","127.044218"
"922","2026-06-01T13:59:10.497876","37.2811","127.0442"
"923","2026-06-01T13:59:10.499860","37.281118","127.044182"
"924","2026-06-01T13:59:10.500855","37.281136000000004","127.04416400000001"
"925","2026-06-01T13:59:10.501854","37.281154","127.044146"
"926","2026-06-01T13:59:10.502859","37.281172000000005","127.044128"
"927","2026-06-01T13:59:10.503859","37.28104","127.044284"
"928","2026-06-01T13:59:10.505854","37.281058","127.04426600000001"
"929","2026-06-01T13:59:10.506854","37.281076","127.044248"
"930","2026-06-01T13:59:10.507853","37.281094","127.04423"
"931","2026-06-01T13:59:10.508858","37.281112","127.044212"
"932","2026-06-01T13:59:10.509859","37.28113","127.044194"
"933","2026-06-01T13:59:10.510857","37.283828","127.045372"
"934","2026-06-01T13:59:10.511858","37.283846000000004","127.045354"
"935","2026-06-01T13:59:10.513856","37.283864","127.04533599999999"
"936","2026-06-01T13:59:10.514857","37.282227999999996","127.04647200000001"
"937","2026-06-01T13:59:10.515854","37.282246","127.04645400000001"
"938","2026-06-01T13:59:10.516855","37.282264","127.046436"
"939","2026-06-01T13:59:10.517854","37.282282","127.046418"
"940","2026-06-01T13:59:10.518853","37.2823","127.0464"
"941","2026-06-01T13:59:10.519855","37.282318","127.04638200000001"
"942","2026-06-01T13:59:10.520854","37.282336","127.04636400000001"
"943","2026-06-01T13:59:10.521854","37.282354","127.046346"
"944","2026-06-01T13:59:10.523861","37.282372","127.046328"
"945","2026-06-01T13:59:10.524852","37.282239999999994","127.046484"
"946","2026-06-01T13:59:10.532885","37.280927999999996","127.043772"
"947","2026-06-01T13:59:10.535878","37.280946","127.043754"
"948","2026-06-01T13:59:10.537876","37.280964","127.043736"
"949","2026-06-01T13:59:10.538896","37.280982","127.043718"
"950","2026-06-01T13:59:10.539896","37.281","127.0437"
"951","2026-06-01T13:59:10.540880","37.281017999999996","127.043682"
"952","2026-06-01T13:59:10.541877","37.284127999999995","127.044872"
"953","2026-06-01T13:59:10.542878","37.284146","127.044854"
"954","2026-06-01T13:59:10.544343","37.284164","127.04483599999999"
"955","2026-06-01T13:59:10.545347","37.284182","127.04481799999999"
"956","2026-06-01T13:59:10.546344","37.2842","127.0448"
"957","2026-06-01T13:59:10.547345","37.284217999999996","127.044782"
"958","2026-06-01T13:59:10.548343","37.284236","127.044764"
"959","2026-06-01T13:59:10.549342","37.284254","127.04474599999999"
"960","2026-06-01T13:59:10.550342","37.284272","127.04472799999999"
"961","2026-06-01T13:59:10.551361","37.284139999999994","127.044884"
"962","2026-06-01T13:59:10.553345","37.284158","127.044866"
"963","2026-06-01T13:59:10.554348","37.284175999999995","127.04484799999999"
"964","2026-06-01T13:59:10.555345","37.284194","127.04482999999999"
"965","2026-06-01T13:59:10.556353","37.284212","127.044812"
"966","2026-06-01T13:59:10.564342","37.284229999999994","127.044794"
"967","2026-06-01T13:59:10.566355","37.284248","127.044776"
"968","2026-06-01T13:59:10.568343","37.284265999999995","127.04475799999999"
"969","2026-06-01T13:59:10.569343","37.284284","127.04473999999999"
"970","2026-06-01T13:59:10.571344","37.284152","127.044896"
"971","2026-06-01T13:59:10.573357","37.28417","127.044878"
"972","2026-06-01T13:59:10.574342","37.284188","127.04485999999999"
"973","2026-06-01T13:59:10.576344","37.284206000000005","127.04484199999999"
"974","2026-06-01T13:59:10.577343","37.283227999999994","127.046672"
"975","2026-06-01T13:59:10.579363","37.283246","127.046654"
"976","2026-06-01T13:59:10.580345","37.281127999999995","127.042972"
"977","2026-06-01T13:59:10.582348","37.281146","127.04295400000001"
"978","2026-06-01T13:59:10.583344","37.281164","127.042936"
"979","2026-06-01T13:59:10.584344","37.281182","127.042918"
"980","2026-06-01T13:59:10.585345","37.2812","127.0429"
"981","2026-06-01T13:59:10.586344","37.281217999999996","127.042882"
"982","2026-06-01T13:59:10.588346","37.281236","127.04286400000001"
"983","2026-06-01T13:59:10.589352","37.281254","127.042846"
"984","2026-06-01T13:59:10.590351","37.281272","127.042828"
"985","2026-06-01T13:59:10.591353","37.28113999999999","127.042984"
"986","2026-06-01T13:59:10.592362","37.281158","127.042966"
"987","2026-06-01T13:59:10.593343","37.281175999999995","127.042948"
"988","2026-06-01T13:59:10.594350","37.281194","127.04293"
"989","2026-06-01T13:59:10.595349","37.281212","127.042912"
"990","2026-06-01T13:59:10.597346","37.281229999999994","127.042894"
"991","2026-06-01T13:59:10.598361","37.281248","127.042876"
"992","2026-06-01T13:59:10.599344","37.281265999999995","127.042858"
"993","2026-06-01T13:59:10.600346","37.281284","127.04284"
"994","2026-06-01T13:59:10.601345","37.283128","127.04517200000001"
"995","2026-06-01T13:59:10.603345","37.282128","127.045572"
"996","2026-06-01T13:59:10.604345","37.282146000000004","127.04555400000001"
"997","2026-06-01T13:59:10.605346","37.282164","127.045536"
"998","2026-06-01T13:59:10.606347","37.282182000000006","127.045518"
"999","2026-06-01T13:59:10.607345","37.2822","127.0455"
"1000","2026-06-01T13:59:10.608346","37.281628","127.04477200000001"
"1001","2026-06-01T13:59:10.610343","37.281646","127.04475400000001"
"1002","2026-06-01T13:59:10.611348","37.281664","127.044736"
"1003","2026-06-01T13:59:10.612343","37.281682","127.044718"
"1004","2026-06-01T13:59:10.613342","37.2817","127.0447"
"1005","2026-06-01T13:59:10.615361","37.281718","127.04468200000001"
"1006","2026-06-01T13:59:10.616344","37.281736","127.04466400000001"
"1007","2026-06-01T13:59:10.617343","37.281754","127.044646"
"1008","2026-06-01T13:59:10.618346","37.281772000000004","127.044628"
"1009","2026-06-01T13:59:10.619344","37.281639999999996","127.044784"
"1010","2026-06-01T13:59:10.620349","37.281658","127.04476600000001"
"1011","2026-06-01T13:59:10.621344","37.281676","127.044748"
"1012","2026-06-01T13:59:10.622344","37.282128","127.044972"
"1013","2026-06-01T13:59:10.623343","37.282146000000004","127.044954"
"1014","2026-06-01T13:59:10.624343","37.282164","127.04493599999999"
"1015","2026-06-01T13:59:10.626342","37.282182000000006","127.044918"
"1016","2026-06-01T13:59:10.626342","37.2822","127.0449"
"1017","2026-06-01T13:59:10.627343","37.282218","127.044882"
"1018","2026-06-01T13:59:10.628351","37.282236000000005","127.044864"
"1019","2026-06-01T13:59:10.629363","37.282254","127.04484599999999"
"1020","2026-06-01T13:59:10.631355","37.283328","127.04437200000001"
"1021","2026-06-01T13:59:10.632357","37.283346","127.04435400000001"
"1022","2026-06-01T13:59:10.633354","37.283364","127.044336"
"1023","2026-06-01T13:59:10.634355","37.283382","127.044318"
"1024","2026-06-01T13:59:10.635352","37.2834","127.0443"
"1025","2026-06-01T13:59:10.636353","37.283418","127.04428200000001"
"1026","2026-06-01T13:59:10.637355","37.283436","127.04426400000001"
"1027","2026-06-01T13:59:10.638351","37.283454","127.044246"
"1028","2026-06-01T13:59:10.639355","37.283472","127.044228"
"1029","2026-06-01T13:59:10.640352","37.283339999999995","127.04438400000001"
"1030","2026-06-01T13:59:10.641350","37.283358","127.04436600000001"
"1031","2026-06-01T13:59:10.642857","37.283376","127.044348"
"1032","2026-06-01T13:59:10.643864","37.283394","127.04433"
"1033","2026-06-01T13:59:10.644864","37.283412","127.044312"
"1034","2026-06-01T13:59:10.644864","37.283429999999996","127.04429400000001"
"1035","2026-06-01T13:59:10.645864","37.281327999999995","127.04387200000001"
"1036","2026-06-01T13:59:10.647866","37.281346","127.04385400000001"
"1037","2026-06-01T13:59:10.648873","37.281363999999996","127.043836"
"1038","2026-06-01T13:59:10.649871","37.282528","127.043272"
"1039","2026-06-01T13:59:10.650868","37.282546","127.043254"
"1040","2026-06-01T13:59:10.657884","37.282564","127.043236"
"1041","2026-06-01T13:59:10.659866","37.282582000000005","127.043218"
"1042","2026-06-01T13:59:10.661867","37.2826","127.0432"
"1043","2026-06-01T13:59:10.663866","37.282618","127.043182"
"1044","2026-06-01T13:59:10.665864","37.282636000000004","127.043164"
"1045","2026-06-01T13:59:10.667866","37.282654","127.043146"
"1046","2026-06-01T13:59:10.669866","37.282672000000005","127.043128"
"1047","2026-06-01T13:59:10.671878","37.28254","127.043284"
"1048","2026-06-01T13:59:10.672863","37.282728","127.04477200000001"
"1049","2026-06-01T13:59:10.673879","37.282746","127.04475400000001"
"1050","2026-06-01T13:59:10.675865","37.282764","127.044736"
"1051","2026-06-01T13:59:10.676864","37.282782000000005","127.044718"
"1052","2026-06-01T13:59:10.678867","37.2828","127.0447"
"1053","2026-06-01T13:59:10.679865","37.282818","127.04468200000001"
"1054","2026-06-01T13:59:10.680865","37.281727999999994","127.045072"
"1055","2026-06-01T13:59:10.681878","37.281746","127.04505400000001"
"1056","2026-06-01T13:59:10.683863","37.281763999999995","127.045036"
"1057","2026-06-01T13:59:10.684870","37.281782","127.045018"
"1058","2026-06-01T13:59:10.686864","37.2818","127.045"
"1059","2026-06-01T13:59:10.687866","37.281817999999994","127.044982"
"1060","2026-06-01T13:59:10.688864","37.281836","127.04496400000001"
"1061","2026-06-01T13:59:10.688864","37.281853999999996","127.044946"
"1062","2026-06-01T13:59:10.689862","37.281872","127.044928"
"1063","2026-06-01T13:59:10.690866","37.28173999999999","127.045084"
"1064","2026-06-01T13:59:10.691865","37.281757999999996","127.045066"
"1065","2026-06-01T13:59:10.692864","37.281775999999994","127.045048"
"1066","2026-06-01T13:59:10.693864","37.281794","127.04503"
"1067","2026-06-01T13:59:10.693864","37.281811999999995","127.045012"
"1068","2026-06-01T13:59:10.694864","37.28182999999999","127.044994"
"1069","2026-06-01T13:59:10.695864","37.281848","127.044976"
"1070","2026-06-01T13:59:10.696863","37.281865999999994","127.044958"
"1071","2026-06-01T13:59:10.697865","37.281884","127.04494"
"1072","2026-06-01T13:59:10.698865","37.281752","127.045096"
"1073","2026-06-01T13:59:10.699872","37.28177","127.045078"
"1074","2026-06-01T13:59:10.700866","37.281788","127.04505999999999"
"1075","2026-06-01T13:59:10.701865","37.281806","127.045042"
"1076","2026-06-01T13:59:10.701865","37.283027999999995","127.043572"
"1077","2026-06-01T13:59:10.702866","37.283046","127.043554"
"1078","2026-06-01T13:59:10.703865","37.281428","127.044672"
"1079","2026-06-01T13:59:10.704880","37.281446","127.04465400000001"
"1080","2026-06-01T13:59:10.705869","37.281464","127.044636"
"1081","2026-06-01T13:59:10.706865","37.281482000000004","127.044618"
"1082","2026-06-01T13:59:10.707865","37.2815","127.0446"
"1083","2026-06-01T13:59:10.708865","37.281518","127.044582"
"1084","2026-06-01T13:59:10.709865","37.281536","127.04456400000001"
"1085","2026-06-01T13:59:10.710863","37.281554","127.044546"
"1086","2026-06-01T13:59:10.711868","37.281572000000004","127.044528"
"1087","2026-06-01T13:59:10.712865","37.281439999999996","127.044684"
"1088","2026-06-01T13:59:10.713871","37.281458","127.044666"
"1089","2026-06-01T13:59:10.714871","37.281476","127.044648"
"1090","2026-06-01T13:59:10.714871","37.281494","127.04463"
"1091","2026-06-01T13:59:10.715870","37.281512","127.044612"
"1092","2026-06-01T13:59:10.716865","37.28153","127.044594"
"1093","2026-06-01T13:59:10.717865","37.281548","127.044576"
"1094","2026-06-01T13:59:10.718864","37.281566","127.044558"
"1095","2026-06-01T13:59:10.718864","37.281584","127.04454"
"1096","2026-06-01T13:59:10.719864","37.299927999999994","127.100072"
"1097","2026-06-01T13:59:10.720871","37.282328","127.045872"
"1098","2026-06-01T13:59:10.721870","37.282346000000004","127.045854"
"1099","2026-06-01T13:59:10.722865","37.282364","127.045836"
"1100","2026-06-01T13:59:10.723865","37.282382000000005","127.045818"
"1101","2026-06-01T13:59:10.724864","37.2824","127.0458"
"1102","2026-06-01T13:59:10.725864","37.283427999999994","127.045072"
"1103","2026-06-01T13:59:10.726874","37.283446","127.04505400000001"
"1104","2026-06-01T13:59:10.727864","37.283463999999995","127.045036"
"1105","2026-06-01T13:59:10.728894","37.283482","127.045018"
"1106","2026-06-01T13:59:10.729896","37.2835","127.045"
"1107","2026-06-01T13:59:10.730888","37.283517999999994","127.044982"
"1108","2026-06-01T13:59:10.731874","37.283536","127.04496400000001"
"1109","2026-06-01T13:59:10.732878","37.283553999999995","127.044946"
"1110","2026-06-01T13:59:10.733883","37.283572","127.044928"
"1111","2026-06-01T13:59:10.734877","37.28343999999999","127.045084"
"1112","2026-06-01T13:59:10.735873","37.283457999999996","127.045066"
"1113","2026-06-01T13:59:10.736884","37.28347599999999","127.045048"
"1114","2026-06-01T13:59:10.737878","37.281028","127.045472"
"1115","2026-06-01T13:59:10.738870","37.281046","127.045454"
"1116","2026-06-01T13:59:10.739878","37.281064","127.045436"
"1117","2026-06-01T13:59:10.740872","37.281082000000005","127.045418"
"1118","2026-06-01T13:59:10.741871","37.2811","127.0454"
"1119","2026-06-01T13:59:10.742881","37.281118","127.045382"
"1120","2026-06-01T13:59:10.742881","37.281136000000004","127.045364"
"1121","2026-06-01T13:59:10.744266","37.281154","127.045346"
"1122","2026-06-01T13:59:10.745276","37.282928","127.04607200000001"
"1123","2026-06-01T13:59:10.747256","37.282946","127.04605400000001"
"1124","2026-06-01T13:59:10.748272","37.282964","127.046036"
"1125","2026-06-01T13:59:10.749254","37.282982000000004","127.046018"
"1126","2026-06-01T13:59:10.750253","37.283","127.046"
"1127","2026-06-01T13:59:10.751254","37.283018","127.04598200000001"
"1128","2026-06-01T13:59:10.752255","37.283036","127.04596400000001"
"1129","2026-06-01T13:59:10.753259","37.283054","127.045946"
"1130","2026-06-01T13:59:10.754276","37.283072000000004","127.045928"
"1131","2026-06-01T13:59:10.755267","37.282939999999996","127.04608400000001"
"1132","2026-06-01T13:59:10.756261","37.282958","127.04606600000001"
"1133","2026-06-01T13:59:10.757257","37.282976","127.046048"
"1134","2026-06-01T13:59:10.758261","37.282994","127.04603"
"1135","2026-06-01T13:59:10.759261","37.283012","127.046012"
"1136","2026-06-01T13:59:10.760255","37.28303","127.04599400000001"
"1137","2026-06-01T13:59:10.760255","37.281828","127.045972"
"1138","2026-06-01T13:59:10.761255","37.281846","127.04595400000001"
"1139","2026-06-01T13:59:10.762255","37.281864","127.045936"
"1140","2026-06-01T13:59:10.763255","37.283528","127.044072"
"1141","2026-06-01T13:59:10.764262","37.283546","127.044054"
"1142","2026-06-01T13:59:10.765261","37.283564","127.04403599999999"
"1143","2026-06-01T13:59:10.765261","37.283582","127.044018"
"1144","2026-06-01T13:59:10.766259","37.2836","127.044"
"1145","2026-06-01T13:59:10.767259","37.283618","127.043982"
"1146","2026-06-01T13:59:10.768256","37.283636","127.043964"
"1147","2026-06-01T13:59:10.769263","37.283654","127.04394599999999"
"1148","2026-06-01T13:59:10.770261","37.283672","127.043928"
"1149","2026-06-01T13:59:10.771265","37.283539999999995","127.044084"
"1150","2026-06-01T13:59:10.772255","37.282227999999996","127.043172"
"1151","2026-06-01T13:59:10.773256","37.282246","127.043154"
"1152","2026-06-01T13:59:10.774265","37.282264","127.04313599999999"
"1153","2026-06-01T13:59:10.775256","37.282282","127.04311799999999"
"1154","2026-06-01T13:59:10.776256","37.2823","127.0431"
"1155","2026-06-01T13:59:10.776256","37.282318","127.043082"
"1156","2026-06-01T13:59:10.777256","37.283227999999994","127.043772"
"1157","2026-06-01T13:59:10.778280","37.283246","127.043754"
"1158","2026-06-01T13:59:10.779258","37.283263999999996","127.043736"
"1159","2026-06-01T13:59:10.780261","37.283282","127.043718"
"1160","2026-06-01T13:59:10.782257","37.2833","127.0437"
"1161","2026-06-01T13:59:10.782257","37.283317999999994","127.043682"
"1162","2026-06-01T13:59:10.783257","37.283336","127.043664"
"1163","2026-06-01T13:59:10.784256","37.283353999999996","127.043646"
"1164","2026-06-01T13:59:10.785257","37.283372","127.043628"
"1165","2026-06-01T13:59:10.786260","37.28323999999999","127.043784"
"1166","2026-06-01T13:59:10.787259","37.283258","127.043766"
"1167","2026-06-01T13:59:10.787259","37.283275999999994","127.043748"
"1168","2026-06-01T13:59:10.790264","37.283294","127.04373"
"1169","2026-06-01T13:59:10.792256","37.283311999999995","127.043712"
"1170","2026-06-01T13:59:10.793266","37.28332999999999","127.043694"
"1171","2026-06-01T13:59:10.794267","37.283348","127.043676"
"1172","2026-06-01T13:59:10.795265","37.283365999999994","127.043658"
"1173","2026-06-01T13:59:10.796261","37.283384","127.04364"
"1174","2026-06-01T13:59:10.797265","37.283252","127.043796"
"1175","2026-06-01T13:59:10.797265","37.28327","127.043778"
"1176","2026-06-01T13:59:10.798264","37.283288","127.04375999999999"
"1177","2026-06-01T13:59:10.799264","37.283306","127.043742"
"1178","2026-06-01T13:59:10.800256","37.28192799999999","127.046272"
"1179","2026-06-01T13:59:10.801256","37.281946","127.046254"
"1180","2026-06-01T13:59:10.802257","37.281228","127.04347200000001"
"1181","2026-06-01T13:59:10.803258","37.281246","127.04345400000001"
"1182","2026-06-01T13:59:10.804259","37.281264","127.043436"
"1183","2026-06-01T13:59:10.805259","37.281282000000004","127.043418"
"1184","2026-06-01T13:59:10.806268","37.2813","127.0434"
"1185","2026-06-01T13:59:10.807263","37.281318","127.04338200000001"
"1186","2026-06-01T13:59:10.808255","37.281336","127.04336400000001"
"1187","2026-06-01T13:59:10.809255","37.281354","127.043346"
"1188","2026-06-01T13:59:10.809255","37.281372000000005","127.043328"
"1189","2026-06-01T13:59:10.810264","37.28124","127.043484"
"1190","2026-06-01T13:59:10.812266","37.281258","127.04346600000001"
"1191","2026-06-01T13:59:10.813266","37.281276","127.043448"
"1192","2026-06-01T13:59:10.813266","37.281294","127.04343"
"1193","2026-06-01T13:59:10.814263","37.281312","127.043412"
"1194","2026-06-01T13:59:10.815260","37.28133","127.043394"
"1195","2026-06-01T13:59:10.816264","37.281348","127.04337600000001"
"1196","2026-06-01T13:59:10.817256","37.281366","127.043358"
"1197","2026-06-01T13:59:10.818258","37.281384","127.04334"
"1198","2026-06-01T13:59:10.819266","37.282478","127.046422"
"1199","2026-06-01T13:59:10.820262","37.283677999999995","127.045422"
"1200","2026-06-01T13:59:10.821269","37.283696","127.045404"
"1201","2026-06-01T13:59:10.822267","37.283713999999996","127.045386"
"1202","2026-06-01T13:59:10.823265","37.283732","127.045368"
"1203","2026-06-01T13:59:10.824260","37.28375","127.04535"
"1204","2026-06-01T13:59:10.825256","37.281678","127.046522"
"1205","2026-06-01T13:59:10.826257","37.281696000000004","127.046504"
"1206","2026-06-01T13:59:10.827256","37.281714","127.04648599999999"
"1207","2026-06-01T13:59:10.828266","37.281732000000005","127.04646799999999"
"1208","2026-06-01T13:59:10.829287","37.28175","127.04645"
"1209","2026-06-01T13:59:10.831274","37.281768","127.046432"
"1210","2026-06-01T13:59:10.832271","37.281786000000004","127.046414"
"1211","2026-06-01T13:59:10.832271","37.281804","127.04639599999999"
"1212","2026-06-01T13:59:10.834273","37.281822000000005","127.04637799999999"
"1213","2026-06-01T13:59:10.835264","37.28169","127.046534"
"1214","2026-06-01T13:59:10.835264","37.281708","127.046516"
"1215","2026-06-01T13:59:10.836265","37.281726","127.04649799999999"
"1216","2026-06-01T13:59:10.837264","37.281378","127.045922"
"1217","2026-06-01T13:59:10.838265","37.281396","127.04590400000001"
"1218","2026-06-01T13:59:10.839273","37.281414","127.045886"
"1219","2026-06-01T13:59:10.840276","37.281432","127.045868"
"1220","2026-06-01T13:59:10.841265","37.28145","127.04585"
"1221","2026-06-01T13:59:10.842774","37.281468","127.045832"
"1222","2026-06-01T13:59:10.843783","37.281486","127.04581400000001"
"1223","2026-06-01T13:59:10.844784","37.281504","127.045796"
"1224","2026-06-01T13:59:10.845786","37.282078","127.046672"
"1225","2026-06-01T13:59:10.846789","37.282096","127.046654"
"1226","2026-06-01T13:59:10.847788","37.282114","127.04663599999999"
"1227","2026-06-01T13:59:10.848789","37.282132000000004","127.046618"
"1228","2026-06-01T13:59:10.849787","37.28215","127.0466"
"1229","2026-06-01T13:59:10.850784","37.282168","127.046582"
"1230","2026-06-01T13:59:10.850784","37.282186","127.046564"
"1231","2026-06-01T13:59:10.851786","37.282204","127.04654599999999"
"1232","2026-06-01T13:59:10.852796","37.282222000000004","127.046528"
"1233","2026-06-01T13:59:10.853786","37.28209","127.046684"
"1234","2026-06-01T13:59:10.854785","37.282108","127.046666"
"1235","2026-06-01T13:59:10.855785","37.282126","127.04664799999999"
"1236","2026-06-01T13:59:10.856784","37.282144","127.04663"
"1237","2026-06-01T13:59:10.857796","37.282162","127.046612"
"1238","2026-06-01T13:59:10.858784","37.28218","127.046594"
"1239","2026-06-01T13:59:10.858784","37.283077999999996","127.045972"
"1240","2026-06-01T13:59:10.859785","37.283096","127.04595400000001"
"1241","2026-06-01T13:59:10.860785","37.283114","127.045936"
"1242","2026-06-01T13:59:10.861784","37.280877999999994","127.04472200000001"
"1243","2026-06-01T13:59:10.862784","37.280896","127.04470400000001"
"1244","2026-06-01T13:59:10.863784","37.280913999999996","127.044686"
"1245","2026-06-01T13:59:10.864786","37.280932","127.044668"
"1246","2026-06-01T13:59:10.865784","37.28095","127.04465"
"1247","2026-06-01T13:59:10.866783","37.280967999999994","127.04463200000001"
"1248","2026-06-01T13:59:10.867783","37.280986","127.04461400000001"
"1249","2026-06-01T13:59:10.867783","37.281003999999996","127.044596"
"1250","2026-06-01T13:59:10.868783","37.281022","127.044578"
"1251","2026-06-01T13:59:10.869783","37.28088999999999","127.044734"
"1252","2026-06-01T13:59:10.870784","37.283477999999995","127.043322"
"1253","2026-06-01T13:59:10.871785","37.283496","127.043304"
"1254","2026-06-01T13:59:10.872785","37.283514","127.043286"
"1255","2026-06-01T13:59:10.873785","37.283532","127.043268"
"1256","2026-06-01T13:59:10.874784","37.28355","127.04325"
"1257","2026-06-01T13:59:10.875784","37.283567999999995","127.043232"
"1258","2026-06-01T13:59:10.876784","37.281577999999996","127.043322"
"1259","2026-06-01T13:59:10.877786","37.281596","127.043304"
"1260","2026-06-01T13:59:10.877786","37.281614","127.043286"
"1261","2026-06-01T13:59:10.878786","37.281632","127.043268"
"1262","2026-06-01T13:59:10.879787","37.28165","127.04325"
"1263","2026-06-01T13:59:10.880787","37.281667999999996","127.043232"
"1264","2026-06-01T13:59:10.881787","37.281686","127.043214"
"1265","2026-06-01T13:59:10.881787","37.281704","127.043196"
"1266","2026-06-01T13:59:10.882783","37.281722","127.043178"
"1267","2026-06-01T13:59:10.883783","37.281589999999994","127.043334"
"1268","2026-06-01T13:59:10.884784","37.281608","127.043316"
"1269","2026-06-01T13:59:10.885783","37.281625999999996","127.043298"
"1270","2026-06-01T13:59:10.885783","37.281644","127.04328"
"1271","2026-06-01T13:59:10.886821","37.281662","127.043262"
"1272","2026-06-01T13:59:10.887794","37.281679999999994","127.043244"
"1273","2026-06-01T13:59:10.887794","37.281698","127.043226"
"1274","2026-06-01T13:59:10.888784","37.281715999999996","127.04320799999999"
"1275","2026-06-01T13:59:10.889788","37.281734","127.04319"
"1276","2026-06-01T13:59:10.890785","37.281602","127.043346"
"1277","2026-06-01T13:59:10.891783","37.281620000000004","127.043328"
"1278","2026-06-01T13:59:10.892785","37.281638","127.04330999999999"
"1279","2026-06-01T13:59:10.892785","37.281656000000005","127.043292"
"1280","2026-06-01T13:59:10.893787","37.280778","127.045422"
"1281","2026-06-01T13:59:10.894788","37.280796","127.045404"
"1282","2026-06-01T13:59:10.894788","37.283778","127.043822"
"1283","2026-06-01T13:59:10.895786","37.283796","127.04380400000001"
"1284","2026-06-01T13:59:10.897786","37.283814","127.043786"
"1285","2026-06-01T13:59:10.897786","37.283832000000004","127.043768"
"1286","2026-06-01T13:59:10.898789","37.28385","127.04375"
"1287","2026-06-01T13:59:10.899785","37.283868","127.043732"
"1288","2026-06-01T13:59:10.900785","37.283886","127.04371400000001"
"1289","2026-06-01T13:59:10.901784","37.283904","127.043696"
"1290","2026-06-01T13:59:10.901784","37.283922000000004","127.043678"
"1291","2026-06-01T13:59:10.902783","37.283789999999996","127.043834"
"1292","2026-06-01T13:59:10.903784","37.283808","127.043816"
"1293","2026-06-01T13:59:10.904790","37.283826","127.043798"
"1294","2026-06-01T13:59:10.904790","37.283844","127.04378"
"1295","2026-06-01T13:59:10.905788","37.283862","127.043762"
"1296","2026-06-01T13:59:10.906784","37.283879999999996","127.043744"
"1297","2026-06-01T13:59:10.907789","37.283898","127.043726"
"1298","2026-06-01T13:59:10.908785","37.283916","127.043708"
"1299","2026-06-01T13:59:10.909784","37.283934","127.04369"
"1300","2026-06-01T13:59:10.910783","37.280677999999995","127.043822"
"1301","2026-06-01T13:59:10.910783","37.280477999999995","127.04432200000001"
"1302","2026-06-01T13:59:10.911784","37.280496","127.04430400000001"
"1303","2026-06-01T13:59:10.912786","37.280514","127.044286"
"1304","2026-06-01T13:59:10.913783","37.280532","127.044268"
"1305","2026-06-01T13:59:10.913783","37.28055","127.04425"
"1306","2026-06-01T13:59:10.914784","37.282377999999994","127.042522"
"1307","2026-06-01T13:59:10.915783","37.282396","127.04250400000001"
"1308","2026-06-01T13:59:10.916787","37.282413999999996","127.042486"
"1309","2026-06-01T13:59:10.917785","37.282432","127.042468"
"1310","2026-06-01T13:59:10.918784","37.28245","127.04245"
"1311","2026-06-01T13:59:10.919783","37.282467999999994","127.042432"
"1312","2026-06-01T13:59:10.919783","37.282486","127.04241400000001"
"1313","2026-06-01T13:59:10.920784","37.282503999999996","127.042396"
"1314","2026-06-01T13:59:10.921784","37.282522","127.042378"
"1315","2026-06-01T13:59:10.922785","37.28238999999999","127.042534"
"1316","2026-06-01T13:59:10.923783","37.282408","127.042516"
"1317","2026-06-01T13:59:10.924784","37.282425999999994","127.042498"
"1318","2026-06-01T13:59:10.925785","37.280828","127.044122"
"1319","2026-06-01T13:59:10.925785","37.280846000000004","127.044104"
"1320","2026-06-01T13:59:10.926783","37.280864","127.044086"
"1321","2026-06-01T13:59:10.927785","37.280882000000005","127.044068"
"1322","2026-06-01T13:59:10.928792","37.2809","127.04405"
"1323","2026-06-01T13:59:10.929791","37.280918","127.044032"
"1324","2026-06-01T13:59:10.929791","37.280936000000004","127.044014"
"1325","2026-06-01T13:59:10.930792","37.280954","127.04399599999999"
"1326","2026-06-01T13:59:10.931798","37.280578","127.046122"
"1327","2026-06-01T13:59:10.932792","37.280596","127.046104"
"1328","2026-06-01T13:59:10.933793","37.280614","127.04608599999999"
"1329","2026-06-01T13:59:10.934792","37.280632000000004","127.04606799999999"
"1330","2026-06-01T13:59:10.935793","37.28065","127.04605"
"1331","2026-06-01T13:59:10.936795","37.280668","127.046032"
"1332","2026-06-01T13:59:10.937794","37.280686","127.046014"
"1333","2026-06-01T13:59:10.938797","37.280704","127.04599599999999"
"1334","2026-06-01T13:59:10.939799","37.280722000000004","127.04597799999999"
"1335","2026-06-01T13:59:10.939799","37.28059","127.046134"
"1336","2026-06-01T13:59:10.940798","37.280608","127.046116"
"1337","2026-06-01T13:59:10.941793","37.280626","127.04609799999999"
"1338","2026-06-01T13:59:10.943298","37.280644","127.04607999999999"
"1339","2026-06-01T13:59:10.944306","37.280662","127.04606199999999"
"1340","2026-06-01T13:59:10.944306","37.28068","127.046044"
"1341","2026-06-01T13:59:10.945306","37.282678","127.04302200000001"
"1342","2026-06-01T13:59:10.946306","37.282696","127.04300400000001"
"1343","2026-06-01T13:59:10.947305","37.282714","127.042986"
"1344","2026-06-01T14:29:03.557802","37.283128","127.04517200000001"
"1345","2026-06-01T14:29:03.580808","37.282328","127.043972"
"1346","2026-06-01T14:29:03.582810","37.282346000000004","127.043954"
"1347","2026-06-01T14:29:03.585811","37.282364","127.04393599999999"
"1348","2026-06-01T14:29:03.586810","37.282382000000005","127.04391799999999"
"1349","2026-06-01T14:29:03.587801","37.2824","127.0439"
"1350","2026-06-01T14:29:03.588800","37.281628","127.04477200000001"
"1351","2026-06-01T14:29:03.589801","37.281646","127.04475400000001"
"1352","2026-06-01T14:29:03.590801","37.281664","127.044736"
"1353","2026-06-01T14:29:03.591800","37.281682","127.044718"
"1354","2026-06-01T14:29:03.593809","37.2817","127.0447"
"1355","2026-06-01T14:29:03.593809","37.281718","127.04468200000001"
"1356","2026-06-01T14:29:03.595810","37.281736","127.04466400000001"
"1357","2026-06-01T14:29:03.596809","37.281754","127.044646"
"1358","2026-06-01T14:29:03.597800","37.281772000000004","127.044628"
"1359","2026-06-01T14:29:03.599800","37.281639999999996","127.044784"
"1360","2026-06-01T14:29:03.599800","37.281658","127.04476600000001"
"1361","2026-06-01T14:29:03.600809","37.281676","127.044748"
"1362","2026-06-01T14:29:03.601801","37.282928","127.044172"
"1363","2026-06-01T14:29:03.602802","37.282946","127.044154"
"1364","2026-06-01T14:29:03.603802","37.282964","127.044136"
"1365","2026-06-01T14:29:03.604800","37.282982000000004","127.044118"
"1366","2026-06-01T14:29:03.605800","37.283","127.0441"
"1367","2026-06-01T14:29:03.606801","37.283018","127.044082"
"1368","2026-06-01T14:29:03.607800","37.283036","127.044064"
"1369","2026-06-01T14:29:03.608800","37.283054","127.044046"
"1370","2026-06-01T14:29:03.609800","37.282128","127.044972"
"1371","2026-06-01T14:29:03.610800","37.282146000000004","127.044954"
"1372","2026-06-01T14:29:03.611800","37.282164","127.04493599999999"
"1373","2026-06-01T14:29:03.611800","37.282182000000006","127.044918"
"1374","2026-06-01T14:29:03.612800","37.2822","127.0449"
"1375","2026-06-01T14:29:03.613809","37.282218","127.044882"
"1376","2026-06-01T14:29:03.614809","37.282236000000005","127.044864"
"1377","2026-06-01T14:29:03.615810","37.282254","127.04484599999999"
"1378","2026-06-01T14:29:03.616824","37.282272000000006","127.044828"
"1379","2026-06-01T14:29:03.617820","37.28214","127.044984"
"1380","2026-06-01T14:29:03.618820","37.282158","127.044966"
"1381","2026-06-01T14:29:03.619828","37.282176","127.04494799999999"
"1382","2026-06-01T14:29:03.620828","37.282194000000004","127.04493"
"1383","2026-06-01T14:29:03.620828","37.282212","127.044912"
"1384","2026-06-01T14:29:03.621829","37.28223","127.044894"
"1385","2026-06-01T14:29:03.622826","37.281828","127.043672"
"1386","2026-06-01T14:29:03.623820","37.281846","127.043654"
"1387","2026-06-01T14:29:03.624834","37.281864","127.04363599999999"
"1388","2026-06-01T14:29:03.625827","37.282627999999995","127.045472"
"1389","2026-06-01T14:29:03.626828","37.282646","127.045454"
"1390","2026-06-01T14:29:03.627828","37.282664","127.045436"
"1391","2026-06-01T14:29:03.627828","37.282682","127.045418"
"1392","2026-06-01T14:29:03.628829","37.2827","127.0454"
"1393","2026-06-01T14:29:03.643362","37.282717999999996","127.045382"
"1394","2026-06-01T14:29:03.644362","37.282736","127.045364"
"1395","2026-06-01T14:29:03.645371","37.282754","127.045346"
"1396","2026-06-01T14:29:03.646362","37.282772","127.045328"
"1397","2026-06-01T14:29:03.648362","37.282639999999994","127.045484"
"1398","2026-06-01T14:29:03.649362","37.283328","127.04437200000001"
"1399","2026-06-01T14:29:03.651363","37.283346","127.04435400000001"
"1400","2026-06-01T14:29:03.651363","37.283364","127.044336"
"1401","2026-06-01T14:29:03.652363","37.283382","127.044318"
"1402","2026-06-01T14:29:03.653363","37.2834","127.0443"
"1403","2026-06-01T14:29:03.654362","37.283418","127.04428200000001"
"1404","2026-06-01T14:29:03.654362","37.281727999999994","127.045272"
"1405","2026-06-01T14:29:03.655363","37.281746","127.045254"
"1406","2026-06-01T14:29:03.656362","37.281763999999995","127.04523599999999"
"1407","2026-06-01T14:29:03.657363","37.281782","127.04521799999999"
"1408","2026-06-01T14:29:03.658362","37.2818","127.0452"
"1409","2026-06-01T14:29:03.659362","37.281817999999994","127.045182"
"1410","2026-06-01T14:29:03.660362","37.281836","127.045164"
"1411","2026-06-01T14:29:03.661362","37.281853999999996","127.04514599999999"
"1412","2026-06-01T14:29:03.661362","37.281872","127.04512799999999"
"1413","2026-06-01T14:29:03.662362","37.28173999999999","127.045284"
"1414","2026-06-01T14:29:03.663362","37.281757999999996","127.045266"
"1415","2026-06-01T14:29:03.666362","37.281775999999994","127.04524799999999"
"1416","2026-06-01T14:29:03.667362","37.281794","127.04522999999999"
"1417","2026-06-01T14:29:03.669362","37.281811999999995","127.04521199999999"
"1418","2026-06-01T14:29:03.670362","37.28182999999999","127.045194"
"1419","2026-06-01T14:29:03.671363","37.281848","127.045176"
"1420","2026-06-01T14:29:03.671363","37.281865999999994","127.04515799999999"
"1421","2026-06-01T14:29:03.672362","37.281884","127.04513999999999"
"1422","2026-06-01T14:29:03.673362","37.281752","127.045296"
"1423","2026-06-01T14:29:03.674362","37.28177","127.045278"
"1424","2026-06-01T14:29:03.675362","37.281788","127.04525999999998"
"1425","2026-06-01T14:29:03.676362","37.281806","127.04524199999999"
"1426","2026-06-01T14:29:03.677362","37.282427999999996","127.043172"
"1427","2026-06-01T14:29:03.677362","37.282446","127.043154"
"1428","2026-06-01T14:29:03.678362","37.283027999999995","127.042972"
"1429","2026-06-01T14:29:03.679362","37.283046","127.04295400000001"
"1430","2026-06-01T14:29:03.681363","37.283063999999996","127.042936"
"1431","2026-06-01T14:29:03.683363","37.283082","127.042918"
"1432","2026-06-01T14:29:03.684363","37.2831","127.0429"
"1433","2026-06-01T14:29:03.685362","37.283117999999995","127.042882"
"1434","2026-06-01T14:29:03.686364","37.283136","127.04286400000001"
"1435","2026-06-01T14:29:03.687372","37.283153999999996","127.042846"
"1436","2026-06-01T14:29:03.688363","37.283172","127.042828"
"1437","2026-06-01T14:29:03.689362","37.28303999999999","127.042984"
"1438","2026-06-01T14:29:03.690363","37.283058","127.042966"
"1439","2026-06-01T14:29:03.691362","37.283075999999994","127.042948"
"1440","2026-06-01T14:29:03.692363","37.283094","127.04293"
"1441","2026-06-01T14:29:03.693362","37.283111999999996","127.042912"
"1442","2026-06-01T14:29:03.693362","37.28312999999999","127.042894"
"1443","2026-06-01T14:29:03.695362","37.283148","127.042876"
"1444","2026-06-01T14:29:03.696371","37.283165999999994","127.042858"
"1445","2026-06-01T14:29:03.697362","37.283184","127.04284"
"1446","2026-06-01T14:29:03.697362","37.281527999999994","127.044072"
"1447","2026-06-01T14:29:03.699362","37.28192799999999","127.042772"
"1448","2026-06-01T14:29:03.700362","37.281946","127.042754"
"1449","2026-06-01T14:29:03.702362","37.281963999999995","127.04273599999999"
"1450","2026-06-01T14:29:03.704362","37.281982","127.042718"
"1451","2026-06-01T14:29:03.705363","37.282","127.0427"
"1452","2026-06-01T14:29:03.709363","37.282928","127.044672"
"1453","2026-06-01T14:29:03.713363","37.282946","127.04465400000001"
"1454","2026-06-01T14:29:03.726370","37.282964","127.044636"
"1455","2026-06-01T14:29:03.727370","37.282982000000004","127.044618"
"1456","2026-06-01T14:29:03.728370","37.283","127.0446"
"1457","2026-06-01T14:29:03.729370","37.283018","127.044582"
"1458","2026-06-01T14:29:03.730878","37.283036","127.04456400000001"
"1459","2026-06-01T14:29:03.731887","37.283054","127.044546"
"1460","2026-06-01T14:29:03.731887","37.283072000000004","127.044528"
"1461","2026-06-01T14:29:03.732887","37.282939999999996","127.044684"
"1462","2026-06-01T14:29:03.734886","37.282958","127.044666"
"1463","2026-06-01T14:29:03.735887","37.282976","127.044648"
"1464","2026-06-01T14:29:03.735887","37.282728","127.043572"
"1465","2026-06-01T14:29:03.736888","37.282746","127.043554"
"1466","2026-06-01T14:29:03.737887","37.282764","127.04353599999999"
"1467","2026-06-01T14:29:03.737887","37.282782000000005","127.04351799999999"
"1468","2026-06-01T14:29:03.742887","37.2828","127.0435"
"1469","2026-06-01T14:29:03.743887","37.282818","127.043482"
"1470","2026-06-01T14:29:03.744886","37.282836","127.043464"
"1471","2026-06-01T14:29:03.746886","37.282854","127.04344599999999"
"1472","2026-06-01T14:29:03.753886","37.281428","127.044872"
"1473","2026-06-01T14:29:03.754886","37.281446","127.044854"
"1474","2026-06-01T14:29:03.755886","37.281464","127.04483599999999"
"1475","2026-06-01T14:29:03.755886","37.281482000000004","127.04481799999999"
"1476","2026-06-01T14:29:03.767888","37.2815","127.0448"
"1477","2026-06-01T14:29:03.768888","37.281518","127.044782"
"1478","2026-06-01T14:29:03.769887","37.281536","127.044764"
"1479","2026-06-01T14:29:03.770887","37.281554","127.04474599999999"
"1480","2026-06-01T14:29:03.771888","37.281572000000004","127.04472799999999"
"1481","2026-06-01T14:29:03.771888","37.281439999999996","127.044884"
"1482","2026-06-01T14:29:03.773896","37.281458","127.044866"
"1483","2026-06-01T14:29:03.773896","37.281476","127.04484799999999"
"1484","2026-06-01T14:29:03.774887","37.281494","127.04482999999999"
"1485","2026-06-01T14:29:03.778887","37.281512","127.044812"
"1486","2026-06-01T14:29:03.779887","37.28153","127.044794"
"1487","2026-06-01T14:29:03.780887","37.282528","127.045772"
"1488","2026-06-01T14:29:03.781887","37.282546","127.045754"
"1489","2026-06-01T14:29:03.782887","37.282564","127.04573599999999"
"1490","2026-06-01T14:29:03.783887","37.283427999999994","127.04387200000001"
"1491","2026-06-01T14:29:03.784888","37.283446","127.04385400000001"
"1492","2026-06-01T14:29:03.785902","37.283463999999995","127.043836"
"1493","2026-06-01T14:29:03.786886","37.283482","127.043818"
"1494","2026-06-01T14:29:03.787896","37.2835","127.0438"
"1495","2026-06-01T14:29:03.789897","37.283517999999994","127.04378200000001"
"1496","2026-06-01T14:29:03.794887","37.283536","127.04376400000001"
"1497","2026-06-01T14:29:03.796894","37.283553999999995","127.043746"
"1498","2026-06-01T14:29:03.797899","37.283572","127.043728"
"1499","2026-06-01T14:29:03.799886","37.28343999999999","127.043884"
"1500","2026-06-01T14:29:03.802896","37.281327999999995","127.04347200000001"
"1501","2026-06-01T14:29:03.803895","37.281346","127.04345400000001"
"1502","2026-06-01T14:29:03.803895","37.281363999999996","127.043436"
"1503","2026-06-01T14:29:03.804896","37.281382","127.043418"
"1504","2026-06-01T14:29:03.806887","37.2814","127.0434"
"1505","2026-06-01T14:29:03.807889","37.281417999999995","127.04338200000001"
"1506","2026-06-01T14:29:03.813887","37.283628","127.044972"
"1507","2026-06-01T14:29:03.817896","37.283646000000005","127.044954"
"1508","2026-06-01T14:29:03.818896","37.283664","127.04493599999999"
"1509","2026-06-01T14:29:03.819896","37.283682000000006","127.044918"
"1510","2026-06-01T14:29:03.820896","37.2837","127.0449"
"1511","2026-06-01T14:29:03.821896","37.283718","127.044882"
"1512","2026-06-01T14:29:03.821896","37.283736000000005","127.044864"
"1513","2026-06-01T14:29:03.822895","37.283754","127.04484599999999"
"1514","2026-06-01T14:29:03.823896","37.283772000000006","127.044828"
"1515","2026-06-01T14:29:03.824905","37.28364","127.044984"
"1516","2026-06-01T14:29:03.825896","37.283658","127.044966"
"1517","2026-06-01T14:29:03.826896","37.283676","127.04494799999999"
"1518","2026-06-01T14:29:03.829898","37.283694000000004","127.04493"
"1519","2026-06-01T14:29:03.830896","37.283712","127.044912"
"1520","2026-06-01T14:29:03.831405","37.28373","127.044894"
"1521","2026-06-01T14:29:03.832415","37.283748","127.044876"
"1522","2026-06-01T14:29:03.832415","37.283766","127.04485799999999"
"1523","2026-06-01T14:29:03.833415","37.283784000000004","127.04484"
"1524","2026-06-01T14:29:03.834414","37.283652000000004","127.044996"
"1525","2026-06-01T14:29:03.836414","37.28367000000001","127.044978"
"1526","2026-06-01T14:29:03.837414","37.283688000000005","127.04495999999999"
"1527","2026-06-01T14:29:03.838414","37.28370600000001","127.04494199999999"
"1528","2026-06-01T14:29:03.839414","37.282028","127.042572"
"1529","2026-06-01T14:29:03.841414","37.282046","127.04255400000001"
"1530","2026-06-01T14:29:03.843415","37.283927999999996","127.044172"
"1531","2026-06-01T14:29:03.844416","37.283946","127.044154"
"1532","2026-06-01T14:29:03.845415","37.283964","127.044136"
"1533","2026-06-01T14:29:03.846415","37.283982","127.044118"
"1534","2026-06-01T14:29:03.847416","37.284","127.0441"
"1535","2026-06-01T14:29:03.848415","37.284017999999996","127.044082"
"1536","2026-06-01T14:29:03.848415","37.284036","127.044064"
"1537","2026-06-01T14:29:03.849416","37.284054","127.044046"
"1538","2026-06-01T14:29:03.850415","37.284072","127.044028"
"1539","2026-06-01T14:29:03.850415","37.283939999999994","127.044184"
"1540","2026-06-01T14:29:03.851415","37.283958","127.044166"
"1541","2026-06-01T14:29:03.852415","37.283975999999996","127.04414799999999"
"1542","2026-06-01T14:29:03.854415","37.283994","127.04413"
"1543","2026-06-01T14:29:03.855414","37.284012","127.044112"
"1544","2026-06-01T14:29:03.857415","37.284029999999994","127.044094"
"1545","2026-06-01T14:29:03.858415","37.284048","127.044076"
"1546","2026-06-01T14:29:03.859414","37.284065999999996","127.04405799999999"
"1547","2026-06-01T14:29:03.859414","37.284084","127.04404"
"1548","2026-06-01T14:29:03.860414","37.281828","127.04607200000001"
"1549","2026-06-01T14:29:03.861414","37.282827999999995","127.046272"
"1550","2026-06-01T14:29:03.862414","37.282846","127.046254"
"1551","2026-06-01T14:29:03.863415","37.282864","127.046236"
"1552","2026-06-01T14:29:03.864415","37.282882","127.046218"
"1553","2026-06-01T14:29:03.864415","37.2829","127.0462"
"1554","2026-06-01T14:29:03.865414","37.281228","127.045672"
"1555","2026-06-01T14:29:03.866414","37.281246","127.045654"
"1556","2026-06-01T14:29:03.866414","37.281264","127.04563599999999"
"1557","2026-06-01T14:29:03.867415","37.281282000000004","127.04561799999999"
"1558","2026-06-01T14:29:03.868415","37.2813","127.0456"
"1559","2026-06-01T14:29:03.870414","37.281318","127.045582"
"1560","2026-06-01T14:29:03.870414","37.281336","127.045564"
"1561","2026-06-01T14:29:03.872414","37.281354","127.04554599999999"
"1562","2026-06-01T14:29:03.874414","37.281372000000005","127.04552799999999"
"1563","2026-06-01T14:29:03.874414","37.28124","127.045684"
"1564","2026-06-01T14:29:03.875414","37.281258","127.045666"
"1565","2026-06-01T14:29:03.876414","37.281276","127.04564799999999"
"1566","2026-06-01T14:29:03.876414","37.284028","127.043272"
"1567","2026-06-01T14:29:03.877414","37.284046000000004","127.043254"
"1568","2026-06-01T14:29:03.878414","37.284064","127.043236"
"1569","2026-06-01T14:29:03.879414","37.284082000000005","127.043218"
"1570","2026-06-01T14:29:03.880414","37.2841","127.0432"
"1571","2026-06-01T14:29:03.881414","37.284118","127.043182"
"1572","2026-06-01T14:29:03.881414","37.284136000000004","127.043164"
"1573","2026-06-01T14:29:03.882414","37.284154","127.043146"
"1574","2026-06-01T14:29:03.883414","37.281028","127.044272"
"1575","2026-06-01T14:29:03.884415","37.281046","127.04425400000001"
"1576","2026-06-01T14:29:03.885414","37.281064","127.044236"
"1577","2026-06-01T14:29:03.886414","37.281082000000005","127.044218"
"1578","2026-06-01T14:29:03.887414","37.2811","127.0442"
"1579","2026-06-01T14:29:03.888415","37.281118","127.044182"
"1580","2026-06-01T14:29:03.891414","37.281136000000004","127.04416400000001"
"1581","2026-06-01T14:29:03.892414","37.281154","127.044146"
"1582","2026-06-01T14:29:03.893414","37.281172000000005","127.044128"
"1583","2026-06-01T14:29:03.894414","37.28104","127.044284"
"1584","2026-06-01T14:29:03.895414","37.281058","127.04426600000001"
"1585","2026-06-01T14:29:03.896414","37.281076","127.044248"
"1586","2026-06-01T14:29:03.897414","37.281094","127.04423"
"1587","2026-06-01T14:29:03.897414","37.281112","127.044212"
"1588","2026-06-01T14:29:03.898415","37.28113","127.044194"
"1589","2026-06-01T14:29:03.900414","37.283828","127.045372"
"1590","2026-06-01T14:29:03.901415","37.283846000000004","127.045354"
"1591","2026-06-01T14:29:03.902414","37.283864","127.04533599999999"
"1592","2026-06-01T14:29:03.902414","37.282227999999996","127.04647200000001"
"1593","2026-06-01T14:29:03.903413","37.282246","127.04645400000001"
"1594","2026-06-01T14:29:03.904413","37.282264","127.046436"
"1595","2026-06-01T14:29:03.904413","37.282282","127.046418"
"1596","2026-06-01T14:29:03.905413","37.2823","127.0464"
"1597","2026-06-01T14:29:03.906414","37.282318","127.04638200000001"
"1598","2026-06-01T14:29:03.907414","37.282336","127.04636400000001"
"1599","2026-06-01T14:29:03.908415","37.282354","127.046346"
"1600","2026-06-01T14:29:03.909414","37.282372","127.046328"
"1601","2026-06-01T14:29:03.910414","37.282239999999994","127.046484"
"1602","2026-06-01T14:29:03.914413","37.280927999999996","127.043772"
"1603","2026-06-01T14:29:03.915415","37.280946","127.043754"
"1604","2026-06-01T14:29:03.916425","37.280964","127.043736"
"1605","2026-06-01T14:29:03.916425","37.280982","127.043718"
"1606","2026-06-01T14:29:03.917422","37.281","127.0437"
"1607","2026-06-01T14:29:03.918422","37.281017999999996","127.043682"
"1608","2026-06-01T14:29:03.918422","37.284127999999995","127.044872"
"1609","2026-06-01T14:29:03.919422","37.284146","127.044854"
"1610","2026-06-01T14:29:03.920422","37.284164","127.04483599999999"
"1611","2026-06-01T14:29:03.921423","37.284182","127.04481799999999"
"1612","2026-06-01T14:29:03.922423","37.2842","127.0448"
"1613","2026-06-01T14:29:03.922423","37.284217999999996","127.044782"
"1614","2026-06-01T14:29:03.923424","37.284236","127.044764"
"1615","2026-06-01T14:29:03.924423","37.284254","127.04474599999999"
"1616","2026-06-01T14:29:03.925423","37.284272","127.04472799999999"
"1617","2026-06-01T14:29:03.925423","37.284139999999994","127.044884"
"1618","2026-06-01T14:29:03.926422","37.284158","127.044866"
"1619","2026-06-01T14:29:03.927422","37.284175999999995","127.04484799999999"
"1620","2026-06-01T14:29:03.927422","37.284194","127.04482999999999"
"1621","2026-06-01T14:29:03.928422","37.284212","127.044812"
"1622","2026-06-01T14:29:03.929422","37.284229999999994","127.044794"
"1623","2026-06-01T14:29:03.929422","37.284248","127.044776"
"1624","2026-06-01T14:29:03.929422","37.284265999999995","127.04475799999999"
"1625","2026-06-01T14:29:03.930931","37.284284","127.04473999999999"
"1626","2026-06-01T14:29:03.931940","37.284152","127.044896"
"1627","2026-06-01T14:29:03.931940","37.28417","127.044878"
"1628","2026-06-01T14:29:03.933939","37.284188","127.04485999999999"
"1629","2026-06-01T14:29:03.933939","37.284206000000005","127.04484199999999"
"1630","2026-06-01T14:29:03.934940","37.283227999999994","127.046672"
"1631","2026-06-01T14:29:03.935939","37.283246","127.046654"
"1632","2026-06-01T14:29:03.935939","37.281127999999995","127.042972"
"1633","2026-06-01T14:29:03.936939","37.281146","127.04295400000001"
"1634","2026-06-01T14:29:03.937940","37.281164","127.042936"
"1635","2026-06-01T14:29:03.937940","37.281182","127.042918"
"1636","2026-06-01T14:29:03.938940","37.2812","127.0429"
"1637","2026-06-01T14:29:03.939939","37.281217999999996","127.042882"
"1638","2026-06-01T14:29:03.939939","37.281236","127.04286400000001"
"1639","2026-06-01T14:29:03.940939","37.281254","127.042846"
"1640","2026-06-01T14:29:03.941940","37.281272","127.042828"
"1641","2026-06-01T14:29:03.941940","37.28113999999999","127.042984"
"1642","2026-06-01T14:29:03.942938","37.281158","127.042966"
"1643","2026-06-01T14:29:03.942938","37.281175999999995","127.042948"
"1644","2026-06-01T14:29:03.943939","37.281194","127.04293"
"1645","2026-06-01T14:29:03.943939","37.281212","127.042912"
"1646","2026-06-01T14:29:03.944939","37.281229999999994","127.042894"
"1647","2026-06-01T14:29:03.944939","37.281248","127.042876"
"1648","2026-06-01T14:29:03.945939","37.281265999999995","127.042858"
"1649","2026-06-01T14:29:03.946939","37.281284","127.04284"
"1650","2026-06-01T14:29:03.947949","37.283128","127.04517200000001"
"1651","2026-06-01T14:29:03.947949","37.282128","127.045572"
"1652","2026-06-01T14:29:03.948940","37.282146000000004","127.04555400000001"
"1653","2026-06-01T14:29:03.950940","37.282164","127.045536"
"1654","2026-06-01T14:29:03.951940","37.282182000000006","127.045518"
"1655","2026-06-01T14:29:03.951940","37.2822","127.0455"
"1656","2026-06-01T14:29:03.952939","37.281628","127.04477200000001"
"1657","2026-06-01T14:29:03.953948","37.281646","127.04475400000001"
"1658","2026-06-01T14:29:03.953948","37.281664","127.044736"
"1659","2026-06-01T14:29:03.954939","37.281682","127.044718"
"1660","2026-06-01T14:29:03.955939","37.2817","127.0447"
"1661","2026-06-01T14:29:03.955939","37.281718","127.04468200000001"
"1662","2026-06-01T14:29:03.956940","37.281736","127.04466400000001"
"1663","2026-06-01T14:29:03.957940","37.281754","127.044646"
"1664","2026-06-01T14:29:03.957940","37.281772000000004","127.044628"
"1665","2026-06-01T14:29:03.958940","37.281639999999996","127.044784"
"1666","2026-06-01T14:29:03.958940","37.281658","127.04476600000001"
"1667","2026-06-01T14:29:03.959940","37.281676","127.044748"
"1668","2026-06-01T14:29:03.959940","37.282128","127.044972"
"1669","2026-06-01T14:29:03.960939","37.282146000000004","127.044954"
"1670","2026-06-01T14:29:03.960939","37.282164","127.04493599999999"
"1671","2026-06-01T14:29:03.961940","37.282182000000006","127.044918"
"1672","2026-06-01T14:29:03.961940","37.2822","127.0449"
"1673","2026-06-01T14:29:03.962940","37.282218","127.044882"
"1674","2026-06-01T14:29:03.962940","37.282236000000005","127.044864"
"1675","2026-06-01T14:29:03.963939","37.282254","127.04484599999999"
"1676","2026-06-01T14:29:03.964940","37.283328","127.04437200000001"
"1677","2026-06-01T14:29:03.964940","37.283346","127.04435400000001"
"1678","2026-06-01T14:29:03.965940","37.283364","127.044336"
"1679","2026-06-01T14:29:03.965940","37.283382","127.044318"
"1680","2026-06-01T14:29:03.966940","37.2834","127.0443"
"1681","2026-06-01T14:29:03.966940","37.283418","127.04428200000001"
"1682","2026-06-01T14:29:03.967940","37.283436","127.04426400000001"
"1683","2026-06-01T14:29:03.967940","37.283454","127.044246"
"1684","2026-06-01T14:29:03.968940","37.283472","127.044228"
"1685","2026-06-01T14:29:03.969939","37.283339999999995","127.04438400000001"
"1686","2026-06-01T14:29:03.970940","37.283358","127.04436600000001"
"1687","2026-06-01T14:29:03.971940","37.283376","127.044348"
"1688","2026-06-01T14:29:03.972940","37.283394","127.04433"
"1689","2026-06-01T14:29:03.973941","37.283412","127.044312"
"1690","2026-06-01T14:29:03.973941","37.283429999999996","127.04429400000001"
"1691","2026-06-01T14:29:03.974941","37.281327999999995","127.04387200000001"
"1692","2026-06-01T14:29:03.975940","37.281346","127.04385400000001"
"1693","2026-06-01T14:29:03.975940","37.281363999999996","127.043836"
"1694","2026-06-01T14:29:03.976940","37.282528","127.043272"
"1695","2026-06-01T14:29:03.977941","37.282546","127.043254"
"1696","2026-06-01T14:29:03.977941","37.282564","127.043236"
"1697","2026-06-01T14:29:03.978943","37.282582000000005","127.043218"
"1698","2026-06-01T14:29:03.979941","37.2826","127.0432"
"1699","2026-06-01T14:29:03.979941","37.282618","127.043182"
"1700","2026-06-01T14:29:03.980949","37.282636000000004","127.043164"
"1701","2026-06-01T14:29:03.981940","37.282654","127.043146"
"1702","2026-06-01T14:29:03.981940","37.282672000000005","127.043128"
"1703","2026-06-01T14:29:03.982941","37.28254","127.043284"
"1704","2026-06-01T14:29:03.983940","37.282728","127.04477200000001"
"1705","2026-06-01T14:29:03.984935","37.282746","127.04475400000001"
"1706","2026-06-01T14:29:03.984935","37.282764","127.044736"
"1707","2026-06-01T14:29:03.985940","37.282782000000005","127.044718"
"1708","2026-06-01T14:29:03.985940","37.2828","127.0447"
"1709","2026-06-01T14:29:03.988940","37.282818","127.04468200000001"
"1710","2026-06-01T14:29:03.988940","37.281727999999994","127.045072"
"1711","2026-06-01T14:29:03.990940","37.281746","127.04505400000001"
"1712","2026-06-01T14:29:03.991940","37.281763999999995","127.045036"
"1713","2026-06-01T14:29:03.992940","37.281782","127.045018"
"1714","2026-06-01T14:29:03.993940","37.2818","127.045"
"1715","2026-06-01T14:29:03.993940","37.281817999999994","127.044982"
"1716","2026-06-01T14:29:03.995940","37.281836","127.04496400000001"
"1717","2026-06-01T14:29:03.997940","37.281853999999996","127.044946"
"1718","2026-06-01T14:29:03.999948","37.281872","127.044928"
"1719","2026-06-01T14:29:04.000940","37.28173999999999","127.045084"
"1720","2026-06-01T14:29:04.001939","37.281757999999996","127.045066"
"1721","2026-06-01T14:29:04.001939","37.281775999999994","127.045048"
"1722","2026-06-01T14:29:04.002939","37.281794","127.04503"
"1723","2026-06-01T14:29:04.002939","37.281811999999995","127.045012"
"1724","2026-06-01T14:29:04.003939","37.28182999999999","127.044994"
"1725","2026-06-01T14:29:04.003939","37.281848","127.044976"
"1726","2026-06-01T14:29:04.004940","37.281865999999994","127.044958"
"1727","2026-06-01T14:29:04.006940","37.281884","127.04494"
"1728","2026-06-01T14:29:04.011940","37.281752","127.045096"
"1729","2026-06-01T14:29:04.013948","37.28177","127.045078"
"1730","2026-06-01T14:29:04.014941","37.281788","127.04505999999999"
"1731","2026-06-01T14:29:04.015940","37.281806","127.045042"
"1732","2026-06-01T14:29:04.016949","37.283027999999995","127.043572"
"1733","2026-06-01T14:29:04.017949","37.283046","127.043554"
"1734","2026-06-01T14:29:04.018969","37.281428","127.044672"
"1735","2026-06-01T14:29:04.019949","37.281446","127.04465400000001"
"1736","2026-06-01T14:29:04.019949","37.281464","127.044636"
"1737","2026-06-01T14:29:04.020949","37.281482000000004","127.044618"
"1738","2026-06-01T14:29:04.022949","37.2815","127.0446"
"1739","2026-06-01T14:29:04.023949","37.281518","127.044582"
"1740","2026-06-01T14:29:04.024948","37.281536","127.04456400000001"
"1741","2026-06-01T14:29:04.025948","37.281554","127.044546"
"1742","2026-06-01T14:29:04.025948","37.281572000000004","127.044528"
"1743","2026-06-01T14:29:04.027948","37.281439999999996","127.044684"
"1744","2026-06-01T14:29:04.027948","37.281458","127.044666"
"1745","2026-06-01T14:29:04.028950","37.281476","127.044648"
"1746","2026-06-01T14:29:04.028950","37.281494","127.04463"
"1747","2026-06-01T14:29:04.029957","37.281512","127.044612"
"1748","2026-06-01T14:29:04.029957","37.28153","127.044594"
"1749","2026-06-01T14:29:04.029957","37.281548","127.044576"
"1750","2026-06-01T14:29:04.030948","37.281566","127.044558"
"1751","2026-06-01T14:29:04.031458","37.281584","127.04454"
"1752","2026-06-01T14:29:04.032467","37.299927999999994","127.100072"
"1753","2026-06-01T14:29:04.032467","37.282328","127.045872"
"1754","2026-06-01T14:29:04.032467","37.282346000000004","127.045854"
"1755","2026-06-01T14:29:04.033467","37.282364","127.045836"
"1756","2026-06-01T14:29:04.033467","37.282382000000005","127.045818"
"1757","2026-06-01T14:29:04.034466","37.2824","127.0458"
"1758","2026-06-01T14:29:04.035466","37.283427999999994","127.045072"
"1759","2026-06-01T14:29:04.036466","37.283446","127.04505400000001"
"1760","2026-06-01T14:29:04.036466","37.283463999999995","127.045036"
"1761","2026-06-01T14:29:04.036466","37.283482","127.045018"
"1762","2026-06-01T14:29:04.037466","37.2835","127.045"
"1763","2026-06-01T14:29:04.037466","37.283517999999994","127.044982"
"1764","2026-06-01T14:29:04.038467","37.283536","127.04496400000001"
"1765","2026-06-01T14:29:04.038467","37.283553999999995","127.044946"
"1766","2026-06-01T14:29:04.040467","37.283572","127.044928"
"1767","2026-06-01T14:29:04.043468","37.28343999999999","127.045084"
"1768","2026-06-01T14:29:04.044468","37.283457999999996","127.045066"
"1769","2026-06-01T14:29:04.045474","37.28347599999999","127.045048"
"1770","2026-06-01T14:29:04.045474","37.281028","127.045472"
"1771","2026-06-01T14:29:04.046467","37.281046","127.045454"
"1772","2026-06-01T14:29:04.046467","37.281064","127.045436"
"1773","2026-06-01T14:29:04.046467","37.281082000000005","127.045418"
"1774","2026-06-01T14:29:04.047466","37.2811","127.0454"
"1775","2026-06-01T14:29:04.047466","37.281118","127.045382"
"1776","2026-06-01T14:29:04.048467","37.281136000000004","127.045364"
"1777","2026-06-01T14:29:04.048467","37.281154","127.045346"
"1778","2026-06-01T14:29:04.049467","37.282928","127.04607200000001"
"1779","2026-06-01T14:29:04.049467","37.282946","127.04605400000001"
"1780","2026-06-01T14:29:04.049467","37.282964","127.046036"
"1781","2026-06-01T14:29:04.050466","37.282982000000004","127.046018"
"1782","2026-06-01T14:29:04.050466","37.283","127.046"
"1783","2026-06-01T14:29:04.051466","37.283018","127.04598200000001"
"1784","2026-06-01T14:29:04.051466","37.283036","127.04596400000001"
"1785","2026-06-01T14:29:04.051466","37.283054","127.045946"
"1786","2026-06-01T14:29:04.052466","37.283072000000004","127.045928"
"1787","2026-06-01T14:29:04.052466","37.282939999999996","127.04608400000001"
"1788","2026-06-01T14:29:04.053466","37.282958","127.04606600000001"
"1789","2026-06-01T14:29:04.053466","37.282976","127.046048"
"1790","2026-06-01T14:29:04.054467","37.282994","127.04603"
"1791","2026-06-01T14:29:04.054467","37.283012","127.046012"
"1792","2026-06-01T14:29:04.054467","37.28303","127.04599400000001"
"1793","2026-06-01T14:29:04.055466","37.281828","127.045972"
"1794","2026-06-01T14:29:04.055466","37.281846","127.04595400000001"
"1795","2026-06-01T14:29:04.056467","37.281864","127.045936"
"1796","2026-06-01T14:29:04.056467","37.283528","127.044072"
"1797","2026-06-01T14:29:04.057467","37.283546","127.044054"
"1798","2026-06-01T14:29:04.057467","37.283564","127.04403599999999"
"1799","2026-06-01T14:29:04.058468","37.283582","127.044018"
"1800","2026-06-01T14:29:04.058468","37.2836","127.044"
"1801","2026-06-01T14:29:04.059466","37.283618","127.043982"
"1802","2026-06-01T14:29:04.059466","37.283636","127.043964"
"1803","2026-06-01T14:29:04.059466","37.283654","127.04394599999999"
"1804","2026-06-01T14:29:04.060466","37.283672","127.043928"
"1805","2026-06-01T14:29:04.060466","37.283539999999995","127.044084"
"1806","2026-06-01T14:29:04.061467","37.282227999999996","127.043172"
"1807","2026-06-01T14:29:04.061467","37.282246","127.043154"
"1808","2026-06-01T14:29:04.062467","37.282264","127.04313599999999"
"1809","2026-06-01T14:29:04.062467","37.282282","127.04311799999999"
"1810","2026-06-01T14:29:04.062467","37.2823","127.0431"
"1811","2026-06-01T14:29:04.063466","37.282318","127.043082"
"1812","2026-06-01T14:29:04.063466","37.283227999999994","127.043772"
"1813","2026-06-01T14:29:04.064466","37.283246","127.043754"
"1814","2026-06-01T14:29:04.064466","37.283263999999996","127.043736"
"1815","2026-06-01T14:29:04.065467","37.283282","127.043718"
"1816","2026-06-01T14:29:04.065467","37.2833","127.0437"
"1817","2026-06-01T14:29:04.066466","37.283317999999994","127.043682"
"1818","2026-06-01T14:29:04.066466","37.283336","127.043664"
"1819","2026-06-01T14:29:04.067466","37.283353999999996","127.043646"
"1820","2026-06-01T14:29:04.067466","37.283372","127.043628"
"1821","2026-06-01T14:29:04.067466","37.28323999999999","127.043784"
"1822","2026-06-01T14:29:04.068467","37.283258","127.043766"
"1823","2026-06-01T14:29:04.068467","37.283275999999994","127.043748"
"1824","2026-06-01T14:29:04.069467","37.283294","127.04373"
"1825","2026-06-01T14:29:04.069467","37.283311999999995","127.043712"
"1826","2026-06-01T14:29:04.070467","37.28332999999999","127.043694"
"1827","2026-06-01T14:29:04.070467","37.283348","127.043676"
"1828","2026-06-01T14:29:04.071469","37.283365999999994","127.043658"
"1829","2026-06-01T14:29:04.071469","37.283384","127.04364"
"1830","2026-06-01T14:29:04.072467","37.283252","127.043796"
"1831","2026-06-01T14:29:04.072467","37.28327","127.043778"
"1832","2026-06-01T14:29:04.073468","37.283288","127.04375999999999"
"1833","2026-06-01T14:29:04.073468","37.283306","127.043742"
"1834","2026-06-01T14:29:04.074467","37.28192799999999","127.046272"
"1835","2026-06-01T14:29:04.074467","37.281946","127.046254"
"1836","2026-06-01T14:29:04.075467","37.281228","127.04347200000001"
"1837","2026-06-01T14:29:04.080467","37.281246","127.04345400000001"
"1838","2026-06-01T14:29:04.081467","37.281264","127.043436"
"1839","2026-06-01T14:29:04.082481","37.281282000000004","127.043418"
"1840","2026-06-01T14:29:04.082481","37.2813","127.0434"
"1841","2026-06-01T14:29:04.083467","37.281318","127.04338200000001"
"1842","2026-06-01T14:29:04.083467","37.281336","127.04336400000001"
"1843","2026-06-01T14:29:04.083467","37.281354","127.043346"
"1844","2026-06-01T14:29:04.084467","37.281372000000005","127.043328"
"1845","2026-06-01T14:29:04.085468","37.28124","127.043484"
"1846","2026-06-01T14:29:04.085468","37.281258","127.04346600000001"
"1847","2026-06-01T14:29:04.086467","37.281276","127.043448"
"1848","2026-06-01T14:29:04.086467","37.281294","127.04343"
"1849","2026-06-01T14:29:04.087467","37.281312","127.043412"
"1850","2026-06-01T14:29:04.088468","37.28133","127.043394"
"1851","2026-06-01T14:29:04.088468","37.281348","127.04337600000001"
"1852","2026-06-01T14:29:04.089467","37.281366","127.043358"
"1853","2026-06-01T14:29:04.089467","37.281384","127.04334"
"1854","2026-06-01T14:29:04.090467","37.282478","127.046422"
"1855","2026-06-01T14:29:04.090467","37.283677999999995","127.045422"
"1856","2026-06-01T14:29:04.093476","37.283696","127.045404"
"1857","2026-06-01T14:29:04.094467","37.283713999999996","127.045386"
"1858","2026-06-01T14:29:04.094467","37.283732","127.045368"
"1859","2026-06-01T14:29:04.095467","37.28375","127.04535"
"1860","2026-06-01T14:29:04.095467","37.281678","127.046522"
"1861","2026-06-01T14:29:04.096466","37.281696000000004","127.046504"
"1862","2026-06-01T14:29:04.096466","37.281714","127.04648599999999"
"1863","2026-06-01T14:29:04.097467","37.281732000000005","127.04646799999999"
"1864","2026-06-01T14:29:04.097467","37.28175","127.04645"
"1865","2026-06-01T14:29:04.098467","37.281768","127.046432"
"1866","2026-06-01T14:29:04.098467","37.281786000000004","127.046414"
"1867","2026-06-01T14:29:04.099467","37.281804","127.04639599999999"
"1868","2026-06-01T14:29:04.099467","37.281822000000005","127.04637799999999"
"1869","2026-06-01T14:29:04.100467","37.28169","127.046534"
"1870","2026-06-01T14:29:04.100467","37.281708","127.046516"
"1871","2026-06-01T14:29:04.101467","37.281726","127.04649799999999"
"1872","2026-06-01T14:29:04.102468","37.281378","127.045922"
"1873","2026-06-01T14:29:04.102468","37.281396","127.04590400000001"
"1874","2026-06-01T14:29:04.103468","37.281414","127.045886"
"1875","2026-06-01T14:29:04.103468","37.281432","127.045868"
"1876","2026-06-01T14:29:04.103468","37.28145","127.04585"
"1877","2026-06-01T14:29:04.104467","37.281468","127.045832"
"1878","2026-06-01T14:29:04.104467","37.281486","127.04581400000001"
"1879","2026-06-01T14:29:04.105466","37.281504","127.045796"
"1880","2026-06-01T14:29:04.105466","37.282078","127.046672"
"1881","2026-06-01T14:29:04.106468","37.282096","127.046654"
"1882","2026-06-01T14:29:04.106468","37.282114","127.04663599999999"
"1883","2026-06-01T14:29:04.107467","37.282132000000004","127.046618"
"1884","2026-06-01T14:29:04.107467","37.28215","127.0466"
"1885","2026-06-01T14:29:04.107467","37.282168","127.046582"
"1886","2026-06-01T14:29:04.108467","37.282186","127.046564"
"1887","2026-06-01T14:29:04.108467","37.282204","127.04654599999999"
"1888","2026-06-01T14:29:04.109467","37.282222000000004","127.046528"
"1889","2026-06-01T14:29:04.109467","37.28209","127.046684"
"1890","2026-06-01T14:29:04.109467","37.282108","127.046666"
"1891","2026-06-01T14:29:04.110467","37.282126","127.04664799999999"
"1892","2026-06-01T14:29:04.110467","37.282144","127.04663"
"1893","2026-06-01T14:29:04.111467","37.282162","127.046612"
"1894","2026-06-01T14:29:04.111467","37.28218","127.046594"
"1895","2026-06-01T14:29:04.111467","37.283077999999996","127.045972"
"1896","2026-06-01T14:29:04.112467","37.283096","127.04595400000001"
"1897","2026-06-01T14:29:04.112467","37.283114","127.045936"
"1898","2026-06-01T14:29:04.113467","37.280877999999994","127.04472200000001"
"1899","2026-06-01T14:29:04.113467","37.280896","127.04470400000001"
"1900","2026-06-01T14:29:04.114467","37.280913999999996","127.044686"
"1901","2026-06-01T14:29:04.114467","37.280932","127.044668"
"1902","2026-06-01T14:29:04.115467","37.28095","127.04465"
"1903","2026-06-01T14:29:04.115467","37.280967999999994","127.04463200000001"
"1904","2026-06-01T14:29:04.116475","37.280986","127.04461400000001"
"1905","2026-06-01T14:29:04.117475","37.281003999999996","127.044596"
"1906","2026-06-01T14:29:04.117475","37.281022","127.044578"
"1907","2026-06-01T14:29:04.118475","37.28088999999999","127.044734"
"1908","2026-06-01T14:29:04.118475","37.283477999999995","127.043322"
"1909","2026-06-01T14:29:04.119475","37.283496","127.043304"
"1910","2026-06-01T14:29:04.119475","37.283514","127.043286"
"1911","2026-06-01T14:29:04.120483","37.283532","127.043268"
"1912","2026-06-01T14:29:04.120483","37.28355","127.04325"
"1913","2026-06-01T14:29:04.121474","37.283567999999995","127.043232"
"1914","2026-06-01T14:29:04.121474","37.281577999999996","127.043322"
"1915","2026-06-01T14:29:04.122474","37.281596","127.043304"
"1916","2026-06-01T14:29:04.122474","37.281614","127.043286"
"1917","2026-06-01T14:29:04.123475","37.281632","127.043268"
"1918","2026-06-01T14:29:04.123475","37.28165","127.04325"
"1919","2026-06-01T14:29:04.124475","37.281667999999996","127.043232"
"1920","2026-06-01T14:29:04.124475","37.281686","127.043214"
"1921","2026-06-01T14:29:04.124475","37.281704","127.043196"
"1922","2026-06-01T14:29:04.125474","37.281722","127.043178"
"1923","2026-06-01T14:29:04.125474","37.281589999999994","127.043334"
"1924","2026-06-01T14:29:04.126474","37.281608","127.043316"
"1925","2026-06-01T14:29:04.126474","37.281625999999996","127.043298"
"1926","2026-06-01T14:29:04.127474","37.281644","127.04328"
"1927","2026-06-01T14:29:04.128475","37.281662","127.043262"
"1928","2026-06-01T14:29:04.128475","37.281679999999994","127.043244"
"1929","2026-06-01T14:29:04.129474","37.281698","127.043226"
"1930","2026-06-01T14:29:04.129474","37.281715999999996","127.04320799999999"
"1931","2026-06-01T14:29:04.129474","37.281734","127.04319"
"1932","2026-06-01T14:29:04.130991","37.281602","127.043346"
"1933","2026-06-01T14:29:04.130991","37.281620000000004","127.043328"
"1934","2026-06-01T14:29:04.132002","37.281638","127.04330999999999"
"1935","2026-06-01T14:29:04.132002","37.281656000000005","127.043292"
"1936","2026-06-01T14:29:04.133002","37.280778","127.045422"
"1937","2026-06-01T14:29:04.134002","37.280796","127.045404"
"1938","2026-06-01T14:29:04.134002","37.283778","127.043822"
"1939","2026-06-01T14:29:04.135004","37.283796","127.04380400000001"
"1940","2026-06-01T14:29:04.135004","37.283814","127.043786"
"1941","2026-06-01T14:29:04.136002","37.283832000000004","127.043768"
"1942","2026-06-01T14:29:04.136002","37.28385","127.04375"
"1943","2026-06-01T14:29:04.137001","37.283868","127.043732"
"1944","2026-06-01T14:29:04.137001","37.283886","127.04371400000001"
"1945","2026-06-01T14:29:04.138005","37.283904","127.043696"
"1946","2026-06-01T14:29:04.138005","37.283922000000004","127.043678"
"1947","2026-06-01T14:29:04.139001","37.283789999999996","127.043834"
"1948","2026-06-01T14:29:04.140002","37.283808","127.043816"
"1949","2026-06-01T14:29:04.140002","37.283826","127.043798"
"1950","2026-06-01T14:29:04.141002","37.283844","127.04378"
"1951","2026-06-01T14:29:04.141002","37.283862","127.043762"
"1952","2026-06-01T14:29:04.141002","37.283879999999996","127.043744"
"1953","2026-06-01T14:29:04.142002","37.283898","127.043726"
"1954","2026-06-01T14:29:04.142002","37.283916","127.043708"
"1955","2026-06-01T14:29:04.143002","37.283934","127.04369"
"1956","2026-06-01T14:29:04.144001","37.280677999999995","127.043822"
"1957","2026-06-01T14:29:04.144001","37.280477999999995","127.04432200000001"
"1958","2026-06-01T14:29:04.145002","37.280496","127.04430400000001"
"1959","2026-06-01T14:29:04.145002","37.280514","127.044286"
"1960","2026-06-01T14:29:04.146002","37.280532","127.044268"
"1961","2026-06-01T14:29:04.146002","37.28055","127.04425"
"1962","2026-06-01T14:29:04.147002","37.282377999999994","127.042522"
"1963","2026-06-01T14:29:04.147002","37.282396","127.04250400000001"
"1964","2026-06-01T14:29:04.148003","37.282413999999996","127.042486"
"1965","2026-06-01T14:29:04.148003","37.282432","127.042468"
"1966","2026-06-01T14:29:04.149004","37.28245","127.04245"
"1967","2026-06-01T14:29:04.149004","37.282467999999994","127.042432"
"1968","2026-06-01T14:29:04.150002","37.282486","127.04241400000001"
"1969","2026-06-01T14:29:04.150002","37.282503999999996","127.042396"
"1970","2026-06-01T14:29:04.151003","37.282522","127.042378"
"1971","2026-06-01T14:29:04.151003","37.28238999999999","127.042534"
"1972","2026-06-01T14:29:04.151003","37.282408","127.042516"
"1973","2026-06-01T14:29:04.152002","37.282425999999994","127.042498"
"1974","2026-06-01T14:29:04.152002","37.280828","127.044122"
"1975","2026-06-01T14:29:04.153002","37.280846000000004","127.044104"
"1976","2026-06-01T14:29:04.153002","37.280864","127.044086"
"1977","2026-06-01T14:29:04.153002","37.280882000000005","127.044068"
"1978","2026-06-01T14:29:04.154002","37.2809","127.04405"
"1979","2026-06-01T14:29:04.154002","37.280918","127.044032"
"1980","2026-06-01T14:29:04.155002","37.280936000000004","127.044014"
"1981","2026-06-01T14:29:04.155002","37.280954","127.04399599999999"
"1982","2026-06-01T14:29:04.155002","37.280578","127.046122"
"1983","2026-06-01T14:29:04.156002","37.280596","127.046104"
"1984","2026-06-01T14:29:04.157002","37.280614","127.04608599999999"
"1985","2026-06-01T14:29:04.157002","37.280632000000004","127.04606799999999"
"1986","2026-06-01T14:29:04.158003","37.28065","127.04605"
"1987","2026-06-01T14:29:04.158003","37.280668","127.046032"
"1988","2026-06-01T14:29:04.158003","37.280686","127.046014"
"1989","2026-06-01T14:29:04.159002","37.280704","127.04599599999999"
"1990","2026-06-01T14:29:04.159002","37.280722000000004","127.04597799999999"
"1991","2026-06-01T14:29:04.160002","37.28059","127.046134"
"1992","2026-06-01T14:29:04.160002","37.280608","127.046116"
"1993","2026-06-01T14:29:04.160002","37.280626","127.04609799999999"
"1994","2026-06-01T14:29:04.161002","37.280644","127.04607999999999"
"1995","2026-06-01T14:29:04.161002","37.280662","127.04606199999999"
"1996","2026-06-01T14:29:04.161002","37.28068","127.046044"
"1997","2026-06-01T14:29:04.162002","37.282678","127.04302200000001"
"1998","2026-06-01T14:29:04.162002","37.282696","127.04300400000001"
"1999","2026-06-01T14:29:04.163003","37.282714","127.042986"
"2000","2026-06-01T14:46:39.182157","37.283128","127.04517200000001"
"2001","2026-06-01T14:46:39.218150","37.282328","127.043972"
"2002","2026-06-01T14:46:39.220147","37.282346000000004","127.043954"
"2003","2026-06-01T14:46:39.222148","37.282364","127.04393599999999"
"2004","2026-06-01T14:46:39.223149","37.282382000000005","127.04391799999999"
"2005","2026-06-01T14:46:39.224148","37.2824","127.0439"
"2006","2026-06-01T14:46:39.226148","37.281628","127.04477200000001"
"2007","2026-06-01T14:46:39.227147","37.281646","127.04475400000001"
"2008","2026-06-01T14:46:39.227147","37.281664","127.044736"
"2009","2026-06-01T14:46:39.228148","37.281682","127.044718"
"2010","2026-06-01T14:46:39.229149","37.2817","127.0447"
"2011","2026-06-01T14:46:39.230149","37.281718","127.04468200000001"
"2012","2026-06-01T14:46:39.231158","37.281736","127.04466400000001"
"2013","2026-06-01T14:46:39.232157","37.281754","127.044646"
"2014","2026-06-01T14:46:39.233149","37.281772000000004","127.044628"
"2015","2026-06-01T14:46:39.234148","37.281639999999996","127.044784"
"2016","2026-06-01T14:46:39.236148","37.281658","127.04476600000001"
"2017","2026-06-01T14:46:39.237150","37.281676","127.044748"
"2018","2026-06-01T14:46:39.238151","37.282928","127.044172"
"2019","2026-06-01T14:46:39.239149","37.282946","127.044154"
"2020","2026-06-01T14:46:39.240149","37.282964","127.044136"
"2021","2026-06-01T14:46:39.240149","37.282982000000004","127.044118"
"2022","2026-06-01T14:46:39.241147","37.283","127.0441"
"2023","2026-06-01T14:46:39.242147","37.283018","127.044082"
"2024","2026-06-01T14:46:39.243148","37.283036","127.044064"
"2025","2026-06-01T14:46:39.244149","37.283054","127.044046"
"2026","2026-06-01T14:46:39.244149","37.282128","127.044972"
"2027","2026-06-01T14:46:39.245149","37.282146000000004","127.044954"
"2028","2026-06-01T14:46:39.246150","37.282164","127.04493599999999"
"2029","2026-06-01T14:46:39.247157","37.282182000000006","127.044918"
"2030","2026-06-01T14:46:39.247157","37.2822","127.0449"
"2031","2026-06-01T14:46:39.248148","37.282218","127.044882"
"2032","2026-06-01T14:46:39.249150","37.282236000000005","127.044864"
"2033","2026-06-01T14:46:39.250160","37.282254","127.04484599999999"
"2034","2026-06-01T14:46:39.250160","37.282272000000006","127.044828"
"2035","2026-06-01T14:46:39.251158","37.28214","127.044984"
"2036","2026-06-01T14:46:39.252157","37.282158","127.044966"
"2037","2026-06-01T14:46:39.254158","37.282176","127.04494799999999"
"2038","2026-06-01T14:46:39.257159","37.282194000000004","127.04493"
"2039","2026-06-01T14:46:39.258158","37.282212","127.044912"
"2040","2026-06-01T14:46:39.259157","37.28223","127.044894"
"2041","2026-06-01T14:46:39.261158","37.281828","127.043672"
"2042","2026-06-01T14:46:39.262158","37.281846","127.043654"
"2043","2026-06-01T14:46:39.263159","37.281864","127.04363599999999"
"2044","2026-06-01T14:46:39.263159","37.282627999999995","127.045472"
"2045","2026-06-01T14:46:39.264667","37.282646","127.045454"
"2046","2026-06-01T14:46:39.264667","37.282664","127.045436"
"2047","2026-06-01T14:46:39.265676","37.282682","127.045418"
"2048","2026-06-01T14:46:39.266685","37.2827","127.0454"
"2049","2026-06-01T14:46:39.267676","37.282717999999996","127.045382"
"2050","2026-06-01T14:46:39.267676","37.282736","127.045364"
"2051","2026-06-01T14:46:39.268676","37.282754","127.045346"
"2052","2026-06-01T14:46:39.269675","37.282772","127.045328"
"2053","2026-06-01T14:46:39.270686","37.282639999999994","127.045484"
"2054","2026-06-01T14:46:39.271676","37.283328","127.04437200000001"
"2055","2026-06-01T14:46:39.271676","37.283346","127.04435400000001"
"2056","2026-06-01T14:46:39.272684","37.283364","127.044336"
"2057","2026-06-01T14:46:39.273686","37.283382","127.044318"
"2058","2026-06-01T14:46:39.273686","37.2834","127.0443"
"2059","2026-06-01T14:46:39.274676","37.283418","127.04428200000001"
"2060","2026-06-01T14:46:39.274676","37.281727999999994","127.045272"
"2061","2026-06-01T14:46:39.275683","37.281746","127.045254"
"2062","2026-06-01T14:46:39.276675","37.281763999999995","127.04523599999999"
"2063","2026-06-01T14:46:39.277684","37.281782","127.04521799999999"
"2064","2026-06-01T14:46:39.278685","37.2818","127.0452"
"2065","2026-06-01T14:46:39.278685","37.281817999999994","127.045182"
"2066","2026-06-01T14:46:39.279678","37.281836","127.045164"
"2067","2026-06-01T14:46:39.280678","37.281853999999996","127.04514599999999"
"2068","2026-06-01T14:46:39.281675","37.281872","127.04512799999999"
"2069","2026-06-01T14:46:39.281675","37.28173999999999","127.045284"
"2070","2026-06-01T14:46:39.282675","37.281757999999996","127.045266"
"2071","2026-06-01T14:46:39.283676","37.281775999999994","127.04524799999999"
"2072","2026-06-01T14:46:39.283676","37.281794","127.04522999999999"
"2073","2026-06-01T14:46:39.284676","37.281811999999995","127.04521199999999"
"2074","2026-06-01T14:46:39.284676","37.28182999999999","127.045194"
"2075","2026-06-01T14:46:39.285683","37.281848","127.045176"
"2076","2026-06-01T14:46:39.285683","37.281865999999994","127.04515799999999"
"2077","2026-06-01T14:46:39.286683","37.281884","127.04513999999999"
"2078","2026-06-01T14:46:39.287679","37.281752","127.045296"
"2079","2026-06-01T14:46:39.288678","37.28177","127.045278"
"2080","2026-06-01T14:46:39.289683","37.281788","127.04525999999998"
"2081","2026-06-01T14:46:39.289683","37.281806","127.04524199999999"
"2082","2026-06-01T14:46:39.290683","37.282427999999996","127.043172"
"2083","2026-06-01T14:46:39.290683","37.282446","127.043154"
"2084","2026-06-01T14:46:39.291675","37.283027999999995","127.042972"
"2085","2026-06-01T14:46:39.292675","37.283046","127.04295400000001"
"2086","2026-06-01T14:46:39.292675","37.283063999999996","127.042936"
"2087","2026-06-01T14:46:39.293683","37.283082","127.042918"
"2088","2026-06-01T14:46:39.293683","37.2831","127.0429"
"2089","2026-06-01T14:46:39.294683","37.283117999999995","127.042882"
"2090","2026-06-01T14:46:39.294683","37.283136","127.04286400000001"
"2091","2026-06-01T14:46:39.295685","37.283153999999996","127.042846"
"2092","2026-06-01T14:46:39.296680","37.283172","127.042828"
"2093","2026-06-01T14:46:39.297678","37.28303999999999","127.042984"
"2094","2026-06-01T14:46:39.297678","37.283058","127.042966"
"2095","2026-06-01T14:46:39.298676","37.283075999999994","127.042948"
"2096","2026-06-01T14:46:39.299676","37.283094","127.04293"
"2097","2026-06-01T14:46:39.299676","37.283111999999996","127.042912"
"2098","2026-06-01T14:46:39.300685","37.28312999999999","127.042894"
"2099","2026-06-01T14:46:39.301676","37.283148","127.042876"
"2100","2026-06-01T14:46:39.301676","37.283165999999994","127.042858"
"2101","2026-06-01T14:46:39.302676","37.283184","127.04284"
"2102","2026-06-01T14:46:39.303676","37.281527999999994","127.044072"
"2103","2026-06-01T14:46:39.303676","37.28192799999999","127.042772"
"2104","2026-06-01T14:46:39.304678","37.281946","127.042754"
"2105","2026-06-01T14:46:39.305677","37.281963999999995","127.04273599999999"
"2106","2026-06-01T14:46:39.306679","37.281982","127.042718"
"2107","2026-06-01T14:46:39.307686","37.282","127.0427"
"2108","2026-06-01T14:46:39.308683","37.282928","127.044672"
"2109","2026-06-01T14:46:39.308683","37.282946","127.04465400000001"
"2110","2026-06-01T14:46:39.309683","37.282964","127.044636"
"2111","2026-06-01T14:46:39.310676","37.282982000000004","127.044618"
"2112","2026-06-01T14:46:39.311676","37.283","127.0446"
"2113","2026-06-01T14:46:39.313685","37.283018","127.044582"
"2114","2026-06-01T14:46:39.314678","37.283036","127.04456400000001"
"2115","2026-06-01T14:46:39.314678","37.283054","127.044546"
"2116","2026-06-01T14:46:39.315676","37.283072000000004","127.044528"
"2117","2026-06-01T14:46:39.316676","37.282939999999996","127.044684"
"2118","2026-06-01T14:46:39.317677","37.282958","127.044666"
"2119","2026-06-01T14:46:39.318685","37.282976","127.044648"
"2120","2026-06-01T14:46:39.319676","37.282728","127.043572"
"2121","2026-06-01T14:46:39.320676","37.282746","127.043554"
"2122","2026-06-01T14:46:39.320676","37.282764","127.04353599999999"
"2123","2026-06-01T14:46:39.321676","37.282782000000005","127.04351799999999"
"2124","2026-06-01T14:46:39.322676","37.2828","127.0435"
"2125","2026-06-01T14:46:39.323676","37.282818","127.043482"
"2126","2026-06-01T14:46:39.324676","37.282836","127.043464"
"2127","2026-06-01T14:46:39.325677","37.282854","127.04344599999999"
"2128","2026-06-01T14:46:39.326677","37.281428","127.044872"
"2129","2026-06-01T14:46:39.327677","37.281446","127.044854"
"2130","2026-06-01T14:46:39.328677","37.281464","127.04483599999999"
"2131","2026-06-01T14:46:39.329678","37.281482000000004","127.04481799999999"
"2132","2026-06-01T14:46:39.329678","37.2815","127.0448"
"2133","2026-06-01T14:46:39.330677","37.281518","127.044782"
"2134","2026-06-01T14:46:39.331675","37.281536","127.044764"
"2135","2026-06-01T14:46:39.331675","37.281554","127.04474599999999"
"2136","2026-06-01T14:46:39.332676","37.281572000000004","127.04472799999999"
"2137","2026-06-01T14:46:39.333676","37.281439999999996","127.044884"
"2138","2026-06-01T14:46:39.334675","37.281458","127.044866"
"2139","2026-06-01T14:46:39.334675","37.281476","127.04484799999999"
"2140","2026-06-01T14:46:39.335675","37.281494","127.04482999999999"
"2141","2026-06-01T14:46:39.336676","37.281512","127.044812"
"2142","2026-06-01T14:46:39.340683","37.28153","127.044794"
"2143","2026-06-01T14:46:39.341677","37.282528","127.045772"
"2144","2026-06-01T14:46:39.342676","37.282546","127.045754"
"2145","2026-06-01T14:46:39.343676","37.282564","127.04573599999999"
"2146","2026-06-01T14:46:39.344675","37.283427999999994","127.04387200000001"
"2147","2026-06-01T14:46:39.345676","37.283446","127.04385400000001"
"2148","2026-06-01T14:46:39.346677","37.283463999999995","127.043836"
"2149","2026-06-01T14:46:39.347677","37.283482","127.043818"
"2150","2026-06-01T14:46:39.348685","37.2835","127.0438"
"2151","2026-06-01T14:46:39.348685","37.283517999999994","127.04378200000001"
"2152","2026-06-01T14:46:39.349701","37.283536","127.04376400000001"
"2153","2026-06-01T14:46:39.350703","37.283553999999995","127.043746"
"2154","2026-06-01T14:46:39.350703","37.283572","127.043728"
"2155","2026-06-01T14:46:39.351694","37.28343999999999","127.043884"
"2156","2026-06-01T14:46:39.352693","37.281327999999995","127.04347200000001"
"2157","2026-06-01T14:46:39.353694","37.281346","127.04345400000001"
"2158","2026-06-01T14:46:39.353694","37.281363999999996","127.043436"
"2159","2026-06-01T14:46:39.354696","37.281382","127.043418"
"2160","2026-06-01T14:46:39.354696","37.2814","127.0434"
"2161","2026-06-01T14:46:39.355703","37.281417999999995","127.04338200000001"
"2162","2026-06-01T14:46:39.356694","37.283628","127.044972"
"2163","2026-06-01T14:46:39.356694","37.283646000000005","127.044954"
"2164","2026-06-01T14:46:39.357702","37.283664","127.04493599999999"
"2165","2026-06-01T14:46:39.358704","37.283682000000006","127.044918"
"2166","2026-06-01T14:46:39.362695","37.2837","127.0449"
"2167","2026-06-01T14:46:39.364206","37.283718","127.044882"
"2168","2026-06-01T14:46:39.364206","37.283736000000005","127.044864"
"2169","2026-06-01T14:46:39.366215","37.283754","127.04484599999999"
"2170","2026-06-01T14:46:39.367215","37.283772000000006","127.044828"
"2171","2026-06-01T14:46:39.368215","37.28364","127.044984"
"2172","2026-06-01T14:46:39.371216","37.283658","127.044966"
"2173","2026-06-01T14:46:39.372216","37.283676","127.04494799999999"
"2174","2026-06-01T14:46:39.388215","37.283694000000004","127.04493"
"2175","2026-06-01T14:46:39.389214","37.283712","127.044912"
"2176","2026-06-01T14:46:39.392214","37.28373","127.044894"
"2177","2026-06-01T14:46:39.393215","37.283748","127.044876"
"2178","2026-06-01T14:46:39.394213","37.283766","127.04485799999999"
"2179","2026-06-01T14:46:39.395213","37.283784000000004","127.04484"
"2180","2026-06-01T14:46:39.397216","37.283652000000004","127.044996"
"2181","2026-06-01T14:46:39.400214","37.28367000000001","127.044978"
"2182","2026-06-01T14:46:39.401214","37.283688000000005","127.04495999999999"
"2183","2026-06-01T14:46:39.402214","37.28370600000001","127.04494199999999"
"2184","2026-06-01T14:46:39.404215","37.282028","127.042572"
"2185","2026-06-01T14:46:39.406215","37.282046","127.04255400000001"
"2186","2026-06-01T14:46:39.407215","37.283927999999996","127.044172"
"2187","2026-06-01T14:46:39.407215","37.283946","127.044154"
"2188","2026-06-01T14:46:39.408215","37.283964","127.044136"
"2189","2026-06-01T14:46:39.408215","37.283982","127.044118"
"2190","2026-06-01T14:46:39.409223","37.284","127.0441"
"2191","2026-06-01T14:46:39.410215","37.284017999999996","127.044082"
"2192","2026-06-01T14:46:39.412216","37.284036","127.044064"
"2193","2026-06-01T14:46:39.413217","37.284054","127.044046"
"2194","2026-06-01T14:46:39.414217","37.284072","127.044028"
"2195","2026-06-01T14:46:39.414217","37.283939999999994","127.044184"
"2196","2026-06-01T14:46:39.415216","37.283958","127.044166"
"2197","2026-06-01T14:46:39.416213","37.283975999999996","127.04414799999999"
"2198","2026-06-01T14:46:39.416213","37.283994","127.04413"
"2199","2026-06-01T14:46:39.417214","37.284012","127.044112"
"2200","2026-06-01T14:46:39.418214","37.284029999999994","127.044094"
"2201","2026-06-01T14:46:39.418214","37.284048","127.044076"
"2202","2026-06-01T14:46:39.419214","37.284065999999996","127.04405799999999"
"2203","2026-06-01T14:46:39.419214","37.284084","127.04404"
"2204","2026-06-01T14:46:39.420214","37.281828","127.04607200000001"
"2205","2026-06-01T14:46:39.421216","37.282827999999995","127.046272"
"2206","2026-06-01T14:46:39.421216","37.282846","127.046254"
"2207","2026-06-01T14:46:39.422225","37.282864","127.046236"
"2208","2026-06-01T14:46:39.423216","37.282882","127.046218"
"2209","2026-06-01T14:46:39.423216","37.2829","127.0462"
"2210","2026-06-01T14:46:39.424216","37.281228","127.045672"
"2211","2026-06-01T14:46:39.424216","37.281246","127.045654"
"2212","2026-06-01T14:46:39.425214","37.281264","127.04563599999999"
"2213","2026-06-01T14:46:39.426215","37.281282000000004","127.04561799999999"
"2214","2026-06-01T14:46:39.426215","37.2813","127.0456"
"2215","2026-06-01T14:46:39.427215","37.281318","127.045582"
"2216","2026-06-01T14:46:39.428214","37.281336","127.045564"
"2217","2026-06-01T14:46:39.428214","37.281354","127.04554599999999"
"2218","2026-06-01T14:46:39.431216","37.281372000000005","127.04552799999999"
"2219","2026-06-01T14:46:39.432216","37.28124","127.045684"
"2220","2026-06-01T14:46:39.433215","37.281258","127.045666"
"2221","2026-06-01T14:46:39.433215","37.281276","127.04564799999999"
"2222","2026-06-01T14:46:39.434214","37.284028","127.043272"
"2223","2026-06-01T14:46:39.434214","37.284046000000004","127.043254"
"2224","2026-06-01T14:46:39.435214","37.284064","127.043236"
"2225","2026-06-01T14:46:39.435214","37.284082000000005","127.043218"
"2226","2026-06-01T14:46:39.436215","37.2841","127.0432"
"2227","2026-06-01T14:46:39.437216","37.284118","127.043182"
"2228","2026-06-01T14:46:39.438214","37.284136000000004","127.043164"
"2229","2026-06-01T14:46:39.438214","37.284154","127.043146"
"2230","2026-06-01T14:46:39.439224","37.281028","127.044272"
"2231","2026-06-01T14:46:39.439224","37.281046","127.04425400000001"
"2232","2026-06-01T14:46:39.440216","37.281064","127.044236"
"2233","2026-06-01T14:46:39.441216","37.281082000000005","127.044218"
"2234","2026-06-01T14:46:39.442214","37.2811","127.0442"
"2235","2026-06-01T14:46:39.443214","37.281118","127.044182"
"2236","2026-06-01T14:46:39.443214","37.281136000000004","127.04416400000001"
"2237","2026-06-01T14:46:39.444215","37.281154","127.044146"
"2238","2026-06-01T14:46:39.444215","37.281172000000005","127.044128"
"2239","2026-06-01T14:46:39.445224","37.28104","127.044284"
"2240","2026-06-01T14:46:39.446217","37.281058","127.04426600000001"
"2241","2026-06-01T14:46:39.447216","37.281076","127.044248"
"2242","2026-06-01T14:46:39.447216","37.281094","127.04423"
"2243","2026-06-01T14:46:39.448215","37.281112","127.044212"
"2244","2026-06-01T14:46:39.451220","37.28113","127.044194"
"2245","2026-06-01T14:46:39.452222","37.283828","127.045372"
"2246","2026-06-01T14:46:39.454222","37.283846000000004","127.045354"
"2247","2026-06-01T14:46:39.454222","37.283864","127.04533599999999"
"2248","2026-06-01T14:46:39.455223","37.282227999999996","127.04647200000001"
"2249","2026-06-01T14:46:39.456223","37.282246","127.04645400000001"
"2250","2026-06-01T14:46:39.457223","37.282264","127.046436"
"2251","2026-06-01T14:46:39.457223","37.282282","127.046418"
"2252","2026-06-01T14:46:39.458222","37.2823","127.0464"
"2253","2026-06-01T14:46:39.459223","37.282318","127.04638200000001"
"2254","2026-06-01T14:46:39.460222","37.282336","127.04636400000001"
"2255","2026-06-01T14:46:39.460222","37.282354","127.046346"
"2256","2026-06-01T14:46:39.461222","37.282372","127.046328"
"2257","2026-06-01T14:46:39.462230","37.282239999999994","127.046484"
"2258","2026-06-01T14:46:39.472762","37.280927999999996","127.043772"
"2259","2026-06-01T14:46:39.473762","37.280946","127.043754"
"2260","2026-06-01T14:46:39.473762","37.280964","127.043736"
"2261","2026-06-01T14:46:39.474761","37.280982","127.043718"
"2262","2026-06-01T14:46:39.474761","37.281","127.0437"
"2263","2026-06-01T14:46:39.475761","37.281017999999996","127.043682"
"2264","2026-06-01T14:46:39.475761","37.284127999999995","127.044872"
"2265","2026-06-01T14:46:39.476761","37.284146","127.044854"
"2266","2026-06-01T14:46:39.476761","37.284164","127.04483599999999"
"2267","2026-06-01T14:46:39.476761","37.284182","127.04481799999999"
"2268","2026-06-01T14:46:39.477761","37.2842","127.0448"
"2269","2026-06-01T14:46:39.477761","37.284217999999996","127.044782"
"2270","2026-06-01T14:46:39.478754","37.284236","127.044764"
"2271","2026-06-01T14:46:39.478754","37.284254","127.04474599999999"
"2272","2026-06-01T14:46:39.479753","37.284272","127.04472799999999"
"2273","2026-06-01T14:46:39.479753","37.284139999999994","127.044884"
"2274","2026-06-01T14:46:39.479753","37.284158","127.044866"
"2275","2026-06-01T14:46:39.480753","37.284175999999995","127.04484799999999"
"2276","2026-06-01T14:46:39.480753","37.284194","127.04482999999999"
"2277","2026-06-01T14:46:39.480753","37.284212","127.044812"
"2278","2026-06-01T14:46:39.481754","37.284229999999994","127.044794"
"2279","2026-06-01T14:46:39.481754","37.284248","127.044776"
"2280","2026-06-01T14:46:39.482754","37.284265999999995","127.04475799999999"
"2281","2026-06-01T14:46:39.482754","37.284284","127.04473999999999"
"2282","2026-06-01T14:46:39.483757","37.284152","127.044896"
"2283","2026-06-01T14:46:39.483757","37.28417","127.044878"
"2284","2026-06-01T14:46:39.484763","37.284188","127.04485999999999"
"2285","2026-06-01T14:46:39.484763","37.284206000000005","127.04484199999999"
"2286","2026-06-01T14:46:39.485754","37.283227999999994","127.046672"
"2287","2026-06-01T14:46:39.485754","37.283246","127.046654"
"2288","2026-06-01T14:46:39.486753","37.281127999999995","127.042972"
"2289","2026-06-01T14:46:39.486753","37.281146","127.04295400000001"
"2290","2026-06-01T14:46:39.487754","37.281164","127.042936"
"2291","2026-06-01T14:46:39.487754","37.281182","127.042918"
"2292","2026-06-01T14:46:39.488763","37.2812","127.0429"
"2293","2026-06-01T14:46:39.488763","37.281217999999996","127.042882"
"2294","2026-06-01T14:46:39.489762","37.281236","127.04286400000001"
"2295","2026-06-01T14:46:39.489762","37.281254","127.042846"
"2296","2026-06-01T14:46:39.489762","37.281272","127.042828"
"2297","2026-06-01T14:46:39.490762","37.28113999999999","127.042984"
"2298","2026-06-01T14:46:39.490762","37.281158","127.042966"
"2299","2026-06-01T14:46:39.490762","37.281175999999995","127.042948"
"2300","2026-06-01T14:46:39.491762","37.281194","127.04293"
"2301","2026-06-01T14:46:39.491762","37.281212","127.042912"
"2302","2026-06-01T14:46:39.492762","37.281229999999994","127.042894"
"2303","2026-06-01T14:46:39.493755","37.281248","127.042876"
"2304","2026-06-01T14:46:39.493755","37.281265999999995","127.042858"
"2305","2026-06-01T14:46:39.494762","37.281284","127.04284"
"2306","2026-06-01T14:46:39.494762","37.283128","127.04517200000001"
"2307","2026-06-01T14:46:39.495754","37.282128","127.045572"
"2308","2026-06-01T14:46:39.495754","37.282146000000004","127.04555400000001"
"2309","2026-06-01T14:46:39.496755","37.282164","127.045536"
"2310","2026-06-01T14:46:39.497754","37.282182000000006","127.045518"
"2311","2026-06-01T14:46:39.497754","37.2822","127.0455"
"2312","2026-06-01T14:46:39.498753","37.281628","127.04477200000001"
"2313","2026-06-01T14:46:39.498753","37.281646","127.04475400000001"
"2314","2026-06-01T14:46:39.499753","37.281664","127.044736"
"2315","2026-06-01T14:46:39.499753","37.281682","127.044718"
"2316","2026-06-01T14:46:39.499753","37.2817","127.0447"
"2317","2026-06-01T14:46:39.500754","37.281718","127.04468200000001"
"2318","2026-06-01T14:46:39.500754","37.281736","127.04466400000001"
"2319","2026-06-01T14:46:39.501754","37.281754","127.044646"
"2320","2026-06-01T14:46:39.501754","37.281772000000004","127.044628"
"2321","2026-06-01T14:46:39.502754","37.281639999999996","127.044784"
"2322","2026-06-01T14:46:39.502754","37.281658","127.04476600000001"
"2323","2026-06-01T14:46:39.503754","37.281676","127.044748"
"2324","2026-06-01T14:46:39.503754","37.282128","127.044972"
"2325","2026-06-01T14:46:39.504754","37.282146000000004","127.044954"
"2326","2026-06-01T14:46:39.504754","37.282164","127.04493599999999"
"2327","2026-06-01T14:46:39.505753","37.282182000000006","127.044918"
"2328","2026-06-01T14:46:39.505753","37.2822","127.0449"
"2329","2026-06-01T14:46:39.506753","37.282218","127.044882"
"2330","2026-06-01T14:46:39.506753","37.282236000000005","127.044864"
"2331","2026-06-01T14:46:39.506753","37.282254","127.04484599999999"
"2332","2026-06-01T14:46:39.507753","37.283328","127.04437200000001"
"2333","2026-06-01T14:46:39.512764","37.283346","127.04435400000001"
"2334","2026-06-01T14:46:39.513754","37.283364","127.044336"
"2335","2026-06-01T14:46:39.513754","37.283382","127.044318"
"2336","2026-06-01T14:46:39.514755","37.2834","127.0443"
"2337","2026-06-01T14:46:39.516753","37.283418","127.04428200000001"
"2338","2026-06-01T14:46:39.517754","37.283436","127.04426400000001"
"2339","2026-06-01T14:46:39.518755","37.283454","127.044246"
"2340","2026-06-01T14:46:39.518755","37.283472","127.044228"
"2341","2026-06-01T14:46:39.520763","37.283339999999995","127.04438400000001"
"2342","2026-06-01T14:46:39.521755","37.283358","127.04436600000001"
"2343","2026-06-01T14:46:39.522755","37.283376","127.044348"
"2344","2026-06-01T14:46:39.524754","37.283394","127.04433"
"2345","2026-06-01T14:46:39.524754","37.283412","127.044312"
"2346","2026-06-01T14:46:39.525754","37.283429999999996","127.04429400000001"
"2347","2026-06-01T14:46:39.526754","37.281327999999995","127.04387200000001"
"2348","2026-06-01T14:46:39.526754","37.281346","127.04385400000001"
"2349","2026-06-01T14:46:39.527754","37.281363999999996","127.043836"
"2350","2026-06-01T14:46:39.527754","37.282528","127.043272"
"2351","2026-06-01T14:46:39.528754","37.282546","127.043254"
"2352","2026-06-01T14:46:39.528754","37.282564","127.043236"
"2353","2026-06-01T14:46:39.531753","37.282582000000005","127.043218"
"2354","2026-06-01T14:46:39.533753","37.2826","127.0432"
"2355","2026-06-01T14:46:39.534753","37.282618","127.043182"
"2356","2026-06-01T14:46:39.537754","37.282636000000004","127.043164"
"2357","2026-06-01T14:46:39.538754","37.282654","127.043146"
"2358","2026-06-01T14:46:39.539762","37.282672000000005","127.043128"
"2359","2026-06-01T14:46:39.539762","37.28254","127.043284"
"2360","2026-06-01T14:46:39.540754","37.282728","127.04477200000001"
"2361","2026-06-01T14:46:39.541753","37.282746","127.04475400000001"
"2362","2026-06-01T14:46:39.541753","37.282764","127.044736"
"2363","2026-06-01T14:46:39.542754","37.282782000000005","127.044718"
"2364","2026-06-01T14:46:39.542754","37.2828","127.0447"
"2365","2026-06-01T14:46:39.543754","37.282818","127.04468200000001"
"2366","2026-06-01T14:46:39.544754","37.281727999999994","127.045072"
"2367","2026-06-01T14:46:39.545755","37.281746","127.04505400000001"
"2368","2026-06-01T14:46:39.545755","37.281763999999995","127.045036"
"2369","2026-06-01T14:46:39.548753","37.281782","127.045018"
"2370","2026-06-01T14:46:39.548753","37.2818","127.045"
"2371","2026-06-01T14:46:39.549770","37.281817999999994","127.044982"
"2372","2026-06-01T14:46:39.549770","37.281836","127.04496400000001"
"2373","2026-06-01T14:46:39.550770","37.281853999999996","127.044946"
"2374","2026-06-01T14:46:39.550770","37.281872","127.044928"
"2375","2026-06-01T14:46:39.551769","37.28173999999999","127.045084"
"2376","2026-06-01T14:46:39.551769","37.281757999999996","127.045066"
"2377","2026-06-01T14:46:39.552769","37.281775999999994","127.045048"
"2378","2026-06-01T14:46:39.552769","37.281794","127.04503"
"2379","2026-06-01T14:46:39.553768","37.281811999999995","127.045012"
"2380","2026-06-01T14:46:39.554770","37.28182999999999","127.044994"
"2381","2026-06-01T14:46:39.555769","37.281848","127.044976"
"2382","2026-06-01T14:46:39.555769","37.281865999999994","127.044958"
"2383","2026-06-01T14:46:39.559761","37.281884","127.04494"
"2384","2026-06-01T14:46:39.561761","37.281752","127.045096"
"2385","2026-06-01T14:46:39.562762","37.28177","127.045078"
"2386","2026-06-01T14:46:39.564272","37.281788","127.04505999999999"
"2387","2026-06-01T14:46:39.565290","37.281806","127.045042"
"2388","2026-06-01T14:46:39.568281","37.283027999999995","127.043572"
"2389","2026-06-01T14:46:39.568281","37.283046","127.043554"
"2390","2026-06-01T14:46:39.569281","37.281428","127.044672"
"2391","2026-06-01T14:46:39.571280","37.281446","127.04465400000001"
"2392","2026-06-01T14:46:39.572281","37.281464","127.044636"
"2393","2026-06-01T14:46:39.572281","37.281482000000004","127.044618"
"2394","2026-06-01T14:46:39.573280","37.2815","127.0446"
"2395","2026-06-01T14:46:39.573280","37.281518","127.044582"
"2396","2026-06-01T14:46:39.574289","37.281536","127.04456400000001"
"2397","2026-06-01T14:46:39.575288","37.281554","127.044546"
"2398","2026-06-01T14:46:39.576281","37.281572000000004","127.044528"
"2399","2026-06-01T14:46:39.577289","37.281439999999996","127.044684"
"2400","2026-06-01T14:46:39.578280","37.281458","127.044666"
"2401","2026-06-01T14:46:39.578280","37.281476","127.044648"
"2402","2026-06-01T14:46:39.579280","37.281494","127.04463"
"2403","2026-06-01T14:46:39.580282","37.281512","127.044612"
"2404","2026-06-01T14:46:39.580282","37.28153","127.044594"
"2405","2026-06-01T14:46:39.581282","37.281548","127.044576"
"2406","2026-06-01T14:46:39.582289","37.281566","127.044558"
"2407","2026-06-01T14:46:39.582289","37.281584","127.04454"
"2408","2026-06-01T14:46:39.583289","37.299927999999994","127.100072"
"2409","2026-06-01T14:46:39.583289","37.282328","127.045872"
"2410","2026-06-01T14:46:39.583289","37.282346000000004","127.045854"
"2411","2026-06-01T14:46:39.584281","37.282364","127.045836"
"2412","2026-06-01T14:46:39.584281","37.282382000000005","127.045818"
"2413","2026-06-01T14:46:39.585281","37.2824","127.0458"
"2414","2026-06-01T14:46:39.586290","37.283427999999994","127.045072"
"2415","2026-06-01T14:46:39.586290","37.283446","127.04505400000001"
"2416","2026-06-01T14:46:39.587290","37.283463999999995","127.045036"
"2417","2026-06-01T14:46:39.587290","37.283482","127.045018"
"2418","2026-06-01T14:46:39.588290","37.2835","127.045"
"2419","2026-06-01T14:46:39.588290","37.283517999999994","127.044982"
"2420","2026-06-01T14:46:39.589282","37.283536","127.04496400000001"
"2421","2026-06-01T14:46:39.589282","37.283553999999995","127.044946"
"2422","2026-06-01T14:46:39.590280","37.283572","127.044928"
"2423","2026-06-01T14:46:39.590280","37.28343999999999","127.045084"
"2424","2026-06-01T14:46:39.590280","37.283457999999996","127.045066"
"2425","2026-06-01T14:46:39.591280","37.28347599999999","127.045048"
"2426","2026-06-01T14:46:39.591280","37.281028","127.045472"
"2427","2026-06-01T14:46:39.592279","37.281046","127.045454"
"2428","2026-06-01T14:46:39.592279","37.281064","127.045436"
"2429","2026-06-01T14:46:39.593279","37.281082000000005","127.045418"
"2430","2026-06-01T14:46:39.593279","37.2811","127.0454"
"2431","2026-06-01T14:46:39.594279","37.281118","127.045382"
"2432","2026-06-01T14:46:39.594279","37.281136000000004","127.045364"
"2433","2026-06-01T14:46:39.594279","37.281154","127.045346"
"2434","2026-06-01T14:46:39.595279","37.282928","127.04607200000001"
"2435","2026-06-01T14:46:39.595279","37.282946","127.04605400000001"
"2436","2026-06-01T14:46:39.597280","37.282964","127.046036"
"2437","2026-06-01T14:46:39.598280","37.282982000000004","127.046018"
"2438","2026-06-01T14:46:39.598280","37.283","127.046"
"2439","2026-06-01T14:46:39.600281","37.283018","127.04598200000001"
"2440","2026-06-01T14:46:39.601280","37.283036","127.04596400000001"
"2441","2026-06-01T14:46:39.601280","37.283054","127.045946"
"2442","2026-06-01T14:46:39.602284","37.283072000000004","127.045928"
"2443","2026-06-01T14:46:39.603282","37.282939999999996","127.04608400000001"
"2444","2026-06-01T14:46:39.603282","37.282958","127.04606600000001"
"2445","2026-06-01T14:46:39.604282","37.282976","127.046048"
"2446","2026-06-01T14:46:39.604282","37.282994","127.04603"
"2447","2026-06-01T14:46:39.605281","37.283012","127.046012"
"2448","2026-06-01T14:46:39.606281","37.28303","127.04599400000001"
"2449","2026-06-01T14:46:39.606281","37.281828","127.045972"
"2450","2026-06-01T14:46:39.607279","37.281846","127.04595400000001"
"2451","2026-06-01T14:46:39.607279","37.281864","127.045936"
"2452","2026-06-01T14:46:39.608280","37.283528","127.044072"
"2453","2026-06-01T14:46:39.608280","37.283546","127.044054"
"2454","2026-06-01T14:46:39.609289","37.283564","127.04403599999999"
"2455","2026-06-01T14:46:39.609289","37.283582","127.044018"
"2456","2026-06-01T14:46:39.610289","37.2836","127.044"
"2457","2026-06-01T14:46:39.610289","37.283618","127.043982"
"2458","2026-06-01T14:46:39.610289","37.283636","127.043964"
"2459","2026-06-01T14:46:39.611280","37.283654","127.04394599999999"
"2460","2026-06-01T14:46:39.615280","37.283672","127.043928"
"2461","2026-06-01T14:46:39.615280","37.283539999999995","127.044084"
"2462","2026-06-01T14:46:39.616280","37.282227999999996","127.043172"
"2463","2026-06-01T14:46:39.616280","37.282246","127.043154"
"2464","2026-06-01T14:46:39.617281","37.282264","127.04313599999999"
"2465","2026-06-01T14:46:39.618281","37.282282","127.04311799999999"
"2466","2026-06-01T14:46:39.618281","37.2823","127.0431"
"2467","2026-06-01T14:46:39.618281","37.282318","127.043082"
"2468","2026-06-01T14:46:39.619281","37.283227999999994","127.043772"
"2469","2026-06-01T14:46:39.620281","37.283246","127.043754"
"2470","2026-06-01T14:46:39.621284","37.283263999999996","127.043736"
"2471","2026-06-01T14:46:39.621284","37.283282","127.043718"
"2472","2026-06-01T14:46:39.622281","37.2833","127.0437"
"2473","2026-06-01T14:46:39.622281","37.283317999999994","127.043682"
"2474","2026-06-01T14:46:39.623281","37.283336","127.043664"
"2475","2026-06-01T14:46:39.623281","37.283353999999996","127.043646"
"2476","2026-06-01T14:46:39.624290","37.283372","127.043628"
"2477","2026-06-01T14:46:39.624290","37.28323999999999","127.043784"
"2478","2026-06-01T14:46:39.624290","37.283258","127.043766"
"2479","2026-06-01T14:46:39.625281","37.283275999999994","127.043748"
"2480","2026-06-01T14:46:39.625281","37.283294","127.04373"
"2481","2026-06-01T14:46:39.625281","37.283311999999995","127.043712"
"2482","2026-06-01T14:46:39.626281","37.28332999999999","127.043694"
"2483","2026-06-01T14:46:39.626281","37.283348","127.043676"
"2484","2026-06-01T14:46:39.626281","37.283365999999994","127.043658"
"2485","2026-06-01T14:46:39.627288","37.283384","127.04364"
"2486","2026-06-01T14:46:39.630281","37.283252","127.043796"
"2487","2026-06-01T14:46:39.630281","37.28327","127.043778"
"2488","2026-06-01T14:46:39.631281","37.283288","127.04375999999999"
"2489","2026-06-01T14:46:39.631281","37.283306","127.043742"
"2490","2026-06-01T14:46:39.632280","37.28192799999999","127.046272"
"2491","2026-06-01T14:46:39.632280","37.281946","127.046254"
"2492","2026-06-01T14:46:39.632280","37.281228","127.04347200000001"
"2493","2026-06-01T14:46:39.633288","37.281246","127.04345400000001"
"2494","2026-06-01T14:46:39.633288","37.281264","127.043436"
"2495","2026-06-01T14:46:39.633288","37.281282000000004","127.043418"
"2496","2026-06-01T14:46:39.634289","37.2813","127.0434"
"2497","2026-06-01T14:46:39.641280","37.281318","127.04338200000001"
"2498","2026-06-01T14:46:39.642280","37.281336","127.04336400000001"
"2499","2026-06-01T14:46:39.643280","37.281354","127.043346"
"2500","2026-06-01T14:46:39.644279","37.281372000000005","127.043328"
"2501","2026-06-01T14:46:39.644279","37.28124","127.043484"
"2502","2026-06-01T14:46:39.645280","37.281258","127.04346600000001"
"2503","2026-06-01T14:46:39.646281","37.281276","127.043448"
"2504","2026-06-01T14:46:39.646281","37.281294","127.04343"
"2505","2026-06-01T14:46:39.647280","37.281312","127.043412"
"2506","2026-06-01T14:46:39.647280","37.28133","127.043394"
"2507","2026-06-01T14:46:39.648280","37.281348","127.04337600000001"
"2508","2026-06-01T14:46:39.648280","37.281366","127.043358"
"2509","2026-06-01T14:46:39.649280","37.281384","127.04334"
"2510","2026-06-01T14:46:39.649280","37.282478","127.046422"
"2511","2026-06-01T14:46:39.713806","37.283677999999995","127.045422"
"2512","2026-06-01T14:46:39.716806","37.283696","127.045404"
"2513","2026-06-01T14:46:39.717805","37.283713999999996","127.045386"
"2514","2026-06-01T14:46:39.718805","37.283732","127.045368"
"2515","2026-06-01T14:46:39.719805","37.28375","127.04535"
"2516","2026-06-01T14:46:39.720805","37.281678","127.046522"
"2517","2026-06-01T14:46:39.721805","37.281696000000004","127.046504"
"2518","2026-06-01T14:46:39.721805","37.281714","127.04648599999999"
"2519","2026-06-01T14:46:39.722806","37.281732000000005","127.04646799999999"
"2520","2026-06-01T14:46:39.723806","37.28175","127.04645"
"2521","2026-06-01T14:46:39.724806","37.281768","127.046432"
"2522","2026-06-01T14:46:39.724806","37.281786000000004","127.046414"
"2523","2026-06-01T14:46:39.725805","37.281804","127.04639599999999"
"2524","2026-06-01T14:46:39.730805","37.281822000000005","127.04637799999999"
"2525","2026-06-01T14:46:39.731805","37.28169","127.046534"
"2526","2026-06-01T14:46:39.732742","37.281708","127.046516"
"2527","2026-06-01T14:46:39.733785","37.281726","127.04649799999999"
"2528","2026-06-01T14:46:39.733785","37.281378","127.045922"
"2529","2026-06-01T14:46:39.734783","37.281396","127.04590400000001"
"2530","2026-06-01T14:46:39.734783","37.281414","127.045886"
"2531","2026-06-01T14:46:39.735782","37.281432","127.045868"
"2532","2026-06-01T14:46:39.735782","37.28145","127.04585"
"2533","2026-06-01T14:46:39.735782","37.281468","127.045832"
"2534","2026-06-01T14:46:39.736781","37.281486","127.04581400000001"
"2535","2026-06-01T14:46:39.736781","37.281504","127.045796"
"2536","2026-06-01T14:46:39.737782","37.282078","127.046672"
"2537","2026-06-01T14:46:39.737782","37.282096","127.046654"
"2538","2026-06-01T14:46:39.737782","37.282114","127.04663599999999"
"2539","2026-06-01T14:46:39.737782","37.282132000000004","127.046618"
"2540","2026-06-01T14:46:39.738782","37.28215","127.0466"
"2541","2026-06-01T14:46:39.738782","37.282168","127.046582"
"2542","2026-06-01T14:46:39.738782","37.282186","127.046564"
"2543","2026-06-01T14:46:39.739782","37.282204","127.04654599999999"
"2544","2026-06-01T14:46:39.739782","37.282222000000004","127.046528"
"2545","2026-06-01T14:46:39.739782","37.28209","127.046684"
"2546","2026-06-01T14:46:39.739782","37.282108","127.046666"
"2547","2026-06-01T14:46:39.740782","37.282126","127.04664799999999"
"2548","2026-06-01T14:46:39.740782","37.282144","127.04663"
"2549","2026-06-01T14:46:39.740782","37.282162","127.046612"
"2550","2026-06-01T14:46:39.741781","37.28218","127.046594"
"2551","2026-06-01T14:46:39.741781","37.283077999999996","127.045972"
"2552","2026-06-01T14:46:39.741781","37.283096","127.04595400000001"
"2553","2026-06-01T14:46:39.741781","37.283114","127.045936"
"2554","2026-06-01T14:46:39.742781","37.280877999999994","127.04472200000001"
"2555","2026-06-01T14:46:39.742781","37.280896","127.04470400000001"
"2556","2026-06-01T14:46:39.742781","37.280913999999996","127.044686"
"2557","2026-06-01T14:46:39.742781","37.280932","127.044668"
"2558","2026-06-01T14:46:39.743781","37.28095","127.04465"
"2559","2026-06-01T14:46:39.743781","37.280967999999994","127.04463200000001"
"2560","2026-06-01T14:46:39.744782","37.280986","127.04461400000001"
"2561","2026-06-01T14:46:39.744782","37.281003999999996","127.044596"
"2562","2026-06-01T14:46:39.744782","37.281022","127.044578"
"2563","2026-06-01T14:46:39.745783","37.28088999999999","127.044734"
"2564","2026-06-01T14:46:39.745783","37.283477999999995","127.043322"
"2565","2026-06-01T14:46:39.745783","37.283496","127.043304"
"2566","2026-06-01T14:46:39.745783","37.283514","127.043286"
"2567","2026-06-01T14:46:39.745783","37.283532","127.043268"
"2568","2026-06-01T14:46:39.746782","37.28355","127.04325"
"2569","2026-06-01T14:46:39.746782","37.283567999999995","127.043232"
"2570","2026-06-01T14:46:39.747782","37.281577999999996","127.043322"
"2571","2026-06-01T14:46:39.747782","37.281596","127.043304"
"2572","2026-06-01T14:46:39.747782","37.281614","127.043286"
"2573","2026-06-01T14:46:39.748783","37.281632","127.043268"
"2574","2026-06-01T14:46:39.749790","37.28165","127.04325"
"2575","2026-06-01T14:46:39.749790","37.281667999999996","127.043232"
"2576","2026-06-01T14:46:39.750791","37.281686","127.043214"
"2577","2026-06-01T14:46:39.751383","37.281704","127.043196"
"2578","2026-06-01T14:46:39.751383","37.281722","127.043178"
"2579","2026-06-01T14:46:39.751383","37.281589999999994","127.043334"
"2580","2026-06-01T14:46:39.752269","37.281608","127.043316"
"2581","2026-06-01T14:46:39.752269","37.281625999999996","127.043298"
"2582","2026-06-01T14:46:39.753367","37.281644","127.04328"
"2583","2026-06-01T14:46:39.753367","37.281662","127.043262"
"2584","2026-06-01T14:46:39.753367","37.281679999999994","127.043244"
"2585","2026-06-01T14:46:39.754423","37.281698","127.043226"
"2586","2026-06-01T14:46:39.754423","37.281715999999996","127.04320799999999"
"2587","2026-06-01T14:46:39.755740","37.281734","127.04319"
"2588","2026-06-01T14:46:39.755740","37.281602","127.043346"
"2589","2026-06-01T14:46:39.756475","37.281620000000004","127.043328"
"2590","2026-06-01T14:46:39.756875","37.281638","127.04330999999999"
"2591","2026-06-01T14:46:39.756875","37.281656000000005","127.043292"
"2592","2026-06-01T14:46:39.756875","37.280778","127.045422"
"2593","2026-06-01T14:46:39.756875","37.280796","127.045404"
"2594","2026-06-01T14:46:39.759054","37.283778","127.043822"
"2595","2026-06-01T14:46:39.759054","37.283796","127.04380400000001"
"2596","2026-06-01T14:46:39.759054","37.283814","127.043786"
"2597","2026-06-01T14:46:39.760064","37.283832000000004","127.043768"
"2598","2026-06-01T14:46:39.760064","37.28385","127.04375"
"2599","2026-06-01T14:46:39.761133","37.283868","127.043732"
"2600","2026-06-01T14:46:39.761609","37.283886","127.04371400000001"
"2601","2026-06-01T14:46:39.761609","37.283904","127.043696"
"2602","2026-06-01T14:46:39.762347","37.283922000000004","127.043678"
"2603","2026-06-01T14:46:39.762347","37.283789999999996","127.043834"
"2604","2026-06-01T14:46:39.763360","37.283808","127.043816"
"2605","2026-06-01T14:46:39.763360","37.283826","127.043798"
"2606","2026-06-01T14:46:39.763360","37.283844","127.04378"
"2607","2026-06-01T14:46:39.763360","37.283862","127.043762"
"2608","2026-06-01T14:46:39.764357","37.283879999999996","127.043744"
"2609","2026-06-01T14:46:39.764357","37.283898","127.043726"
"2610","2026-06-01T14:46:39.764868","37.283916","127.043708"
"2611","2026-06-01T14:46:39.764868","37.283934","127.04369"
"2612","2026-06-01T14:46:39.764868","37.280677999999995","127.043822"
"2613","2026-06-01T14:46:39.764868","37.280477999999995","127.04432200000001"
"2614","2026-06-01T14:46:39.765886","37.280496","127.04430400000001"
"2615","2026-06-01T14:46:39.765886","37.280514","127.044286"
"2616","2026-06-01T14:46:39.765886","37.280532","127.044268"
"2617","2026-06-01T14:46:39.765886","37.28055","127.04425"
"2618","2026-06-01T14:46:39.765886","37.282377999999994","127.042522"
"2619","2026-06-01T14:46:39.766876","37.282396","127.04250400000001"
"2620","2026-06-01T14:46:39.766876","37.282413999999996","127.042486"
"2621","2026-06-01T14:46:39.766876","37.282432","127.042468"
"2622","2026-06-01T14:46:39.766876","37.28245","127.04245"
"2623","2026-06-01T14:46:39.766876","37.282467999999994","127.042432"
"2624","2026-06-01T14:46:39.767875","37.282486","127.04241400000001"
"2625","2026-06-01T14:46:39.767875","37.282503999999996","127.042396"
"2626","2026-06-01T14:46:39.768339","37.282522","127.042378"
"2627","2026-06-01T14:46:39.768666","37.28238999999999","127.042534"
"2628","2026-06-01T14:46:39.768666","37.282408","127.042516"
"2629","2026-06-01T14:46:39.768666","37.282425999999994","127.042498"
"2630","2026-06-01T14:46:39.768666","37.280828","127.044122"
"2631","2026-06-01T14:46:39.769677","37.280846000000004","127.044104"
"2632","2026-06-01T14:46:39.769677","37.280864","127.044086"
"2633","2026-06-01T14:46:39.769677","37.280882000000005","127.044068"
"2634","2026-06-01T14:46:39.769677","37.2809","127.04405"
"2635","2026-06-01T14:46:39.770735","37.280918","127.044032"
"2636","2026-06-01T14:46:39.771038","37.280936000000004","127.044014"
"2637","2026-06-01T14:46:39.771038","37.280954","127.04399599999999"
"2638","2026-06-01T14:46:39.771038","37.280578","127.046122"
"2639","2026-06-01T14:46:39.771038","37.280596","127.046104"
"2640","2026-06-01T14:46:39.771038","37.280614","127.04608599999999"
"2641","2026-06-01T14:46:39.772054","37.280632000000004","127.04606799999999"
"2642","2026-06-01T14:46:39.772054","37.28065","127.04605"
"2643","2026-06-01T14:46:39.772054","37.280668","127.046032"
"2644","2026-06-01T14:46:39.772691","37.280686","127.046014"
"2645","2026-06-01T14:46:39.772691","37.280704","127.04599599999999"
"2646","2026-06-01T14:46:39.772691","37.280722000000004","127.04597799999999"
"2647","2026-06-01T14:46:39.778720","37.28059","127.046134"
"2648","2026-06-01T14:46:39.779801","37.280608","127.046116"
"2649","2026-06-01T14:46:39.779801","37.280626","127.04609799999999"
"2650","2026-06-01T14:46:39.780499","37.280644","127.04607999999999"
"2651","2026-06-01T14:46:39.780499","37.280662","127.04606199999999"
"2652","2026-06-01T14:46:39.780499","37.28068","127.046044"
"2653","2026-06-01T14:46:39.780499","37.282678","127.04302200000001"
"2654","2026-06-01T14:46:39.781517","37.282696","127.04300400000001"
"2655","2026-06-01T14:46:39.781517","37.282714","127.042986"
"2656","2026-06-02T13:12:31.305702","37.283128","127.04517200000001"
"2657","2026-06-02T13:12:31.476428","37.282328","127.043972"
"2658","2026-06-02T13:12:31.480944","37.282346000000004","127.043954"
"2659","2026-06-02T13:12:31.487942","37.282364","127.04393599999999"
"2660","2026-06-02T13:12:31.489947","37.282382000000005","127.04391799999999"
"2661","2026-06-02T13:12:31.492942","37.2824","127.0439"
"2662","2026-06-02T13:12:31.494942","37.281628","127.04477200000001"
"2663","2026-06-02T13:12:31.495942","37.281646","127.04475400000001"
"2664","2026-06-02T13:12:31.497941","37.281664","127.044736"
"2665","2026-06-02T13:12:31.498941","37.281682","127.044718"
"2666","2026-06-02T13:12:31.500941","37.2817","127.0447"
"2667","2026-06-02T13:12:31.504941","37.281718","127.04468200000001"
"2668","2026-06-02T13:12:31.505941","37.281736","127.04466400000001"
"2669","2026-06-02T13:12:31.506944","37.281754","127.044646"
"2670","2026-06-02T13:12:31.509942","37.281772000000004","127.044628"
"2671","2026-06-02T13:12:31.511946","37.281639999999996","127.044784"
"2672","2026-06-02T13:12:31.512941","37.281658","127.04476600000001"
"2673","2026-06-02T13:12:31.513944","37.281676","127.044748"
"2674","2026-06-02T13:12:31.514942","37.282928","127.044172"
"2675","2026-06-02T13:12:31.515944","37.282946","127.044154"
"2676","2026-06-02T13:12:31.517945","37.282964","127.044136"
"2677","2026-06-02T13:12:31.518944","37.282982000000004","127.044118"
"2678","2026-06-02T13:12:31.519944","37.283","127.0441"
"2679","2026-06-02T13:12:31.520944","37.283018","127.044082"
"2680","2026-06-02T13:12:31.521945","37.283036","127.044064"
"2681","2026-06-02T13:12:31.523942","37.283054","127.044046"
"2682","2026-06-02T13:12:31.524946","37.282128","127.044972"
"2683","2026-06-02T13:12:31.525942","37.282146000000004","127.044954"
"2684","2026-06-02T13:12:31.527942","37.282164","127.04493599999999"
"2685","2026-06-02T13:12:31.528941","37.282182000000006","127.044918"
"2686","2026-06-02T13:12:31.529945","37.2822","127.0449"
"2687","2026-06-02T13:12:31.530941","37.282218","127.044882"
"2688","2026-06-02T13:12:31.531944","37.282236000000005","127.044864"
"2689","2026-06-02T13:12:31.532941","37.282254","127.04484599999999"
"2690","2026-06-02T13:12:31.533942","37.282272000000006","127.044828"
"2691","2026-06-02T13:12:31.534942","37.28214","127.044984"
"2692","2026-06-02T13:12:31.535941","37.282158","127.044966"
"2693","2026-06-02T13:12:31.536944","37.282176","127.04494799999999"
"2694","2026-06-02T13:12:31.538944","37.282194000000004","127.04493"
"2695","2026-06-02T13:12:31.538944","37.282212","127.044912"
"2696","2026-06-02T13:12:31.539942","37.28223","127.044894"
"2697","2026-06-02T13:12:31.540942","37.281828","127.043672"
"2698","2026-06-02T13:12:31.541942","37.281846","127.043654"
"2699","2026-06-02T13:12:31.542943","37.281864","127.04363599999999"
"2700","2026-06-02T13:12:31.543941","37.282627999999995","127.045472"
"2701","2026-06-02T13:12:31.544941","37.282646","127.045454"
"2702","2026-06-02T13:12:31.545944","37.282664","127.045436"
"2703","2026-06-02T13:12:31.546941","37.282682","127.045418"
"2704","2026-06-02T13:12:31.548942","37.2827","127.0454"
"2705","2026-06-02T13:12:31.548942","37.282717999999996","127.045382"
"2706","2026-06-02T13:12:31.550941","37.282736","127.045364"
"2707","2026-06-02T13:12:31.550941","37.282754","127.045346"
"2708","2026-06-02T13:12:31.551941","37.282772","127.045328"
"2709","2026-06-02T13:12:31.552941","37.282639999999994","127.045484"
"2710","2026-06-02T13:12:31.553942","37.283328","127.04437200000001"
"2711","2026-06-02T13:12:31.554945","37.283346","127.04435400000001"
"2712","2026-06-02T13:12:31.555941","37.283364","127.044336"
"2713","2026-06-02T13:12:31.556944","37.283382","127.044318"
"2714","2026-06-02T13:12:31.556944","37.2834","127.0443"
"2715","2026-06-02T13:12:31.558942","37.283418","127.04428200000001"
"2716","2026-06-02T13:12:31.562946","37.281727999999994","127.045272"
"2717","2026-06-02T13:12:31.563954","37.281746","127.045254"
"2718","2026-06-02T13:12:31.564954","37.281763999999995","127.04523599999999"
"2719","2026-06-02T13:12:31.566951","37.281782","127.04521799999999"
"2720","2026-06-02T13:12:31.567952","37.2818","127.0452"
"2721","2026-06-02T13:12:31.568954","37.281817999999994","127.045182"
"2722","2026-06-02T13:12:31.568954","37.281836","127.045164"
"2723","2026-06-02T13:12:31.569952","37.281853999999996","127.04514599999999"
"2724","2026-06-02T13:12:31.570951","37.281872","127.04512799999999"
"2725","2026-06-02T13:12:31.572953","37.28173999999999","127.045284"
"2726","2026-06-02T13:12:31.573953","37.281757999999996","127.045266"
"2727","2026-06-02T13:12:31.574951","37.281775999999994","127.04524799999999"
"2728","2026-06-02T13:12:31.575953","37.281794","127.04522999999999"
"2729","2026-06-02T13:12:31.576952","37.281811999999995","127.04521199999999"
"2730","2026-06-02T13:12:31.578460","37.28182999999999","127.045194"
"2731","2026-06-02T13:12:31.579468","37.281848","127.045176"
"2732","2026-06-02T13:12:31.580467","37.281865999999994","127.04515799999999"
"2733","2026-06-02T13:12:31.581468","37.281884","127.04513999999999"
"2734","2026-06-02T13:12:31.582468","37.281752","127.045296"
"2735","2026-06-02T13:12:31.583467","37.28177","127.045278"
"2736","2026-06-02T13:12:31.584465","37.281788","127.04525999999998"
"2737","2026-06-02T13:12:31.584465","37.281806","127.04524199999999"
"2738","2026-06-02T13:12:31.585468","37.282427999999996","127.043172"
"2739","2026-06-02T13:12:31.586467","37.282446","127.043154"
"2740","2026-06-02T13:12:31.589465","37.283027999999995","127.042972"
"2741","2026-06-02T13:12:31.590468","37.283046","127.04295400000001"
"2742","2026-06-02T13:12:31.591465","37.283063999999996","127.042936"
"2743","2026-06-02T13:12:31.592465","37.283082","127.042918"
"2744","2026-06-02T13:12:31.593464","37.2831","127.0429"
"2745","2026-06-02T13:12:31.594468","37.283117999999995","127.042882"
"2746","2026-06-02T13:12:31.595468","37.283136","127.04286400000001"
"2747","2026-06-02T13:12:31.595468","37.283153999999996","127.042846"
"2748","2026-06-02T13:12:31.596467","37.283172","127.042828"
"2749","2026-06-02T13:12:31.597467","37.28303999999999","127.042984"
"2750","2026-06-02T13:12:31.598467","37.283058","127.042966"
"2751","2026-06-02T13:12:31.599465","37.283075999999994","127.042948"
"2752","2026-06-02T13:12:31.600465","37.283094","127.04293"
"2753","2026-06-02T13:12:31.601465","37.283111999999996","127.042912"
"2754","2026-06-02T13:12:31.601465","37.28312999999999","127.042894"
"2755","2026-06-02T13:12:31.602468","37.283148","127.042876"
"2756","2026-06-02T13:12:31.602468","37.283165999999994","127.042858"
"2757","2026-06-02T13:12:31.603467","37.283184","127.04284"
"2758","2026-06-02T13:12:31.604465","37.281527999999994","127.044072"
"2759","2026-06-02T13:12:31.604465","37.28192799999999","127.042772"
"2760","2026-06-02T13:12:31.605467","37.281946","127.042754"
"2761","2026-06-02T13:12:31.606465","37.281963999999995","127.04273599999999"
"2762","2026-06-02T13:12:31.607467","37.281982","127.042718"
"2763","2026-06-02T13:12:31.607467","37.282","127.0427"
"2764","2026-06-02T13:12:31.608464","37.282928","127.044672"
"2765","2026-06-02T13:12:31.609468","37.282946","127.04465400000001"
"2766","2026-06-02T13:12:31.610464","37.282964","127.044636"
"2767","2026-06-02T13:12:31.610464","37.282982000000004","127.044618"
"2768","2026-06-02T13:12:31.611468","37.283","127.0446"
"2769","2026-06-02T13:12:31.611468","37.283018","127.044582"
"2770","2026-06-02T13:12:31.612467","37.283036","127.04456400000001"
"2771","2026-06-02T13:12:31.612467","37.283054","127.044546"
"2772","2026-06-02T13:12:31.613464","37.283072000000004","127.044528"
"2773","2026-06-02T13:12:31.613464","37.282939999999996","127.044684"
"2774","2026-06-02T13:12:31.614465","37.282958","127.044666"
"2775","2026-06-02T13:12:31.615465","37.282976","127.044648"
"2776","2026-06-02T13:12:31.617465","37.282728","127.043572"
"2777","2026-06-02T13:12:31.618466","37.282746","127.043554"
"2778","2026-06-02T13:12:31.618466","37.282764","127.04353599999999"
"2779","2026-06-02T13:12:31.619466","37.282782000000005","127.04351799999999"
"2780","2026-06-02T13:12:31.621470","37.2828","127.0435"
"2781","2026-06-02T13:12:31.622465","37.282818","127.043482"
"2782","2026-06-02T13:12:31.623465","37.282836","127.043464"
"2783","2026-06-02T13:12:31.625464","37.282854","127.04344599999999"
"2784","2026-06-02T13:12:31.626469","37.281428","127.044872"
"2785","2026-06-02T13:12:31.627466","37.281446","127.044854"
"2786","2026-06-02T13:12:31.629465","37.281464","127.04483599999999"
"2787","2026-06-02T13:12:31.629465","37.281482000000004","127.04481799999999"
"2788","2026-06-02T13:12:31.630465","37.2815","127.0448"
"2789","2026-06-02T13:12:31.631465","37.281518","127.044782"
"2790","2026-06-02T13:12:31.631465","37.281536","127.044764"
"2791","2026-06-02T13:12:31.632468","37.281554","127.04474599999999"
"2792","2026-06-02T13:12:31.632468","37.281572000000004","127.04472799999999"
"2793","2026-06-02T13:12:31.633465","37.281439999999996","127.044884"
"2794","2026-06-02T13:12:31.634465","37.281458","127.044866"
"2795","2026-06-02T13:12:31.635465","37.281476","127.04484799999999"
"2796","2026-06-02T13:12:31.636467","37.281494","127.04482999999999"
"2797","2026-06-02T13:12:31.637465","37.281512","127.044812"
"2798","2026-06-02T13:12:31.638468","37.28153","127.044794"
"2799","2026-06-02T13:12:31.638468","37.282528","127.045772"
"2800","2026-06-02T13:12:31.639467","37.282546","127.045754"
"2801","2026-06-02T13:12:31.640468","37.282564","127.04573599999999"
"2802","2026-06-02T13:12:31.641464","37.283427999999994","127.04387200000001"
"2803","2026-06-02T13:12:31.642465","37.283446","127.04385400000001"
"2804","2026-06-02T13:12:31.642465","37.283463999999995","127.043836"
"2805","2026-06-02T13:12:31.643464","37.283482","127.043818"
"2806","2026-06-02T13:12:31.643464","37.2835","127.0438"
"2807","2026-06-02T13:12:31.644468","37.283517999999994","127.04378200000001"
"2808","2026-06-02T13:12:31.646468","37.283536","127.04376400000001"
"2809","2026-06-02T13:12:31.646468","37.283553999999995","127.043746"
"2810","2026-06-02T13:12:31.647465","37.283572","127.043728"
"2811","2026-06-02T13:12:31.649468","37.28343999999999","127.043884"
"2812","2026-06-02T13:12:31.650468","37.281327999999995","127.04347200000001"
"2813","2026-06-02T13:12:31.651467","37.281346","127.04345400000001"
"2814","2026-06-02T13:12:31.652468","37.281363999999996","127.043436"
"2815","2026-06-02T13:12:31.652468","37.281382","127.043418"
"2816","2026-06-02T13:12:31.653465","37.2814","127.0434"
"2817","2026-06-02T13:12:31.654467","37.281417999999995","127.04338200000001"
"2818","2026-06-02T13:12:31.655465","37.283628","127.044972"
"2819","2026-06-02T13:12:31.656464","37.283646000000005","127.044954"
"2820","2026-06-02T13:12:31.656464","37.283664","127.04493599999999"
"2821","2026-06-02T13:12:31.657467","37.283682000000006","127.044918"
"2822","2026-06-02T13:12:31.657467","37.2837","127.0449"
"2823","2026-06-02T13:12:31.658467","37.283718","127.044882"
"2824","2026-06-02T13:12:31.659468","37.283736000000005","127.044864"
"2825","2026-06-02T13:12:31.660466","37.283754","127.04484599999999"
"2826","2026-06-02T13:12:31.661466","37.283772000000006","127.044828"
"2827","2026-06-02T13:12:31.661466","37.28364","127.044984"
"2828","2026-06-02T13:12:31.662468","37.283658","127.044966"
"2829","2026-06-02T13:12:31.662468","37.283676","127.04494799999999"
"2830","2026-06-02T13:12:31.663473","37.283694000000004","127.04493"
"2831","2026-06-02T13:12:31.664474","37.283712","127.044912"
"2832","2026-06-02T13:12:31.664474","37.28373","127.044894"
"2833","2026-06-02T13:12:31.665473","37.283748","127.044876"
"2834","2026-06-02T13:12:31.666473","37.283766","127.04485799999999"
"2835","2026-06-02T13:12:31.668474","37.283784000000004","127.04484"
"2836","2026-06-02T13:12:31.670477","37.283652000000004","127.044996"
"2837","2026-06-02T13:12:31.672474","37.28367000000001","127.044978"
"2838","2026-06-02T13:12:31.673476","37.283688000000005","127.04495999999999"
"2839","2026-06-02T13:12:31.674474","37.28370600000001","127.04494199999999"
"2840","2026-06-02T13:12:31.675473","37.282028","127.042572"
"2841","2026-06-02T13:12:31.675473","37.282046","127.04255400000001"
"2842","2026-06-02T13:12:31.676475","37.283927999999996","127.044172"
"2843","2026-06-02T13:12:31.677981","37.283946","127.044154"
"2844","2026-06-02T13:12:31.678991","37.283964","127.044136"
"2845","2026-06-02T13:12:31.679988","37.283982","127.044118"
"2846","2026-06-02T13:12:31.680988","37.284","127.0441"
"2847","2026-06-02T13:12:31.680988","37.284017999999996","127.044082"
"2848","2026-06-02T13:12:31.681987","37.284036","127.044064"
"2849","2026-06-02T13:12:31.682987","37.284054","127.044046"
"2850","2026-06-02T13:12:31.683989","37.284072","127.044028"
"2851","2026-06-02T13:12:31.683989","37.283939999999994","127.044184"
"2852","2026-06-02T13:12:31.684988","37.283958","127.044166"
"2853","2026-06-02T13:12:31.685990","37.283975999999996","127.04414799999999"
"2854","2026-06-02T13:12:31.685990","37.283994","127.04413"
"2855","2026-06-02T13:12:31.686989","37.284012","127.044112"
"2856","2026-06-02T13:12:31.686989","37.284029999999994","127.044094"
"2857","2026-06-02T13:12:31.687990","37.284048","127.044076"
"2858","2026-06-02T13:12:31.687990","37.284065999999996","127.04405799999999"
"2859","2026-06-02T13:12:31.688989","37.284084","127.04404"
"2860","2026-06-02T13:12:31.689986","37.281828","127.04607200000001"
"2861","2026-06-02T13:12:31.690990","37.282827999999995","127.046272"
"2862","2026-06-02T13:12:31.691990","37.282846","127.046254"
"2863","2026-06-02T13:12:31.691990","37.282864","127.046236"
"2864","2026-06-02T13:12:31.692990","37.282882","127.046218"
"2865","2026-06-02T13:12:31.693988","37.2829","127.0462"
"2866","2026-06-02T13:12:31.693988","37.281228","127.045672"
"2867","2026-06-02T13:12:31.694987","37.281246","127.045654"
"2868","2026-06-02T13:12:31.695990","37.281264","127.04563599999999"
"2869","2026-06-02T13:12:31.695990","37.281282000000004","127.04561799999999"
"2870","2026-06-02T13:12:31.696989","37.2813","127.0456"
"2871","2026-06-02T13:12:31.697987","37.281318","127.045582"
"2872","2026-06-02T13:12:31.700987","37.281336","127.045564"
"2873","2026-06-02T13:12:31.702988","37.281354","127.04554599999999"
"2874","2026-06-02T13:12:31.703987","37.281372000000005","127.04552799999999"
"2875","2026-06-02T13:12:31.704989","37.28124","127.045684"
"2876","2026-06-02T13:12:31.705990","37.281258","127.045666"
"2877","2026-06-02T13:12:31.706989","37.281276","127.04564799999999"
"2878","2026-06-02T13:12:31.706989","37.284028","127.043272"
"2879","2026-06-02T13:12:31.707990","37.284046000000004","127.043254"
"2880","2026-06-02T13:12:31.708990","37.284064","127.043236"
"2881","2026-06-02T13:12:31.709991","37.284082000000005","127.043218"
"2882","2026-06-02T13:12:31.710992","37.2841","127.0432"
"2883","2026-06-02T13:12:31.711990","37.284118","127.043182"
"2884","2026-06-02T13:12:31.711990","37.284136000000004","127.043164"
"2885","2026-06-02T13:12:31.712991","37.284154","127.043146"
"2886","2026-06-02T13:12:31.712991","37.281028","127.044272"
"2887","2026-06-02T13:12:31.713987","37.281046","127.04425400000001"
"2888","2026-06-02T13:12:31.714991","37.281064","127.044236"
"2889","2026-06-02T13:12:31.715987","37.281082000000005","127.044218"
"2890","2026-06-02T13:12:31.717989","37.2811","127.0442"
"2891","2026-06-02T13:12:31.718992","37.281118","127.044182"
"2892","2026-06-02T13:12:31.720988","37.281136000000004","127.04416400000001"
"2893","2026-06-02T13:12:31.720988","37.281154","127.044146"
"2894","2026-06-02T13:12:31.724989","37.281172000000005","127.044128"
"2895","2026-06-02T13:12:31.724989","37.28104","127.044284"
"2896","2026-06-02T13:12:31.725987","37.281058","127.04426600000001"
"2897","2026-06-02T13:12:31.727988","37.281076","127.044248"
"2898","2026-06-02T13:12:31.728988","37.281094","127.04423"
"2899","2026-06-02T13:12:31.729987","37.281112","127.044212"
"2900","2026-06-02T13:12:31.730988","37.28113","127.044194"
"2901","2026-06-02T13:12:31.731990","37.283828","127.045372"
"2902","2026-06-02T13:12:31.732989","37.283846000000004","127.045354"
"2903","2026-06-02T13:12:31.733990","37.283864","127.04533599999999"
"2904","2026-06-02T13:12:31.734987","37.282227999999996","127.04647200000001"
"2905","2026-06-02T13:12:31.735990","37.282246","127.04645400000001"
"2906","2026-06-02T13:12:31.736987","37.282264","127.046436"
"2907","2026-06-02T13:12:31.737987","37.282282","127.046418"
"2908","2026-06-02T13:12:31.738988","37.2823","127.0464"
"2909","2026-06-02T13:12:31.739993","37.282318","127.04638200000001"
"2910","2026-06-02T13:12:31.739993","37.282336","127.04636400000001"
"2911","2026-06-02T13:12:31.741987","37.282354","127.046346"
"2912","2026-06-02T13:12:31.742990","37.282372","127.046328"
"2913","2026-06-02T13:12:31.743990","37.282239999999994","127.046484"
"2914","2026-06-02T13:12:31.748989","37.280927999999996","127.043772"
"2915","2026-06-02T13:12:31.749990","37.280946","127.043754"
"2916","2026-06-02T13:12:31.750990","37.280964","127.043736"
"2917","2026-06-02T13:12:31.750990","37.280982","127.043718"
"2918","2026-06-02T13:12:31.751989","37.281","127.0437"
"2919","2026-06-02T13:12:31.752989","37.281017999999996","127.043682"
"2920","2026-06-02T13:12:31.753988","37.284127999999995","127.044872"
"2921","2026-06-02T13:12:31.753988","37.284146","127.044854"
"2922","2026-06-02T13:12:31.754989","37.284164","127.04483599999999"
"2923","2026-06-02T13:12:31.754989","37.284182","127.04481799999999"
"2924","2026-06-02T13:12:31.755989","37.2842","127.0448"
"2925","2026-06-02T13:12:31.755989","37.284217999999996","127.044782"
"2926","2026-06-02T13:12:31.756991","37.284236","127.044764"
"2927","2026-06-02T13:12:31.757989","37.284254","127.04474599999999"
"2928","2026-06-02T13:12:31.757989","37.284272","127.04472799999999"
"2929","2026-06-02T13:12:31.758987","37.284139999999994","127.044884"
"2930","2026-06-02T13:12:31.759988","37.284158","127.044866"
"2931","2026-06-02T13:12:31.760988","37.284175999999995","127.04484799999999"
"2932","2026-06-02T13:12:31.760988","37.284194","127.04482999999999"
"2933","2026-06-02T13:12:31.761990","37.284212","127.044812"
"2934","2026-06-02T13:12:31.761990","37.284229999999994","127.044794"
"2935","2026-06-02T13:12:31.762989","37.284248","127.044776"
"2936","2026-06-02T13:12:31.762989","37.284265999999995","127.04475799999999"
"2937","2026-06-02T13:12:31.762989","37.284284","127.04473999999999"
"2938","2026-06-02T13:12:31.763997","37.284152","127.044896"
"2939","2026-06-02T13:12:31.763997","37.28417","127.044878"
"2940","2026-06-02T13:12:31.763997","37.284188","127.04485999999999"
"2941","2026-06-02T13:12:31.764997","37.284206000000005","127.04484199999999"
"2942","2026-06-02T13:12:31.764997","37.283227999999994","127.046672"
"2943","2026-06-02T13:12:31.765997","37.283246","127.046654"
"2944","2026-06-02T13:12:31.765997","37.281127999999995","127.042972"
"2945","2026-06-02T13:12:31.766997","37.281146","127.04295400000001"
"2946","2026-06-02T13:12:31.766997","37.281164","127.042936"
"2947","2026-06-02T13:12:31.767998","37.281182","127.042918"
"2948","2026-06-02T13:12:31.767998","37.2812","127.0429"
"2949","2026-06-02T13:12:31.768998","37.281217999999996","127.042882"
"2950","2026-06-02T13:12:31.768998","37.281236","127.04286400000001"
"2951","2026-06-02T13:12:31.769998","37.281254","127.042846"
"2952","2026-06-02T13:12:31.769998","37.281272","127.042828"
"2953","2026-06-02T13:12:31.770998","37.28113999999999","127.042984"
"2954","2026-06-02T13:12:31.770998","37.281158","127.042966"
"2955","2026-06-02T13:12:31.771997","37.281175999999995","127.042948"
"2956","2026-06-02T13:12:31.771997","37.281194","127.04293"
"2957","2026-06-02T13:12:31.772999","37.281212","127.042912"
"2958","2026-06-02T13:12:31.773995","37.281229999999994","127.042894"
"2959","2026-06-02T13:12:31.773995","37.281248","127.042876"
"2960","2026-06-02T13:12:31.775002","37.281265999999995","127.042858"
"2961","2026-06-02T13:12:31.775995","37.281284","127.04284"
"2962","2026-06-02T13:12:31.776995","37.283128","127.04517200000001"
"2963","2026-06-02T13:12:31.776995","37.282128","127.045572"
"2964","2026-06-02T13:12:31.777995","37.282146000000004","127.04555400000001"
"2965","2026-06-02T13:12:31.778506","37.282164","127.045536"
"2966","2026-06-02T13:12:31.778506","37.282182000000006","127.045518"
"2967","2026-06-02T13:12:31.779517","37.2822","127.0455"
"2968","2026-06-02T13:12:31.779517","37.281628","127.04477200000001"
"2969","2026-06-02T13:12:31.780514","37.281646","127.04475400000001"
"2970","2026-06-02T13:12:31.781516","37.281664","127.044736"
"2971","2026-06-02T13:12:31.781516","37.281682","127.044718"
"2972","2026-06-02T13:12:31.782516","37.2817","127.0447"
"2973","2026-06-02T13:12:31.782516","37.281718","127.04468200000001"
"2974","2026-06-02T13:12:31.783516","37.281736","127.04466400000001"
"2975","2026-06-02T13:12:31.783516","37.281754","127.044646"
"2976","2026-06-02T13:12:31.784516","37.281772000000004","127.044628"
"2977","2026-06-02T13:12:31.785517","37.281639999999996","127.044784"
"2978","2026-06-02T13:12:31.785517","37.281658","127.04476600000001"
"2979","2026-06-02T13:12:31.786519","37.281676","127.044748"
"2980","2026-06-02T13:12:31.787516","37.282128","127.044972"
"2981","2026-06-02T13:12:31.790514","37.282146000000004","127.044954"
"2982","2026-06-02T13:12:31.791513","37.282164","127.04493599999999"
"2983","2026-06-02T13:12:31.792514","37.282182000000006","127.044918"
"2984","2026-06-02T13:12:31.793514","37.2822","127.0449"
"2985","2026-06-02T13:12:31.793514","37.282218","127.044882"
"2986","2026-06-02T13:12:31.794514","37.282236000000005","127.044864"
"2987","2026-06-02T13:12:31.795516","37.282254","127.04484599999999"
"2988","2026-06-02T13:12:31.795516","37.283328","127.04437200000001"
"2989","2026-06-02T13:12:31.796517","37.283346","127.04435400000001"
"2990","2026-06-02T13:12:31.797517","37.283364","127.044336"
"2991","2026-06-02T13:12:31.797517","37.283382","127.044318"
"2992","2026-06-02T13:12:31.798516","37.2834","127.0443"
"2993","2026-06-02T13:12:31.799516","37.283418","127.04428200000001"
"2994","2026-06-02T13:12:31.800514","37.283436","127.04426400000001"
"2995","2026-06-02T13:12:31.801517","37.283454","127.044246"
"2996","2026-06-02T13:12:31.801517","37.283472","127.044228"
"2997","2026-06-02T13:12:31.802513","37.283339999999995","127.04438400000001"
"2998","2026-06-02T13:12:31.803514","37.283358","127.04436600000001"
"2999","2026-06-02T13:12:31.804514","37.283376","127.044348"
"3000","2026-06-02T13:12:31.805517","37.283394","127.04433"
"3001","2026-06-02T13:12:31.806516","37.283412","127.044312"
"3002","2026-06-02T13:12:31.806516","37.283429999999996","127.04429400000001"
"3003","2026-06-02T13:12:31.812517","37.281327999999995","127.04387200000001"
"3004","2026-06-02T13:12:31.813516","37.281346","127.04385400000001"
"3005","2026-06-02T13:12:31.816517","37.281363999999996","127.043836"
"3006","2026-06-02T13:12:31.825514","37.282528","127.043272"
"3007","2026-06-02T13:12:31.827514","37.282546","127.043254"
"3008","2026-06-02T13:12:31.828517","37.282564","127.043236"
"3009","2026-06-02T13:12:31.829517","37.282582000000005","127.043218"
"3010","2026-06-02T13:12:31.830518","37.2826","127.0432"
"3011","2026-06-02T13:12:31.831516","37.282618","127.043182"
"3012","2026-06-02T13:12:31.832520","37.282636000000004","127.043164"
"3013","2026-06-02T13:12:31.833517","37.282654","127.043146"
"3014","2026-06-02T13:12:31.834516","37.282672000000005","127.043128"
"3015","2026-06-02T13:12:31.835515","37.28254","127.043284"
"3016","2026-06-02T13:12:31.836516","37.282728","127.04477200000001"
"3017","2026-06-02T13:12:31.836516","37.282746","127.04475400000001"
"3018","2026-06-02T13:12:31.837516","37.282764","127.044736"
"3019","2026-06-02T13:12:31.838516","37.282782000000005","127.044718"
"3020","2026-06-02T13:12:31.839517","37.2828","127.0447"
"3021","2026-06-02T13:12:31.840516","37.282818","127.04468200000001"
"3022","2026-06-02T13:12:31.840516","37.281727999999994","127.045072"
"3023","2026-06-02T13:12:31.842517","37.281746","127.04505400000001"
"3024","2026-06-02T13:12:31.843516","37.281763999999995","127.045036"
"3025","2026-06-02T13:12:31.843516","37.281782","127.045018"
"3026","2026-06-02T13:12:31.844517","37.2818","127.045"
"3027","2026-06-02T13:12:31.845513","37.281817999999994","127.044982"
"3028","2026-06-02T13:12:31.846516","37.281836","127.04496400000001"
"3029","2026-06-02T13:12:31.847516","37.281853999999996","127.044946"
"3030","2026-06-02T13:12:31.847516","37.281872","127.044928"
"3031","2026-06-02T13:12:31.848516","37.28173999999999","127.045084"
"3032","2026-06-02T13:12:31.849516","37.281757999999996","127.045066"
"3033","2026-06-02T13:12:31.850516","37.281775999999994","127.045048"
"3034","2026-06-02T13:12:31.851514","37.281794","127.04503"
"3035","2026-06-02T13:12:31.851514","37.281811999999995","127.045012"
"3036","2026-06-02T13:12:31.852517","37.28182999999999","127.044994"
"3037","2026-06-02T13:12:31.853514","37.281848","127.044976"
"3038","2026-06-02T13:12:31.855516","37.281865999999994","127.044958"
"3039","2026-06-02T13:12:31.856514","37.281884","127.04494"
"3040","2026-06-02T13:12:31.857513","37.281752","127.045096"
"3041","2026-06-02T13:12:31.858516","37.28177","127.045078"
"3042","2026-06-02T13:12:31.861513","37.281788","127.04505999999999"
"3043","2026-06-02T13:12:31.862513","37.281806","127.045042"
"3044","2026-06-02T13:12:31.863518","37.283027999999995","127.043572"
"3045","2026-06-02T13:12:31.863518","37.283046","127.043554"
"3046","2026-06-02T13:12:31.864518","37.281428","127.044672"
"3047","2026-06-02T13:12:31.865518","37.281446","127.04465400000001"
"3048","2026-06-02T13:12:31.866518","37.281464","127.044636"
"3049","2026-06-02T13:12:31.866518","37.281482000000004","127.044618"
"3050","2026-06-02T13:12:31.867523","37.2815","127.0446"
"3051","2026-06-02T13:12:31.868521","37.281518","127.044582"
"3052","2026-06-02T13:12:31.868521","37.281536","127.04456400000001"
"3053","2026-06-02T13:12:31.869518","37.281554","127.044546"
"3054","2026-06-02T13:12:31.869518","37.281572000000004","127.044528"
"3055","2026-06-02T13:12:31.870522","37.281439999999996","127.044684"
"3056","2026-06-02T13:12:31.870522","37.281458","127.044666"
"3057","2026-06-02T13:12:31.871521","37.281476","127.044648"
"3058","2026-06-02T13:12:31.872520","37.281494","127.04463"
"3059","2026-06-02T13:12:31.872520","37.281512","127.044612"
"3060","2026-06-02T13:12:31.872520","37.28153","127.044594"
"3061","2026-06-02T13:12:31.873520","37.281548","127.044576"
"3062","2026-06-02T13:12:31.873520","37.281566","127.044558"
"3063","2026-06-02T13:12:31.874520","37.281584","127.04454"
"3064","2026-06-02T13:12:31.874520","37.299927999999994","127.100072"
"3065","2026-06-02T13:12:31.874520","37.282328","127.045872"
"3066","2026-06-02T13:12:31.875520","37.282346000000004","127.045854"
"3067","2026-06-02T13:12:31.876521","37.282364","127.045836"
"3068","2026-06-02T13:12:31.876521","37.282382000000005","127.045818"
"3069","2026-06-02T13:12:31.878028","37.2824","127.0458"
"3070","2026-06-02T13:12:31.878028","37.283427999999994","127.045072"
"3071","2026-06-02T13:12:31.878028","37.283446","127.04505400000001"
"3072","2026-06-02T13:12:31.879039","37.283463999999995","127.045036"
"3073","2026-06-02T13:12:31.880038","37.283482","127.045018"
"3074","2026-06-02T13:12:31.880038","37.2835","127.045"
"3075","2026-06-02T13:12:31.881038","37.283517999999994","127.044982"
"3076","2026-06-02T13:12:31.881038","37.283536","127.04496400000001"
"3077","2026-06-02T13:12:31.882038","37.283553999999995","127.044946"
"3078","2026-06-02T13:12:31.882038","37.283572","127.044928"
"3079","2026-06-02T13:12:31.883040","37.28343999999999","127.045084"
"3080","2026-06-02T13:12:31.883040","37.283457999999996","127.045066"
"3081","2026-06-02T13:12:31.883040","37.28347599999999","127.045048"
"3082","2026-06-02T13:12:31.884038","37.281028","127.045472"
"3083","2026-06-02T13:12:31.884038","37.281046","127.045454"
"3084","2026-06-02T13:12:31.885039","37.281064","127.045436"
"3085","2026-06-02T13:12:31.885039","37.281082000000005","127.045418"
"3086","2026-06-02T13:12:31.886036","37.2811","127.0454"
"3087","2026-06-02T13:12:31.886036","37.281118","127.045382"
"3088","2026-06-02T13:12:31.886036","37.281136000000004","127.045364"
"3089","2026-06-02T13:12:31.887038","37.281154","127.045346"
"3090","2026-06-02T13:12:31.888038","37.282928","127.04607200000001"
"3091","2026-06-02T13:12:31.888038","37.282946","127.04605400000001"
"3092","2026-06-02T13:12:31.888038","37.282964","127.046036"
"3093","2026-06-02T13:12:31.889038","37.282982000000004","127.046018"
"3094","2026-06-02T13:12:31.889038","37.283","127.046"
"3095","2026-06-02T13:12:31.889038","37.283018","127.04598200000001"
"3096","2026-06-02T13:12:31.890038","37.283036","127.04596400000001"
"3097","2026-06-02T13:12:31.890038","37.283054","127.045946"
"3098","2026-06-02T13:12:31.890038","37.283072000000004","127.045928"
"3099","2026-06-02T13:12:31.891038","37.282939999999996","127.04608400000001"
"3100","2026-06-02T13:12:31.891038","37.282958","127.04606600000001"
"3101","2026-06-02T13:12:31.892038","37.282976","127.046048"
"3102","2026-06-02T13:12:31.893038","37.282994","127.04603"
"3103","2026-06-02T13:12:31.893038","37.283012","127.046012"
"3104","2026-06-02T13:12:31.894038","37.28303","127.04599400000001"
"3105","2026-06-02T13:12:31.894038","37.281828","127.045972"
"3106","2026-06-02T13:12:31.895038","37.281846","127.04595400000001"
"3107","2026-06-02T13:12:31.895038","37.281864","127.045936"
"3108","2026-06-02T13:12:31.896038","37.283528","127.044072"
"3109","2026-06-02T13:12:31.896038","37.283546","127.044054"
"3110","2026-06-02T13:12:31.897038","37.283564","127.04403599999999"
"3111","2026-06-02T13:12:31.897038","37.283582","127.044018"
"3112","2026-06-02T13:12:31.898035","37.2836","127.044"
"3113","2026-06-02T13:12:31.899036","37.283618","127.043982"
"3114","2026-06-02T13:12:31.899036","37.283636","127.043964"
"3115","2026-06-02T13:12:31.900040","37.283654","127.04394599999999"
"3116","2026-06-02T13:12:31.901038","37.283672","127.043928"
"3117","2026-06-02T13:12:31.901038","37.283539999999995","127.044084"
"3118","2026-06-02T13:12:31.902038","37.282227999999996","127.043172"
"3119","2026-06-02T13:12:31.903038","37.282246","127.043154"
"3120","2026-06-02T13:12:31.903038","37.282264","127.04313599999999"
"3121","2026-06-02T13:12:31.904038","37.282282","127.04311799999999"
"3122","2026-06-02T13:12:31.905037","37.2823","127.0431"
"3123","2026-06-02T13:12:31.905037","37.282318","127.043082"
"3124","2026-06-02T13:12:31.906038","37.283227999999994","127.043772"
"3125","2026-06-02T13:12:31.906038","37.283246","127.043754"
"3126","2026-06-02T13:12:31.907038","37.283263999999996","127.043736"
"3127","2026-06-02T13:12:31.908038","37.283282","127.043718"
"3128","2026-06-02T13:12:31.909038","37.2833","127.0437"
"3129","2026-06-02T13:12:31.909038","37.283317999999994","127.043682"
"3130","2026-06-02T13:12:31.910038","37.283336","127.043664"
"3131","2026-06-02T13:12:31.910038","37.283353999999996","127.043646"
"3132","2026-06-02T13:12:31.911038","37.283372","127.043628"
"3133","2026-06-02T13:12:31.912038","37.28323999999999","127.043784"
"3134","2026-06-02T13:12:31.912038","37.283258","127.043766"
"3135","2026-06-02T13:12:31.913038","37.283275999999994","127.043748"
"3136","2026-06-02T13:12:31.913038","37.283294","127.04373"
"3137","2026-06-02T13:12:31.914037","37.283311999999995","127.043712"
"3138","2026-06-02T13:12:31.914037","37.28332999999999","127.043694"
"3139","2026-06-02T13:12:31.915037","37.283348","127.043676"
"3140","2026-06-02T13:12:31.915037","37.283365999999994","127.043658"
"3141","2026-06-02T13:12:31.916038","37.283384","127.04364"
"3142","2026-06-02T13:12:31.916038","37.283252","127.043796"
"3143","2026-06-02T13:12:31.916038","37.28327","127.043778"
"3144","2026-06-02T13:12:31.917038","37.283288","127.04375999999999"
"3145","2026-06-02T13:12:31.918035","37.283306","127.043742"
"3146","2026-06-02T13:12:31.918035","37.28192799999999","127.046272"
"3147","2026-06-02T13:12:31.919038","37.281946","127.046254"
"3148","2026-06-02T13:12:31.919038","37.281228","127.04347200000001"
"3149","2026-06-02T13:12:31.920040","37.281246","127.04345400000001"
"3150","2026-06-02T13:12:31.921038","37.281264","127.043436"
"3151","2026-06-02T13:12:31.921038","37.281282000000004","127.043418"
"3152","2026-06-02T13:12:31.922038","37.2813","127.0434"
"3153","2026-06-02T13:12:31.922038","37.281318","127.04338200000001"
"3154","2026-06-02T13:12:31.923038","37.281336","127.04336400000001"
"3155","2026-06-02T13:12:31.923038","37.281354","127.043346"
"3156","2026-06-02T13:12:31.923038","37.281372000000005","127.043328"
"3157","2026-06-02T13:12:31.924038","37.28124","127.043484"
"3158","2026-06-02T13:12:31.924038","37.281258","127.04346600000001"
"3159","2026-06-02T13:12:31.925038","37.281276","127.043448"
"3160","2026-06-02T13:12:31.925038","37.281294","127.04343"
"3161","2026-06-02T13:12:31.926038","37.281312","127.043412"
"3162","2026-06-02T13:12:31.927038","37.28133","127.043394"
"3163","2026-06-02T13:12:31.928037","37.281348","127.04337600000001"
"3164","2026-06-02T13:12:31.928037","37.281366","127.043358"
"3165","2026-06-02T13:12:31.928037","37.281384","127.04334"
"3166","2026-06-02T13:12:31.929037","37.282478","127.046422"
"3167","2026-06-02T13:12:31.931035","37.283677999999995","127.045422"
"3168","2026-06-02T13:12:31.932035","37.283696","127.045404"
"3169","2026-06-02T13:12:31.933035","37.283713999999996","127.045386"
"3170","2026-06-02T13:12:31.934036","37.283732","127.045368"
"3171","2026-06-02T13:12:31.935036","37.28375","127.04535"
"3172","2026-06-02T13:12:31.936035","37.281678","127.046522"
"3173","2026-06-02T13:12:31.936035","37.281696000000004","127.046504"
"3174","2026-06-02T13:12:31.937035","37.281714","127.04648599999999"
"3175","2026-06-02T13:12:31.937035","37.281732000000005","127.04646799999999"
"3176","2026-06-02T13:12:31.938035","37.28175","127.04645"
"3177","2026-06-02T13:12:31.939035","37.281768","127.046432"
"3178","2026-06-02T13:12:31.939035","37.281786000000004","127.046414"
"3179","2026-06-02T13:12:31.939035","37.281804","127.04639599999999"
"3180","2026-06-02T13:12:31.940036","37.281822000000005","127.04637799999999"
"3181","2026-06-02T13:12:31.940036","37.28169","127.046534"
"3182","2026-06-02T13:12:31.941036","37.281708","127.046516"
"3183","2026-06-02T13:12:31.941036","37.281726","127.04649799999999"
"3184","2026-06-02T13:12:31.942035","37.281378","127.045922"
"3185","2026-06-02T13:12:31.942035","37.281396","127.04590400000001"
"3186","2026-06-02T13:12:31.943036","37.281414","127.045886"
"3187","2026-06-02T13:12:31.943036","37.281432","127.045868"
"3188","2026-06-02T13:12:31.944039","37.28145","127.04585"
"3189","2026-06-02T13:12:31.944039","37.281468","127.045832"
"3190","2026-06-02T13:12:31.945037","37.281486","127.04581400000001"
"3191","2026-06-02T13:12:31.945037","37.281504","127.045796"
"3192","2026-06-02T13:12:31.945037","37.282078","127.046672"
"3193","2026-06-02T13:12:31.946038","37.282096","127.046654"
"3194","2026-06-02T13:12:31.946038","37.282114","127.04663599999999"
"3195","2026-06-02T13:12:31.947038","37.282132000000004","127.046618"
"3196","2026-06-02T13:12:31.947038","37.28215","127.0466"
"3197","2026-06-02T13:12:31.948038","37.282168","127.046582"
"3198","2026-06-02T13:12:31.948038","37.282186","127.046564"
"3199","2026-06-02T13:12:31.948038","37.282204","127.04654599999999"
"3200","2026-06-02T13:12:31.949037","37.282222000000004","127.046528"
"3201","2026-06-02T13:12:31.949037","37.28209","127.046684"
"3202","2026-06-02T13:12:31.949037","37.282108","127.046666"
"3203","2026-06-02T13:12:31.950038","37.282126","127.04664799999999"
"3204","2026-06-02T13:12:31.950038","37.282144","127.04663"
"3205","2026-06-02T13:12:31.951036","37.282162","127.046612"
"3206","2026-06-02T13:12:31.951036","37.28218","127.046594"
"3207","2026-06-02T13:12:31.951036","37.283077999999996","127.045972"
"3208","2026-06-02T13:12:31.952038","37.283096","127.04595400000001"
"3209","2026-06-02T13:12:31.952038","37.283114","127.045936"
"3210","2026-06-02T13:12:31.952038","37.280877999999994","127.04472200000001"
"3211","2026-06-02T13:12:31.953038","37.280896","127.04470400000001"
"3212","2026-06-02T13:12:31.953038","37.280913999999996","127.044686"
"3213","2026-06-02T13:12:31.953038","37.280932","127.044668"
"3214","2026-06-02T13:12:31.953038","37.28095","127.04465"
"3215","2026-06-02T13:12:31.953038","37.280967999999994","127.04463200000001"
"3216","2026-06-02T13:12:31.954037","37.280986","127.04461400000001"
"3217","2026-06-02T13:12:31.954037","37.281003999999996","127.044596"
"3218","2026-06-02T13:12:31.954037","37.281022","127.044578"
"3219","2026-06-02T13:12:31.954037","37.28088999999999","127.044734"
"3220","2026-06-02T13:12:31.955037","37.283477999999995","127.043322"
"3221","2026-06-02T13:12:31.955037","37.283496","127.043304"
"3222","2026-06-02T13:12:31.955037","37.283514","127.043286"
"3223","2026-06-02T13:12:31.955037","37.283532","127.043268"
"3224","2026-06-02T13:12:31.955037","37.28355","127.04325"
"3225","2026-06-02T13:12:31.956038","37.283567999999995","127.043232"
"3226","2026-06-02T13:12:31.956038","37.281577999999996","127.043322"
"3227","2026-06-02T13:12:31.956038","37.281596","127.043304"
"3228","2026-06-02T13:12:31.964043","37.281614","127.043286"
"3229","2026-06-02T13:12:31.964043","37.281632","127.043268"
"3230","2026-06-02T13:12:31.964043","37.28165","127.04325"
"3231","2026-06-02T13:12:31.965042","37.281667999999996","127.043232"
"3232","2026-06-02T13:12:31.965042","37.281686","127.043214"
"3233","2026-06-02T13:12:31.965042","37.281704","127.043196"
"3234","2026-06-02T13:12:31.965042","37.281722","127.043178"
"3235","2026-06-02T13:12:31.966042","37.281589999999994","127.043334"
"3236","2026-06-02T13:12:31.966042","37.281608","127.043316"
"3237","2026-06-02T13:12:31.966042","37.281625999999996","127.043298"
"3238","2026-06-02T13:12:31.966042","37.281644","127.04328"
"3239","2026-06-02T13:12:31.966042","37.281662","127.043262"
"3240","2026-06-02T13:12:31.967042","37.281679999999994","127.043244"
"3241","2026-06-02T13:12:31.967042","37.281698","127.043226"
"3242","2026-06-02T13:12:31.968042","37.281715999999996","127.04320799999999"
"3243","2026-06-02T13:12:31.968042","37.281734","127.04319"
"3244","2026-06-02T13:12:31.968042","37.281602","127.043346"
"3245","2026-06-02T13:12:31.968042","37.281620000000004","127.043328"
"3246","2026-06-02T13:12:31.969042","37.281638","127.04330999999999"
"3247","2026-06-02T13:12:31.969042","37.281656000000005","127.043292"
"3248","2026-06-02T13:12:31.969042","37.280778","127.045422"
"3249","2026-06-02T13:12:31.969042","37.280796","127.045404"
"3250","2026-06-02T13:12:31.969042","37.283778","127.043822"
"3251","2026-06-02T13:12:31.970042","37.283796","127.04380400000001"
"3252","2026-06-02T13:12:31.970042","37.283814","127.043786"
"3253","2026-06-02T13:12:31.970042","37.283832000000004","127.043768"
"3254","2026-06-02T13:12:31.970042","37.28385","127.04375"
"3255","2026-06-02T13:12:31.970042","37.283868","127.043732"
"3256","2026-06-02T13:12:31.971042","37.283886","127.04371400000001"
"3257","2026-06-02T13:12:31.971042","37.283904","127.043696"
"3258","2026-06-02T13:12:31.971042","37.283922000000004","127.043678"
"3259","2026-06-02T13:12:31.971042","37.283789999999996","127.043834"
"3260","2026-06-02T13:12:31.971042","37.283808","127.043816"
"3261","2026-06-02T13:12:31.972042","37.283826","127.043798"
"3262","2026-06-02T13:12:31.972042","37.283844","127.04378"
"3263","2026-06-02T13:12:31.972042","37.283862","127.043762"
"3264","2026-06-02T13:12:31.973042","37.283879999999996","127.043744"
"3265","2026-06-02T13:12:31.973042","37.283898","127.043726"
"3266","2026-06-02T13:12:31.973042","37.283916","127.043708"
"3267","2026-06-02T13:12:31.973042","37.283934","127.04369"
"3268","2026-06-02T13:12:31.973042","37.280677999999995","127.043822"
"3269","2026-06-02T13:12:31.974042","37.280477999999995","127.04432200000001"
"3270","2026-06-02T13:12:31.974042","37.280496","127.04430400000001"
"3271","2026-06-02T13:12:31.974042","37.280514","127.044286"
"3272","2026-06-02T13:12:31.974042","37.280532","127.044268"
"3273","2026-06-02T13:12:31.974042","37.28055","127.04425"
"3274","2026-06-02T13:12:31.974042","37.282377999999994","127.042522"
"3275","2026-06-02T13:12:31.975042","37.282396","127.04250400000001"
"3276","2026-06-02T13:12:31.975042","37.282413999999996","127.042486"
"3277","2026-06-02T13:12:31.975042","37.282432","127.042468"
"3278","2026-06-02T13:12:31.976042","37.28245","127.04245"
"3279","2026-06-02T13:12:31.976042","37.282467999999994","127.042432"
"3280","2026-06-02T13:12:31.977044","37.282486","127.04241400000001"
"3281","2026-06-02T13:12:31.977044","37.282503999999996","127.042396"
"3282","2026-06-02T13:12:31.978043","37.282522","127.042378"
"3283","2026-06-02T13:12:31.978043","37.28238999999999","127.042534"
"3284","2026-06-02T13:12:31.978553","37.282408","127.042516"
"3285","2026-06-02T13:12:31.978553","37.282425999999994","127.042498"
"3286","2026-06-02T13:12:31.978553","37.280828","127.044122"
"3287","2026-06-02T13:12:31.978553","37.280846000000004","127.044104"
"3288","2026-06-02T13:12:31.978553","37.280864","127.044086"
"3289","2026-06-02T13:12:31.979563","37.280882000000005","127.044068"
"3290","2026-06-02T13:12:31.979563","37.2809","127.04405"
"3291","2026-06-02T13:12:31.979563","37.280918","127.044032"
"3292","2026-06-02T13:12:31.979563","37.280936000000004","127.044014"
"3293","2026-06-02T13:12:31.979563","37.280954","127.04399599999999"
"3294","2026-06-02T13:12:31.980563","37.280578","127.046122"
"3295","2026-06-02T13:12:31.980563","37.280596","127.046104"
"3296","2026-06-02T13:12:31.980563","37.280614","127.04608599999999"
"3297","2026-06-02T13:12:31.981560","37.280632000000004","127.04606799999999"
"3298","2026-06-02T13:12:31.981560","37.28065","127.04605"
"3299","2026-06-02T13:12:31.982563","37.280668","127.046032"
"3300","2026-06-02T13:12:31.982563","37.280686","127.046014"
"3301","2026-06-02T13:12:31.982563","37.280704","127.04599599999999"
"3302","2026-06-02T13:12:31.983562","37.280722000000004","127.04597799999999"
"3303","2026-06-02T13:12:31.983562","37.28059","127.046134"
"3304","2026-06-02T13:12:31.983562","37.280608","127.046116"
"3305","2026-06-02T13:12:31.984562","37.280626","127.04609799999999"
"3306","2026-06-02T13:12:31.984562","37.280644","127.04607999999999"
"3307","2026-06-02T13:12:31.984562","37.280662","127.04606199999999"
"3308","2026-06-02T13:12:31.985562","37.28068","127.046044"
"3309","2026-06-02T13:12:31.985562","37.282678","127.04302200000001"
"3310","2026-06-02T13:12:31.985562","37.282696","127.04300400000001"
"3311","2026-06-02T13:12:31.985562","37.282714","127.042986"
"3312","2026-06-02T15:11:28.540791","37.283128","127.04517200000001"
"3313","2026-06-02T15:11:28.582191","37.282328","127.043972"
"3314","2026-06-02T15:11:28.584863","37.282346000000004","127.043954"
"3315","2026-06-02T15:11:28.586319","37.282364","127.04393599999999"
"3316","2026-06-02T15:11:28.589119","37.282382000000005","127.04391799999999"
"3317","2026-06-02T15:11:28.590712","37.2824","127.0439"
"3318","2026-06-02T15:11:28.593230","37.281628","127.04477200000001"
"3319","2026-06-02T15:11:28.596091","37.281646","127.04475400000001"
"3320","2026-06-02T15:11:28.598181","37.281664","127.044736"
"3321","2026-06-02T15:11:28.600628","37.281682","127.044718"
"3322","2026-06-02T15:11:28.601730","37.2817","127.0447"
"3323","2026-06-02T15:11:28.603959","37.281718","127.04468200000001"
"3324","2026-06-02T15:11:28.606729","37.281736","127.04466400000001"
"3325","2026-06-02T15:11:28.608714","37.281754","127.044646"
"3326","2026-06-02T15:11:28.610459","37.281772000000004","127.044628"
"3327","2026-06-02T15:11:28.613363","37.281639999999996","127.044784"
"3328","2026-06-02T15:11:28.615375","37.281658","127.04476600000001"
"3329","2026-06-02T15:11:28.617385","37.281676","127.044748"
"3330","2026-06-02T15:11:28.620154","37.282928","127.044172"
"3331","2026-06-02T15:11:28.622741","37.282946","127.044154"
"3332","2026-06-02T15:11:28.625170","37.282964","127.044136"
"3333","2026-06-02T15:11:28.627048","37.282982000000004","127.044118"
"3334","2026-06-02T15:11:28.629722","37.283","127.0441"
"3335","2026-06-02T15:11:28.633124","37.283018","127.044082"
"3336","2026-06-02T15:11:28.636456","37.283036","127.044064"
"3337","2026-06-02T15:11:28.640800","37.283054","127.044046"
"3338","2026-06-02T15:11:28.641930","37.282128","127.044972"
"3339","2026-06-02T15:11:28.644564","37.282146000000004","127.044954"
"3340","2026-06-02T15:11:28.647784","37.282164","127.04493599999999"
"3341","2026-06-02T15:11:28.651141","37.282182000000006","127.044918"
"3342","2026-06-02T15:11:28.654089","37.2822","127.0449"
"3343","2026-06-02T15:11:28.656806","37.282218","127.044882"
"3344","2026-06-02T15:11:28.658816","37.282236000000005","127.044864"
"3345","2026-06-02T15:11:28.661338","37.282254","127.04484599999999"
"3346","2026-06-02T15:11:28.663240","37.282272000000006","127.044828"
"3347","2026-06-02T15:11:28.666138","37.28214","127.044984"
"3348","2026-06-02T15:11:28.668394","37.282158","127.044966"
"3349","2026-06-02T15:11:28.670576","37.282176","127.04494799999999"
"3350","2026-06-02T15:11:28.672894","37.282194000000004","127.04493"
"3351","2026-06-02T15:11:28.675272","37.282212","127.044912"
"3352","2026-06-02T15:11:28.678314","37.28223","127.044894"
"3353","2026-06-02T15:11:28.680323","37.281828","127.043672"
"3354","2026-06-02T15:11:28.683268","37.281846","127.043654"
"3355","2026-06-02T15:11:28.685662","37.281864","127.04363599999999"
"3356","2026-06-02T15:11:28.687262","37.282627999999995","127.045472"
"3357","2026-06-02T15:11:28.690019","37.282646","127.045454"
"3358","2026-06-02T15:11:28.691244","37.282664","127.045436"
"3359","2026-06-02T15:11:28.693988","37.282682","127.045418"
"3360","2026-06-02T15:11:28.696727","37.2827","127.0454"
"3361","2026-06-02T15:11:28.699798","37.282717999999996","127.045382"
"3362","2026-06-02T15:11:28.701918","37.282736","127.045364"
"3363","2026-06-02T15:11:28.703250","37.282754","127.045346"
"3364","2026-06-02T15:11:28.705452","37.282772","127.045328"
"3365","2026-06-02T15:11:28.707496","37.282639999999994","127.045484"
"3366","2026-06-02T15:11:28.709507","37.283328","127.04437200000001"
"3367","2026-06-02T15:11:28.711023","37.283346","127.04435400000001"
"3368","2026-06-02T15:11:28.713239","37.283364","127.044336"
"3369","2026-06-02T15:11:28.715988","37.283382","127.044318"
"3370","2026-06-02T15:11:28.716914","37.2834","127.0443"
"3371","2026-06-02T15:11:28.718922","37.283418","127.04428200000001"
"3372","2026-06-02T15:11:28.721659","37.281727999999994","127.045272"
"3373","2026-06-02T15:11:28.723899","37.281746","127.045254"
"3374","2026-06-02T15:11:28.725909","37.281763999999995","127.04523599999999"
"3375","2026-06-02T15:11:28.728997","37.281782","127.04521799999999"
"3376","2026-06-02T15:11:28.731157","37.2818","127.0452"
"3377","2026-06-02T15:11:28.732601","37.281817999999994","127.045182"
"3378","2026-06-02T15:11:28.734611","37.281836","127.045164"
"3379","2026-06-02T15:11:28.735621","37.281853999999996","127.04514599999999"
"3380","2026-06-02T15:11:28.737500","37.281872","127.04512799999999"
"3381","2026-06-02T15:11:28.738582","37.28173999999999","127.045284"
"3382","2026-06-02T15:11:28.741037","37.281757999999996","127.045266"
"3383","2026-06-02T15:11:28.741970","37.281775999999994","127.04524799999999"
"3384","2026-06-02T15:11:28.744925","37.281794","127.04522999999999"
"3385","2026-06-02T15:11:28.746227","37.281811999999995","127.04521199999999"
"3386","2026-06-02T15:11:28.748743","37.28182999999999","127.045194"
"3387","2026-06-02T15:11:28.750116","37.281848","127.045176"
"3388","2026-06-02T15:11:28.752422","37.281865999999994","127.04515799999999"
"3389","2026-06-02T15:11:28.753850","37.281884","127.04513999999999"
"3390","2026-06-02T15:11:28.756114","37.281752","127.045296"
"3391","2026-06-02T15:11:28.758312","37.28177","127.045278"
"3392","2026-06-02T15:11:28.761328","37.281788","127.04525999999998"
"3393","2026-06-02T15:11:28.763338","37.281806","127.04524199999999"
"3394","2026-06-02T15:11:28.765350","37.282427999999996","127.043172"
"3395","2026-06-02T15:11:28.767361","37.282446","127.043154"
"3396","2026-06-02T15:11:28.771530","37.283027999999995","127.042972"
"3397","2026-06-02T15:11:28.774161","37.283046","127.04295400000001"
"3398","2026-06-02T15:11:28.777499","37.283063999999996","127.042936"
"3399","2026-06-02T15:11:28.797719","37.283082","127.042918"
"3400","2026-06-02T15:11:28.799730","37.2831","127.0429"
"3401","2026-06-02T15:11:28.803754","37.283117999999995","127.042882"
"3402","2026-06-02T15:11:28.827373","37.283136","127.04286400000001"
"3403","2026-06-02T15:11:28.829323","37.283153999999996","127.042846"
"3404","2026-06-02T15:11:28.831603","37.283172","127.042828"
"3405","2026-06-02T15:11:28.841084","37.28303999999999","127.042984"
"3406","2026-06-02T15:11:28.842972","37.283058","127.042966"
"3407","2026-06-02T15:11:28.844767","37.283075999999994","127.042948"
"3408","2026-06-02T15:11:28.848992","37.283094","127.04293"
"3409","2026-06-02T15:11:28.851400","37.283111999999996","127.042912"
"3410","2026-06-02T15:11:28.852915","37.28312999999999","127.042894"
"3411","2026-06-02T15:11:28.855944","37.283148","127.042876"
"3412","2026-06-02T15:11:28.858059","37.283165999999994","127.042858"
"3413","2026-06-02T15:11:28.860503","37.283184","127.04284"
"3414","2026-06-02T15:11:28.862070","37.281527999999994","127.044072"
"3415","2026-06-02T15:11:28.862070","37.28192799999999","127.042772"
"3416","2026-06-02T15:11:28.865449","37.281946","127.042754"
"3417","2026-06-02T15:11:28.868031","37.281963999999995","127.04273599999999"
"3418","2026-06-02T15:11:28.869536","37.281982","127.042718"
"3419","2026-06-02T15:11:28.871292","37.282","127.0427"
"3420","2026-06-02T15:11:28.875225","37.282928","127.044672"
"3421","2026-06-02T15:11:28.877096","37.282946","127.04465400000001"
"3422","2026-06-02T15:11:28.879870","37.282964","127.044636"
"3423","2026-06-02T15:11:28.885489","37.282982000000004","127.044618"
"3424","2026-06-02T15:11:28.886741","37.283","127.0446"
"3425","2026-06-02T15:11:28.890266","37.283018","127.044582"
"3426","2026-06-02T15:11:28.892232","37.283036","127.04456400000001"
"3427","2026-06-02T15:11:28.896286","37.283054","127.044546"
"3428","2026-06-02T15:11:28.898130","37.283072000000004","127.044528"
"3429","2026-06-02T15:11:28.902526","37.282939999999996","127.044684"
"3430","2026-06-02T15:11:28.909038","37.282958","127.044666"
"3431","2026-06-02T15:11:28.910792","37.282976","127.044648"
"3432","2026-06-02T15:11:28.912805","37.282728","127.043572"
"3433","2026-06-02T15:11:28.914614","37.282746","127.043554"
"3434","2026-06-02T15:11:28.916632","37.282764","127.04353599999999"
"3435","2026-06-02T15:11:28.917764","37.282782000000005","127.04351799999999"
"3436","2026-06-02T15:11:28.920315","37.2828","127.0435"
"3437","2026-06-02T15:11:28.922746","37.282818","127.043482"
"3438","2026-06-02T15:11:28.925968","37.282836","127.043464"
"3439","2026-06-02T15:11:28.930444","37.282854","127.04344599999999"
"3440","2026-06-02T15:11:28.933869","37.281428","127.044872"
"3441","2026-06-02T15:11:28.942344","37.281446","127.044854"
"3442","2026-06-02T15:11:28.943265","37.281464","127.04483599999999"
"3443","2026-06-02T15:11:28.945277","37.281482000000004","127.04481799999999"
"3444","2026-06-02T15:11:28.947990","37.2815","127.0448"
"3445","2026-06-02T15:11:28.950036","37.281518","127.044782"
"3446","2026-06-02T15:11:28.951794","37.281536","127.044764"
"3447","2026-06-02T15:11:28.954356","37.281554","127.04474599999999"
"3448","2026-06-02T15:11:28.957086","37.281572000000004","127.04472799999999"
"3449","2026-06-02T15:11:28.960835","37.281439999999996","127.044884"
"3450","2026-06-02T15:11:28.963394","37.281458","127.044866"
"3451","2026-06-02T15:11:28.965668","37.281476","127.04484799999999"
"3452","2026-06-02T15:11:28.966485","37.281494","127.04482999999999"
"3453","2026-06-02T15:11:28.968494","37.281512","127.044812"
"3454","2026-06-02T15:11:28.970088","37.28153","127.044794"
"3455","2026-06-02T15:11:28.972100","37.282528","127.045772"
"3456","2026-06-02T15:11:28.972100","37.282546","127.045754"
"3457","2026-06-02T15:11:28.974261","37.282564","127.04573599999999"
"3458","2026-06-02T15:11:28.976271","37.283427999999994","127.04387200000001"
"3459","2026-06-02T15:11:28.976271","37.283446","127.04385400000001"
"3460","2026-06-02T15:11:28.979288","37.283463999999995","127.043836"
"3461","2026-06-02T15:11:28.979288","37.283482","127.043818"
"3462","2026-06-02T15:11:28.981302","37.2835","127.0438"
"3463","2026-06-02T15:11:28.984596","37.283517999999994","127.04378200000001"
"3464","2026-06-02T15:11:28.986","37.283536","127.04376400000001"
"3465","2026-06-02T15:11:28.988014","37.283553999999995","127.043746"
"3466","2026-06-02T15:11:28.988014","37.283572","127.043728"
"3467","2026-06-02T15:11:28.990668","37.28343999999999","127.043884"
"3468","2026-06-02T15:11:28.992680","37.281327999999995","127.04347200000001"
"3469","2026-06-02T15:11:28.994923","37.281346","127.04345400000001"
"3470","2026-06-02T15:11:28.996935","37.281363999999996","127.043436"
"3471","2026-06-02T15:11:28.997476","37.281382","127.043418"
"3472","2026-06-02T15:11:29.000255","37.2814","127.0434"
"3473","2026-06-02T15:11:29.001446","37.281417999999995","127.04338200000001"
"3474","2026-06-02T15:11:29.003199","37.283628","127.044972"
"3475","2026-06-02T15:11:29.005374","37.283646000000005","127.044954"
"3476","2026-06-02T15:11:29.008848","37.283664","127.04493599999999"
"3477","2026-06-02T15:11:29.009525","37.283682000000006","127.044918"
"3478","2026-06-02T15:11:29.014080","37.2837","127.0449"
"3479","2026-06-02T15:11:29.017807","37.283718","127.044882"
"3480","2026-06-02T15:11:29.020278","37.283736000000005","127.044864"
"3481","2026-06-02T15:11:29.021326","37.283754","127.04484599999999"
"3482","2026-06-02T15:11:29.023451","37.283772000000006","127.044828"
"3483","2026-06-02T15:11:29.025481","37.28364","127.044984"
"3484","2026-06-02T15:11:29.026074","37.283658","127.044966"
"3485","2026-06-02T15:11:29.029193","37.283676","127.04494799999999"
"3486","2026-06-02T15:11:29.030619","37.283694000000004","127.04493"
"3487","2026-06-02T15:11:29.030619","37.283712","127.044912"
"3488","2026-06-02T15:11:29.034180","37.28373","127.044894"
"3489","2026-06-02T15:11:29.036601","37.283748","127.044876"
"3490","2026-06-02T15:11:29.037783","37.283766","127.04485799999999"
"3491","2026-06-02T15:11:29.039781","37.283784000000004","127.04484"
"3492","2026-06-02T15:11:29.041947","37.283652000000004","127.044996"
"3493","2026-06-02T15:11:29.043472","37.28367000000001","127.044978"
"3494","2026-06-02T15:11:29.045486","37.283688000000005","127.04495999999999"
"3495","2026-06-02T15:11:29.045486","37.28370600000001","127.04494199999999"
"3496","2026-06-02T15:11:29.047497","37.282028","127.042572"
"3497","2026-06-02T15:11:29.049506","37.282046","127.04255400000001"
"3498","2026-06-02T15:11:29.051069","37.283927999999996","127.044172"
"3499","2026-06-02T15:11:29.052848","37.283946","127.044154"
"3500","2026-06-02T15:11:29.052848","37.283964","127.044136"
"3501","2026-06-02T15:11:29.054858","37.283982","127.044118"
"3502","2026-06-02T15:11:29.057257","37.284","127.0441"
"3503","2026-06-02T15:11:29.058636","37.284017999999996","127.044082"
"3504","2026-06-02T15:11:29.061265","37.284036","127.044064"
"3505","2026-06-02T15:11:29.063276","37.284054","127.044046"
"3506","2026-06-02T15:11:29.065089","37.284072","127.044028"
"3507","2026-06-02T15:11:29.066950","37.283939999999994","127.044184"
"3508","2026-06-02T15:11:29.068920","37.283958","127.044166"
"3509","2026-06-02T15:11:29.072719","37.283975999999996","127.04414799999999"
"3510","2026-06-02T15:11:29.073278","37.283994","127.04413"
"3511","2026-06-02T15:11:29.076648","37.284012","127.044112"
"3512","2026-06-02T15:11:29.078660","37.284029999999994","127.044094"
"3513","2026-06-02T15:11:29.078660","37.284048","127.044076"
"3514","2026-06-02T15:11:29.080827","37.284065999999996","127.04405799999999"
"3515","2026-06-02T15:11:29.083853","37.284084","127.04404"
"3516","2026-06-02T15:11:29.085436","37.281828","127.04607200000001"
"3517","2026-06-02T15:11:29.087445","37.282827999999995","127.046272"
"3518","2026-06-02T15:11:29.089381","37.282846","127.046254"
"3519","2026-06-02T15:11:29.089381","37.282864","127.046236"
"3520","2026-06-02T15:11:29.092153","37.282882","127.046218"
"3521","2026-06-02T15:11:29.094390","37.2829","127.0462"
"3522","2026-06-02T15:11:29.094390","37.281228","127.045672"
"3523","2026-06-02T15:11:29.096985","37.281246","127.045654"
"3524","2026-06-02T15:11:29.098633","37.281264","127.04563599999999"
"3525","2026-06-02T15:11:29.099641","37.281282000000004","127.04561799999999"
"3526","2026-06-02T15:11:29.101654","37.2813","127.0456"
"3527","2026-06-02T15:11:29.106033","37.281318","127.045582"
"3528","2026-06-02T15:11:29.111075","37.281336","127.045564"
"3529","2026-06-02T15:11:29.112301","37.281354","127.04554599999999"
"3530","2026-06-02T15:11:29.118461","37.281372000000005","127.04552799999999"
"3531","2026-06-02T15:11:29.120470","37.28124","127.045684"
"3532","2026-06-02T15:11:29.122127","37.281258","127.045666"
"3533","2026-06-02T15:11:29.123666","37.281276","127.04564799999999"
"3534","2026-06-02T15:11:29.125185","37.284028","127.043272"
"3535","2026-06-02T15:11:29.127391","37.284046000000004","127.043254"
"3536","2026-06-02T15:11:29.128414","37.284064","127.043236"
"3537","2026-06-02T15:11:29.129597","37.284082000000005","127.043218"
"3538","2026-06-02T15:11:29.132458","37.2841","127.0432"
"3539","2026-06-02T15:11:29.133738","37.284118","127.043182"
"3540","2026-06-02T15:11:29.134483","37.284136000000004","127.043164"
"3541","2026-06-02T15:11:29.136543","37.284154","127.043146"
"3542","2026-06-02T15:11:29.138515","37.281028","127.044272"
"3543","2026-06-02T15:11:29.140392","37.281046","127.04425400000001"
"3544","2026-06-02T15:11:29.141922","37.281064","127.044236"
"3545","2026-06-02T15:11:29.144497","37.281082000000005","127.044218"
"3546","2026-06-02T15:11:29.144497","37.2811","127.0442"
"3547","2026-06-02T15:11:29.149458","37.281118","127.044182"
"3548","2026-06-02T15:11:29.152009","37.281136000000004","127.04416400000001"
"3549","2026-06-02T15:11:29.153020","37.281154","127.044146"
"3550","2026-06-02T15:11:29.154992","37.281172000000005","127.044128"
"3551","2026-06-02T15:11:29.156916","37.28104","127.044284"
"3552","2026-06-02T15:11:29.159029","37.281058","127.04426600000001"
"3553","2026-06-02T15:11:29.161041","37.281076","127.044248"
"3554","2026-06-02T15:11:29.161041","37.281094","127.04423"
"3555","2026-06-02T15:11:29.164431","37.281112","127.044212"
"3556","2026-06-02T15:11:29.166527","37.28113","127.044194"
"3557","2026-06-02T15:11:29.168312","37.283828","127.045372"
"3558","2026-06-02T15:11:29.169210","37.283846000000004","127.045354"
"3559","2026-06-02T15:11:29.171726","37.283864","127.04533599999999"
"3560","2026-06-02T15:11:29.173229","37.282227999999996","127.04647200000001"
"3561","2026-06-02T15:11:29.174739","37.282246","127.04645400000001"
"3562","2026-06-02T15:11:29.177068","37.282264","127.046436"
"3563","2026-06-02T15:11:29.178456","37.282282","127.046418"
"3564","2026-06-02T15:11:29.180465","37.2823","127.0464"
"3565","2026-06-02T15:11:29.182936","37.282318","127.04638200000001"
"3566","2026-06-02T15:11:29.186335","37.282336","127.04636400000001"
"3567","2026-06-02T15:11:29.189842","37.282354","127.046346"
"3568","2026-06-02T15:11:29.192128","37.282372","127.046328"
"3569","2026-06-02T15:11:29.194892","37.282239999999994","127.046484"
"3570","2026-06-02T15:11:29.203773","37.280927999999996","127.043772"
"3571","2026-06-02T15:11:29.204592","37.280946","127.043754"
"3572","2026-06-02T15:11:29.206553","37.280964","127.043736"
"3573","2026-06-02T15:11:29.209192","37.280982","127.043718"
"3574","2026-06-02T15:11:29.215050","37.281","127.0437"
"3575","2026-06-02T15:11:29.215050","37.281017999999996","127.043682"
"3576","2026-06-02T15:11:29.218070","37.284127999999995","127.044872"
"3577","2026-06-02T15:11:29.220080","37.284146","127.044854"
"3578","2026-06-02T15:11:29.223101","37.284164","127.04483599999999"
"3579","2026-06-02T15:11:29.223838","37.284182","127.04481799999999"
"3580","2026-06-02T15:11:29.225168","37.2842","127.0448"
"3581","2026-06-02T15:11:29.227184","37.284217999999996","127.044782"
"3582","2026-06-02T15:11:29.227184","37.284236","127.044764"
"3583","2026-06-02T15:11:29.229196","37.284254","127.04474599999999"
"3584","2026-06-02T15:11:29.231210","37.284272","127.04472799999999"
"3585","2026-06-02T15:11:29.232242","37.284139999999994","127.044884"
"3586","2026-06-02T15:11:29.234257","37.284158","127.044866"
"3587","2026-06-02T15:11:29.236267","37.284175999999995","127.04484799999999"
"3588","2026-06-02T15:11:29.237582","37.284194","127.04482999999999"
"3589","2026-06-02T15:11:29.238206","37.284212","127.044812"
"3590","2026-06-02T15:11:29.241728","37.284229999999994","127.044794"
"3591","2026-06-02T15:11:29.241728","37.284248","127.044776"
"3592","2026-06-02T15:11:29.243740","37.284265999999995","127.04475799999999"
"3593","2026-06-02T15:11:29.245750","37.284284","127.04473999999999"
"3594","2026-06-02T15:11:29.247761","37.284152","127.044896"
"3595","2026-06-02T15:11:29.247761","37.28417","127.044878"
"3596","2026-06-02T15:11:29.250459","37.284188","127.04485999999999"
"3597","2026-06-02T15:11:29.251066","37.284206000000005","127.04484199999999"
"3598","2026-06-02T15:11:29.253074","37.283227999999994","127.046672"
"3599","2026-06-02T15:11:29.253583","37.283246","127.046654"
"3600","2026-06-02T15:11:29.255596","37.281127999999995","127.042972"
"3601","2026-06-02T15:11:29.256204","37.281146","127.04295400000001"
"3602","2026-06-02T15:11:29.258217","37.281164","127.042936"
"3603","2026-06-02T15:11:29.258217","37.281182","127.042918"
"3604","2026-06-02T15:11:29.260232","37.2812","127.0429"
"3605","2026-06-02T15:11:29.262247","37.281217999999996","127.042882"
"3606","2026-06-02T15:11:29.262247","37.281236","127.04286400000001"
"3607","2026-06-02T15:11:29.264750","37.281254","127.042846"
"3608","2026-06-02T15:11:29.264750","37.281272","127.042828"
"3609","2026-06-02T15:11:29.266765","37.28113999999999","127.042984"
"3610","2026-06-02T15:11:29.268778","37.281158","127.042966"
"3611","2026-06-02T15:11:29.270790","37.281175999999995","127.042948"
"3612","2026-06-02T15:11:29.270790","37.281194","127.04293"
"3613","2026-06-02T15:11:29.273034","37.281212","127.042912"
"3614","2026-06-02T15:11:29.275047","37.281229999999994","127.042894"
"3615","2026-06-02T15:11:29.277061","37.281248","127.042876"
"3616","2026-06-02T15:11:29.277061","37.281265999999995","127.042858"
"3617","2026-06-02T15:11:29.279075","37.281284","127.04284"
"3618","2026-06-02T15:11:29.281337","37.283128","127.04517200000001"
"3619","2026-06-02T15:11:29.283352","37.282128","127.045572"
"3620","2026-06-02T15:11:29.283352","37.282146000000004","127.04555400000001"
"3621","2026-06-02T15:11:29.286117","37.282164","127.045536"
"3622","2026-06-02T15:11:29.287598","37.282182000000006","127.045518"
"3623","2026-06-02T15:11:29.288213","37.2822","127.0455"
"3624","2026-06-02T15:11:29.289222","37.281628","127.04477200000001"
"3625","2026-06-02T15:11:29.290360","37.281646","127.04475400000001"
"3626","2026-06-02T15:11:29.292372","37.281664","127.044736"
"3627","2026-06-02T15:11:29.292372","37.281682","127.044718"
"3628","2026-06-02T15:11:29.294382","37.2817","127.0447"
"3629","2026-06-02T15:11:29.296389","37.281718","127.04468200000001"
"3630","2026-06-02T15:11:29.297908","37.281736","127.04466400000001"
"3631","2026-06-02T15:11:29.299496","37.281754","127.044646"
"3632","2026-06-02T15:11:29.301401","37.281772000000004","127.044628"
"3633","2026-06-02T15:11:29.302824","37.281639999999996","127.044784"
"3634","2026-06-02T15:11:29.303489","37.281658","127.04476600000001"
"3635","2026-06-02T15:11:29.303489","37.281676","127.044748"
"3636","2026-06-02T15:11:29.306764","37.282128","127.044972"
"3637","2026-06-02T15:11:29.308778","37.282146000000004","127.044954"
"3638","2026-06-02T15:11:29.310789","37.282164","127.04493599999999"
"3639","2026-06-02T15:11:29.312047","37.282182000000006","127.044918"
"3640","2026-06-02T15:11:29.312793","37.2822","127.0449"
"3641","2026-06-02T15:11:29.314490","37.282218","127.044882"
"3642","2026-06-02T15:11:29.315910","37.282236000000005","127.044864"
"3643","2026-06-02T15:11:29.317012","37.282254","127.04484599999999"
"3644","2026-06-02T15:11:29.318524","37.283328","127.04437200000001"
"3645","2026-06-02T15:11:29.320025","37.283346","127.04435400000001"
"3646","2026-06-02T15:11:29.320810","37.283364","127.044336"
"3647","2026-06-02T15:11:29.322344","37.283382","127.044318"
"3648","2026-06-02T15:11:29.323601","37.2834","127.0443"
"3649","2026-06-02T15:11:29.323601","37.283418","127.04428200000001"
"3650","2026-06-02T15:11:29.326545","37.283436","127.04426400000001"
"3651","2026-06-02T15:11:29.327917","37.283454","127.044246"
"3652","2026-06-02T15:11:29.329202","37.283472","127.044228"
"3653","2026-06-02T15:11:29.330213","37.283339999999995","127.04438400000001"
"3654","2026-06-02T15:11:29.333573","37.283358","127.04436600000001"
"3655","2026-06-02T15:11:29.335582","37.283376","127.044348"
"3656","2026-06-02T15:11:29.336594","37.283394","127.04433"
"3657","2026-06-02T15:11:29.336594","37.283412","127.044312"
"3658","2026-06-02T15:11:29.339579","37.283429999999996","127.04429400000001"
"3659","2026-06-02T15:11:29.340744","37.281327999999995","127.04387200000001"
"3660","2026-06-02T15:11:29.342063","37.281346","127.04385400000001"
"3661","2026-06-02T15:11:29.342063","37.281363999999996","127.043836"
"3662","2026-06-02T15:11:29.344076","37.282528","127.043272"
"3663","2026-06-02T15:11:29.346790","37.282546","127.043254"
"3664","2026-06-02T15:11:29.346790","37.282564","127.043236"
"3665","2026-06-02T15:11:29.349337","37.282582000000005","127.043218"
"3666","2026-06-02T15:11:29.349337","37.2826","127.0432"
"3667","2026-06-02T15:11:29.351491","37.282618","127.043182"
"3668","2026-06-02T15:11:29.355384","37.282636000000004","127.043164"
"3669","2026-06-02T15:11:29.356043","37.282654","127.043146"
"3670","2026-06-02T15:11:29.358054","37.282672000000005","127.043128"
"3671","2026-06-02T15:11:29.359068","37.28254","127.043284"
"3672","2026-06-02T15:11:29.361078","37.282728","127.04477200000001"
"3673","2026-06-02T15:11:29.362836","37.282746","127.04475400000001"
"3674","2026-06-02T15:11:29.364849","37.282764","127.044736"
"3675","2026-06-02T15:11:29.364849","37.282782000000005","127.044718"
"3676","2026-06-02T15:11:29.368195","37.2828","127.0447"
"3677","2026-06-02T15:11:29.369114","37.282818","127.04468200000001"
"3678","2026-06-02T15:11:29.370240","37.281727999999994","127.045072"
"3679","2026-06-02T15:11:29.371762","37.281746","127.04505400000001"
"3680","2026-06-02T15:11:29.372349","37.281763999999995","127.045036"
"3681","2026-06-02T15:11:29.374360","37.281782","127.045018"
"3682","2026-06-02T15:11:29.376151","37.2818","127.045"
"3683","2026-06-02T15:11:29.376876","37.281817999999994","127.044982"
"3684","2026-06-02T15:11:29.377965","37.281836","127.04496400000001"
"3685","2026-06-02T15:11:29.379719","37.281853999999996","127.044946"
"3686","2026-06-02T15:11:29.381406","37.281872","127.044928"
"3687","2026-06-02T15:11:29.381406","37.28173999999999","127.045084"
"3688","2026-06-02T15:11:29.383419","37.281757999999996","127.045066"
"3689","2026-06-02T15:11:29.385431","37.281775999999994","127.045048"
"3690","2026-06-02T15:11:29.387442","37.281794","127.04503"
"3691","2026-06-02T15:11:29.387442","37.281811999999995","127.045012"
"3692","2026-06-02T15:11:29.389454","37.28182999999999","127.044994"
"3693","2026-06-02T15:11:29.389454","37.281848","127.044976"
"3694","2026-06-02T15:11:29.391467","37.281865999999994","127.044958"
"3695","2026-06-02T15:11:29.397257","37.281884","127.04494"
"3696","2026-06-02T15:11:29.400424","37.281752","127.045096"
"3697","2026-06-02T15:11:29.401996","37.28177","127.045078"
"3698","2026-06-02T15:11:29.403837","37.281788","127.04505999999999"
"3699","2026-06-02T15:11:29.406337","37.281806","127.045042"
"3700","2026-06-02T15:11:29.409470","37.283027999999995","127.043572"
"3701","2026-06-02T15:11:29.410053","37.283046","127.043554"
"3702","2026-06-02T15:11:29.412061","37.281428","127.044672"
"3703","2026-06-02T15:11:29.412061","37.281446","127.04465400000001"
"3704","2026-06-02T15:11:29.413633","37.281464","127.044636"
"3705","2026-06-02T15:11:29.414767","37.281482000000004","127.044618"
"3706","2026-06-02T15:11:29.416035","37.2815","127.0446"
"3707","2026-06-02T15:11:29.418050","37.281518","127.044582"
"3708","2026-06-02T15:11:29.419060","37.281536","127.04456400000001"
"3709","2026-06-02T15:11:29.419060","37.281554","127.044546"
"3710","2026-06-02T15:11:29.419060","37.281572000000004","127.044528"
"3711","2026-06-02T15:11:29.421070","37.281439999999996","127.044684"
"3712","2026-06-02T15:11:29.423081","37.281458","127.044666"
"3713","2026-06-02T15:11:29.425093","37.281476","127.044648"
"3714","2026-06-02T15:11:29.425093","37.281494","127.04463"
"3715","2026-06-02T15:11:29.427104","37.281512","127.044612"
"3716","2026-06-02T15:11:29.427104","37.28153","127.044594"
"3717","2026-06-02T15:11:29.429115","37.281548","127.044576"
"3718","2026-06-02T15:11:29.429115","37.281566","127.044558"
"3719","2026-06-02T15:11:29.431128","37.281584","127.04454"
"3720","2026-06-02T15:11:29.431128","37.299927999999994","127.100072"
"3721","2026-06-02T15:11:29.433140","37.282328","127.045872"
"3722","2026-06-02T15:11:29.433140","37.282346000000004","127.045854"
"3723","2026-06-02T15:11:29.435153","37.282364","127.045836"
"3724","2026-06-02T15:11:29.435153","37.282382000000005","127.045818"
"3725","2026-06-02T15:11:29.436665","37.2824","127.0458"
"3726","2026-06-02T15:11:29.436665","37.283427999999994","127.045072"
"3727","2026-06-02T15:11:29.438675","37.283446","127.04505400000001"
"3728","2026-06-02T15:11:29.440284","37.283463999999995","127.045036"
"3729","2026-06-02T15:11:29.441747","37.283482","127.045018"
"3730","2026-06-02T15:11:29.441747","37.2835","127.045"
"3731","2026-06-02T15:11:29.443653","37.283517999999994","127.044982"
"3732","2026-06-02T15:11:29.444348","37.283536","127.04496400000001"
"3733","2026-06-02T15:11:29.445030","37.283553999999995","127.044946"
"3734","2026-06-02T15:11:29.446304","37.283572","127.044928"
"3735","2026-06-02T15:11:29.447315","37.28343999999999","127.045084"
"3736","2026-06-02T15:11:29.447896","37.283457999999996","127.045066"
"3737","2026-06-02T15:11:29.447896","37.28347599999999","127.045048"
"3738","2026-06-02T15:11:29.449906","37.281028","127.045472"
"3739","2026-06-02T15:11:29.450916","37.281046","127.045454"
"3740","2026-06-02T15:11:29.451558","37.281064","127.045436"
"3741","2026-06-02T15:11:29.452215","37.281082000000005","127.045418"
"3742","2026-06-02T15:11:29.453271","37.2811","127.0454"
"3743","2026-06-02T15:11:29.453271","37.281118","127.045382"
"3744","2026-06-02T15:11:29.453271","37.281136000000004","127.045364"
"3745","2026-06-02T15:11:29.455789","37.281154","127.045346"
"3746","2026-06-02T15:11:29.457085","37.282928","127.04607200000001"
"3747","2026-06-02T15:11:29.457759","37.282946","127.04605400000001"
"3748","2026-06-02T15:11:29.458993","37.282964","127.046036"
"3749","2026-06-02T15:11:29.459602","37.282982000000004","127.046018"
"3750","2026-06-02T15:11:29.460140","37.283","127.046"
"3751","2026-06-02T15:11:29.461077","37.283018","127.04598200000001"
"3752","2026-06-02T15:11:29.462528","37.283036","127.04596400000001"
"3753","2026-06-02T15:11:29.462528","37.283054","127.045946"
"3754","2026-06-02T15:11:29.463814","37.283072000000004","127.045928"
"3755","2026-06-02T15:11:29.465423","37.282939999999996","127.04608400000001"
"3756","2026-06-02T15:11:29.465996","37.282958","127.04606600000001"
"3757","2026-06-02T15:11:29.467005","37.282976","127.046048"
"3758","2026-06-02T15:11:29.467005","37.282994","127.04603"
"3759","2026-06-02T15:11:29.469016","37.283012","127.046012"
"3760","2026-06-02T15:11:29.469016","37.28303","127.04599400000001"
"3761","2026-06-02T15:11:29.471029","37.281828","127.045972"
"3762","2026-06-02T15:11:29.471029","37.281846","127.04595400000001"
"3763","2026-06-02T15:11:29.473037","37.281864","127.045936"
"3764","2026-06-02T15:11:29.473992","37.283528","127.044072"
"3765","2026-06-02T15:11:29.476025","37.283546","127.044054"
"3766","2026-06-02T15:11:29.477184","37.283564","127.04403599999999"
"3767","2026-06-02T15:11:29.478528","37.283582","127.044018"
"3768","2026-06-02T15:11:29.479342","37.2836","127.044"
"3769","2026-06-02T15:11:29.480065","37.283618","127.043982"
"3770","2026-06-02T15:11:29.480065","37.283636","127.043964"
"3771","2026-06-02T15:11:29.482660","37.283654","127.04394599999999"
"3772","2026-06-02T15:11:29.482660","37.283672","127.043928"
"3773","2026-06-02T15:11:29.483906","37.283539999999995","127.044084"
"3774","2026-06-02T15:11:29.485264","37.282227999999996","127.043172"
"3775","2026-06-02T15:11:29.487287","37.282246","127.043154"
"3776","2026-06-02T15:11:29.487883","37.282264","127.04313599999999"
"3777","2026-06-02T15:11:29.487883","37.282282","127.04311799999999"
"3778","2026-06-02T15:11:29.489556","37.2823","127.0431"
"3779","2026-06-02T15:11:29.491615","37.282318","127.043082"
"3780","2026-06-02T15:11:29.491615","37.283227999999994","127.043772"
"3781","2026-06-02T15:11:29.493626","37.283246","127.043754"
"3782","2026-06-02T15:11:29.493626","37.283263999999996","127.043736"
"3783","2026-06-02T15:11:29.493626","37.283282","127.043718"
"3784","2026-06-02T15:11:29.496339","37.2833","127.0437"
"3785","2026-06-02T15:11:29.496339","37.283317999999994","127.043682"
"3786","2026-06-02T15:11:29.497269","37.283336","127.043664"
"3787","2026-06-02T15:11:29.497269","37.283353999999996","127.043646"
"3788","2026-06-02T15:11:29.499279","37.283372","127.043628"
"3789","2026-06-02T15:11:29.499279","37.28323999999999","127.043784"
"3790","2026-06-02T15:11:29.501850","37.283258","127.043766"
"3791","2026-06-02T15:11:29.502493","37.283275999999994","127.043748"
"3792","2026-06-02T15:11:29.502493","37.283294","127.04373"
"3793","2026-06-02T15:11:29.503709","37.283311999999995","127.043712"
"3794","2026-06-02T15:11:29.503709","37.28332999999999","127.043694"
"3795","2026-06-02T15:11:29.505726","37.283348","127.043676"
"3796","2026-06-02T15:11:29.507479","37.283365999999994","127.043658"
"3797","2026-06-02T15:11:29.508442","37.283384","127.04364"
"3798","2026-06-02T15:11:29.509100","37.283252","127.043796"
"3799","2026-06-02T15:11:29.510452","37.28327","127.043778"
"3800","2026-06-02T15:11:29.510452","37.283288","127.04375999999999"
"3801","2026-06-02T15:11:29.511751","37.283306","127.043742"
"3802","2026-06-02T15:11:29.512440","37.28192799999999","127.046272"
"3803","2026-06-02T15:11:29.513382","37.281946","127.046254"
"3804","2026-06-02T15:11:29.514796","37.281228","127.04347200000001"
"3805","2026-06-02T15:11:29.516313","37.281246","127.04345400000001"
"3806","2026-06-02T15:11:29.516910","37.281264","127.043436"
"3807","2026-06-02T15:11:29.517876","37.281282000000004","127.043418"
"3808","2026-06-02T15:11:29.519224","37.2813","127.0434"
"3809","2026-06-02T15:11:29.519224","37.281318","127.04338200000001"
"3810","2026-06-02T15:11:29.521236","37.281336","127.04336400000001"
"3811","2026-06-02T15:11:29.521773","37.281354","127.043346"
"3812","2026-06-02T15:11:29.523196","37.281372000000005","127.043328"
"3813","2026-06-02T15:11:29.524252","37.28124","127.043484"
"3814","2026-06-02T15:11:29.526272","37.281258","127.04346600000001"
"3815","2026-06-02T15:11:29.527561","37.281276","127.043448"
"3816","2026-06-02T15:11:29.528256","37.281294","127.04343"
"3817","2026-06-02T15:11:29.528256","37.281312","127.043412"
"3818","2026-06-02T15:11:29.530267","37.28133","127.043394"
"3819","2026-06-02T15:11:29.531244","37.281348","127.04337600000001"
"3820","2026-06-02T15:11:29.531244","37.281366","127.043358"
"3821","2026-06-02T15:11:29.532815","37.281384","127.04334"
"3822","2026-06-02T15:11:29.534237","37.282478","127.046422"
"3823","2026-06-02T15:11:29.534918","37.283677999999995","127.045422"
"3824","2026-06-02T15:11:29.538527","37.283696","127.045404"
"3825","2026-06-02T15:11:29.541213","37.283713999999996","127.045386"
"3826","2026-06-02T15:11:29.543039","37.283732","127.045368"
"3827","2026-06-02T15:11:29.544430","37.28375","127.04535"
"3828","2026-06-02T15:11:29.546444","37.281678","127.046522"
"3829","2026-06-02T15:11:29.546444","37.281696000000004","127.046504"
"3830","2026-06-02T15:11:29.548458","37.281714","127.04648599999999"
"3831","2026-06-02T15:11:29.549469","37.281732000000005","127.04646799999999"
"3832","2026-06-02T15:11:29.549469","37.28175","127.04645"
"3833","2026-06-02T15:11:29.551479","37.281768","127.046432"
"3834","2026-06-02T15:11:29.551479","37.281786000000004","127.046414"
"3835","2026-06-02T15:11:29.551479","37.281804","127.04639599999999"
"3836","2026-06-02T15:11:29.553491","37.281822000000005","127.04637799999999"
"3837","2026-06-02T15:11:29.553491","37.28169","127.046534"
"3838","2026-06-02T15:11:29.553491","37.281708","127.046516"
"3839","2026-06-02T15:11:29.555504","37.281726","127.04649799999999"
"3840","2026-06-02T15:11:29.555504","37.281378","127.045922"
"3841","2026-06-02T15:11:29.557515","37.281396","127.04590400000001"
"3842","2026-06-02T15:11:29.557515","37.281414","127.045886"
"3843","2026-06-02T15:11:29.558323","37.281432","127.045868"
"3844","2026-06-02T15:11:29.558323","37.28145","127.04585"
"3845","2026-06-02T15:11:29.560335","37.281468","127.045832"
"3846","2026-06-02T15:11:29.561085","37.281486","127.04581400000001"
"3847","2026-06-02T15:11:29.561656","37.281504","127.045796"
"3848","2026-06-02T15:11:29.562732","37.282078","127.046672"
"3849","2026-06-02T15:11:29.563321","37.282096","127.046654"
"3850","2026-06-02T15:11:29.563867","37.282114","127.04663599999999"
"3851","2026-06-02T15:11:29.563867","37.282132000000004","127.046618"
"3852","2026-06-02T15:11:29.565622","37.28215","127.0466"
"3853","2026-06-02T15:11:29.565622","37.282168","127.046582"
"3854","2026-06-02T15:11:29.565622","37.282186","127.046564"
"3855","2026-06-02T15:11:29.567635","37.282204","127.04654599999999"
"3856","2026-06-02T15:11:29.567635","37.282222000000004","127.046528"
"3857","2026-06-02T15:11:29.567635","37.28209","127.046684"
"3858","2026-06-02T15:11:29.570260","37.282108","127.046666"
"3859","2026-06-02T15:11:29.570947","37.282126","127.04664799999999"
"3860","2026-06-02T15:11:29.570947","37.282144","127.04663"
"3861","2026-06-02T15:11:29.570947","37.282162","127.046612"
"3862","2026-06-02T15:11:29.572961","37.28218","127.046594"
"3863","2026-06-02T15:11:29.572961","37.283077999999996","127.045972"
"3864","2026-06-02T15:11:29.573973","37.283096","127.04595400000001"
"3865","2026-06-02T15:11:29.574744","37.283114","127.045936"
"3866","2026-06-02T15:11:29.575301","37.280877999999994","127.04472200000001"
"3867","2026-06-02T15:11:29.576472","37.280896","127.04470400000001"
"3868","2026-06-02T15:11:29.576472","37.280913999999996","127.044686"
"3869","2026-06-02T15:11:29.577327","37.280932","127.044668"
"3870","2026-06-02T15:11:29.578562","37.28095","127.04465"
"3871","2026-06-02T15:11:29.579477","37.280967999999994","127.04463200000001"
"3872","2026-06-02T15:11:29.580488","37.280986","127.04461400000001"
"3873","2026-06-02T15:11:29.580488","37.281003999999996","127.044596"
"3874","2026-06-02T15:11:29.581531","37.281022","127.044578"
"3875","2026-06-02T15:11:29.581531","37.28088999999999","127.044734"
"3876","2026-06-02T15:11:29.583543","37.283477999999995","127.043322"
"3877","2026-06-02T15:11:29.584135","37.283496","127.043304"
"3878","2026-06-02T15:11:29.584135","37.283514","127.043286"
"3879","2026-06-02T15:11:29.584135","37.283532","127.043268"
"3880","2026-06-02T15:11:29.586148","37.28355","127.04325"
"3881","2026-06-02T15:11:29.586148","37.283567999999995","127.043232"
"3882","2026-06-02T15:11:29.587326","37.281577999999996","127.043322"
"3883","2026-06-02T15:11:29.587975","37.281596","127.043304"
"3884","2026-06-02T15:11:29.589496","37.281614","127.043286"
"3885","2026-06-02T15:11:29.589496","37.281632","127.043268"
"3886","2026-06-02T15:11:29.590790","37.28165","127.04325"
"3887","2026-06-02T15:11:29.591693","37.281667999999996","127.043232"
"3888","2026-06-02T15:11:29.592273","37.281686","127.043214"
"3889","2026-06-02T15:11:29.592273","37.281704","127.043196"
"3890","2026-06-02T15:11:29.594282","37.281722","127.043178"
"3891","2026-06-02T15:11:29.594798","37.281589999999994","127.043334"
"3892","2026-06-02T15:11:29.596166","37.281608","127.043316"
"3893","2026-06-02T15:11:29.596166","37.281625999999996","127.043298"
"3894","2026-06-02T15:11:29.598801","37.281644","127.04328"
"3895","2026-06-02T15:11:29.600813","37.281662","127.043262"
"3896","2026-06-02T15:11:29.600813","37.281679999999994","127.043244"
"3897","2026-06-02T15:11:29.602826","37.281698","127.043226"
"3898","2026-06-02T15:11:29.602826","37.281715999999996","127.04320799999999"
"3899","2026-06-02T15:11:29.602826","37.281734","127.04319"
"3900","2026-06-02T15:11:29.604838","37.281602","127.043346"
"3901","2026-06-02T15:11:29.604838","37.281620000000004","127.043328"
"3902","2026-06-02T15:11:29.606850","37.281638","127.04330999999999"
"3903","2026-06-02T15:11:29.607546","37.281656000000005","127.043292"
"3904","2026-06-02T15:11:29.608204","37.280778","127.045422"
"3905","2026-06-02T15:11:29.609152","37.280796","127.045404"
"3906","2026-06-02T15:11:29.609152","37.283778","127.043822"
"3907","2026-06-02T15:11:29.610573","37.283796","127.04380400000001"
"3908","2026-06-02T15:11:29.611472","37.283814","127.043786"
"3909","2026-06-02T15:11:29.612082","37.283832000000004","127.043768"
"3910","2026-06-02T15:11:29.612082","37.28385","127.04375"
"3911","2026-06-02T15:11:29.613092","37.283868","127.043732"
"3912","2026-06-02T15:11:29.613092","37.283886","127.04371400000001"
"3913","2026-06-02T15:11:29.614486","37.283904","127.043696"
"3914","2026-06-02T15:11:29.615175","37.283922000000004","127.043678"
"3915","2026-06-02T15:11:29.615175","37.283789999999996","127.043834"
"3916","2026-06-02T15:11:29.616624","37.283808","127.043816"
"3917","2026-06-02T15:11:29.616624","37.283826","127.043798"
"3918","2026-06-02T15:11:29.617745","37.283844","127.04378"
"3919","2026-06-02T15:11:29.617745","37.283862","127.043762"
"3920","2026-06-02T15:11:29.617745","37.283879999999996","127.043744"
"3921","2026-06-02T15:11:29.619756","37.283898","127.043726"
"3922","2026-06-02T15:11:29.619756","37.283916","127.043708"
"3923","2026-06-02T15:11:29.621510","37.283934","127.04369"
"3924","2026-06-02T15:11:29.621510","37.280677999999995","127.043822"
"3925","2026-06-02T15:11:29.622457","37.280477999999995","127.04432200000001"
"3926","2026-06-02T15:11:29.622457","37.280496","127.04430400000001"
"3927","2026-06-02T15:11:29.624473","37.280514","127.044286"
"3928","2026-06-02T15:11:29.625487","37.280532","127.044268"
"3929","2026-06-02T15:11:29.625487","37.28055","127.04425"
"3930","2026-06-02T15:11:29.627498","37.282377999999994","127.042522"
"3931","2026-06-02T15:11:29.628010","37.282396","127.04250400000001"
"3932","2026-06-02T15:11:29.628638","37.282413999999996","127.042486"
"3933","2026-06-02T15:11:29.629649","37.282432","127.042468"
"3934","2026-06-02T15:11:29.629649","37.28245","127.04245"
"3935","2026-06-02T15:11:29.631","37.282467999999994","127.042432"
"3936","2026-06-02T15:11:29.631574","37.282486","127.04241400000001"
"3937","2026-06-02T15:11:29.632993","37.282503999999996","127.042396"
"3938","2026-06-02T15:11:29.632993","37.282522","127.042378"
"3939","2026-06-02T15:11:29.634124","37.28238999999999","127.042534"
"3940","2026-06-02T15:11:29.634124","37.282408","127.042516"
"3941","2026-06-02T15:11:29.634124","37.282425999999994","127.042498"
"3942","2026-06-02T15:11:29.636138","37.280828","127.044122"
"3943","2026-06-02T15:11:29.636648","37.280846000000004","127.044104"
"3944","2026-06-02T15:11:29.637279","37.280864","127.044086"
"3945","2026-06-02T15:11:29.638040","37.280882000000005","127.044068"
"3946","2026-06-02T15:11:29.638040","37.2809","127.04405"
"3947","2026-06-02T15:11:29.638040","37.280918","127.044032"
"3948","2026-06-02T15:11:29.640193","37.280936000000004","127.044014"
"3949","2026-06-02T15:11:29.640797","37.280954","127.04399599999999"
"3950","2026-06-02T15:11:29.640797","37.280578","127.046122"
"3951","2026-06-02T15:11:29.640797","37.280596","127.046104"
"3952","2026-06-02T15:11:29.642809","37.280614","127.04608599999999"
"3953","2026-06-02T15:11:29.642809","37.280632000000004","127.04606799999999"
"3954","2026-06-02T15:11:29.642809","37.28065","127.04605"
"3955","2026-06-02T15:11:29.644822","37.280668","127.046032"
"3956","2026-06-02T15:11:29.645859","37.280686","127.046014"
"3957","2026-06-02T15:11:29.645859","37.280704","127.04599599999999"
"3958","2026-06-02T15:11:29.647131","37.280722000000004","127.04597799999999"
"3959","2026-06-02T15:11:29.648381","37.28059","127.046134"
"3960","2026-06-02T15:11:29.650783","37.280608","127.046116"
"3961","2026-06-02T15:11:29.650783","37.280626","127.04609799999999"
"3962","2026-06-02T15:11:29.652733","37.280644","127.04607999999999"
"3963","2026-06-02T15:11:29.652733","37.280662","127.04606199999999"
"3964","2026-06-02T15:11:29.652733","37.28068","127.046044"
"3965","2026-06-02T15:11:29.654973","37.282678","127.04302200000001"
"3966","2026-06-02T15:11:29.655703","37.282696","127.04300400000001"
"3967","2026-06-02T15:11:29.655703","37.282714","127.042986"
"3968","2026-06-02T15:54:42.278310","37.283128","127.04517200000001"
"3969","2026-06-02T15:54:42.316391","37.282328","127.043972"
"3970","2026-06-02T15:54:42.318909","37.282346000000004","127.043954"
"3971","2026-06-02T15:54:42.321191","37.282364","127.04393599999999"
"3972","2026-06-02T15:54:42.322986","37.282382000000005","127.04391799999999"
"3973","2026-06-02T15:54:42.325615","37.2824","127.0439"
"3974","2026-06-02T15:54:42.327157","37.281628","127.04477200000001"
"3975","2026-06-02T15:54:42.328609","37.281646","127.04475400000001"
"3976","2026-06-02T15:54:42.329622","37.281664","127.044736"
"3977","2026-06-02T15:54:42.332129","37.281682","127.044718"
"3978","2026-06-02T15:54:42.335257","37.2817","127.0447"
"3979","2026-06-02T15:54:42.337284","37.281718","127.04468200000001"
"3980","2026-06-02T15:54:42.347984","37.281736","127.04466400000001"
"3981","2026-06-02T15:54:42.351732","37.281754","127.044646"
"3982","2026-06-02T15:54:42.352739","37.281772000000004","127.044628"
"3983","2026-06-02T15:54:42.354750","37.281639999999996","127.044784"
"3984","2026-06-02T15:54:42.355265","37.281658","127.04476600000001"
"3985","2026-06-02T15:54:42.357563","37.281676","127.044748"
"3986","2026-06-02T15:54:42.358562","37.282928","127.044172"
"3987","2026-06-02T15:54:42.361082","37.282946","127.044154"
"3988","2026-06-02T15:54:42.362428","37.282964","127.044136"
"3989","2026-06-02T15:54:42.363443","37.282982000000004","127.044118"
"3990","2026-06-02T15:54:42.364949","37.283","127.0441"
"3991","2026-06-02T15:54:42.367202","37.283018","127.044082"
"3992","2026-06-02T15:54:42.368363","37.283036","127.044064"
"3993","2026-06-02T15:54:42.369871","37.283054","127.044046"
"3994","2026-06-02T15:54:42.371400","37.282128","127.044972"
"3995","2026-06-02T15:54:42.372410","37.282146000000004","127.044954"
"3996","2026-06-02T15:54:42.372917","37.282164","127.04493599999999"
"3997","2026-06-02T15:54:42.374637","37.282182000000006","127.044918"
"3998","2026-06-02T15:54:42.376649","37.2822","127.0449"
"3999","2026-06-02T15:54:42.377648","37.282218","127.044882"
"4000","2026-06-02T15:54:42.380159","37.282236000000005","127.044864"
"4001","2026-06-02T15:54:42.381169","37.282254","127.04484599999999"
"4002","2026-06-02T15:54:42.384757","37.282272000000006","127.044828"
"4003","2026-06-02T15:54:42.386034","37.28214","127.044984"
"4004","2026-06-02T15:54:42.388509","37.282158","127.044966"
"4005","2026-06-02T15:54:42.390011","37.282176","127.04494799999999"
"4006","2026-06-02T15:54:42.392545","37.282194000000004","127.04493"
"4007","2026-06-02T15:54:42.394064","37.282212","127.044912"
"4008","2026-06-02T15:54:42.395587","37.28223","127.044894"
"4009","2026-06-02T15:54:42.397617","37.281828","127.043672"
"4010","2026-06-02T15:54:42.400137","37.281846","127.043654"
"4011","2026-06-02T15:54:42.402660","37.281864","127.04363599999999"
"4012","2026-06-02T15:54:42.403168","37.282627999999995","127.045472"
"4013","2026-06-02T15:54:42.404688","37.282646","127.045454"
"4014","2026-06-02T15:54:42.406733","37.282664","127.045436"
"4015","2026-06-02T15:54:42.408728","37.282682","127.045418"
"4016","2026-06-02T15:54:42.410659","37.2827","127.0454"
"4017","2026-06-02T15:54:42.412780","37.282717999999996","127.045382"
"4018","2026-06-02T15:54:42.414299","37.282736","127.045364"
"4019","2026-06-02T15:54:42.415310","37.282754","127.045346"
"4020","2026-06-02T15:54:42.417644","37.282772","127.045328"
"4021","2026-06-02T15:54:42.418657","37.282639999999994","127.045484"
"4022","2026-06-02T15:54:42.420147","37.283328","127.04437200000001"
"4023","2026-06-02T15:54:42.421345","37.283346","127.04435400000001"
"4024","2026-06-02T15:54:42.424416","37.283364","127.044336"
"4025","2026-06-02T15:54:42.425913","37.283382","127.044318"
"4026","2026-06-02T15:54:42.427949","37.2834","127.0443"
"4027","2026-06-02T15:54:42.429444","37.283418","127.04428200000001"
"4028","2026-06-02T15:54:42.430454","37.281727999999994","127.045272"
"4029","2026-06-02T15:54:42.432496","37.281746","127.045254"
"4030","2026-06-02T15:54:42.434098","37.281763999999995","127.04523599999999"
"4031","2026-06-02T15:54:42.437226","37.281782","127.04521799999999"
"4032","2026-06-02T15:54:42.441051","37.2818","127.0452"
"4033","2026-06-02T15:54:42.442576","37.281817999999994","127.045182"
"4034","2026-06-02T15:54:42.444144","37.281836","127.045164"
"4035","2026-06-02T15:54:42.445155","37.281853999999996","127.04514599999999"
"4036","2026-06-02T15:54:42.447153","37.281872","127.04512799999999"
"4037","2026-06-02T15:54:42.447978","37.28173999999999","127.045284"
"4038","2026-06-02T15:54:42.449503","37.281757999999996","127.045266"
"4039","2026-06-02T15:54:42.451505","37.281775999999994","127.04524799999999"
"4040","2026-06-02T15:54:42.452527","37.281794","127.04522999999999"
"4041","2026-06-02T15:54:42.453208","37.281811999999995","127.04521199999999"
"4042","2026-06-02T15:54:42.454217","37.28182999999999","127.045194"
"4043","2026-06-02T15:54:42.455412","37.281848","127.045176"
"4044","2026-06-02T15:54:42.456424","37.281865999999994","127.04515799999999"
"4045","2026-06-02T15:54:42.458948","37.281884","127.04513999999999"
"4046","2026-06-02T15:54:42.459945","37.281752","127.045296"
"4047","2026-06-02T15:54:42.459945","37.28177","127.045278"
"4048","2026-06-02T15:54:42.461454","37.281788","127.04525999999998"
"4049","2026-06-02T15:54:42.462464","37.281806","127.04524199999999"
"4050","2026-06-02T15:54:42.462970","37.282427999999996","127.043172"
"4051","2026-06-02T15:54:42.464487","37.282446","127.043154"
"4052","2026-06-02T15:54:42.467248","37.283027999999995","127.042972"
"4053","2026-06-02T15:54:42.468895","37.283046","127.04295400000001"
"4054","2026-06-02T15:54:42.471411","37.283063999999996","127.042936"
"4055","2026-06-02T15:54:42.472472","37.283082","127.042918"
"4056","2026-06-02T15:54:42.474306","37.2831","127.0429"
"4057","2026-06-02T15:54:42.475563","37.283117999999995","127.042882"
"4058","2026-06-02T15:54:42.477074","37.283136","127.04286400000001"
"4059","2026-06-02T15:54:42.478539","37.283153999999996","127.042846"
"4060","2026-06-02T15:54:42.479547","37.283172","127.042828"
"4061","2026-06-02T15:54:42.482066","37.28303999999999","127.042984"
"4062","2026-06-02T15:54:42.484087","37.283058","127.042966"
"4063","2026-06-02T15:54:42.485095","37.283075999999994","127.042948"
"4064","2026-06-02T15:54:42.486859","37.283094","127.04293"
"4065","2026-06-02T15:54:42.488869","37.283111999999996","127.042912"
"4066","2026-06-02T15:54:42.490894","37.28312999999999","127.042894"
"4067","2026-06-02T15:54:42.492416","37.283148","127.042876"
"4068","2026-06-02T15:54:42.493925","37.283165999999994","127.042858"
"4069","2026-06-02T15:54:42.495514","37.283184","127.04284"
"4070","2026-06-02T15:54:42.496043","37.281527999999994","127.044072"
"4071","2026-06-02T15:54:42.497565","37.28192799999999","127.042772"
"4072","2026-06-02T15:54:42.499733","37.281946","127.042754"
"4073","2026-06-02T15:54:42.502230","37.281963999999995","127.04273599999999"
"4074","2026-06-02T15:54:42.503642","37.281982","127.042718"
"4075","2026-06-02T15:54:42.505560","37.282","127.0427"
"4076","2026-06-02T15:54:42.507801","37.282928","127.044672"
"4077","2026-06-02T15:54:42.508811","37.282946","127.04465400000001"
"4078","2026-06-02T15:54:42.510320","37.282964","127.044636"
"4079","2026-06-02T15:54:42.511855","37.282982000000004","127.044618"
"4080","2026-06-02T15:54:42.511855","37.283","127.0446"
"4081","2026-06-02T15:54:42.512864","37.283018","127.044582"
"4082","2026-06-02T15:54:42.513864","37.283036","127.04456400000001"
"4083","2026-06-02T15:54:42.515675","37.283054","127.044546"
"4084","2026-06-02T15:54:42.516692","37.283072000000004","127.044528"
"4085","2026-06-02T15:54:42.517702","37.282939999999996","127.044684"
"4086","2026-06-02T15:54:42.518702","37.282958","127.044666"
"4087","2026-06-02T15:54:42.518702","37.282976","127.044648"
"4088","2026-06-02T15:54:42.520210","37.282728","127.043572"
"4089","2026-06-02T15:54:42.520210","37.282746","127.043554"
"4090","2026-06-02T15:54:42.521740","37.282764","127.04353599999999"
"4091","2026-06-02T15:54:42.522753","37.282782000000005","127.04351799999999"
"4092","2026-06-02T15:54:42.523754","37.2828","127.0435"
"4093","2026-06-02T15:54:42.526663","37.282818","127.043482"
"4094","2026-06-02T15:54:42.528808","37.282836","127.043464"
"4095","2026-06-02T15:54:42.531433","37.282854","127.04344599999999"
"4096","2026-06-02T15:54:42.534367","37.281428","127.044872"
"4097","2026-06-02T15:54:42.535376","37.281446","127.044854"
"4098","2026-06-02T15:54:42.536378","37.281464","127.04483599999999"
"4099","2026-06-02T15:54:42.537831","37.281482000000004","127.04481799999999"
"4100","2026-06-02T15:54:42.538337","37.2815","127.0448"
"4101","2026-06-02T15:54:42.539917","37.281518","127.044782"
"4102","2026-06-02T15:54:42.541454","37.281536","127.044764"
"4103","2026-06-02T15:54:42.543488","37.281554","127.04474599999999"
"4104","2026-06-02T15:54:42.543997","37.281572000000004","127.04472799999999"
"4105","2026-06-02T15:54:42.546339","37.281439999999996","127.044884"
"4106","2026-06-02T15:54:42.547532","37.281458","127.044866"
"4107","2026-06-02T15:54:42.550056","37.281476","127.04484799999999"
"4108","2026-06-02T15:54:42.551064","37.281494","127.04482999999999"
"4109","2026-06-02T15:54:42.552818","37.281512","127.044812"
"4110","2026-06-02T15:54:42.553327","37.28153","127.044794"
"4111","2026-06-02T15:54:42.554337","37.282528","127.045772"
"4112","2026-06-02T15:54:42.556337","37.282546","127.045754"
"4113","2026-06-02T15:54:42.557586","37.282564","127.04573599999999"
"4114","2026-06-02T15:54:42.559107","37.283427999999994","127.04387200000001"
"4115","2026-06-02T15:54:42.559612","37.283446","127.04385400000001"
"4116","2026-06-02T15:54:42.562155","37.283463999999995","127.043836"
"4117","2026-06-02T15:54:42.563144","37.283482","127.043818"
"4118","2026-06-02T15:54:42.564152","37.2835","127.0438"
"4119","2026-06-02T15:54:42.565593","37.283517999999994","127.04378200000001"
"4120","2026-06-02T15:54:42.566100","37.283536","127.04376400000001"
"4121","2026-06-02T15:54:42.567110","37.283553999999995","127.043746"
"4122","2026-06-02T15:54:42.568113","37.283572","127.043728"
"4123","2026-06-02T15:54:42.569631","37.28343999999999","127.043884"
"4124","2026-06-02T15:54:42.571162","37.281327999999995","127.04347200000001"
"4125","2026-06-02T15:54:42.572215","37.281346","127.04345400000001"
"4126","2026-06-02T15:54:42.572740","37.281363999999996","127.043436"
"4127","2026-06-02T15:54:42.573811","37.281382","127.043418"
"4128","2026-06-02T15:54:42.574821","37.2814","127.0434"
"4129","2026-06-02T15:54:42.575815","37.281417999999995","127.04338200000001"
"4130","2026-06-02T15:54:42.577116","37.283628","127.044972"
"4131","2026-06-02T15:54:42.578119","37.283646000000005","127.044954"
"4132","2026-06-02T15:54:42.578119","37.283664","127.04493599999999"
"4133","2026-06-02T15:54:42.579628","37.283682000000006","127.044918"
"4134","2026-06-02T15:54:42.579628","37.2837","127.0449"
"4135","2026-06-02T15:54:42.580643","37.283718","127.044882"
"4136","2026-06-02T15:54:42.581711","37.283736000000005","127.044864"
"4137","2026-06-02T15:54:42.583231","37.283754","127.04484599999999"
"4138","2026-06-02T15:54:42.583231","37.283772000000006","127.044828"
"4139","2026-06-02T15:54:42.585647","37.28364","127.044984"
"4140","2026-06-02T15:54:42.586657","37.283658","127.044966"
"4141","2026-06-02T15:54:42.587885","37.283676","127.04494799999999"
"4142","2026-06-02T15:54:42.589397","37.283694000000004","127.04493"
"4143","2026-06-02T15:54:42.590726","37.283712","127.044912"
"4144","2026-06-02T15:54:42.591784","37.28373","127.044894"
"4145","2026-06-02T15:54:42.593324","37.283748","127.044876"
"4146","2026-06-02T15:54:42.594322","37.283766","127.04485799999999"
"4147","2026-06-02T15:54:42.595833","37.283784000000004","127.04484"
"4148","2026-06-02T15:54:42.595833","37.283652000000004","127.044996"
"4149","2026-06-02T15:54:42.597161","37.28367000000001","127.044978"
"4150","2026-06-02T15:54:42.598418","37.283688000000005","127.04495999999999"
"4151","2026-06-02T15:54:42.599428","37.28370600000001","127.04494199999999"
"4152","2026-06-02T15:54:42.600525","37.282028","127.042572"
"4153","2026-06-02T15:54:42.601535","37.282046","127.04255400000001"
"4154","2026-06-02T15:54:42.603072","37.283927999999996","127.044172"
"4155","2026-06-02T15:54:42.603072","37.283946","127.044154"
"4156","2026-06-02T15:54:42.605618","37.283964","127.044136"
"4157","2026-06-02T15:54:42.606677","37.283982","127.044118"
"4158","2026-06-02T15:54:42.607903","37.284","127.0441"
"4159","2026-06-02T15:54:42.610436","37.284017999999996","127.044082"
"4160","2026-06-02T15:54:42.611950","37.284036","127.044064"
"4161","2026-06-02T15:54:42.612961","37.284054","127.044046"
"4162","2026-06-02T15:54:42.616657","37.284072","127.044028"
"4163","2026-06-02T15:54:42.618630","37.283939999999994","127.044184"
"4164","2026-06-02T15:54:42.619139","37.283958","127.044166"
"4165","2026-06-02T15:54:42.621638","37.283975999999996","127.04414799999999"
"4166","2026-06-02T15:54:42.624146","37.283994","127.04413"
"4167","2026-06-02T15:54:42.627158","37.284012","127.044112"
"4168","2026-06-02T15:54:42.628920","37.284029999999994","127.044094"
"4169","2026-06-02T15:54:42.629458","37.284048","127.044076"
"4170","2026-06-02T15:54:42.631997","37.284065999999996","127.04405799999999"
"4171","2026-06-02T15:54:42.633996","37.284084","127.04404"
"4172","2026-06-02T15:54:42.634997","37.281828","127.04607200000001"
"4173","2026-06-02T15:54:42.635995","37.282827999999995","127.046272"
"4174","2026-06-02T15:54:42.638113","37.282846","127.046254"
"4175","2026-06-02T15:54:42.641087","37.282864","127.046236"
"4176","2026-06-02T15:54:42.643111","37.282882","127.046218"
"4177","2026-06-02T15:54:42.644355","37.2829","127.0462"
"4178","2026-06-02T15:54:42.645885","37.281228","127.045672"
"4179","2026-06-02T15:54:42.648434","37.281246","127.045654"
"4180","2026-06-02T15:54:42.649956","37.281264","127.04563599999999"
"4181","2026-06-02T15:54:42.651463","37.281282000000004","127.04561799999999"
"4182","2026-06-02T15:54:42.652472","37.2813","127.0456"
"4183","2026-06-02T15:54:42.653474","37.281318","127.045582"
"4184","2026-06-02T15:54:42.654471","37.281336","127.045564"
"4185","2026-06-02T15:54:42.654471","37.281354","127.04554599999999"
"4186","2026-06-02T15:54:42.655982","37.281372000000005","127.04552799999999"
"4187","2026-06-02T15:54:42.657240","37.28124","127.045684"
"4188","2026-06-02T15:54:42.657975","37.281258","127.045666"
"4189","2026-06-02T15:54:42.659141","37.281276","127.04564799999999"
"4190","2026-06-02T15:54:42.660653","37.284028","127.043272"
"4191","2026-06-02T15:54:42.661182","37.284046000000004","127.043254"
"4192","2026-06-02T15:54:42.662190","37.284064","127.043236"
"4193","2026-06-02T15:54:42.663194","37.284082000000005","127.043218"
"4194","2026-06-02T15:54:42.663194","37.2841","127.0432"
"4195","2026-06-02T15:54:42.665695","37.284118","127.043182"
"4196","2026-06-02T15:54:42.666707","37.284136000000004","127.043164"
"4197","2026-06-02T15:54:42.666707","37.284154","127.043146"
"4198","2026-06-02T15:54:42.667707","37.281028","127.044272"
"4199","2026-06-02T15:54:42.668212","37.281046","127.04425400000001"
"4200","2026-06-02T15:54:42.669219","37.281064","127.044236"
"4201","2026-06-02T15:54:42.670725","37.281082000000005","127.044218"
"4202","2026-06-02T15:54:42.671401","37.2811","127.0442"
"4203","2026-06-02T15:54:42.672920","37.281118","127.044182"
"4204","2026-06-02T15:54:42.674194","37.281136000000004","127.04416400000001"
"4205","2026-06-02T15:54:42.675715","37.281154","127.044146"
"4206","2026-06-02T15:54:42.675715","37.281172000000005","127.044128"
"4207","2026-06-02T15:54:42.676727","37.28104","127.044284"
"4208","2026-06-02T15:54:42.677758","37.281058","127.04426600000001"
"4209","2026-06-02T15:54:42.677758","37.281076","127.044248"
"4210","2026-06-02T15:54:42.678976","37.281094","127.04423"
"4211","2026-06-02T15:54:42.678976","37.281112","127.044212"
"4212","2026-06-02T15:54:42.680503","37.28113","127.044194"
"4213","2026-06-02T15:54:42.681055","37.283828","127.045372"
"4214","2026-06-02T15:54:42.682067","37.283846000000004","127.045354"
"4215","2026-06-02T15:54:42.683073","37.283864","127.04533599999999"
"4216","2026-06-02T15:54:42.684080","37.282227999999996","127.04647200000001"
"4217","2026-06-02T15:54:42.685069","37.282246","127.04645400000001"
"4218","2026-06-02T15:54:42.685579","37.282264","127.046436"
"4219","2026-06-02T15:54:42.685579","37.282282","127.046418"
"4220","2026-06-02T15:54:42.686587","37.2823","127.0464"
"4221","2026-06-02T15:54:42.688096","37.282318","127.04638200000001"
"4222","2026-06-02T15:54:42.689412","37.282336","127.04636400000001"
"4223","2026-06-02T15:54:42.691443","37.282354","127.046346"
"4224","2026-06-02T15:54:42.692455","37.282372","127.046328"
"4225","2026-06-02T15:54:42.693454","37.282239999999994","127.046484"
"4226","2026-06-02T15:54:42.698713","37.280927999999996","127.043772"
"4227","2026-06-02T15:54:42.699710","37.280946","127.043754"
"4228","2026-06-02T15:54:42.700738","37.280964","127.043736"
"4229","2026-06-02T15:54:42.700738","37.280982","127.043718"
"4230","2026-06-02T15:54:42.701764","37.281","127.0437"
"4231","2026-06-02T15:54:42.702746","37.281017999999996","127.043682"
"4232","2026-06-02T15:54:42.702746","37.284127999999995","127.044872"
"4233","2026-06-02T15:54:42.703748","37.284146","127.044854"
"4234","2026-06-02T15:54:42.704748","37.284164","127.04483599999999"
"4235","2026-06-02T15:54:42.705255","37.284182","127.04481799999999"
"4236","2026-06-02T15:54:42.706274","37.2842","127.0448"
"4237","2026-06-02T15:54:42.706274","37.284217999999996","127.044782"
"4238","2026-06-02T15:54:42.707774","37.284236","127.044764"
"4239","2026-06-02T15:54:42.707774","37.284254","127.04474599999999"
"4240","2026-06-02T15:54:42.707774","37.284272","127.04472799999999"
"4241","2026-06-02T15:54:42.708804","37.284139999999994","127.044884"
"4242","2026-06-02T15:54:42.709314","37.284158","127.044866"
"4243","2026-06-02T15:54:42.709314","37.284175999999995","127.04484799999999"
"4244","2026-06-02T15:54:42.710327","37.284194","127.04482999999999"
"4245","2026-06-02T15:54:42.710840","37.284212","127.044812"
"4246","2026-06-02T15:54:42.710840","37.284229999999994","127.044794"
"4247","2026-06-02T15:54:42.711860","37.284248","127.044776"
"4248","2026-06-02T15:54:42.712861","37.284265999999995","127.04475799999999"
"4249","2026-06-02T15:54:42.713853","37.284284","127.04473999999999"
"4250","2026-06-02T15:54:42.713853","37.284152","127.044896"
"4251","2026-06-02T15:54:42.713853","37.28417","127.044878"
"4252","2026-06-02T15:54:42.715155","37.284188","127.04485999999999"
"4253","2026-06-02T15:54:42.716169","37.284206000000005","127.04484199999999"
"4254","2026-06-02T15:54:42.717167","37.283227999999994","127.046672"
"4255","2026-06-02T15:54:42.717673","37.283246","127.046654"
"4256","2026-06-02T15:54:42.718699","37.281127999999995","127.042972"
"4257","2026-06-02T15:54:42.718699","37.281146","127.04295400000001"
"4258","2026-06-02T15:54:42.719713","37.281164","127.042936"
"4259","2026-06-02T15:54:42.720223","37.281182","127.042918"
"4260","2026-06-02T15:54:42.721233","37.2812","127.0429"
"4261","2026-06-02T15:54:42.722236","37.281217999999996","127.042882"
"4262","2026-06-02T15:54:42.722236","37.281236","127.04286400000001"
"4263","2026-06-02T15:54:42.723749","37.281254","127.042846"
"4264","2026-06-02T15:54:42.723749","37.281272","127.042828"
"4265","2026-06-02T15:54:42.724765","37.28113999999999","127.042984"
"4266","2026-06-02T15:54:42.724765","37.281158","127.042966"
"4267","2026-06-02T15:54:42.726242","37.281175999999995","127.042948"
"4268","2026-06-02T15:54:42.727234","37.281194","127.04293"
"4269","2026-06-02T15:54:42.727743","37.281212","127.042912"
"4270","2026-06-02T15:54:42.727743","37.281229999999994","127.042894"
"4271","2026-06-02T15:54:42.729250","37.281248","127.042876"
"4272","2026-06-02T15:54:42.730267","37.281265999999995","127.042858"
"4273","2026-06-02T15:54:42.731584","37.281284","127.04284"
"4274","2026-06-02T15:54:42.731584","37.283128","127.04517200000001"
"4275","2026-06-02T15:54:42.732592","37.282128","127.045572"
"4276","2026-06-02T15:54:42.734100","37.282146000000004","127.04555400000001"
"4277","2026-06-02T15:54:42.734683","37.282164","127.045536"
"4278","2026-06-02T15:54:42.735705","37.282182000000006","127.045518"
"4279","2026-06-02T15:54:42.735705","37.2822","127.0455"
"4280","2026-06-02T15:54:42.735705","37.281628","127.04477200000001"
"4281","2026-06-02T15:54:42.737213","37.281646","127.04475400000001"
"4282","2026-06-02T15:54:42.737213","37.281664","127.044736"
"4283","2026-06-02T15:54:42.738745","37.281682","127.044718"
"4284","2026-06-02T15:54:42.738745","37.2817","127.0447"
"4285","2026-06-02T15:54:42.740225","37.281718","127.04468200000001"
"4286","2026-06-02T15:54:42.740766","37.281736","127.04466400000001"
"4287","2026-06-02T15:54:42.741776","37.281754","127.044646"
"4288","2026-06-02T15:54:42.741776","37.281772000000004","127.044628"
"4289","2026-06-02T15:54:42.742776","37.281639999999996","127.044784"
"4290","2026-06-02T15:54:42.743779","37.281658","127.04476600000001"
"4291","2026-06-02T15:54:42.744291","37.281676","127.044748"
"4292","2026-06-02T15:54:42.744291","37.282128","127.044972"
"4293","2026-06-02T15:54:42.745691","37.282146000000004","127.044954"
"4294","2026-06-02T15:54:42.746216","37.282164","127.04493599999999"
"4295","2026-06-02T15:54:42.746774","37.282182000000006","127.044918"
"4296","2026-06-02T15:54:42.746774","37.2822","127.0449"
"4297","2026-06-02T15:54:42.748515","37.282218","127.044882"
"4298","2026-06-02T15:54:42.748515","37.282236000000005","127.044864"
"4299","2026-06-02T15:54:42.750044","37.282254","127.04484599999999"
"4300","2026-06-02T15:54:42.750044","37.283328","127.04437200000001"
"4301","2026-06-02T15:54:42.751061","37.283346","127.04435400000001"
"4302","2026-06-02T15:54:42.752179","37.283364","127.044336"
"4303","2026-06-02T15:54:42.752179","37.283382","127.044318"
"4304","2026-06-02T15:54:42.753320","37.2834","127.0443"
"4305","2026-06-02T15:54:42.754334","37.283418","127.04428200000001"
"4306","2026-06-02T15:54:42.754334","37.283436","127.04426400000001"
"4307","2026-06-02T15:54:42.755819","37.283454","127.044246"
"4308","2026-06-02T15:54:42.756338","37.283472","127.044228"
"4309","2026-06-02T15:54:42.757351","37.283339999999995","127.04438400000001"
"4310","2026-06-02T15:54:42.758347","37.283358","127.04436600000001"
"4311","2026-06-02T15:54:42.759922","37.283376","127.044348"
"4312","2026-06-02T15:54:42.760934","37.283394","127.04433"
"4313","2026-06-02T15:54:42.761932","37.283412","127.044312"
"4314","2026-06-02T15:54:42.762932","37.283429999999996","127.04429400000001"
"4315","2026-06-02T15:54:42.762932","37.281327999999995","127.04387200000001"
"4316","2026-06-02T15:54:42.764893","37.281346","127.04385400000001"
"4317","2026-06-02T15:54:42.765562","37.281363999999996","127.043836"
"4318","2026-06-02T15:54:42.767100","37.282528","127.043272"
"4319","2026-06-02T15:54:42.767604","37.282546","127.043254"
"4320","2026-06-02T15:54:42.768614","37.282564","127.043236"
"4321","2026-06-02T15:54:42.769122","37.282582000000005","127.043218"
"4322","2026-06-02T15:54:42.769629","37.2826","127.0432"
"4323","2026-06-02T15:54:42.770705","37.282618","127.043182"
"4324","2026-06-02T15:54:42.772213","37.282636000000004","127.043164"
"4325","2026-06-02T15:54:42.773223","37.282654","127.043146"
"4326","2026-06-02T15:54:42.773223","37.282672000000005","127.043128"
"4327","2026-06-02T15:54:42.774732","37.28254","127.043284"
"4328","2026-06-02T15:54:42.774732","37.282728","127.04477200000001"
"4329","2026-06-02T15:54:42.776263","37.282746","127.04475400000001"
"4330","2026-06-02T15:54:42.776263","37.282764","127.044736"
"4331","2026-06-02T15:54:42.777272","37.282782000000005","127.044718"
"4332","2026-06-02T15:54:42.777779","37.2828","127.0447"
"4333","2026-06-02T15:54:42.777779","37.282818","127.04468200000001"
"4334","2026-06-02T15:54:42.777779","37.281727999999994","127.045072"
"4335","2026-06-02T15:54:42.779287","37.281746","127.04505400000001"
"4336","2026-06-02T15:54:42.780297","37.281763999999995","127.045036"
"4337","2026-06-02T15:54:42.780297","37.281782","127.045018"
"4338","2026-06-02T15:54:42.781297","37.2818","127.045"
"4339","2026-06-02T15:54:42.782804","37.281817999999994","127.044982"
"4340","2026-06-02T15:54:42.782804","37.281836","127.04496400000001"
"4341","2026-06-02T15:54:42.784312","37.281853999999996","127.044946"
"4342","2026-06-02T15:54:42.784312","37.281872","127.044928"
"4343","2026-06-02T15:54:42.785846","37.28173999999999","127.045084"
"4344","2026-06-02T15:54:42.785846","37.281757999999996","127.045066"
"4345","2026-06-02T15:54:42.787390","37.281775999999994","127.045048"
"4346","2026-06-02T15:54:42.787390","37.281794","127.04503"
"4347","2026-06-02T15:54:42.788919","37.281811999999995","127.045012"
"4348","2026-06-02T15:54:42.790004","37.28182999999999","127.044994"
"4349","2026-06-02T15:54:42.790004","37.281848","127.044976"
"4350","2026-06-02T15:54:42.791526","37.281865999999994","127.044958"
"4351","2026-06-02T15:54:42.792073","37.281884","127.04494"
"4352","2026-06-02T15:54:42.793083","37.281752","127.045096"
"4353","2026-06-02T15:54:42.794084","37.28177","127.045078"
"4354","2026-06-02T15:54:42.794084","37.281788","127.04505999999999"
"4355","2026-06-02T15:54:42.794084","37.281806","127.045042"
"4356","2026-06-02T15:54:42.795980","37.283027999999995","127.043572"
"4357","2026-06-02T15:54:42.797501","37.283046","127.043554"
"4358","2026-06-02T15:54:42.798509","37.281428","127.044672"
"4359","2026-06-02T15:54:42.798509","37.281446","127.04465400000001"
"4360","2026-06-02T15:54:42.799933","37.281464","127.044636"
"4361","2026-06-02T15:54:42.800944","37.281482000000004","127.044618"
"4362","2026-06-02T15:54:42.801941","37.2815","127.0446"
"4363","2026-06-02T15:54:42.803124","37.281518","127.044582"
"4364","2026-06-02T15:54:42.803629","37.281536","127.04456400000001"
"4365","2026-06-02T15:54:42.804134","37.281554","127.044546"
"4366","2026-06-02T15:54:42.805141","37.281572000000004","127.044528"
"4367","2026-06-02T15:54:42.806141","37.281439999999996","127.044684"
"4368","2026-06-02T15:54:42.806647","37.281458","127.044666"
"4369","2026-06-02T15:54:42.806647","37.281476","127.044648"
"4370","2026-06-02T15:54:42.806647","37.281494","127.04463"
"4371","2026-06-02T15:54:42.808189","37.281512","127.044612"
"4372","2026-06-02T15:54:42.809197","37.28153","127.044594"
"4373","2026-06-02T15:54:42.809197","37.281548","127.044576"
"4374","2026-06-02T15:54:42.810196","37.281566","127.044558"
"4375","2026-06-02T15:54:42.810196","37.281584","127.04454"
"4376","2026-06-02T15:54:42.811701","37.299927999999994","127.100072"
"4377","2026-06-02T15:54:42.811701","37.282328","127.045872"
"4378","2026-06-02T15:54:42.812711","37.282346000000004","127.045854"
"4379","2026-06-02T15:54:42.813711","37.282364","127.045836"
"4380","2026-06-02T15:54:42.813711","37.282382000000005","127.045818"
"4381","2026-06-02T15:54:42.814827","37.2824","127.0458"
"4382","2026-06-02T15:54:42.814827","37.283427999999994","127.045072"
"4383","2026-06-02T15:54:42.815823","37.283446","127.04505400000001"
"4384","2026-06-02T15:54:42.816879","37.283463999999995","127.045036"
"4385","2026-06-02T15:54:42.817889","37.283482","127.045018"
"4386","2026-06-02T15:54:42.818398","37.2835","127.045"
"4387","2026-06-02T15:54:42.818398","37.283517999999994","127.044982"
"4388","2026-06-02T15:54:42.819405","37.283536","127.04496400000001"
"4389","2026-06-02T15:54:42.820415","37.283553999999995","127.044946"
"4390","2026-06-02T15:54:42.820415","37.283572","127.044928"
"4391","2026-06-02T15:54:42.820415","37.28343999999999","127.045084"
"4392","2026-06-02T15:54:42.820415","37.283457999999996","127.045066"
"4393","2026-06-02T15:54:42.821934","37.28347599999999","127.045048"
"4394","2026-06-02T15:54:42.821934","37.281028","127.045472"
"4395","2026-06-02T15:54:42.823475","37.281046","127.045454"
"4396","2026-06-02T15:54:42.823475","37.281064","127.045436"
"4397","2026-06-02T15:54:42.824823","37.281082000000005","127.045418"
"4398","2026-06-02T15:54:42.824823","37.2811","127.0454"
"4399","2026-06-02T15:54:42.825828","37.281118","127.045382"
"4400","2026-06-02T15:54:42.825828","37.281136000000004","127.045364"
"4401","2026-06-02T15:54:42.826841","37.281154","127.045346"
"4402","2026-06-02T15:54:42.827856","37.282928","127.04607200000001"
"4403","2026-06-02T15:54:42.827856","37.282946","127.04605400000001"
"4404","2026-06-02T15:54:42.828916","37.282964","127.046036"
"4405","2026-06-02T15:54:42.829942","37.282982000000004","127.046018"
"4406","2026-06-02T15:54:42.829942","37.283","127.046"
"4407","2026-06-02T15:54:42.830934","37.283018","127.04598200000001"
"4408","2026-06-02T15:54:42.830934","37.283036","127.04596400000001"
"4409","2026-06-02T15:54:42.831938","37.283054","127.045946"
"4410","2026-06-02T15:54:42.831938","37.283072000000004","127.045928"
"4411","2026-06-02T15:54:42.833511","37.282939999999996","127.04608400000001"
"4412","2026-06-02T15:54:42.833511","37.282958","127.04606600000001"
"4413","2026-06-02T15:54:42.834522","37.282976","127.046048"
"4414","2026-06-02T15:54:42.835521","37.282994","127.04603"
"4415","2026-06-02T15:54:42.836027","37.283012","127.046012"
"4416","2026-06-02T15:54:42.836533","37.28303","127.04599400000001"
"4417","2026-06-02T15:54:42.836533","37.281828","127.045972"
"4418","2026-06-02T15:54:42.838053","37.281846","127.04595400000001"
"4419","2026-06-02T15:54:42.838053","37.281864","127.045936"
"4420","2026-06-02T15:54:42.839061","37.283528","127.044072"
"4421","2026-06-02T15:54:42.839061","37.283546","127.044054"
"4422","2026-06-02T15:54:42.840062","37.283564","127.04403599999999"
"4423","2026-06-02T15:54:42.841073","37.283582","127.044018"
"4424","2026-06-02T15:54:42.842232","37.2836","127.044"
"4425","2026-06-02T15:54:42.843232","37.283618","127.043982"
"4426","2026-06-02T15:54:42.843232","37.283636","127.043964"
"4427","2026-06-02T15:54:42.844494","37.283654","127.04394599999999"
"4428","2026-06-02T15:54:42.844494","37.283672","127.043928"
"4429","2026-06-02T15:54:42.846034","37.283539999999995","127.044084"
"4430","2026-06-02T15:54:42.846034","37.282227999999996","127.043172"
"4431","2026-06-02T15:54:42.847046","37.282246","127.043154"
"4432","2026-06-02T15:54:42.848046","37.282264","127.04313599999999"
"4433","2026-06-02T15:54:42.848555","37.282282","127.04311799999999"
"4434","2026-06-02T15:54:42.849565","37.2823","127.0431"
"4435","2026-06-02T15:54:42.849565","37.282318","127.043082"
"4436","2026-06-02T15:54:42.849565","37.283227999999994","127.043772"
"4437","2026-06-02T15:54:42.851074","37.283246","127.043754"
"4438","2026-06-02T15:54:42.851074","37.283263999999996","127.043736"
"4439","2026-06-02T15:54:42.852092","37.283282","127.043718"
"4440","2026-06-02T15:54:42.853093","37.2833","127.0437"
"4441","2026-06-02T15:54:42.853601","37.283317999999994","127.043682"
"4442","2026-06-02T15:54:42.853601","37.283336","127.043664"
"4443","2026-06-02T15:54:42.853601","37.283353999999996","127.043646"
"4444","2026-06-02T15:54:42.855122","37.283372","127.043628"
"4445","2026-06-02T15:54:42.856139","37.28323999999999","127.043784"
"4446","2026-06-02T15:54:42.856648","37.283258","127.043766"
"4447","2026-06-02T15:54:42.856648","37.283275999999994","127.043748"
"4448","2026-06-02T15:54:42.858161","37.283294","127.04373"
"4449","2026-06-02T15:54:42.859616","37.283311999999995","127.043712"
"4450","2026-06-02T15:54:42.859616","37.28332999999999","127.043694"
"4451","2026-06-02T15:54:42.861170","37.283348","127.043676"
"4452","2026-06-02T15:54:42.861704","37.283365999999994","127.043658"
"4453","2026-06-02T15:54:42.862212","37.283384","127.04364"
"4454","2026-06-02T15:54:42.862718","37.283252","127.043796"
"4455","2026-06-02T15:54:42.863726","37.28327","127.043778"
"4456","2026-06-02T15:54:42.864727","37.283288","127.04375999999999"
"4457","2026-06-02T15:54:42.865743","37.283306","127.043742"
"4458","2026-06-02T15:54:42.865743","37.28192799999999","127.046272"
"4459","2026-06-02T15:54:42.866761","37.281946","127.046254"
"4460","2026-06-02T15:54:42.866761","37.281228","127.04347200000001"
"4461","2026-06-02T15:54:42.868069","37.281246","127.04345400000001"
"4462","2026-06-02T15:54:42.869075","37.281264","127.043436"
"4463","2026-06-02T15:54:42.869075","37.281282000000004","127.043418"
"4464","2026-06-02T15:54:42.870602","37.2813","127.0434"
"4465","2026-06-02T15:54:42.870602","37.281318","127.04338200000001"
"4466","2026-06-02T15:54:42.872085","37.281336","127.04336400000001"
"4467","2026-06-02T15:54:42.872593","37.281354","127.043346"
"4468","2026-06-02T15:54:42.874062","37.281372000000005","127.043328"
"4469","2026-06-02T15:54:42.875488","37.28124","127.043484"
"4470","2026-06-02T15:54:42.875488","37.281258","127.04346600000001"
"4471","2026-06-02T15:54:42.876986","37.281276","127.043448"
"4472","2026-06-02T15:54:42.878158","37.281294","127.04343"
"4473","2026-06-02T15:54:42.878665","37.281312","127.043412"
"4474","2026-06-02T15:54:42.878665","37.28133","127.043394"
"4475","2026-06-02T15:54:42.880198","37.281348","127.04337600000001"
"4476","2026-06-02T15:54:42.880198","37.281366","127.043358"
"4477","2026-06-02T15:54:42.881499","37.281384","127.04334"
"4478","2026-06-02T15:54:42.882507","37.282478","127.046422"
"4479","2026-06-02T15:54:42.883520","37.283677999999995","127.045422"
"4480","2026-06-02T15:54:42.884525","37.283696","127.045404"
"4481","2026-06-02T15:54:42.885038","37.283713999999996","127.045386"
"4482","2026-06-02T15:54:42.886050","37.283732","127.045368"
"4483","2026-06-02T15:54:42.886050","37.28375","127.04535"
"4484","2026-06-02T15:54:42.887050","37.281678","127.046522"
"4485","2026-06-02T15:54:42.887050","37.281696000000004","127.046504"
"4486","2026-06-02T15:54:42.888559","37.281714","127.04648599999999"
"4487","2026-06-02T15:54:42.888559","37.281732000000005","127.04646799999999"
"4488","2026-06-02T15:54:42.888559","37.28175","127.04645"
"4489","2026-06-02T15:54:42.890089","37.281768","127.046432"
"4490","2026-06-02T15:54:42.891500","37.281786000000004","127.046414"
"4491","2026-06-02T15:54:42.892510","37.281804","127.04639599999999"
"4492","2026-06-02T15:54:42.893581","37.281822000000005","127.04637799999999"
"4493","2026-06-02T15:54:42.894620","37.28169","127.046534"
"4494","2026-06-02T15:54:42.895128","37.281708","127.046516"
"4495","2026-06-02T15:54:42.896141","37.281726","127.04649799999999"
"4496","2026-06-02T15:54:42.897141","37.281378","127.045922"
"4497","2026-06-02T15:54:42.897141","37.281396","127.04590400000001"
"4498","2026-06-02T15:54:42.898516","37.281414","127.045886"
"4499","2026-06-02T15:54:42.900046","37.281432","127.045868"
"4500","2026-06-02T15:54:42.900046","37.28145","127.04585"
"4501","2026-06-02T15:54:42.901055","37.281468","127.045832"
"4502","2026-06-02T15:54:42.901055","37.281486","127.04581400000001"
"4503","2026-06-02T15:54:42.902562","37.281504","127.045796"
"4504","2026-06-02T15:54:42.902562","37.282078","127.046672"
"4505","2026-06-02T15:54:42.904085","37.282096","127.046654"
"4506","2026-06-02T15:54:42.904085","37.282114","127.04663599999999"
"4507","2026-06-02T15:54:42.905100","37.282132000000004","127.046618"
"4508","2026-06-02T15:54:42.905618","37.28215","127.0466"
"4509","2026-06-02T15:54:42.907103","37.282168","127.046582"
"4510","2026-06-02T15:54:42.908117","37.282186","127.046564"
"4511","2026-06-02T15:54:42.909155","37.282204","127.04654599999999"
"4512","2026-06-02T15:54:42.909664","37.282222000000004","127.046528"
"4513","2026-06-02T15:54:42.909664","37.28209","127.046684"
"4514","2026-06-02T15:54:42.910671","37.282108","127.046666"
"4515","2026-06-02T15:54:42.910671","37.282126","127.04664799999999"
"4516","2026-06-02T15:54:42.910671","37.282144","127.04663"
"4517","2026-06-02T15:54:42.912180","37.282162","127.046612"
"4518","2026-06-02T15:54:42.912909","37.28218","127.046594"
"4519","2026-06-02T15:54:42.912909","37.283077999999996","127.045972"
"4520","2026-06-02T15:54:42.913840","37.283096","127.04595400000001"
"4521","2026-06-02T15:54:42.914373","37.283114","127.045936"
"4522","2026-06-02T15:54:42.914373","37.280877999999994","127.04472200000001"
"4523","2026-06-02T15:54:42.915383","37.280896","127.04470400000001"
"4524","2026-06-02T15:54:42.915383","37.280913999999996","127.044686"
"4525","2026-06-02T15:54:42.916381","37.280932","127.044668"
"4526","2026-06-02T15:54:42.916381","37.28095","127.04465"
"4527","2026-06-02T15:54:42.916381","37.280967999999994","127.04463200000001"
"4528","2026-06-02T15:54:42.917888","37.280986","127.04461400000001"
"4529","2026-06-02T15:54:42.917888","37.281003999999996","127.044596"
"4530","2026-06-02T15:54:42.917888","37.281022","127.044578"
"4531","2026-06-02T15:54:42.919426","37.28088999999999","127.044734"
"4532","2026-06-02T15:54:42.919426","37.283477999999995","127.043322"
"4533","2026-06-02T15:54:42.920444","37.283496","127.043304"
"4534","2026-06-02T15:54:42.920444","37.283514","127.043286"
"4535","2026-06-02T15:54:42.920444","37.283532","127.043268"
"4536","2026-06-02T15:54:42.920444","37.28355","127.04325"
"4537","2026-06-02T15:54:42.921956","37.283567999999995","127.043232"
"4538","2026-06-02T15:54:42.921956","37.281577999999996","127.043322"
"4539","2026-06-02T15:54:42.924489","37.281596","127.043304"
"4540","2026-06-02T15:54:42.924489","37.281614","127.043286"
"4541","2026-06-02T15:54:42.925785","37.281632","127.043268"
"4542","2026-06-02T15:54:42.926780","37.28165","127.04325"
"4543","2026-06-02T15:54:42.926780","37.281667999999996","127.043232"
"4544","2026-06-02T15:54:42.927782","37.281686","127.043214"
"4545","2026-06-02T15:54:42.927782","37.281704","127.043196"
"4546","2026-06-02T15:54:42.928514","37.281722","127.043178"
"4547","2026-06-02T15:54:42.928514","37.281589999999994","127.043334"
"4548","2026-06-02T15:54:42.929523","37.281608","127.043316"
"4549","2026-06-02T15:54:42.930531","37.281625999999996","127.043298"
"4550","2026-06-02T15:54:42.930531","37.281644","127.04328"
"4551","2026-06-02T15:54:42.930531","37.281662","127.043262"
"4552","2026-06-02T15:54:42.932039","37.281679999999994","127.043244"
"4553","2026-06-02T15:54:42.932039","37.281698","127.043226"
"4554","2026-06-02T15:54:42.933055","37.281715999999996","127.04320799999999"
"4555","2026-06-02T15:54:42.933570","37.281734","127.04319"
"4556","2026-06-02T15:54:42.934577","37.281602","127.043346"
"4557","2026-06-02T15:54:42.934577","37.281620000000004","127.043328"
"4558","2026-06-02T15:54:42.935591","37.281638","127.04330999999999"
"4559","2026-06-02T15:54:42.935591","37.281656000000005","127.043292"
"4560","2026-06-02T15:54:42.936590","37.280778","127.045422"
"4561","2026-06-02T15:54:42.936590","37.280796","127.045404"
"4562","2026-06-02T15:54:42.937597","37.283778","127.043822"
"4563","2026-06-02T15:54:42.940602","37.283796","127.04380400000001"
"4564","2026-06-02T15:54:42.941609","37.283814","127.043786"
"4565","2026-06-02T15:54:42.941609","37.283832000000004","127.043768"
"4566","2026-06-02T15:54:42.942733","37.28385","127.04375"
"4567","2026-06-02T15:54:42.942733","37.283868","127.043732"
"4568","2026-06-02T15:54:42.942733","37.283886","127.04371400000001"
"4569","2026-06-02T15:54:42.942733","37.283904","127.043696"
"4570","2026-06-02T15:54:42.944268","37.283922000000004","127.043678"
"4571","2026-06-02T15:54:42.944268","37.283789999999996","127.043834"
"4572","2026-06-02T15:54:42.945282","37.283808","127.043816"
"4573","2026-06-02T15:54:42.945282","37.283826","127.043798"
"4574","2026-06-02T15:54:42.946278","37.283844","127.04378"
"4575","2026-06-02T15:54:42.946278","37.283862","127.043762"
"4576","2026-06-02T15:54:42.946278","37.283879999999996","127.043744"
"4577","2026-06-02T15:54:42.947787","37.283898","127.043726"
"4578","2026-06-02T15:54:42.947787","37.283916","127.043708"
"4579","2026-06-02T15:54:42.949080","37.283934","127.04369"
"4580","2026-06-02T15:54:42.949080","37.280677999999995","127.043822"
"4581","2026-06-02T15:54:42.950111","37.280477999999995","127.04432200000001"
"4582","2026-06-02T15:54:42.950111","37.280496","127.04430400000001"
"4583","2026-06-02T15:54:42.950111","37.280514","127.044286"
"4584","2026-06-02T15:54:42.951631","37.280532","127.044268"
"4585","2026-06-02T15:54:42.951631","37.28055","127.04425"
"4586","2026-06-02T15:54:42.952647","37.282377999999994","127.042522"
"4587","2026-06-02T15:54:42.954683","37.282396","127.04250400000001"
"4588","2026-06-02T15:54:42.954683","37.282413999999996","127.042486"
"4589","2026-06-02T15:54:42.955682","37.282432","127.042468"
"4590","2026-06-02T15:54:42.956684","37.28245","127.04245"
"4591","2026-06-02T15:54:42.957685","37.282467999999994","127.042432"
"4592","2026-06-02T15:54:42.958199","37.282486","127.04241400000001"
"4593","2026-06-02T15:54:42.958711","37.282503999999996","127.042396"
"4594","2026-06-02T15:54:42.958711","37.282522","127.042378"
"4595","2026-06-02T15:54:42.959723","37.28238999999999","127.042534"
"4596","2026-06-02T15:54:42.959723","37.282408","127.042516"
"4597","2026-06-02T15:54:42.959723","37.282425999999994","127.042498"
"4598","2026-06-02T15:54:42.959723","37.280828","127.044122"
"4599","2026-06-02T15:54:42.961240","37.280846000000004","127.044104"
"4600","2026-06-02T15:54:42.961240","37.280864","127.044086"
"4601","2026-06-02T15:54:42.962262","37.280882000000005","127.044068"
"4602","2026-06-02T15:54:42.962774","37.2809","127.04405"
"4603","2026-06-02T15:54:42.965304","37.280918","127.044032"
"4604","2026-06-02T15:54:42.966304","37.280936000000004","127.044014"
"4605","2026-06-02T15:54:42.967310","37.280954","127.04399599999999"
"4606","2026-06-02T15:54:42.967832","37.280578","127.046122"
"4607","2026-06-02T15:54:42.968350","37.280596","127.046104"
"4608","2026-06-02T15:54:42.969365","37.280614","127.04608599999999"
"4609","2026-06-02T15:54:42.969365","37.280632000000004","127.04606799999999"
"4610","2026-06-02T15:54:42.971892","37.28065","127.04605"
"4611","2026-06-02T15:54:42.972406","37.280668","127.046032"
"4612","2026-06-02T15:54:42.973420","37.280686","127.046014"
"4613","2026-06-02T15:54:42.974436","37.280704","127.04599599999999"
"4614","2026-06-02T15:54:42.975436","37.280722000000004","127.04597799999999"
"4615","2026-06-02T15:54:42.975436","37.28059","127.046134"
"4616","2026-06-02T15:54:42.976949","37.280608","127.046116"
"4617","2026-06-02T15:54:42.976949","37.280626","127.04609799999999"
"4618","2026-06-02T15:54:42.977963","37.280644","127.04607999999999"
"4619","2026-06-02T15:54:42.977963","37.280662","127.04606199999999"
"4620","2026-06-02T15:54:42.977963","37.28068","127.046044"
"4621","2026-06-02T15:54:42.978962","37.282678","127.04302200000001"
"4622","2026-06-02T15:54:42.979475","37.282696","127.04300400000001"
"4623","2026-06-02T15:54:42.979475","37.282714","127.042986"
"4624","2026-06-03T18:03:53.449887","37.283128","127.04517200000001"
"4625","2026-06-03T18:03:53.482897","37.282328","127.043972"
"4626","2026-06-03T18:03:53.484903","37.282346000000004","127.043954"
"4627","2026-06-03T18:03:53.486923","37.282364","127.04393599999999"
"4628","2026-06-03T18:03:53.488656","37.282382000000005","127.04391799999999"
"4629","2026-06-03T18:03:53.489670","37.2824","127.0439"
"4630","2026-06-03T18:03:53.490675","37.281628","127.04477200000001"
"4631","2026-06-03T18:03:53.492805","37.281646","127.04475400000001"
"4632","2026-06-03T18:03:53.494826","37.281664","127.044736"
"4633","2026-06-03T18:03:53.495815","37.281682","127.044718"
"4634","2026-06-03T18:03:53.497818","37.2817","127.0447"
"4635","2026-06-03T18:03:53.498816","37.281718","127.04468200000001"
"4636","2026-06-03T18:03:53.499814","37.281736","127.04466400000001"
"4637","2026-06-03T18:03:53.501816","37.281754","127.044646"
"4638","2026-06-03T18:03:53.502815","37.281772000000004","127.044628"
"4639","2026-06-03T18:03:53.504813","37.281639999999996","127.044784"
"4640","2026-06-03T18:03:53.505816","37.281658","127.04476600000001"
"4641","2026-06-03T18:03:53.507882","37.281676","127.044748"
"4642","2026-06-03T18:03:53.509893","37.282928","127.044172"
"4643","2026-06-03T18:03:53.510926","37.282946","127.044154"
"4644","2026-06-03T18:03:53.511923","37.282964","127.044136"
"4645","2026-06-03T18:03:53.513920","37.282982000000004","127.044118"
"4646","2026-06-03T18:03:53.515932","37.283","127.0441"
"4647","2026-06-03T18:03:53.516944","37.283018","127.044082"
"4648","2026-06-03T18:03:53.517943","37.283036","127.044064"
"4649","2026-06-03T18:03:53.518944","37.283054","127.044046"
"4650","2026-06-03T18:03:53.519944","37.282128","127.044972"
"4651","2026-06-03T18:03:53.520944","37.282146000000004","127.044954"
"4652","2026-06-03T18:03:53.522947","37.282164","127.04493599999999"
"4653","2026-06-03T18:03:53.524261","37.282182000000006","127.044918"
"4654","2026-06-03T18:03:53.525682","37.2822","127.0449"
"4655","2026-06-03T18:03:53.527924","37.282218","127.044882"
"4656","2026-06-03T18:03:53.529942","37.282236000000005","127.044864"
"4657","2026-06-03T18:03:53.531262","37.282254","127.04484599999999"
"4658","2026-06-03T18:03:53.534074","37.282272000000006","127.044828"
"4659","2026-06-03T18:03:53.535371","37.28214","127.044984"
"4660","2026-06-03T18:03:53.536381","37.282158","127.044966"
"4661","2026-06-03T18:03:53.540382","37.282176","127.04494799999999"
"4662","2026-06-03T18:03:53.542584","37.282194000000004","127.04493"
"4663","2026-06-03T18:03:53.544899","37.282212","127.044912"
"4664","2026-06-03T18:03:53.546902","37.28223","127.044894"
"4665","2026-06-03T18:03:53.548236","37.281828","127.043672"
"4666","2026-06-03T18:03:53.550373","37.281846","127.043654"
"4667","2026-06-03T18:03:53.552392","37.281864","127.04363599999999"
"4668","2026-06-03T18:03:53.553572","37.282627999999995","127.045472"
"4669","2026-06-03T18:03:53.556207","37.282646","127.045454"
"4670","2026-06-03T18:03:53.557221","37.282664","127.045436"
"4671","2026-06-03T18:03:53.559219","37.282682","127.045418"
"4672","2026-06-03T18:03:53.560217","37.2827","127.0454"
"4673","2026-06-03T18:03:53.562219","37.282717999999996","127.045382"
"4674","2026-06-03T18:03:53.563222","37.282736","127.045364"
"4675","2026-06-03T18:03:53.564218","37.282754","127.045346"
"4676","2026-06-03T18:03:53.566223","37.282772","127.045328"
"4677","2026-06-03T18:03:53.567727","37.282639999999994","127.045484"
"4678","2026-06-03T18:03:53.568734","37.283328","127.04437200000001"
"4679","2026-06-03T18:03:53.569736","37.283346","127.04435400000001"
"4680","2026-06-03T18:03:53.570735","37.283364","127.044336"
"4681","2026-06-03T18:03:53.573494","37.283382","127.044318"
"4682","2026-06-03T18:03:53.574506","37.2834","127.0443"
"4683","2026-06-03T18:03:53.576163","37.283418","127.04428200000001"
"4684","2026-06-03T18:03:53.577174","37.281727999999994","127.045272"
"4685","2026-06-03T18:03:53.578173","37.281746","127.045254"
"4686","2026-06-03T18:03:53.580170","37.281763999999995","127.04523599999999"
"4687","2026-06-03T18:03:53.582174","37.281782","127.04521799999999"
"4688","2026-06-03T18:03:53.583172","37.2818","127.0452"
"4689","2026-06-03T18:03:53.584174","37.281817999999994","127.045182"
"4690","2026-06-03T18:03:53.585367","37.281836","127.045164"
"4691","2026-06-03T18:03:53.586377","37.281853999999996","127.04514599999999"
"4692","2026-06-03T18:03:53.587802","37.281872","127.04512799999999"
"4693","2026-06-03T18:03:53.589811","37.28173999999999","127.045284"
"4694","2026-06-03T18:03:53.590811","37.281757999999996","127.045266"
"4695","2026-06-03T18:03:53.591812","37.281775999999994","127.04524799999999"
"4696","2026-06-03T18:03:53.592809","37.281794","127.04522999999999"
"4697","2026-06-03T18:03:53.593810","37.281811999999995","127.04521199999999"
"4698","2026-06-03T18:03:53.594809","37.28182999999999","127.045194"
"4699","2026-06-03T18:03:53.595809","37.281848","127.045176"
"4700","2026-06-03T18:03:53.596809","37.281865999999994","127.04515799999999"
"4701","2026-06-03T18:03:53.597809","37.281884","127.04513999999999"
"4702","2026-06-03T18:03:53.598812","37.281752","127.045296"
"4703","2026-06-03T18:03:53.600812","37.28177","127.045278"
"4704","2026-06-03T18:03:53.601810","37.281788","127.04525999999998"
"4705","2026-06-03T18:03:53.602809","37.281806","127.04524199999999"
"4706","2026-06-03T18:03:53.603810","37.282427999999996","127.043172"
"4707","2026-06-03T18:03:53.604810","37.282446","127.043154"
"4708","2026-06-03T18:03:53.606809","37.283027999999995","127.042972"
"4709","2026-06-03T18:03:53.608816","37.283046","127.04295400000001"
"4710","2026-06-03T18:03:53.610815","37.283063999999996","127.042936"
"4711","2026-06-03T18:03:53.611811","37.283082","127.042918"
"4712","2026-06-03T18:03:53.613811","37.2831","127.0429"
"4713","2026-06-03T18:03:53.614812","37.283117999999995","127.042882"
"4714","2026-06-03T18:03:53.615812","37.283136","127.04286400000001"
"4715","2026-06-03T18:03:53.616814","37.283153999999996","127.042846"
"4716","2026-06-03T18:03:53.617810","37.283172","127.042828"
"4717","2026-06-03T18:03:53.618809","37.28303999999999","127.042984"
"4718","2026-06-03T18:03:53.619809","37.283058","127.042966"
"4719","2026-06-03T18:03:53.621810","37.283075999999994","127.042948"
"4720","2026-06-03T18:03:53.622811","37.283094","127.04293"
"4721","2026-06-03T18:03:53.623812","37.283111999999996","127.042912"
"4722","2026-06-03T18:03:53.624812","37.28312999999999","127.042894"
"4723","2026-06-03T18:03:53.625813","37.283148","127.042876"
"4724","2026-06-03T18:03:53.626815","37.283165999999994","127.042858"
"4725","2026-06-03T18:03:53.627813","37.283184","127.04284"
"4726","2026-06-03T18:03:53.629810","37.281527999999994","127.044072"
"4727","2026-06-03T18:03:53.630810","37.28192799999999","127.042772"
"4728","2026-06-03T18:03:53.631812","37.281946","127.042754"
"4729","2026-06-03T18:03:53.633810","37.281963999999995","127.04273599999999"
"4730","2026-06-03T18:03:53.634811","37.281982","127.042718"
"4731","2026-06-03T18:03:53.635812","37.282","127.0427"
"4732","2026-06-03T18:03:53.636811","37.282928","127.044672"
"4733","2026-06-03T18:03:53.637810","37.282946","127.04465400000001"
"4734","2026-06-03T18:03:53.639814","37.282964","127.044636"
"4735","2026-06-03T18:03:53.640815","37.282982000000004","127.044618"
"4736","2026-06-03T18:03:53.641809","37.283","127.0446"
"4737","2026-06-03T18:03:53.642809","37.283018","127.044582"
"4738","2026-06-03T18:03:53.643809","37.283036","127.04456400000001"
"4739","2026-06-03T18:03:53.643809","37.283054","127.044546"
"4740","2026-06-03T18:03:53.644809","37.283072000000004","127.044528"
"4741","2026-06-03T18:03:53.645809","37.282939999999996","127.044684"
"4742","2026-06-03T18:03:53.647813","37.282958","127.044666"
"4743","2026-06-03T18:03:53.648813","37.282976","127.044648"
"4744","2026-06-03T18:03:53.649810","37.282728","127.043572"
"4745","2026-06-03T18:03:53.650810","37.282746","127.043554"
"4746","2026-06-03T18:03:53.651809","37.282764","127.04353599999999"
"4747","2026-06-03T18:03:53.652817","37.282782000000005","127.04351799999999"
"4748","2026-06-03T18:03:53.654818","37.2828","127.0435"
"4749","2026-06-03T18:03:53.656817","37.282818","127.043482"
"4750","2026-06-03T18:03:53.658816","37.282836","127.043464"
"4751","2026-06-03T18:03:53.662818","37.282854","127.04344599999999"
"4752","2026-06-03T18:03:53.665232","37.281428","127.044872"
"4753","2026-06-03T18:03:53.666229","37.281446","127.044854"
"4754","2026-06-03T18:03:53.668300","37.281464","127.04483599999999"
"4755","2026-06-03T18:03:53.669302","37.281482000000004","127.04481799999999"
"4756","2026-06-03T18:03:53.670300","37.2815","127.0448"
"4757","2026-06-03T18:03:53.670300","37.281518","127.044782"
"4758","2026-06-03T18:03:53.671299","37.281536","127.044764"
"4759","2026-06-03T18:03:53.672300","37.281554","127.04474599999999"
"4760","2026-06-03T18:03:53.673304","37.281572000000004","127.04472799999999"
"4761","2026-06-03T18:03:53.675301","37.281439999999996","127.044884"
"4762","2026-06-03T18:03:53.676301","37.281458","127.044866"
"4763","2026-06-03T18:03:53.677302","37.281476","127.04484799999999"
"4764","2026-06-03T18:03:53.678300","37.281494","127.04482999999999"
"4765","2026-06-03T18:03:53.679356","37.281512","127.044812"
"4766","2026-06-03T18:03:53.680371","37.28153","127.044794"
"4767","2026-06-03T18:03:53.681367","37.282528","127.045772"
"4768","2026-06-03T18:03:53.682368","37.282546","127.045754"
"4769","2026-06-03T18:03:53.683366","37.282564","127.04573599999999"
"4770","2026-06-03T18:03:53.683366","37.283427999999994","127.04387200000001"
"4771","2026-06-03T18:03:53.684367","37.283446","127.04385400000001"
"4772","2026-06-03T18:03:53.685365","37.283463999999995","127.043836"
"4773","2026-06-03T18:03:53.685365","37.283482","127.043818"
"4774","2026-06-03T18:03:53.686365","37.2835","127.0438"
"4775","2026-06-03T18:03:53.687365","37.283517999999994","127.04378200000001"
"4776","2026-06-03T18:03:53.688366","37.283536","127.04376400000001"
"4777","2026-06-03T18:03:53.689365","37.283553999999995","127.043746"
"4778","2026-06-03T18:03:53.690368","37.283572","127.043728"
"4779","2026-06-03T18:03:53.691366","37.28343999999999","127.043884"
"4780","2026-06-03T18:03:53.692365","37.281327999999995","127.04347200000001"
"4781","2026-06-03T18:03:53.693369","37.281346","127.04345400000001"
"4782","2026-06-03T18:03:53.694365","37.281363999999996","127.043436"
"4783","2026-06-03T18:03:53.694365","37.281382","127.043418"
"4784","2026-06-03T18:03:53.695369","37.2814","127.0434"
"4785","2026-06-03T18:03:53.696368","37.281417999999995","127.04338200000001"
"4786","2026-06-03T18:03:53.698366","37.283628","127.044972"
"4787","2026-06-03T18:03:53.699370","37.283646000000005","127.044954"
"4788","2026-06-03T18:03:53.700366","37.283664","127.04493599999999"
"4789","2026-06-03T18:03:53.701583","37.283682000000006","127.044918"
"4790","2026-06-03T18:03:53.702922","37.2837","127.0449"
"4791","2026-06-03T18:03:53.704036","37.283718","127.044882"
"4792","2026-06-03T18:03:53.705045","37.283736000000005","127.044864"
"4793","2026-06-03T18:03:53.706046","37.283754","127.04484599999999"
"4794","2026-06-03T18:03:53.707047","37.283772000000006","127.044828"
"4795","2026-06-03T18:03:53.708310","37.28364","127.044984"
"4796","2026-06-03T18:03:53.709681","37.283658","127.044966"
"4797","2026-06-03T18:03:53.710695","37.283676","127.04494799999999"
"4798","2026-06-03T18:03:53.711690","37.283694000000004","127.04493"
"4799","2026-06-03T18:03:53.712690","37.283712","127.044912"
"4800","2026-06-03T18:03:53.713691","37.28373","127.044894"
"4801","2026-06-03T18:03:53.714691","37.283748","127.044876"
"4802","2026-06-03T18:03:53.716691","37.283766","127.04485799999999"
"4803","2026-06-03T18:03:53.717691","37.283784000000004","127.04484"
"4804","2026-06-03T18:03:53.718697","37.283652000000004","127.044996"
"4805","2026-06-03T18:03:53.719692","37.28367000000001","127.044978"
"4806","2026-06-03T18:03:53.720690","37.283688000000005","127.04495999999999"
"4807","2026-06-03T18:03:53.721694","37.28370600000001","127.04494199999999"
"4808","2026-06-03T18:03:53.722693","37.282028","127.042572"
"4809","2026-06-03T18:03:53.723691","37.282046","127.04255400000001"
"4810","2026-06-03T18:03:53.724693","37.283927999999996","127.044172"
"4811","2026-06-03T18:03:53.724693","37.283946","127.044154"
"4812","2026-06-03T18:03:53.725690","37.283964","127.044136"
"4813","2026-06-03T18:03:53.726693","37.283982","127.044118"
"4814","2026-06-03T18:03:53.727696","37.284","127.0441"
"4815","2026-06-03T18:03:53.727696","37.284017999999996","127.044082"
"4816","2026-06-03T18:03:53.728689","37.284036","127.044064"
"4817","2026-06-03T18:03:53.729691","37.284054","127.044046"
"4818","2026-06-03T18:03:53.730690","37.284072","127.044028"
"4819","2026-06-03T18:03:53.731691","37.283939999999994","127.044184"
"4820","2026-06-03T18:03:53.732693","37.283958","127.044166"
"4821","2026-06-03T18:03:53.733693","37.283975999999996","127.04414799999999"
"4822","2026-06-03T18:03:53.734690","37.283994","127.04413"
"4823","2026-06-03T18:03:53.735689","37.284012","127.044112"
"4824","2026-06-03T18:03:53.735689","37.284029999999994","127.044094"
"4825","2026-06-03T18:03:53.736693","37.284048","127.044076"
"4826","2026-06-03T18:03:53.737691","37.284065999999996","127.04405799999999"
"4827","2026-06-03T18:03:53.737691","37.284084","127.04404"
"4828","2026-06-03T18:03:53.738690","37.281828","127.04607200000001"
"4829","2026-06-03T18:03:53.739691","37.282827999999995","127.046272"
"4830","2026-06-03T18:03:53.740688","37.282846","127.046254"
"4831","2026-06-03T18:03:53.741687","37.282864","127.046236"
"4832","2026-06-03T18:03:53.742692","37.282882","127.046218"
"4833","2026-06-03T18:03:53.742692","37.2829","127.0462"
"4834","2026-06-03T18:03:53.743687","37.281228","127.045672"
"4835","2026-06-03T18:03:53.744687","37.281246","127.045654"
"4836","2026-06-03T18:03:53.745690","37.281264","127.04563599999999"
"4837","2026-06-03T18:03:53.745690","37.281282000000004","127.04561799999999"
"4838","2026-06-03T18:03:53.746691","37.2813","127.0456"
"4839","2026-06-03T18:03:53.748688","37.281318","127.045582"
"4840","2026-06-03T18:03:53.752702","37.281336","127.045564"
"4841","2026-06-03T18:03:53.753701","37.281354","127.04554599999999"
"4842","2026-06-03T18:03:53.754704","37.281372000000005","127.04552799999999"
"4843","2026-06-03T18:03:53.754704","37.28124","127.045684"
"4844","2026-06-03T18:03:53.755699","37.281258","127.045666"
"4845","2026-06-03T18:03:53.756702","37.281276","127.04564799999999"
"4846","2026-06-03T18:03:53.757703","37.284028","127.043272"
"4847","2026-06-03T18:03:53.758701","37.284046000000004","127.043254"
"4848","2026-06-03T18:03:53.758701","37.284064","127.043236"
"4849","2026-06-03T18:03:53.759705","37.284082000000005","127.043218"
"4850","2026-06-03T18:03:53.760699","37.2841","127.0432"
"4851","2026-06-03T18:03:53.760699","37.284118","127.043182"
"4852","2026-06-03T18:03:53.761699","37.284136000000004","127.043164"
"4853","2026-06-03T18:03:53.762699","37.284154","127.043146"
"4854","2026-06-03T18:03:53.762699","37.281028","127.044272"
"4855","2026-06-03T18:03:53.763699","37.281046","127.04425400000001"
"4856","2026-06-03T18:03:53.764701","37.281064","127.044236"
"4857","2026-06-03T18:03:53.765701","37.281082000000005","127.044218"
"4858","2026-06-03T18:03:53.765701","37.2811","127.0442"
"4859","2026-06-03T18:03:53.767212","37.281118","127.044182"
"4860","2026-06-03T18:03:53.768223","37.281136000000004","127.04416400000001"
"4861","2026-06-03T18:03:53.769224","37.281154","127.044146"
"4862","2026-06-03T18:03:53.770220","37.281172000000005","127.044128"
"4863","2026-06-03T18:03:53.770220","37.28104","127.044284"
"4864","2026-06-03T18:03:53.771225","37.281058","127.04426600000001"
"4865","2026-06-03T18:03:53.772225","37.281076","127.044248"
"4866","2026-06-03T18:03:53.773223","37.281094","127.04423"
"4867","2026-06-03T18:03:53.774224","37.281112","127.044212"
"4868","2026-06-03T18:03:53.775222","37.28113","127.044194"
"4869","2026-06-03T18:03:53.776221","37.283828","127.045372"
"4870","2026-06-03T18:03:53.776221","37.283846000000004","127.045354"
"4871","2026-06-03T18:03:53.777220","37.283864","127.04533599999999"
"4872","2026-06-03T18:03:53.778220","37.282227999999996","127.04647200000001"
"4873","2026-06-03T18:03:53.779219","37.282246","127.04645400000001"
"4874","2026-06-03T18:03:53.779219","37.282264","127.046436"
"4875","2026-06-03T18:03:53.780223","37.282282","127.046418"
"4876","2026-06-03T18:03:53.782223","37.2823","127.0464"
"4877","2026-06-03T18:03:53.783222","37.282318","127.04638200000001"
"4878","2026-06-03T18:03:53.784222","37.282336","127.04636400000001"
"4879","2026-06-03T18:03:53.785225","37.282354","127.046346"
"4880","2026-06-03T18:03:53.786221","37.282372","127.046328"
"4881","2026-06-03T18:03:53.787221","37.282239999999994","127.046484"
"4882","2026-06-03T18:03:53.789574","37.280927999999996","127.043772"
"4883","2026-06-03T18:03:53.790583","37.280946","127.043754"
"4884","2026-06-03T18:03:53.791583","37.280964","127.043736"
"4885","2026-06-03T18:03:53.792584","37.280982","127.043718"
"4886","2026-06-03T18:03:53.792584","37.281","127.0437"
"4887","2026-06-03T18:03:53.793581","37.281017999999996","127.043682"
"4888","2026-06-03T18:03:53.793581","37.284127999999995","127.044872"
"4889","2026-06-03T18:03:53.794581","37.284146","127.044854"
"4890","2026-06-03T18:03:53.795580","37.284164","127.04483599999999"
"4891","2026-06-03T18:03:53.796584","37.284182","127.04481799999999"
"4892","2026-06-03T18:03:53.796584","37.2842","127.0448"
"4893","2026-06-03T18:03:53.797583","37.284217999999996","127.044782"
"4894","2026-06-03T18:03:53.798585","37.284236","127.044764"
"4895","2026-06-03T18:03:53.799586","37.284254","127.04474599999999"
"4896","2026-06-03T18:03:53.801044","37.284272","127.04472799999999"
"4897","2026-06-03T18:03:53.801044","37.284139999999994","127.044884"
"4898","2026-06-03T18:03:53.802517","37.284158","127.044866"
"4899","2026-06-03T18:03:53.802517","37.284175999999995","127.04484799999999"
"4900","2026-06-03T18:03:53.803823","37.284194","127.04482999999999"
"4901","2026-06-03T18:03:53.804943","37.284212","127.044812"
"4902","2026-06-03T18:03:53.804943","37.284229999999994","127.044794"
"4903","2026-06-03T18:03:53.804943","37.284248","127.044776"
"4904","2026-06-03T18:03:53.806435","37.284265999999995","127.04475799999999"
"4905","2026-06-03T18:03:53.807445","37.284284","127.04473999999999"
"4906","2026-06-03T18:03:53.807445","37.284152","127.044896"
"4907","2026-06-03T18:03:53.808443","37.28417","127.044878"
"4908","2026-06-03T18:03:53.809443","37.284188","127.04485999999999"
"4909","2026-06-03T18:03:53.809443","37.284206000000005","127.04484199999999"
"4910","2026-06-03T18:03:53.810868","37.283227999999994","127.046672"
"4911","2026-06-03T18:03:53.811874","37.283246","127.046654"
"4912","2026-06-03T18:03:53.811874","37.281127999999995","127.042972"
"4913","2026-06-03T18:03:53.812873","37.281146","127.04295400000001"
"4914","2026-06-03T18:03:53.813876","37.281164","127.042936"
"4915","2026-06-03T18:03:53.813876","37.281182","127.042918"
"4916","2026-06-03T18:03:53.815247","37.2812","127.0429"
"4917","2026-06-03T18:03:53.815247","37.281217999999996","127.042882"
"4918","2026-06-03T18:03:53.816340","37.281236","127.04286400000001"
"4919","2026-06-03T18:03:53.817465","37.281254","127.042846"
"4920","2026-06-03T18:03:53.817465","37.281272","127.042828"
"4921","2026-06-03T18:03:53.818470","37.28113999999999","127.042984"
"4922","2026-06-03T18:03:53.819475","37.281158","127.042966"
"4923","2026-06-03T18:03:53.819475","37.281175999999995","127.042948"
"4924","2026-06-03T18:03:53.820722","37.281194","127.04293"
"4925","2026-06-03T18:03:53.820722","37.281212","127.042912"
"4926","2026-06-03T18:03:53.821727","37.281229999999994","127.042894"
"4927","2026-06-03T18:03:53.822728","37.281248","127.042876"
"4928","2026-06-03T18:03:53.822728","37.281265999999995","127.042858"
"4929","2026-06-03T18:03:53.824727","37.281284","127.04284"
"4930","2026-06-03T18:03:53.824727","37.283128","127.04517200000001"
"4931","2026-06-03T18:03:53.826082","37.282128","127.045572"
"4932","2026-06-03T18:03:53.826082","37.282146000000004","127.04555400000001"
"4933","2026-06-03T18:03:53.827092","37.282164","127.045536"
"4934","2026-06-03T18:03:53.828093","37.282182000000006","127.045518"
"4935","2026-06-03T18:03:53.828093","37.2822","127.0455"
"4936","2026-06-03T18:03:53.829091","37.281628","127.04477200000001"
"4937","2026-06-03T18:03:53.829091","37.281646","127.04475400000001"
"4938","2026-06-03T18:03:53.830092","37.281664","127.044736"
"4939","2026-06-03T18:03:53.830092","37.281682","127.044718"
"4940","2026-06-03T18:03:53.831094","37.2817","127.0447"
"4941","2026-06-03T18:03:53.832092","37.281718","127.04468200000001"
"4942","2026-06-03T18:03:53.833094","37.281736","127.04466400000001"
"4943","2026-06-03T18:03:53.834097","37.281754","127.044646"
"4944","2026-06-03T18:03:53.834097","37.281772000000004","127.044628"
"4945","2026-06-03T18:03:53.835093","37.281639999999996","127.044784"
"4946","2026-06-03T18:03:53.836094","37.281658","127.04476600000001"
"4947","2026-06-03T18:03:53.836094","37.281676","127.044748"
"4948","2026-06-03T18:03:53.837574","37.282128","127.044972"
"4949","2026-06-03T18:03:53.838584","37.282146000000004","127.044954"
"4950","2026-06-03T18:03:53.838584","37.282164","127.04493599999999"
"4951","2026-06-03T18:03:53.840067","37.282182000000006","127.044918"
"4952","2026-06-03T18:03:53.840067","37.2822","127.0449"
"4953","2026-06-03T18:03:53.841080","37.282218","127.044882"
"4954","2026-06-03T18:03:53.842074","37.282236000000005","127.044864"
"4955","2026-06-03T18:03:53.843074","37.282254","127.04484599999999"
"4956","2026-06-03T18:03:53.843074","37.283328","127.04437200000001"
"4957","2026-06-03T18:03:53.844073","37.283346","127.04435400000001"
"4958","2026-06-03T18:03:53.845072","37.283364","127.044336"
"4959","2026-06-03T18:03:53.845072","37.283382","127.044318"
"4960","2026-06-03T18:03:53.846074","37.2834","127.0443"
"4961","2026-06-03T18:03:53.847077","37.283418","127.04428200000001"
"4962","2026-06-03T18:03:53.847077","37.283436","127.04426400000001"
"4963","2026-06-03T18:03:53.848074","37.283454","127.044246"
"4964","2026-06-03T18:03:53.848909","37.283472","127.044228"
"4965","2026-06-03T18:03:53.849957","37.283339999999995","127.04438400000001"
"4966","2026-06-03T18:03:53.850545","37.283358","127.04436600000001"
"4967","2026-06-03T18:03:53.851190","37.283376","127.044348"
"4968","2026-06-03T18:03:53.851730","37.283394","127.04433"
"4969","2026-06-03T18:03:53.852906","37.283412","127.044312"
"4970","2026-06-03T18:03:53.852906","37.283429999999996","127.04429400000001"
"4971","2026-06-03T18:03:53.853430","37.281327999999995","127.04387200000001"
"4972","2026-06-03T18:03:53.853957","37.281346","127.04385400000001"
"4973","2026-06-03T18:03:53.855008","37.281363999999996","127.043836"
"4974","2026-06-03T18:03:53.855533","37.282528","127.043272"
"4975","2026-06-03T18:03:53.856724","37.282546","127.043254"
"4976","2026-06-03T18:03:53.857814","37.282564","127.043236"
"4977","2026-06-03T18:03:53.858335","37.282582000000005","127.043218"
"4978","2026-06-03T18:03:53.859398","37.2826","127.0432"
"4979","2026-06-03T18:03:53.859928","37.282618","127.043182"
"4980","2026-06-03T18:03:53.860981","37.282636000000004","127.043164"
"4981","2026-06-03T18:03:53.861492","37.282654","127.043146"
"4982","2026-06-03T18:03:53.862012","37.282672000000005","127.043128"
"4983","2026-06-03T18:03:53.862531","37.28254","127.043284"
"4984","2026-06-03T18:03:53.863069","37.282728","127.04477200000001"
"4985","2026-06-03T18:03:53.863596","37.282746","127.04475400000001"
"4986","2026-06-03T18:03:53.864120","37.282764","127.044736"
"4987","2026-06-03T18:03:53.864640","37.282782000000005","127.044718"
"4988","2026-06-03T18:03:53.865744","37.2828","127.0447"
"4989","2026-06-03T18:03:53.866277","37.282818","127.04468200000001"
"4990","2026-06-03T18:03:53.866804","37.281727999999994","127.045072"
"4991","2026-06-03T18:03:53.867318","37.281746","127.04505400000001"
"4992","2026-06-03T18:03:53.867849","37.281763999999995","127.045036"
"4993","2026-06-03T18:03:53.868370","37.281782","127.045018"
"4994","2026-06-03T18:03:53.868889","37.2818","127.045"
"4995","2026-06-03T18:03:53.869416","37.281817999999994","127.044982"
"4996","2026-06-03T18:03:53.869945","37.281836","127.04496400000001"
"4997","2026-06-03T18:03:53.870477","37.281853999999996","127.044946"
"4998","2026-06-03T18:03:53.871009","37.281872","127.044928"
"4999","2026-06-03T18:03:53.871539","37.28173999999999","127.045084"
"5000","2026-06-03T18:03:53.872067","37.281757999999996","127.045066"
"5001","2026-06-03T18:03:53.872599","37.281775999999994","127.045048"
"5002","2026-06-03T18:03:53.873120","37.281794","127.04503"
"5003","2026-06-03T18:03:53.874169","37.281811999999995","127.045012"
"5004","2026-06-03T18:03:53.874169","37.28182999999999","127.044994"
"5005","2026-06-03T18:03:53.874699","37.281848","127.044976"
"5006","2026-06-03T18:03:53.875817","37.281865999999994","127.044958"
"5007","2026-06-03T18:03:53.876865","37.281884","127.04494"
"5008","2026-06-03T18:03:53.877391","37.281752","127.045096"
"5009","2026-06-03T18:03:53.877919","37.28177","127.045078"
"5010","2026-06-03T18:03:53.878440","37.281788","127.04505999999999"
"5011","2026-06-03T18:03:53.879445","37.281806","127.045042"
"5012","2026-06-03T18:03:53.879445","37.283027999999995","127.043572"
"5013","2026-06-03T18:03:53.879445","37.283046","127.043554"
"5014","2026-06-03T18:03:53.881101","37.281428","127.044672"
"5015","2026-06-03T18:03:53.881101","37.281446","127.04465400000001"
"5016","2026-06-03T18:03:53.882592","37.281464","127.044636"
"5017","2026-06-03T18:03:53.882592","37.281482000000004","127.044618"
"5018","2026-06-03T18:03:53.884096","37.2815","127.0446"
"5019","2026-06-03T18:03:53.884096","37.281518","127.044582"
"5020","2026-06-03T18:03:53.885101","37.281536","127.04456400000001"
"5021","2026-06-03T18:03:53.885101","37.281554","127.044546"
"5022","2026-06-03T18:03:53.886100","37.281572000000004","127.044528"
"5023","2026-06-03T18:03:53.887101","37.281439999999996","127.044684"
"5024","2026-06-03T18:03:53.887101","37.281458","127.044666"
"5025","2026-06-03T18:03:53.888106","37.281476","127.044648"
"5026","2026-06-03T18:03:53.888106","37.281494","127.04463"
"5027","2026-06-03T18:03:53.888106","37.281512","127.044612"
"5028","2026-06-03T18:03:53.889612","37.28153","127.044594"
"5029","2026-06-03T18:03:53.890618","37.281548","127.044576"
"5030","2026-06-03T18:03:53.890618","37.281566","127.044558"
"5031","2026-06-03T18:03:53.891617","37.281584","127.04454"
"5032","2026-06-03T18:03:53.891617","37.299927999999994","127.100072"
"5033","2026-06-03T18:03:53.892616","37.282328","127.045872"
"5034","2026-06-03T18:03:53.892616","37.282346000000004","127.045854"
"5035","2026-06-03T18:03:53.893621","37.282364","127.045836"
"5036","2026-06-03T18:03:53.893621","37.282382000000005","127.045818"
"5037","2026-06-03T18:03:53.894618","37.2824","127.0458"
"5038","2026-06-03T18:03:53.895618","37.283427999999994","127.045072"
"5039","2026-06-03T18:03:53.895618","37.283446","127.04505400000001"
"5040","2026-06-03T18:03:53.896618","37.283463999999995","127.045036"
"5041","2026-06-03T18:03:53.897618","37.283482","127.045018"
"5042","2026-06-03T18:03:53.897618","37.2835","127.045"
"5043","2026-06-03T18:03:53.898618","37.283517999999994","127.044982"
"5044","2026-06-03T18:03:53.898618","37.283536","127.04496400000001"
"5045","2026-06-03T18:03:53.900127","37.283553999999995","127.044946"
"5046","2026-06-03T18:03:53.900127","37.283572","127.044928"
"5047","2026-06-03T18:03:53.901134","37.28343999999999","127.045084"
"5048","2026-06-03T18:03:53.902131","37.283457999999996","127.045066"
"5049","2026-06-03T18:03:53.902131","37.28347599999999","127.045048"
"5050","2026-06-03T18:03:53.903134","37.281028","127.045472"
"5051","2026-06-03T18:03:53.903134","37.281046","127.045454"
"5052","2026-06-03T18:03:53.904135","37.281064","127.045436"
"5053","2026-06-03T18:03:53.904135","37.281082000000005","127.045418"
"5054","2026-06-03T18:03:53.905136","37.2811","127.0454"
"5055","2026-06-03T18:03:53.905136","37.281118","127.045382"
"5056","2026-06-03T18:03:53.906133","37.281136000000004","127.045364"
"5057","2026-06-03T18:03:53.906133","37.281154","127.045346"
"5058","2026-06-03T18:03:53.907138","37.282928","127.04607200000001"
"5059","2026-06-03T18:03:53.907138","37.282946","127.04605400000001"
"5060","2026-06-03T18:03:53.907138","37.282964","127.046036"
"5061","2026-06-03T18:03:53.908134","37.282982000000004","127.046018"
"5062","2026-06-03T18:03:53.908134","37.283","127.046"
"5063","2026-06-03T18:03:53.909134","37.283018","127.04598200000001"
"5064","2026-06-03T18:03:53.909134","37.283036","127.04596400000001"
"5065","2026-06-03T18:03:53.909134","37.283054","127.045946"
"5066","2026-06-03T18:03:53.910133","37.283072000000004","127.045928"
"5067","2026-06-03T18:03:53.910133","37.282939999999996","127.04608400000001"
"5068","2026-06-03T18:03:53.911133","37.282958","127.04606600000001"
"5069","2026-06-03T18:03:53.911133","37.282976","127.046048"
"5070","2026-06-03T18:03:53.911133","37.282994","127.04603"
"5071","2026-06-03T18:03:53.912133","37.283012","127.046012"
"5072","2026-06-03T18:03:53.912133","37.28303","127.04599400000001"
"5073","2026-06-03T18:03:53.913182","37.281828","127.045972"
"5074","2026-06-03T18:03:53.913182","37.281846","127.04595400000001"
"5075","2026-06-03T18:03:53.913182","37.281864","127.045936"
"5076","2026-06-03T18:03:53.914188","37.283528","127.044072"
"5077","2026-06-03T18:03:53.914188","37.283546","127.044054"
"5078","2026-06-03T18:03:53.915195","37.283564","127.04403599999999"
"5079","2026-06-03T18:03:53.915195","37.283582","127.044018"
"5080","2026-06-03T18:03:53.916189","37.2836","127.044"
"5081","2026-06-03T18:03:53.916189","37.283618","127.043982"
"5082","2026-06-03T18:03:53.916189","37.283636","127.043964"
"5083","2026-06-03T18:03:53.917189","37.283654","127.04394599999999"
"5084","2026-06-03T18:03:53.917189","37.283672","127.043928"
"5085","2026-06-03T18:03:53.918189","37.283539999999995","127.044084"
"5086","2026-06-03T18:03:53.918189","37.282227999999996","127.043172"
"5087","2026-06-03T18:03:53.918189","37.282246","127.043154"
"5088","2026-06-03T18:03:53.919188","37.282264","127.04313599999999"
"5089","2026-06-03T18:03:53.919188","37.282282","127.04311799999999"
"5090","2026-06-03T18:03:53.919188","37.2823","127.0431"
"5091","2026-06-03T18:03:53.920188","37.282318","127.043082"
"5092","2026-06-03T18:03:53.920188","37.283227999999994","127.043772"
"5093","2026-06-03T18:03:53.920188","37.283246","127.043754"
"5094","2026-06-03T18:03:53.921190","37.283263999999996","127.043736"
"5095","2026-06-03T18:03:53.921190","37.283282","127.043718"
"5096","2026-06-03T18:03:53.921190","37.2833","127.0437"
"5097","2026-06-03T18:03:53.922190","37.283317999999994","127.043682"
"5098","2026-06-03T18:03:53.922190","37.283336","127.043664"
"5099","2026-06-03T18:03:53.923188","37.283353999999996","127.043646"
"5100","2026-06-03T18:03:53.923188","37.283372","127.043628"
"5101","2026-06-03T18:03:53.923188","37.28323999999999","127.043784"
"5102","2026-06-03T18:03:53.924188","37.283258","127.043766"
"5103","2026-06-03T18:03:53.924188","37.283275999999994","127.043748"
"5104","2026-06-03T18:03:53.925188","37.283294","127.04373"
"5105","2026-06-03T18:03:53.925188","37.283311999999995","127.043712"
"5106","2026-06-03T18:03:53.925188","37.28332999999999","127.043694"
"5107","2026-06-03T18:03:53.926188","37.283348","127.043676"
"5108","2026-06-03T18:03:53.926188","37.283365999999994","127.043658"
"5109","2026-06-03T18:03:53.926188","37.283384","127.04364"
"5110","2026-06-03T18:03:53.927188","37.283252","127.043796"
"5111","2026-06-03T18:03:53.927188","37.28327","127.043778"
"5112","2026-06-03T18:03:53.927188","37.283288","127.04375999999999"
"5113","2026-06-03T18:03:53.928190","37.283306","127.043742"
"5114","2026-06-03T18:03:53.928190","37.28192799999999","127.046272"
"5115","2026-06-03T18:03:53.929194","37.281946","127.046254"
"5116","2026-06-03T18:03:53.929194","37.281228","127.04347200000001"
"5117","2026-06-03T18:03:53.929194","37.281246","127.04345400000001"
"5118","2026-06-03T18:03:53.930190","37.281264","127.043436"
"5119","2026-06-03T18:03:53.930190","37.281282000000004","127.043418"
"5120","2026-06-03T18:03:53.931188","37.2813","127.0434"
"5121","2026-06-03T18:03:53.931188","37.281318","127.04338200000001"
"5122","2026-06-03T18:03:53.932195","37.281336","127.04336400000001"
"5123","2026-06-03T18:03:53.932195","37.281354","127.043346"
"5124","2026-06-03T18:03:53.932195","37.281372000000005","127.043328"
"5125","2026-06-03T18:03:53.933189","37.28124","127.043484"
"5126","2026-06-03T18:03:53.933189","37.281258","127.04346600000001"
"5127","2026-06-03T18:03:53.933189","37.281276","127.043448"
"5128","2026-06-03T18:03:53.934190","37.281294","127.04343"
"5129","2026-06-03T18:03:53.934190","37.281312","127.043412"
"5130","2026-06-03T18:03:53.934190","37.28133","127.043394"
"5131","2026-06-03T18:03:53.935189","37.281348","127.04337600000001"
"5132","2026-06-03T18:03:53.935189","37.281366","127.043358"
"5133","2026-06-03T18:03:53.935189","37.281384","127.04334"
"5134","2026-06-03T18:03:53.936190","37.282478","127.046422"
"5135","2026-06-03T18:03:53.937190","37.283677999999995","127.045422"
"5136","2026-06-03T18:03:53.938188","37.283696","127.045404"
"5137","2026-06-03T18:03:53.939187","37.283713999999996","127.045386"
"5138","2026-06-03T18:03:53.940187","37.283732","127.045368"
"5139","2026-06-03T18:03:53.940187","37.28375","127.04535"
"5140","2026-06-03T18:03:53.941684","37.281678","127.046522"
"5141","2026-06-03T18:03:53.941684","37.281696000000004","127.046504"
"5142","2026-06-03T18:03:53.943159","37.281714","127.04648599999999"
"5143","2026-06-03T18:03:53.943159","37.281732000000005","127.04646799999999"
"5144","2026-06-03T18:03:53.944165","37.28175","127.04645"
"5145","2026-06-03T18:03:53.945249","37.281768","127.046432"
"5146","2026-06-03T18:03:53.946254","37.281786000000004","127.046414"
"5147","2026-06-03T18:03:53.947255","37.281804","127.04639599999999"
"5148","2026-06-03T18:03:53.948254","37.281822000000005","127.04637799999999"
"5149","2026-06-03T18:03:53.949257","37.28169","127.046534"
"5150","2026-06-03T18:03:53.950257","37.281708","127.046516"
"5151","2026-06-03T18:03:53.950257","37.281726","127.04649799999999"
"5152","2026-06-03T18:03:53.951256","37.281378","127.045922"
"5153","2026-06-03T18:03:53.951256","37.281396","127.04590400000001"
"5154","2026-06-03T18:03:53.952256","37.281414","127.045886"
"5155","2026-06-03T18:03:53.953257","37.281432","127.045868"
"5156","2026-06-03T18:03:53.954258","37.28145","127.04585"
"5157","2026-06-03T18:03:53.954258","37.281468","127.045832"
"5158","2026-06-03T18:03:53.955482","37.281486","127.04581400000001"
"5159","2026-06-03T18:03:53.956482","37.281504","127.045796"
"5160","2026-06-03T18:03:53.957483","37.282078","127.046672"
"5161","2026-06-03T18:03:53.957483","37.282096","127.046654"
"5162","2026-06-03T18:03:53.958480","37.282114","127.04663599999999"
"5163","2026-06-03T18:03:53.959481","37.282132000000004","127.046618"
"5164","2026-06-03T18:03:53.959481","37.28215","127.0466"
"5165","2026-06-03T18:03:53.960483","37.282168","127.046582"
"5166","2026-06-03T18:03:53.960483","37.282186","127.046564"
"5167","2026-06-03T18:03:53.961482","37.282204","127.04654599999999"
"5168","2026-06-03T18:03:53.961482","37.282222000000004","127.046528"
"5169","2026-06-03T18:03:53.961482","37.28209","127.046684"
"5170","2026-06-03T18:03:53.961482","37.282108","127.046666"
"5171","2026-06-03T18:03:53.962481","37.282126","127.04664799999999"
"5172","2026-06-03T18:03:53.962481","37.282144","127.04663"
"5173","2026-06-03T18:03:53.962481","37.282162","127.046612"
"5174","2026-06-03T18:03:53.963481","37.28218","127.046594"
"5175","2026-06-03T18:03:53.963481","37.283077999999996","127.045972"
"5176","2026-06-03T18:03:53.963481","37.283096","127.04595400000001"
"5177","2026-06-03T18:03:53.964482","37.283114","127.045936"
"5178","2026-06-03T18:03:53.964482","37.280877999999994","127.04472200000001"
"5179","2026-06-03T18:03:53.965483","37.280896","127.04470400000001"
"5180","2026-06-03T18:03:53.965483","37.280913999999996","127.044686"
"5181","2026-06-03T18:03:53.966483","37.280932","127.044668"
"5182","2026-06-03T18:03:53.966483","37.28095","127.04465"
"5183","2026-06-03T18:03:53.966483","37.280967999999994","127.04463200000001"
"5184","2026-06-03T18:03:53.967481","37.280986","127.04461400000001"
"5185","2026-06-03T18:03:53.967481","37.281003999999996","127.044596"
"5186","2026-06-03T18:03:53.967989","37.281022","127.044578"
"5187","2026-06-03T18:03:53.967989","37.28088999999999","127.044734"
"5188","2026-06-03T18:03:53.967989","37.283477999999995","127.043322"
"5189","2026-06-03T18:03:53.968995","37.283496","127.043304"
"5190","2026-06-03T18:03:53.968995","37.283514","127.043286"
"5191","2026-06-03T18:03:53.968995","37.283532","127.043268"
"5192","2026-06-03T18:03:53.968995","37.28355","127.04325"
"5193","2026-06-03T18:03:53.969995","37.283567999999995","127.043232"
"5194","2026-06-03T18:03:53.969995","37.281577999999996","127.043322"
"5195","2026-06-03T18:03:53.969995","37.281596","127.043304"
"5196","2026-06-03T18:03:53.970995","37.281614","127.043286"
"5197","2026-06-03T18:03:53.970995","37.281632","127.043268"
"5198","2026-06-03T18:03:53.970995","37.28165","127.04325"
"5199","2026-06-03T18:03:53.970995","37.281667999999996","127.043232"
"5200","2026-06-03T18:03:53.971995","37.281686","127.043214"
"5201","2026-06-03T18:03:53.971995","37.281704","127.043196"
"5202","2026-06-03T18:03:53.972996","37.281722","127.043178"
"5203","2026-06-03T18:03:53.972996","37.281589999999994","127.043334"
"5204","2026-06-03T18:03:53.974","37.281608","127.043316"
"5205","2026-06-03T18:03:53.974","37.281625999999996","127.043298"
"5206","2026-06-03T18:03:53.974","37.281644","127.04328"
"5207","2026-06-03T18:03:53.974","37.281662","127.043262"
"5208","2026-06-03T18:03:53.974995","37.281679999999994","127.043244"
"5209","2026-06-03T18:03:53.974995","37.281698","127.043226"
"5210","2026-06-03T18:03:53.975997","37.281715999999996","127.04320799999999"
"5211","2026-06-03T18:03:53.975997","37.281734","127.04319"
"5212","2026-06-03T18:03:53.976996","37.281602","127.043346"
"5213","2026-06-03T18:03:53.976996","37.281620000000004","127.043328"
"5214","2026-06-03T18:03:53.977996","37.281638","127.04330999999999"
"5215","2026-06-03T18:03:53.977996","37.281656000000005","127.043292"
"5216","2026-06-03T18:03:53.979","37.280778","127.045422"
"5217","2026-06-03T18:03:53.979","37.280796","127.045404"
"5218","2026-06-03T18:03:53.979995","37.283778","127.043822"
"5219","2026-06-03T18:03:53.979995","37.283796","127.04380400000001"
"5220","2026-06-03T18:03:53.980997","37.283814","127.043786"
"5221","2026-06-03T18:03:53.982","37.283832000000004","127.043768"
"5222","2026-06-03T18:03:53.982","37.28385","127.04375"
"5223","2026-06-03T18:03:53.982995","37.283868","127.043732"
"5224","2026-06-03T18:03:53.982995","37.283886","127.04371400000001"
"5225","2026-06-03T18:03:53.983996","37.283904","127.043696"
"5226","2026-06-03T18:03:53.983996","37.283922000000004","127.043678"
"5227","2026-06-03T18:03:53.984995","37.283789999999996","127.043834"
"5228","2026-06-03T18:03:53.984995","37.283808","127.043816"
"5229","2026-06-03T18:03:53.985999","37.283826","127.043798"
"5230","2026-06-03T18:03:53.985999","37.283844","127.04378"
"5231","2026-06-03T18:03:53.986995","37.283862","127.043762"
"5232","2026-06-03T18:03:53.986995","37.283879999999996","127.043744"
"5233","2026-06-03T18:03:53.986995","37.283898","127.043726"
"5234","2026-06-03T18:03:53.987995","37.283916","127.043708"
"5235","2026-06-03T18:03:53.987995","37.283934","127.04369"
"5236","2026-06-03T18:03:53.988998","37.280677999999995","127.043822"
"5237","2026-06-03T18:03:53.988998","37.280477999999995","127.04432200000001"
"5238","2026-06-03T18:03:53.989999","37.280496","127.04430400000001"
"5239","2026-06-03T18:03:53.989999","37.280514","127.044286"
"5240","2026-06-03T18:03:53.990995","37.280532","127.044268"
"5241","2026-06-03T18:03:53.990995","37.28055","127.04425"
"5242","2026-06-03T18:03:53.992376","37.282377999999994","127.042522"
"5243","2026-06-03T18:03:53.993384","37.282396","127.04250400000001"
"5244","2026-06-03T18:03:53.993384","37.282413999999996","127.042486"
"5245","2026-06-03T18:03:53.994384","37.282432","127.042468"
"5246","2026-06-03T18:03:53.994384","37.28245","127.04245"
"5247","2026-06-03T18:03:53.995383","37.282467999999994","127.042432"
"5248","2026-06-03T18:03:53.995383","37.282486","127.04241400000001"
"5249","2026-06-03T18:03:53.996384","37.282503999999996","127.042396"
"5250","2026-06-03T18:03:53.996384","37.282522","127.042378"
"5251","2026-06-03T18:03:53.996384","37.28238999999999","127.042534"
"5252","2026-06-03T18:03:53.997385","37.282408","127.042516"
"5253","2026-06-03T18:03:53.998387","37.282425999999994","127.042498"
"5254","2026-06-03T18:03:53.998387","37.280828","127.044122"
"5255","2026-06-03T18:03:53.999383","37.280846000000004","127.044104"
"5256","2026-06-03T18:03:53.999383","37.280864","127.044086"
"5257","2026-06-03T18:03:53.999383","37.280882000000005","127.044068"
"5258","2026-06-03T18:03:53.999383","37.2809","127.04405"
"5259","2026-06-03T18:03:54.000384","37.280918","127.044032"
"5260","2026-06-03T18:03:54.000384","37.280936000000004","127.044014"
"5261","2026-06-03T18:03:54.000384","37.280954","127.04399599999999"
"5262","2026-06-03T18:03:54.000384","37.280578","127.046122"
"5263","2026-06-03T18:03:54.000384","37.280596","127.046104"
"5264","2026-06-03T18:03:54.001384","37.280614","127.04608599999999"
"5265","2026-06-03T18:03:54.001384","37.280632000000004","127.04606799999999"
"5266","2026-06-03T18:03:54.002383","37.28065","127.04605"
"5267","2026-06-03T18:03:54.002383","37.280668","127.046032"
"5268","2026-06-03T18:03:54.003383","37.280686","127.046014"
"5269","2026-06-03T18:03:54.004765","37.280704","127.04599599999999"
"5270","2026-06-03T18:03:54.005770","37.280722000000004","127.04597799999999"
"5271","2026-06-03T18:03:54.005770","37.28059","127.046134"
"5272","2026-06-03T18:03:54.006977","37.280608","127.046116"
"5273","2026-06-03T18:03:54.008156","37.280626","127.04609799999999"
"5274","2026-06-03T18:03:54.008156","37.280644","127.04607999999999"
"5275","2026-06-03T18:03:54.009167","37.280662","127.04606199999999"
"5276","2026-06-03T18:03:54.010176","37.28068","127.046044"
"5277","2026-06-03T18:03:54.010176","37.282678","127.04302200000001"
"5278","2026-06-03T18:03:54.011185","37.282696","127.04300400000001"
"5279","2026-06-03T18:03:54.011185","37.282714","127.042986"
"5280","2026-06-03T18:31:29.891240","37.283128","127.04517200000001"
"5281","2026-06-03T18:31:29.907986","37.282328","127.043972"
"5282","2026-06-03T18:31:29.908996","37.282346000000004","127.043954"
"5283","2026-06-03T18:31:29.909986","37.282364","127.04393599999999"
"5284","2026-06-03T18:31:29.911439","37.282382000000005","127.04391799999999"
"5285","2026-06-03T18:31:29.912444","37.2824","127.0439"
"5286","2026-06-03T18:31:29.913446","37.281628","127.04477200000001"
"5287","2026-06-03T18:31:29.913446","37.281646","127.04475400000001"
"5288","2026-06-03T18:31:29.914952","37.281664","127.044736"
"5289","2026-06-03T18:31:29.914952","37.281682","127.044718"
"5290","2026-06-03T18:31:29.915959","37.2817","127.0447"
"5291","2026-06-03T18:31:29.916958","37.281718","127.04468200000001"
"5292","2026-06-03T18:31:29.916958","37.281736","127.04466400000001"
"5293","2026-06-03T18:31:29.917958","37.281754","127.044646"
"5294","2026-06-03T18:31:29.918957","37.281772000000004","127.044628"
"5295","2026-06-03T18:31:29.919967","37.281639999999996","127.044784"
"5296","2026-06-03T18:31:29.919967","37.281658","127.04476600000001"
"5297","2026-06-03T18:31:29.920957","37.281676","127.044748"
"5298","2026-06-03T18:31:29.920957","37.282928","127.044172"
"5299","2026-06-03T18:31:29.921958","37.282946","127.044154"
"5300","2026-06-03T18:31:29.921958","37.282964","127.044136"
"5301","2026-06-03T18:31:29.922959","37.282982000000004","127.044118"
"5302","2026-06-03T18:31:29.923958","37.283","127.0441"
"5303","2026-06-03T18:31:29.923958","37.283018","127.044082"
"5304","2026-06-03T18:31:29.924967","37.283036","127.044064"
"5305","2026-06-03T18:31:29.924967","37.283054","127.044046"
"5306","2026-06-03T18:31:29.926284","37.282128","127.044972"
"5307","2026-06-03T18:31:29.926284","37.282146000000004","127.044954"
"5308","2026-06-03T18:31:29.927289","37.282164","127.04493599999999"
"5309","2026-06-03T18:31:29.927289","37.282182000000006","127.044918"
"5310","2026-06-03T18:31:29.928769","37.2822","127.0449"
"5311","2026-06-03T18:31:29.929770","37.282218","127.044882"
"5312","2026-06-03T18:31:29.930769","37.282236000000005","127.044864"
"5313","2026-06-03T18:31:29.930769","37.282254","127.04484599999999"
"5314","2026-06-03T18:31:29.931770","37.282272000000006","127.044828"
"5315","2026-06-03T18:31:29.931770","37.28214","127.044984"
"5316","2026-06-03T18:31:29.932768","37.282158","127.044966"
"5317","2026-06-03T18:31:29.933769","37.282176","127.04494799999999"
"5318","2026-06-03T18:31:29.934769","37.282194000000004","127.04493"
"5319","2026-06-03T18:31:29.935858","37.282212","127.044912"
"5320","2026-06-03T18:31:29.935858","37.28223","127.044894"
"5321","2026-06-03T18:31:29.936871","37.281828","127.043672"
"5322","2026-06-03T18:31:29.937877","37.281846","127.043654"
"5323","2026-06-03T18:31:29.937877","37.281864","127.04363599999999"
"5324","2026-06-03T18:31:29.938876","37.282627999999995","127.045472"
"5325","2026-06-03T18:31:29.939877","37.282646","127.045454"
"5326","2026-06-03T18:31:29.939877","37.282664","127.045436"
"5327","2026-06-03T18:31:29.940880","37.282682","127.045418"
"5328","2026-06-03T18:31:29.940880","37.2827","127.0454"
"5329","2026-06-03T18:31:29.941876","37.282717999999996","127.045382"
"5330","2026-06-03T18:31:29.943164","37.282736","127.045364"
"5331","2026-06-03T18:31:29.943164","37.282754","127.045346"
"5332","2026-06-03T18:31:29.944170","37.282772","127.045328"
"5333","2026-06-03T18:31:29.944170","37.282639999999994","127.045484"
"5334","2026-06-03T18:31:29.945169","37.283328","127.04437200000001"
"5335","2026-06-03T18:31:29.945169","37.283346","127.04435400000001"
"5336","2026-06-03T18:31:29.946287","37.283364","127.044336"
"5337","2026-06-03T18:31:29.947285","37.283382","127.044318"
"5338","2026-06-03T18:31:29.948285","37.2834","127.0443"
"5339","2026-06-03T18:31:29.949289","37.283418","127.04428200000001"
"5340","2026-06-03T18:31:29.949289","37.281727999999994","127.045272"
"5341","2026-06-03T18:31:29.950284","37.281746","127.045254"
"5342","2026-06-03T18:31:29.951289","37.281763999999995","127.04523599999999"
"5343","2026-06-03T18:31:29.951289","37.281782","127.04521799999999"
"5344","2026-06-03T18:31:29.952285","37.2818","127.0452"
"5345","2026-06-03T18:31:29.952285","37.281817999999994","127.045182"
"5346","2026-06-03T18:31:29.953284","37.281836","127.045164"
"5347","2026-06-03T18:31:29.953284","37.281853999999996","127.04514599999999"
"5348","2026-06-03T18:31:29.954790","37.281872","127.04512799999999"
"5349","2026-06-03T18:31:29.954790","37.28173999999999","127.045284"
"5350","2026-06-03T18:31:29.955795","37.281757999999996","127.045266"
"5351","2026-06-03T18:31:29.955795","37.281775999999994","127.04524799999999"
"5352","2026-06-03T18:31:29.956799","37.281794","127.04522999999999"
"5353","2026-06-03T18:31:29.956799","37.281811999999995","127.04521199999999"
"5354","2026-06-03T18:31:29.957797","37.28182999999999","127.045194"
"5355","2026-06-03T18:31:29.958795","37.281848","127.045176"
"5356","2026-06-03T18:31:29.958795","37.281865999999994","127.04515799999999"
"5357","2026-06-03T18:31:29.958795","37.281884","127.04513999999999"
"5358","2026-06-03T18:31:29.960106","37.281752","127.045296"
"5359","2026-06-03T18:31:29.960106","37.28177","127.045278"
"5360","2026-06-03T18:31:29.961604","37.281788","127.04525999999998"
"5361","2026-06-03T18:31:29.961604","37.281806","127.04524199999999"
"5362","2026-06-03T18:31:29.962631","37.282427999999996","127.043172"
"5363","2026-06-03T18:31:29.962631","37.282446","127.043154"
"5364","2026-06-03T18:31:29.964083","37.283027999999995","127.042972"
"5365","2026-06-03T18:31:29.965087","37.283046","127.04295400000001"
"5366","2026-06-03T18:31:29.965087","37.283063999999996","127.042936"
"5367","2026-06-03T18:31:29.966558","37.283082","127.042918"
"5368","2026-06-03T18:31:29.966558","37.2831","127.0429"
"5369","2026-06-03T18:31:29.968060","37.283117999999995","127.042882"
"5370","2026-06-03T18:31:29.968060","37.283136","127.04286400000001"
"5371","2026-06-03T18:31:29.968060","37.283153999999996","127.042846"
"5372","2026-06-03T18:31:29.969341","37.283172","127.042828"
"5373","2026-06-03T18:31:29.969341","37.28303999999999","127.042984"
"5374","2026-06-03T18:31:29.970614","37.283058","127.042966"
"5375","2026-06-03T18:31:29.973905","37.283075999999994","127.042948"
"5376","2026-06-03T18:31:29.975086","37.283094","127.04293"
"5377","2026-06-03T18:31:29.976091","37.283111999999996","127.042912"
"5378","2026-06-03T18:31:29.976091","37.28312999999999","127.042894"
"5379","2026-06-03T18:31:29.977216","37.283148","127.042876"
"5380","2026-06-03T18:31:29.977216","37.283165999999994","127.042858"
"5381","2026-06-03T18:31:29.978219","37.283184","127.04284"
"5382","2026-06-03T18:31:29.978219","37.281527999999994","127.044072"
"5383","2026-06-03T18:31:29.979218","37.28192799999999","127.042772"
"5384","2026-06-03T18:31:29.979218","37.281946","127.042754"
"5385","2026-06-03T18:31:29.980216","37.281963999999995","127.04273599999999"
"5386","2026-06-03T18:31:29.981216","37.281982","127.042718"
"5387","2026-06-03T18:31:29.982215","37.282","127.0427"
"5388","2026-06-03T18:31:29.982215","37.282928","127.044672"
"5389","2026-06-03T18:31:29.983217","37.282946","127.04465400000001"
"5390","2026-06-03T18:31:29.983217","37.282964","127.044636"
"5391","2026-06-03T18:31:29.984721","37.282982000000004","127.044618"
"5392","2026-06-03T18:31:29.984721","37.283","127.0446"
"5393","2026-06-03T18:31:29.985727","37.283018","127.044582"
"5394","2026-06-03T18:31:29.985727","37.283036","127.04456400000001"
"5395","2026-06-03T18:31:29.986728","37.283054","127.044546"
"5396","2026-06-03T18:31:29.986728","37.283072000000004","127.044528"
"5397","2026-06-03T18:31:29.987729","37.282939999999996","127.044684"
"5398","2026-06-03T18:31:29.987729","37.282958","127.044666"
"5399","2026-06-03T18:31:29.988727","37.282976","127.044648"
"5400","2026-06-03T18:31:29.988727","37.282728","127.043572"
"5401","2026-06-03T18:31:29.988727","37.282746","127.043554"
"5402","2026-06-03T18:31:29.990224","37.282764","127.04353599999999"
"5403","2026-06-03T18:31:29.991230","37.282782000000005","127.04351799999999"
"5404","2026-06-03T18:31:29.991230","37.2828","127.0435"
"5405","2026-06-03T18:31:29.992230","37.282818","127.043482"
"5406","2026-06-03T18:31:29.993230","37.282836","127.043464"
"5407","2026-06-03T18:31:29.994736","37.282854","127.04344599999999"
"5408","2026-06-03T18:31:29.995742","37.281428","127.044872"
"5409","2026-06-03T18:31:29.996741","37.281446","127.044854"
"5410","2026-06-03T18:31:29.996741","37.281464","127.04483599999999"
"5411","2026-06-03T18:31:29.997892","37.281482000000004","127.04481799999999"
"5412","2026-06-03T18:31:29.997892","37.2815","127.0448"
"5413","2026-06-03T18:31:29.997892","37.281518","127.044782"
"5414","2026-06-03T18:31:29.999235","37.281536","127.044764"
"5415","2026-06-03T18:31:29.999235","37.281554","127.04474599999999"
"5416","2026-06-03T18:31:30.000242","37.281572000000004","127.04472799999999"
"5417","2026-06-03T18:31:30.001243","37.281439999999996","127.044884"
"5418","2026-06-03T18:31:30.001243","37.281458","127.044866"
"5419","2026-06-03T18:31:30.002243","37.281476","127.04484799999999"
"5420","2026-06-03T18:31:30.002243","37.281494","127.04482999999999"
"5421","2026-06-03T18:31:30.003247","37.281512","127.044812"
"5422","2026-06-03T18:31:30.003247","37.28153","127.044794"
"5423","2026-06-03T18:31:30.003247","37.282528","127.045772"
"5424","2026-06-03T18:31:30.004757","37.282546","127.045754"
"5425","2026-06-03T18:31:30.004757","37.282564","127.04573599999999"
"5426","2026-06-03T18:31:30.005766","37.283427999999994","127.04387200000001"
"5427","2026-06-03T18:31:30.006765","37.283446","127.04385400000001"
"5428","2026-06-03T18:31:30.006765","37.283463999999995","127.043836"
"5429","2026-06-03T18:31:30.007968","37.283482","127.043818"
"5430","2026-06-03T18:31:30.007968","37.2835","127.0438"
"5431","2026-06-03T18:31:30.007968","37.283517999999994","127.04378200000001"
"5432","2026-06-03T18:31:30.008974","37.283536","127.04376400000001"
"5433","2026-06-03T18:31:30.009974","37.283553999999995","127.043746"
"5434","2026-06-03T18:31:30.010974","37.283572","127.043728"
"5435","2026-06-03T18:31:30.010974","37.28343999999999","127.043884"
"5436","2026-06-03T18:31:30.011974","37.281327999999995","127.04347200000001"
"5437","2026-06-03T18:31:30.011974","37.281346","127.04345400000001"
"5438","2026-06-03T18:31:30.012975","37.281363999999996","127.043436"
"5439","2026-06-03T18:31:30.012975","37.281382","127.043418"
"5440","2026-06-03T18:31:30.013974","37.2814","127.0434"
"5441","2026-06-03T18:31:30.013974","37.281417999999995","127.04338200000001"
"5442","2026-06-03T18:31:30.013974","37.283628","127.044972"
"5443","2026-06-03T18:31:30.014975","37.283646000000005","127.044954"
"5444","2026-06-03T18:31:30.016","37.283664","127.04493599999999"
"5445","2026-06-03T18:31:30.016","37.283682000000006","127.044918"
"5446","2026-06-03T18:31:30.017001","37.2837","127.0449"
"5447","2026-06-03T18:31:30.017999","37.283718","127.044882"
"5448","2026-06-03T18:31:30.018999","37.283736000000005","127.044864"
"5449","2026-06-03T18:31:30.018999","37.283754","127.04484599999999"
"5450","2026-06-03T18:31:30.020","37.283772000000006","127.044828"
"5451","2026-06-03T18:31:30.020","37.28364","127.044984"
"5452","2026-06-03T18:31:30.021001","37.283658","127.044966"
"5453","2026-06-03T18:31:30.022","37.283676","127.04494799999999"
"5454","2026-06-03T18:31:30.022","37.283694000000004","127.04493"
"5455","2026-06-03T18:31:30.022","37.283712","127.044912"
"5456","2026-06-03T18:31:30.023","37.28373","127.044894"
"5457","2026-06-03T18:31:30.024","37.283748","127.044876"
"5458","2026-06-03T18:31:30.025","37.283766","127.04485799999999"
"5459","2026-06-03T18:31:30.026044","37.283784000000004","127.04484"
"5460","2026-06-03T18:31:30.026044","37.283652000000004","127.044996"
"5461","2026-06-03T18:31:30.026044","37.28367000000001","127.044978"
"5462","2026-06-03T18:31:30.027550","37.283688000000005","127.04495999999999"
"5463","2026-06-03T18:31:30.027550","37.28370600000001","127.04494199999999"
"5464","2026-06-03T18:31:30.028556","37.282028","127.042572"
"5465","2026-06-03T18:31:30.028556","37.282046","127.04255400000001"
"5466","2026-06-03T18:31:30.029556","37.283927999999996","127.044172"
"5467","2026-06-03T18:31:30.029556","37.283946","127.044154"
"5468","2026-06-03T18:31:30.030556","37.283964","127.044136"
"5469","2026-06-03T18:31:30.030556","37.283982","127.044118"
"5470","2026-06-03T18:31:30.031556","37.284","127.0441"
"5471","2026-06-03T18:31:30.031556","37.284017999999996","127.044082"
"5472","2026-06-03T18:31:30.032556","37.284036","127.044064"
"5473","2026-06-03T18:31:30.032556","37.284054","127.044046"
"5474","2026-06-03T18:31:30.033556","37.284072","127.044028"
"5475","2026-06-03T18:31:30.033556","37.283939999999994","127.044184"
"5476","2026-06-03T18:31:30.033556","37.283958","127.044166"
"5477","2026-06-03T18:31:30.035061","37.283975999999996","127.04414799999999"
"5478","2026-06-03T18:31:30.035061","37.283994","127.04413"
"5479","2026-06-03T18:31:30.036067","37.284012","127.044112"
"5480","2026-06-03T18:31:30.036067","37.284029999999994","127.044094"
"5481","2026-06-03T18:31:30.037068","37.284048","127.044076"
"5482","2026-06-03T18:31:30.037068","37.284065999999996","127.04405799999999"
"5483","2026-06-03T18:31:30.038067","37.284084","127.04404"
"5484","2026-06-03T18:31:30.038067","37.281828","127.04607200000001"
"5485","2026-06-03T18:31:30.039067","37.282827999999995","127.046272"
"5486","2026-06-03T18:31:30.039067","37.282846","127.046254"
"5487","2026-06-03T18:31:30.040068","37.282864","127.046236"
"5488","2026-06-03T18:31:30.040068","37.282882","127.046218"
"5489","2026-06-03T18:31:30.040068","37.2829","127.0462"
"5490","2026-06-03T18:31:30.041068","37.281228","127.045672"
"5491","2026-06-03T18:31:30.041068","37.281246","127.045654"
"5492","2026-06-03T18:31:30.042066","37.281264","127.04563599999999"
"5493","2026-06-03T18:31:30.042066","37.281282000000004","127.04561799999999"
"5494","2026-06-03T18:31:30.043067","37.2813","127.0456"
"5495","2026-06-03T18:31:30.044067","37.281318","127.045582"
"5496","2026-06-03T18:31:30.045068","37.281336","127.045564"
"5497","2026-06-03T18:31:30.046103","37.281354","127.04554599999999"
"5498","2026-06-03T18:31:30.046103","37.281372000000005","127.04552799999999"
"5499","2026-06-03T18:31:30.047103","37.28124","127.045684"
"5500","2026-06-03T18:31:30.047103","37.281258","127.045666"
"5501","2026-06-03T18:31:30.048102","37.281276","127.04564799999999"
"5502","2026-06-03T18:31:30.048102","37.284028","127.043272"
"5503","2026-06-03T18:31:30.048102","37.284046000000004","127.043254"
"5504","2026-06-03T18:31:30.049103","37.284064","127.043236"
"5505","2026-06-03T18:31:30.049103","37.284082000000005","127.043218"
"5506","2026-06-03T18:31:30.050102","37.2841","127.0432"
"5507","2026-06-03T18:31:30.050102","37.284118","127.043182"
"5508","2026-06-03T18:31:30.051104","37.284136000000004","127.043164"
"5509","2026-06-03T18:31:30.051104","37.284154","127.043146"
"5510","2026-06-03T18:31:30.052104","37.281028","127.044272"
"5511","2026-06-03T18:31:30.053401","37.281046","127.04425400000001"
"5512","2026-06-03T18:31:30.053401","37.281064","127.044236"
"5513","2026-06-03T18:31:30.054908","37.281082000000005","127.044218"
"5514","2026-06-03T18:31:30.054908","37.2811","127.0442"
"5515","2026-06-03T18:31:30.055915","37.281118","127.044182"
"5516","2026-06-03T18:31:30.056915","37.281136000000004","127.04416400000001"
"5517","2026-06-03T18:31:30.056915","37.281154","127.044146"
"5518","2026-06-03T18:31:30.057922","37.281172000000005","127.044128"
"5519","2026-06-03T18:31:30.057922","37.28104","127.044284"
"5520","2026-06-03T18:31:30.058922","37.281058","127.04426600000001"
"5521","2026-06-03T18:31:30.058922","37.281076","127.044248"
"5522","2026-06-03T18:31:30.059922","37.281094","127.04423"
"5523","2026-06-03T18:31:30.059922","37.281112","127.044212"
"5524","2026-06-03T18:31:30.060921","37.28113","127.044194"
"5525","2026-06-03T18:31:30.060921","37.283828","127.045372"
"5526","2026-06-03T18:31:30.061921","37.283846000000004","127.045354"
"5527","2026-06-03T18:31:30.061921","37.283864","127.04533599999999"
"5528","2026-06-03T18:31:30.062920","37.282227999999996","127.04647200000001"
"5529","2026-06-03T18:31:30.062920","37.282246","127.04645400000001"
"5530","2026-06-03T18:31:30.063921","37.282264","127.046436"
"5531","2026-06-03T18:31:30.063921","37.282282","127.046418"
"5532","2026-06-03T18:31:30.065427","37.2823","127.0464"
"5533","2026-06-03T18:31:30.065427","37.282318","127.04638200000001"
"5534","2026-06-03T18:31:30.066433","37.282336","127.04636400000001"
"5535","2026-06-03T18:31:30.068441","37.282354","127.046346"
"5536","2026-06-03T18:31:30.068441","37.282372","127.046328"
"5537","2026-06-03T18:31:30.069440","37.282239999999994","127.046484"
"5538","2026-06-03T18:31:30.071440","37.280927999999996","127.043772"
"5539","2026-06-03T18:31:30.072440","37.280946","127.043754"
"5540","2026-06-03T18:31:30.072440","37.280964","127.043736"
"5541","2026-06-03T18:31:30.073440","37.280982","127.043718"
"5542","2026-06-03T18:31:30.073440","37.281","127.0437"
"5543","2026-06-03T18:31:30.073440","37.281017999999996","127.043682"
"5544","2026-06-03T18:31:30.073440","37.284127999999995","127.044872"
"5545","2026-06-03T18:31:30.074947","37.284146","127.044854"
"5546","2026-06-03T18:31:30.074947","37.284164","127.04483599999999"
"5547","2026-06-03T18:31:30.074947","37.284182","127.04481799999999"
"5548","2026-06-03T18:31:30.074947","37.2842","127.0448"
"5549","2026-06-03T18:31:30.075954","37.284217999999996","127.044782"
"5550","2026-06-03T18:31:30.075954","37.284236","127.044764"
"5551","2026-06-03T18:31:30.075954","37.284254","127.04474599999999"
"5552","2026-06-03T18:31:30.076954","37.284272","127.04472799999999"
"5553","2026-06-03T18:31:30.077959","37.284139999999994","127.044884"
"5554","2026-06-03T18:31:30.077959","37.284158","127.044866"
"5555","2026-06-03T18:31:30.077959","37.284175999999995","127.04484799999999"
"5556","2026-06-03T18:31:30.078960","37.284194","127.04482999999999"
"5557","2026-06-03T18:31:30.078960","37.284212","127.044812"
"5558","2026-06-03T18:31:30.078960","37.284229999999994","127.044794"
"5559","2026-06-03T18:31:30.079960","37.284248","127.044776"
"5560","2026-06-03T18:31:30.079960","37.284265999999995","127.04475799999999"
"5561","2026-06-03T18:31:30.079960","37.284284","127.04473999999999"
"5562","2026-06-03T18:31:30.080959","37.284152","127.044896"
"5563","2026-06-03T18:31:30.080959","37.28417","127.044878"
"5564","2026-06-03T18:31:30.080959","37.284188","127.04485999999999"
"5565","2026-06-03T18:31:30.081958","37.284206000000005","127.04484199999999"
"5566","2026-06-03T18:31:30.081958","37.283227999999994","127.046672"
"5567","2026-06-03T18:31:30.081958","37.283246","127.046654"
"5568","2026-06-03T18:31:30.082958","37.281127999999995","127.042972"
"5569","2026-06-03T18:31:30.082958","37.281146","127.04295400000001"
"5570","2026-06-03T18:31:30.083960","37.281164","127.042936"
"5571","2026-06-03T18:31:30.083960","37.281182","127.042918"
"5572","2026-06-03T18:31:30.084959","37.2812","127.0429"
"5573","2026-06-03T18:31:30.084959","37.281217999999996","127.042882"
"5574","2026-06-03T18:31:30.085463","37.281236","127.04286400000001"
"5575","2026-06-03T18:31:30.085463","37.281254","127.042846"
"5576","2026-06-03T18:31:30.085463","37.281272","127.042828"
"5577","2026-06-03T18:31:30.086468","37.28113999999999","127.042984"
"5578","2026-06-03T18:31:30.086468","37.281158","127.042966"
"5579","2026-06-03T18:31:30.086468","37.281175999999995","127.042948"
"5580","2026-06-03T18:31:30.086468","37.281194","127.04293"
"5581","2026-06-03T18:31:30.087472","37.281212","127.042912"
"5582","2026-06-03T18:31:30.087472","37.281229999999994","127.042894"
"5583","2026-06-03T18:31:30.087472","37.281248","127.042876"
"5584","2026-06-03T18:31:30.088472","37.281265999999995","127.042858"
"5585","2026-06-03T18:31:30.088472","37.281284","127.04284"
"5586","2026-06-03T18:31:30.088472","37.283128","127.04517200000001"
"5587","2026-06-03T18:31:30.089472","37.282128","127.045572"
"5588","2026-06-03T18:31:30.089472","37.282146000000004","127.04555400000001"
"5589","2026-06-03T18:31:30.089472","37.282164","127.045536"
"5590","2026-06-03T18:31:30.090472","37.282182000000006","127.045518"
"5591","2026-06-03T18:31:30.090472","37.2822","127.0455"
"5592","2026-06-03T18:31:30.090472","37.281628","127.04477200000001"
"5593","2026-06-03T18:31:30.090472","37.281646","127.04475400000001"
"5594","2026-06-03T18:31:30.091472","37.281664","127.044736"
"5595","2026-06-03T18:31:30.091472","37.281682","127.044718"
"5596","2026-06-03T18:31:30.091472","37.2817","127.0447"
"5597","2026-06-03T18:31:30.092472","37.281718","127.04468200000001"
"5598","2026-06-03T18:31:30.092472","37.281736","127.04466400000001"
"5599","2026-06-03T18:31:30.092472","37.281754","127.044646"
"5600","2026-06-03T18:31:30.092472","37.281772000000004","127.044628"
"5601","2026-06-03T18:31:30.093472","37.281639999999996","127.044784"
"5602","2026-06-03T18:31:30.093472","37.281658","127.04476600000001"
"5603","2026-06-03T18:31:30.093472","37.281676","127.044748"
"5604","2026-06-03T18:31:30.093472","37.282128","127.044972"
"5605","2026-06-03T18:31:30.093472","37.282146000000004","127.044954"
"5606","2026-06-03T18:31:30.094977","37.282164","127.04493599999999"
"5607","2026-06-03T18:31:30.094977","37.282182000000006","127.044918"
"5608","2026-06-03T18:31:30.094977","37.2822","127.0449"
"5609","2026-06-03T18:31:30.094977","37.282218","127.044882"
"5610","2026-06-03T18:31:30.095982","37.282236000000005","127.044864"
"5611","2026-06-03T18:31:30.095982","37.282254","127.04484599999999"
"5612","2026-06-03T18:31:30.095982","37.283328","127.04437200000001"
"5613","2026-06-03T18:31:30.096987","37.283346","127.04435400000001"
"5614","2026-06-03T18:31:30.096987","37.283364","127.044336"
"5615","2026-06-03T18:31:30.096987","37.283382","127.044318"
"5616","2026-06-03T18:31:30.097986","37.2834","127.0443"
"5617","2026-06-03T18:31:30.097986","37.283418","127.04428200000001"
"5618","2026-06-03T18:31:30.097986","37.283436","127.04426400000001"
"5619","2026-06-03T18:31:30.098989","37.283454","127.044246"
"5620","2026-06-03T18:31:30.098989","37.283472","127.044228"
"5621","2026-06-03T18:31:30.098989","37.283339999999995","127.04438400000001"
"5622","2026-06-03T18:31:30.099987","37.283358","127.04436600000001"
"5623","2026-06-03T18:31:30.099987","37.283376","127.044348"
"5624","2026-06-03T18:31:30.100985","37.283394","127.04433"
"5625","2026-06-03T18:31:30.100985","37.283412","127.044312"
"5626","2026-06-03T18:31:30.102001","37.283429999999996","127.04429400000001"
"5627","2026-06-03T18:31:30.102001","37.281327999999995","127.04387200000001"
"5628","2026-06-03T18:31:30.102001","37.281346","127.04385400000001"
"5629","2026-06-03T18:31:30.103001","37.281363999999996","127.043836"
"5630","2026-06-03T18:31:30.103001","37.282528","127.043272"
"5631","2026-06-03T18:31:30.103001","37.282546","127.043254"
"5632","2026-06-03T18:31:30.103001","37.282564","127.043236"
"5633","2026-06-03T18:31:30.104002","37.282582000000005","127.043218"
"5634","2026-06-03T18:31:30.104002","37.2826","127.0432"
"5635","2026-06-03T18:31:30.104002","37.282618","127.043182"
"5636","2026-06-03T18:31:30.105001","37.282636000000004","127.043164"
"5637","2026-06-03T18:31:30.105001","37.282654","127.043146"
"5638","2026-06-03T18:31:30.105001","37.282672000000005","127.043128"
"5639","2026-06-03T18:31:30.105001","37.28254","127.043284"
"5640","2026-06-03T18:31:30.106180","37.282728","127.04477200000001"
"5641","2026-06-03T18:31:30.106180","37.282746","127.04475400000001"
"5642","2026-06-03T18:31:30.106180","37.282764","127.044736"
"5643","2026-06-03T18:31:30.107180","37.282782000000005","127.044718"
"5644","2026-06-03T18:31:30.107180","37.2828","127.0447"
"5645","2026-06-03T18:31:30.107180","37.282818","127.04468200000001"
"5646","2026-06-03T18:31:30.108179","37.281727999999994","127.045072"
"5647","2026-06-03T18:31:30.108179","37.281746","127.04505400000001"
"5648","2026-06-03T18:31:30.108179","37.281763999999995","127.045036"
"5649","2026-06-03T18:31:30.108179","37.281782","127.045018"
"5650","2026-06-03T18:31:30.109180","37.2818","127.045"
"5651","2026-06-03T18:31:30.109180","37.281817999999994","127.044982"
"5652","2026-06-03T18:31:30.109180","37.281836","127.04496400000001"
"5653","2026-06-03T18:31:30.110180","37.281853999999996","127.044946"
"5654","2026-06-03T18:31:30.110180","37.281872","127.044928"
"5655","2026-06-03T18:31:30.110180","37.28173999999999","127.045084"
"5656","2026-06-03T18:31:30.110180","37.281757999999996","127.045066"
"5657","2026-06-03T18:31:30.111180","37.281775999999994","127.045048"
"5658","2026-06-03T18:31:30.111180","37.281794","127.04503"
"5659","2026-06-03T18:31:30.111180","37.281811999999995","127.045012"
"5660","2026-06-03T18:31:30.111180","37.28182999999999","127.044994"
"5661","2026-06-03T18:31:30.112179","37.281848","127.044976"
"5662","2026-06-03T18:31:30.112179","37.281865999999994","127.044958"
"5663","2026-06-03T18:31:30.113179","37.281884","127.04494"
"5664","2026-06-03T18:31:30.114357","37.281752","127.045096"
"5665","2026-06-03T18:31:30.114861","37.28177","127.045078"
"5666","2026-06-03T18:31:30.114861","37.281788","127.04505999999999"
"5667","2026-06-03T18:31:30.115871","37.281806","127.045042"
"5668","2026-06-03T18:31:30.116867","37.283027999999995","127.043572"
"5669","2026-06-03T18:31:30.117867","37.283046","127.043554"
"5670","2026-06-03T18:31:30.117867","37.281428","127.044672"
"5671","2026-06-03T18:31:30.118868","37.281446","127.04465400000001"
"5672","2026-06-03T18:31:30.118868","37.281464","127.044636"
"5673","2026-06-03T18:31:30.118868","37.281482000000004","127.044618"
"5674","2026-06-03T18:31:30.119868","37.2815","127.0446"
"5675","2026-06-03T18:31:30.119868","37.281518","127.044582"
"5676","2026-06-03T18:31:30.119868","37.281536","127.04456400000001"
"5677","2026-06-03T18:31:30.120870","37.281554","127.044546"
"5678","2026-06-03T18:31:30.120870","37.281572000000004","127.044528"
"5679","2026-06-03T18:31:30.120870","37.281439999999996","127.044684"
"5680","2026-06-03T18:31:30.120870","37.281458","127.044666"
"5681","2026-06-03T18:31:30.121867","37.281476","127.044648"
"5682","2026-06-03T18:31:30.121867","37.281494","127.04463"
"5683","2026-06-03T18:31:30.121867","37.281512","127.044612"
"5684","2026-06-03T18:31:30.122867","37.28153","127.044594"
"5685","2026-06-03T18:31:30.122867","37.281548","127.044576"
"5686","2026-06-03T18:31:30.122867","37.281566","127.044558"
"5687","2026-06-03T18:31:30.122867","37.281584","127.04454"
"5688","2026-06-03T18:31:30.123868","37.299927999999994","127.100072"
"5689","2026-06-03T18:31:30.123868","37.282328","127.045872"
"5690","2026-06-03T18:31:30.123868","37.282346000000004","127.045854"
"5691","2026-06-03T18:31:30.123868","37.282364","127.045836"
"5692","2026-06-03T18:31:30.124868","37.282382000000005","127.045818"
"5693","2026-06-03T18:31:30.124868","37.2824","127.0458"
"5694","2026-06-03T18:31:30.124868","37.283427999999994","127.045072"
"5695","2026-06-03T18:31:30.124868","37.283446","127.04505400000001"
"5696","2026-06-03T18:31:30.124868","37.283463999999995","127.045036"
"5697","2026-06-03T18:31:30.126128","37.283482","127.045018"
"5698","2026-06-03T18:31:30.126128","37.2835","127.045"
"5699","2026-06-03T18:31:30.126128","37.283517999999994","127.044982"
"5700","2026-06-03T18:31:30.126128","37.283536","127.04496400000001"
"5701","2026-06-03T18:31:30.127633","37.283553999999995","127.044946"
"5702","2026-06-03T18:31:30.127633","37.283572","127.044928"
"5703","2026-06-03T18:31:30.127633","37.28343999999999","127.045084"
"5704","2026-06-03T18:31:30.127633","37.283457999999996","127.045066"
"5705","2026-06-03T18:31:30.128639","37.28347599999999","127.045048"
"5706","2026-06-03T18:31:30.128639","37.281028","127.045472"
"5707","2026-06-03T18:31:30.128639","37.281046","127.045454"
"5708","2026-06-03T18:31:30.129640","37.281064","127.045436"
"5709","2026-06-03T18:31:30.129640","37.281082000000005","127.045418"
"5710","2026-06-03T18:31:30.129640","37.2811","127.0454"
"5711","2026-06-03T18:31:30.130639","37.281118","127.045382"
"5712","2026-06-03T18:31:30.130639","37.281136000000004","127.045364"
"5713","2026-06-03T18:31:30.130639","37.281154","127.045346"
"5714","2026-06-03T18:31:30.131640","37.282928","127.04607200000001"
"5715","2026-06-03T18:31:30.131640","37.282946","127.04605400000001"
"5716","2026-06-03T18:31:30.131640","37.282964","127.046036"
"5717","2026-06-03T18:31:30.131640","37.282982000000004","127.046018"
"5718","2026-06-03T18:31:30.132639","37.283","127.046"
"5719","2026-06-03T18:31:30.132639","37.283018","127.04598200000001"
"5720","2026-06-03T18:31:30.132639","37.283036","127.04596400000001"
"5721","2026-06-03T18:31:30.132639","37.283054","127.045946"
"5722","2026-06-03T18:31:30.133639","37.283072000000004","127.045928"
"5723","2026-06-03T18:31:30.133639","37.282939999999996","127.04608400000001"
"5724","2026-06-03T18:31:30.133639","37.282958","127.04606600000001"
"5725","2026-06-03T18:31:30.133639","37.282976","127.046048"
"5726","2026-06-03T18:31:30.133639","37.282994","127.04603"
"5727","2026-06-03T18:31:30.133639","37.283012","127.046012"
"5728","2026-06-03T18:31:30.133639","37.28303","127.04599400000001"
"5729","2026-06-03T18:31:30.135144","37.281828","127.045972"
"5730","2026-06-03T18:31:30.135144","37.281846","127.04595400000001"
"5731","2026-06-03T18:31:30.135144","37.281864","127.045936"
"5732","2026-06-03T18:31:30.135144","37.283528","127.044072"
"5733","2026-06-03T18:31:30.136151","37.283546","127.044054"
"5734","2026-06-03T18:31:30.136151","37.283564","127.04403599999999"
"5735","2026-06-03T18:31:30.136151","37.283582","127.044018"
"5736","2026-06-03T18:31:30.137151","37.2836","127.044"
"5737","2026-06-03T18:31:30.137151","37.283618","127.043982"
"5738","2026-06-03T18:31:30.137151","37.283636","127.043964"
"5739","2026-06-03T18:31:30.137151","37.283654","127.04394599999999"
"5740","2026-06-03T18:31:30.137151","37.283672","127.043928"
"5741","2026-06-03T18:31:30.138587","37.283539999999995","127.044084"
"5742","2026-06-03T18:31:30.138587","37.282227999999996","127.043172"
"5743","2026-06-03T18:31:30.138587","37.282246","127.043154"
"5744","2026-06-03T18:31:30.138587","37.282264","127.04313599999999"
"5745","2026-06-03T18:31:30.139592","37.282282","127.04311799999999"
"5746","2026-06-03T18:31:30.139592","37.2823","127.0431"
"5747","2026-06-03T18:31:30.139592","37.282318","127.043082"
"5748","2026-06-03T18:31:30.139592","37.283227999999994","127.043772"
"5749","2026-06-03T18:31:30.140593","37.283246","127.043754"
"5750","2026-06-03T18:31:30.140593","37.283263999999996","127.043736"
"5751","2026-06-03T18:31:30.140593","37.283282","127.043718"
"5752","2026-06-03T18:31:30.140593","37.2833","127.0437"
"5753","2026-06-03T18:31:30.141591","37.283317999999994","127.043682"
"5754","2026-06-03T18:31:30.141591","37.283336","127.043664"
"5755","2026-06-03T18:31:30.141591","37.283353999999996","127.043646"
"5756","2026-06-03T18:31:30.141591","37.283372","127.043628"
"5757","2026-06-03T18:31:30.142591","37.28323999999999","127.043784"
"5758","2026-06-03T18:31:30.142591","37.283258","127.043766"
"5759","2026-06-03T18:31:30.142591","37.283275999999994","127.043748"
"5760","2026-06-03T18:31:30.142591","37.283294","127.04373"
"5761","2026-06-03T18:31:30.143591","37.283311999999995","127.043712"
"5762","2026-06-03T18:31:30.143591","37.28332999999999","127.043694"
"5763","2026-06-03T18:31:30.143591","37.283348","127.043676"
"5764","2026-06-03T18:31:30.143591","37.283365999999994","127.043658"
"5765","2026-06-03T18:31:30.144754","37.283384","127.04364"
"5766","2026-06-03T18:31:30.144754","37.283252","127.043796"
"5767","2026-06-03T18:31:30.144754","37.28327","127.043778"
"5768","2026-06-03T18:31:30.145759","37.283288","127.04375999999999"
"5769","2026-06-03T18:31:30.145759","37.283306","127.043742"
"5770","2026-06-03T18:31:30.145759","37.28192799999999","127.046272"
"5771","2026-06-03T18:31:30.146759","37.281946","127.046254"
"5772","2026-06-03T18:31:30.146759","37.281228","127.04347200000001"
"5773","2026-06-03T18:31:30.146759","37.281246","127.04345400000001"
"5774","2026-06-03T18:31:30.147760","37.281264","127.043436"
"5775","2026-06-03T18:31:30.147760","37.281282000000004","127.043418"
"5776","2026-06-03T18:31:30.147760","37.2813","127.0434"
"5777","2026-06-03T18:31:30.147760","37.281318","127.04338200000001"
"5778","2026-06-03T18:31:30.148759","37.281336","127.04336400000001"
"5779","2026-06-03T18:31:30.148759","37.281354","127.043346"
"5780","2026-06-03T18:31:30.148759","37.281372000000005","127.043328"
"5781","2026-06-03T18:31:30.148759","37.28124","127.043484"
"5782","2026-06-03T18:31:30.149758","37.281258","127.04346600000001"
"5783","2026-06-03T18:31:30.149758","37.281276","127.043448"
"5784","2026-06-03T18:31:30.149758","37.281294","127.04343"
"5785","2026-06-03T18:31:30.149758","37.281312","127.043412"
"5786","2026-06-03T18:31:30.150758","37.28133","127.043394"
"5787","2026-06-03T18:31:30.150758","37.281348","127.04337600000001"
"5788","2026-06-03T18:31:30.150758","37.281366","127.043358"
"5789","2026-06-03T18:31:30.150758","37.281384","127.04334"
"5790","2026-06-03T18:31:30.151760","37.282478","127.046422"
"5791","2026-06-03T18:31:30.152759","37.283677999999995","127.045422"
"5792","2026-06-03T18:31:30.153759","37.283696","127.045404"
"5793","2026-06-03T18:31:30.153759","37.283713999999996","127.045386"
"5794","2026-06-03T18:31:30.154759","37.283732","127.045368"
"5795","2026-06-03T18:31:30.154759","37.28375","127.04535"
"5796","2026-06-03T18:31:30.155956","37.281678","127.046522"
"5797","2026-06-03T18:31:30.155956","37.281696000000004","127.046504"
"5798","2026-06-03T18:31:30.156962","37.281714","127.04648599999999"
"5799","2026-06-03T18:31:30.156962","37.281732000000005","127.04646799999999"
"5800","2026-06-03T18:31:30.156962","37.28175","127.04645"
"5801","2026-06-03T18:31:30.157962","37.281768","127.046432"
"5802","2026-06-03T18:31:30.157962","37.281786000000004","127.046414"
"5803","2026-06-03T18:31:30.158962","37.281804","127.04639599999999"
"5804","2026-06-03T18:31:30.159963","37.281822000000005","127.04637799999999"
"5805","2026-06-03T18:31:30.159963","37.28169","127.046534"
"5806","2026-06-03T18:31:30.160962","37.281708","127.046516"
"5807","2026-06-03T18:31:30.160962","37.281726","127.04649799999999"
"5808","2026-06-03T18:31:30.160962","37.281378","127.045922"
"5809","2026-06-03T18:31:30.161962","37.281396","127.04590400000001"
"5810","2026-06-03T18:31:30.161962","37.281414","127.045886"
"5811","2026-06-03T18:31:30.161962","37.281432","127.045868"
"5812","2026-06-03T18:31:30.161962","37.28145","127.04585"
"5813","2026-06-03T18:31:30.162963","37.281468","127.045832"
"5814","2026-06-03T18:31:30.162963","37.281486","127.04581400000001"
"5815","2026-06-03T18:31:30.162963","37.281504","127.045796"
"5816","2026-06-03T18:31:30.162963","37.282078","127.046672"
"5817","2026-06-03T18:31:30.162963","37.282096","127.046654"
"5818","2026-06-03T18:31:30.163963","37.282114","127.04663599999999"
"5819","2026-06-03T18:31:30.163963","37.282132000000004","127.046618"
"5820","2026-06-03T18:31:30.163963","37.28215","127.0466"
"5821","2026-06-03T18:31:30.163963","37.282168","127.046582"
"5822","2026-06-03T18:31:30.163963","37.282186","127.046564"
"5823","2026-06-03T18:31:30.164962","37.282204","127.04654599999999"
"5824","2026-06-03T18:31:30.164962","37.282222000000004","127.046528"
"5825","2026-06-03T18:31:30.164962","37.28209","127.046684"
"5826","2026-06-03T18:31:30.164962","37.282108","127.046666"
"5827","2026-06-03T18:31:30.164962","37.282126","127.04664799999999"
"5828","2026-06-03T18:31:30.164962","37.282144","127.04663"
"5829","2026-06-03T18:31:30.166067","37.282162","127.046612"
"5830","2026-06-03T18:31:30.166067","37.28218","127.046594"
"5831","2026-06-03T18:31:30.166067","37.283077999999996","127.045972"
"5832","2026-06-03T18:31:30.166067","37.283096","127.04595400000001"
"5833","2026-06-03T18:31:30.166067","37.283114","127.045936"
"5834","2026-06-03T18:31:30.166067","37.280877999999994","127.04472200000001"
"5835","2026-06-03T18:31:30.167068","37.280896","127.04470400000001"
"5836","2026-06-03T18:31:30.167068","37.280913999999996","127.044686"
"5837","2026-06-03T18:31:30.167068","37.280932","127.044668"
"5838","2026-06-03T18:31:30.167068","37.28095","127.04465"
"5839","2026-06-03T18:31:30.167068","37.280967999999994","127.04463200000001"
"5840","2026-06-03T18:31:30.168067","37.280986","127.04461400000001"
"5841","2026-06-03T18:31:30.168067","37.281003999999996","127.044596"
"5842","2026-06-03T18:31:30.168067","37.281022","127.044578"
"5843","2026-06-03T18:31:30.168067","37.28088999999999","127.044734"
"5844","2026-06-03T18:31:30.168067","37.283477999999995","127.043322"
"5845","2026-06-03T18:31:30.169069","37.283496","127.043304"
"5846","2026-06-03T18:31:30.169069","37.283514","127.043286"
"5847","2026-06-03T18:31:30.169069","37.283532","127.043268"
"5848","2026-06-03T18:31:30.169069","37.28355","127.04325"
"5849","2026-06-03T18:31:30.169069","37.283567999999995","127.043232"
"5850","2026-06-03T18:31:30.169069","37.281577999999996","127.043322"
"5851","2026-06-03T18:31:30.170068","37.281596","127.043304"
"5852","2026-06-03T18:31:30.170068","37.281614","127.043286"
"5853","2026-06-03T18:31:30.170068","37.281632","127.043268"
"5854","2026-06-03T18:31:30.170068","37.28165","127.04325"
"5855","2026-06-03T18:31:30.171067","37.281667999999996","127.043232"
"5856","2026-06-03T18:31:30.171067","37.281686","127.043214"
"5857","2026-06-03T18:31:30.171067","37.281704","127.043196"
"5858","2026-06-03T18:31:30.172068","37.281722","127.043178"
"5859","2026-06-03T18:31:30.172068","37.281589999999994","127.043334"
"5860","2026-06-03T18:31:30.172068","37.281608","127.043316"
"5861","2026-06-03T18:31:30.172068","37.281625999999996","127.043298"
"5862","2026-06-03T18:31:30.172068","37.281644","127.04328"
"5863","2026-06-03T18:31:30.173408","37.281662","127.043262"
"5864","2026-06-03T18:31:30.173408","37.281679999999994","127.043244"
"5865","2026-06-03T18:31:30.173408","37.281698","127.043226"
"5866","2026-06-03T18:31:30.173408","37.281715999999996","127.04320799999999"
"5867","2026-06-03T18:31:30.173408","37.281734","127.04319"
"5868","2026-06-03T18:31:30.173408","37.281602","127.043346"
"5869","2026-06-03T18:31:30.174912","37.281620000000004","127.043328"
"5870","2026-06-03T18:31:30.174912","37.281638","127.04330999999999"
"5871","2026-06-03T18:31:30.174912","37.281656000000005","127.043292"
"5872","2026-06-03T18:31:30.175918","37.280778","127.045422"
"5873","2026-06-03T18:31:30.175918","37.280796","127.045404"
"5874","2026-06-03T18:31:30.175918","37.283778","127.043822"
"5875","2026-06-03T18:31:30.176919","37.283796","127.04380400000001"
"5876","2026-06-03T18:31:30.176919","37.283814","127.043786"
"5877","2026-06-03T18:31:30.176919","37.283832000000004","127.043768"
"5878","2026-06-03T18:31:30.176919","37.28385","127.04375"
"5879","2026-06-03T18:31:30.176919","37.283868","127.043732"
"5880","2026-06-03T18:31:30.177918","37.283886","127.04371400000001"
"5881","2026-06-03T18:31:30.177918","37.283904","127.043696"
"5882","2026-06-03T18:31:30.177918","37.283922000000004","127.043678"
"5883","2026-06-03T18:31:30.177918","37.283789999999996","127.043834"
"5884","2026-06-03T18:31:30.177918","37.283808","127.043816"
"5885","2026-06-03T18:31:30.178919","37.283826","127.043798"
"5886","2026-06-03T18:31:30.178919","37.283844","127.04378"
"5887","2026-06-03T18:31:30.178919","37.283862","127.043762"
"5888","2026-06-03T18:31:30.178919","37.283879999999996","127.043744"
"5889","2026-06-03T18:31:30.178919","37.283898","127.043726"
"5890","2026-06-03T18:31:30.179919","37.283916","127.043708"
"5891","2026-06-03T18:31:30.179919","37.283934","127.04369"
"5892","2026-06-03T18:31:30.179919","37.280677999999995","127.043822"
"5893","2026-06-03T18:31:30.179919","37.280477999999995","127.04432200000001"
"5894","2026-06-03T18:31:30.180918","37.280496","127.04430400000001"
"5895","2026-06-03T18:31:30.180918","37.280514","127.044286"
"5896","2026-06-03T18:31:30.180918","37.280532","127.044268"
"5897","2026-06-03T18:31:30.180918","37.28055","127.04425"
"5898","2026-06-03T18:31:30.180918","37.282377999999994","127.042522"
"5899","2026-06-03T18:31:30.180918","37.282396","127.04250400000001"
"5900","2026-06-03T18:31:30.181918","37.282413999999996","127.042486"
"5901","2026-06-03T18:31:30.181918","37.282432","127.042468"
"5902","2026-06-03T18:31:30.181918","37.28245","127.04245"
"5903","2026-06-03T18:31:30.181918","37.282467999999994","127.042432"
"5904","2026-06-03T18:31:30.181918","37.282486","127.04241400000001"
"5905","2026-06-03T18:31:30.182919","37.282503999999996","127.042396"
"5906","2026-06-03T18:31:30.182919","37.282522","127.042378"
"5907","2026-06-03T18:31:30.182919","37.28238999999999","127.042534"
"5908","2026-06-03T18:31:30.182919","37.282408","127.042516"
"5909","2026-06-03T18:31:30.183918","37.282425999999994","127.042498"
"5910","2026-06-03T18:31:30.183918","37.280828","127.044122"
"5911","2026-06-03T18:31:30.183918","37.280846000000004","127.044104"
"5912","2026-06-03T18:31:30.183918","37.280864","127.044086"
"5913","2026-06-03T18:31:30.183918","37.280882000000005","127.044068"
"5914","2026-06-03T18:31:30.184919","37.2809","127.04405"
"5915","2026-06-03T18:31:30.184919","37.280918","127.044032"
"5916","2026-06-03T18:31:30.184919","37.280936000000004","127.044014"
"5917","2026-06-03T18:31:30.184919","37.280954","127.04399599999999"
"5918","2026-06-03T18:31:30.184919","37.280578","127.046122"
"5919","2026-06-03T18:31:30.184919","37.280596","127.046104"
"5920","2026-06-03T18:31:30.186132","37.280614","127.04608599999999"
"5921","2026-06-03T18:31:30.186132","37.280632000000004","127.04606799999999"
"5922","2026-06-03T18:31:30.187132","37.28065","127.04605"
"5923","2026-06-03T18:31:30.187132","37.280668","127.046032"
"5924","2026-06-03T18:31:30.187132","37.280686","127.046014"
"5925","2026-06-03T18:31:30.187132","37.280704","127.04599599999999"
"5926","2026-06-03T18:31:30.187132","37.280722000000004","127.04597799999999"
"5927","2026-06-03T18:31:30.188132","37.28059","127.046134"
"5928","2026-06-03T18:31:30.188132","37.280608","127.046116"
"5929","2026-06-03T18:31:30.188132","37.280626","127.04609799999999"
"5930","2026-06-03T18:31:30.188132","37.280644","127.04607999999999"
"5931","2026-06-03T18:31:30.189133","37.280662","127.04606199999999"
"5932","2026-06-03T18:31:30.189133","37.28068","127.046044"
"5933","2026-06-03T18:31:30.189133","37.282678","127.04302200000001"
"5934","2026-06-03T18:31:30.189133","37.282696","127.04300400000001"
"5935","2026-06-03T18:31:30.189133","37.282714","127.042986"
"5936","2026-06-03T18:48:32.255181","37.283128","127.04517200000001"
"5937","2026-06-03T18:48:32.270620","37.282328","127.043972"
"5938","2026-06-03T18:48:32.272131","37.282346000000004","127.043954"
"5939","2026-06-03T18:48:32.273140","37.282364","127.04393599999999"
"5940","2026-06-03T18:48:32.273140","37.282382000000005","127.04391799999999"
"5941","2026-06-03T18:48:32.274644","37.2824","127.0439"
"5942","2026-06-03T18:48:32.275655","37.281628","127.04477200000001"
"5943","2026-06-03T18:48:32.275655","37.281646","127.04475400000001"
"5944","2026-06-03T18:48:32.276655","37.281664","127.044736"
"5945","2026-06-03T18:48:32.277650","37.281682","127.044718"
"5946","2026-06-03T18:48:32.278664","37.2817","127.0447"
"5947","2026-06-03T18:48:32.278664","37.281718","127.04468200000001"
"5948","2026-06-03T18:48:32.279653","37.281736","127.04466400000001"
"5949","2026-06-03T18:48:32.280911","37.281754","127.044646"
"5950","2026-06-03T18:48:32.281932","37.281772000000004","127.044628"
"5951","2026-06-03T18:48:32.282935","37.281639999999996","127.044784"
"5952","2026-06-03T18:48:32.282935","37.281658","127.04476600000001"
"5953","2026-06-03T18:48:32.283933","37.281676","127.044748"
"5954","2026-06-03T18:48:32.283933","37.282928","127.044172"
"5955","2026-06-03T18:48:32.284931","37.282946","127.044154"
"5956","2026-06-03T18:48:32.284931","37.282964","127.044136"
"5957","2026-06-03T18:48:32.286092","37.282982000000004","127.044118"
"5958","2026-06-03T18:48:32.287088","37.283","127.0441"
"5959","2026-06-03T18:48:32.288086","37.283018","127.044082"
"5960","2026-06-03T18:48:32.288086","37.283036","127.044064"
"5961","2026-06-03T18:48:32.289085","37.283054","127.044046"
"5962","2026-06-03T18:48:32.290097","37.282128","127.044972"
"5963","2026-06-03T18:48:32.290097","37.282146000000004","127.044954"
"5964","2026-06-03T18:48:32.291091","37.282164","127.04493599999999"
"5965","2026-06-03T18:48:32.291091","37.282182000000006","127.044918"
"5966","2026-06-03T18:48:32.292089","37.2822","127.0449"
"5967","2026-06-03T18:48:32.293086","37.282218","127.044882"
"5968","2026-06-03T18:48:32.293086","37.282236000000005","127.044864"
"5969","2026-06-03T18:48:32.294593","37.282254","127.04484599999999"
"5970","2026-06-03T18:48:32.295608","37.282272000000006","127.044828"
"5971","2026-06-03T18:48:32.297526","37.28214","127.044984"
"5972","2026-06-03T18:48:32.297526","37.282158","127.044966"
"5973","2026-06-03T18:48:32.298537","37.282176","127.04494799999999"
"5974","2026-06-03T18:48:32.299537","37.282194000000004","127.04493"
"5975","2026-06-03T18:48:32.300942","37.282212","127.044912"
"5976","2026-06-03T18:48:32.300942","37.28223","127.044894"
"5977","2026-06-03T18:48:32.302321","37.281828","127.043672"
"5978","2026-06-03T18:48:32.303317","37.281846","127.043654"
"5979","2026-06-03T18:48:32.303317","37.281864","127.04363599999999"
"5980","2026-06-03T18:48:32.304821","37.282627999999995","127.045472"
"5981","2026-06-03T18:48:32.304821","37.282646","127.045454"
"5982","2026-06-03T18:48:32.305830","37.282664","127.045436"
"5983","2026-06-03T18:48:32.306832","37.282682","127.045418"
"5984","2026-06-03T18:48:32.306832","37.2827","127.0454"
"5985","2026-06-03T18:48:32.307832","37.282717999999996","127.045382"
"5986","2026-06-03T18:48:32.308834","37.282736","127.045364"
"5987","2026-06-03T18:48:32.308834","37.282754","127.045346"
"5988","2026-06-03T18:48:32.309832","37.282772","127.045328"
"5989","2026-06-03T18:48:32.309832","37.282639999999994","127.045484"
"5990","2026-06-03T18:48:32.310832","37.283328","127.04437200000001"
"5991","2026-06-03T18:48:32.310832","37.283346","127.04435400000001"
"5992","2026-06-03T18:48:32.311833","37.283364","127.044336"
"5993","2026-06-03T18:48:32.311833","37.283382","127.044318"
"5994","2026-06-03T18:48:32.312829","37.2834","127.0443"
"5995","2026-06-03T18:48:32.312829","37.283418","127.04428200000001"
"5996","2026-06-03T18:48:32.313841","37.281727999999994","127.045272"
"5997","2026-06-03T18:48:32.314827","37.281746","127.045254"
"5998","2026-06-03T18:48:32.315335","37.281763999999995","127.04523599999999"
"5999","2026-06-03T18:48:32.315335","37.281782","127.04521799999999"
"6000","2026-06-03T18:48:32.316337","37.2818","127.0452"
"6001","2026-06-03T18:48:32.317337","37.281817999999994","127.045182"
"6002","2026-06-03T18:48:32.317337","37.281836","127.045164"
"6003","2026-06-03T18:48:32.318343","37.281853999999996","127.04514599999999"
"6004","2026-06-03T18:48:32.318343","37.281872","127.04512799999999"
"6005","2026-06-03T18:48:32.319336","37.28173999999999","127.045284"
"6006","2026-06-03T18:48:32.319336","37.281757999999996","127.045266"
"6007","2026-06-03T18:48:32.320341","37.281775999999994","127.04524799999999"
"6008","2026-06-03T18:48:32.320341","37.281794","127.04522999999999"
"6009","2026-06-03T18:48:32.321345","37.281811999999995","127.04521199999999"
"6010","2026-06-03T18:48:32.322352","37.28182999999999","127.045194"
"6011","2026-06-03T18:48:32.322352","37.281848","127.045176"
"6012","2026-06-03T18:48:32.323343","37.281865999999994","127.04515799999999"
"6013","2026-06-03T18:48:32.323343","37.281884","127.04513999999999"
"6014","2026-06-03T18:48:32.323343","37.281752","127.045296"
"6015","2026-06-03T18:48:32.324853","37.28177","127.045278"
"6016","2026-06-03T18:48:32.324853","37.281788","127.04525999999998"
"6017","2026-06-03T18:48:32.325871","37.281806","127.04524199999999"
"6018","2026-06-03T18:48:32.325871","37.282427999999996","127.043172"
"6019","2026-06-03T18:48:32.326870","37.282446","127.043154"
"6020","2026-06-03T18:48:32.328285","37.283027999999995","127.042972"
"6021","2026-06-03T18:48:32.329304","37.283046","127.04295400000001"
"6022","2026-06-03T18:48:32.330293","37.283063999999996","127.042936"
"6023","2026-06-03T18:48:32.330293","37.283082","127.042918"
"6024","2026-06-03T18:48:32.331300","37.2831","127.0429"
"6025","2026-06-03T18:48:32.331300","37.283117999999995","127.042882"
"6026","2026-06-03T18:48:32.332292","37.283136","127.04286400000001"
"6027","2026-06-03T18:48:32.332292","37.283153999999996","127.042846"
"6028","2026-06-03T18:48:32.333297","37.283172","127.042828"
"6029","2026-06-03T18:48:32.333297","37.28303999999999","127.042984"
"6030","2026-06-03T18:48:32.333297","37.283058","127.042966"
"6031","2026-06-03T18:48:32.334814","37.283075999999994","127.042948"
"6032","2026-06-03T18:48:32.334814","37.283094","127.04293"
"6033","2026-06-03T18:48:32.335832","37.283111999999996","127.042912"
"6034","2026-06-03T18:48:32.336836","37.28312999999999","127.042894"
"6035","2026-06-03T18:48:32.336836","37.283148","127.042876"
"6036","2026-06-03T18:48:32.337834","37.283165999999994","127.042858"
"6037","2026-06-03T18:48:32.337834","37.283184","127.04284"
"6038","2026-06-03T18:48:32.338823","37.281527999999994","127.044072"
"6039","2026-06-03T18:48:32.338823","37.28192799999999","127.042772"
"6040","2026-06-03T18:48:32.339823","37.281946","127.042754"
"6041","2026-06-03T18:48:32.339823","37.281963999999995","127.04273599999999"
"6042","2026-06-03T18:48:32.340823","37.281982","127.042718"
"6043","2026-06-03T18:48:32.340823","37.282","127.0427"
"6044","2026-06-03T18:48:32.341829","37.282928","127.044672"
"6045","2026-06-03T18:48:32.341829","37.282946","127.04465400000001"
"6046","2026-06-03T18:48:32.342828","37.282964","127.044636"
"6047","2026-06-03T18:48:32.342828","37.282982000000004","127.044618"
"6048","2026-06-03T18:48:32.343828","37.283","127.0446"
"6049","2026-06-03T18:48:32.343828","37.283018","127.044582"
"6050","2026-06-03T18:48:32.344835","37.283036","127.04456400000001"
"6051","2026-06-03T18:48:32.345358","37.283054","127.044546"
"6052","2026-06-03T18:48:32.345358","37.283072000000004","127.044528"
"6053","2026-06-03T18:48:32.346361","37.282939999999996","127.044684"
"6054","2026-06-03T18:48:32.346361","37.282958","127.044666"
"6055","2026-06-03T18:48:32.347355","37.282976","127.044648"
"6056","2026-06-03T18:48:32.347355","37.282728","127.043572"
"6057","2026-06-03T18:48:32.348360","37.282746","127.043554"
"6058","2026-06-03T18:48:32.348360","37.282764","127.04353599999999"
"6059","2026-06-03T18:48:32.349360","37.282782000000005","127.04351799999999"
"6060","2026-06-03T18:48:32.350356","37.2828","127.0435"
"6061","2026-06-03T18:48:32.350356","37.282818","127.043482"
"6062","2026-06-03T18:48:32.351356","37.282836","127.043464"
"6063","2026-06-03T18:48:32.353355","37.282854","127.04344599999999"
"6064","2026-06-03T18:48:32.354860","37.281428","127.044872"
"6065","2026-06-03T18:48:32.354860","37.281446","127.044854"
"6066","2026-06-03T18:48:32.355871","37.281464","127.04483599999999"
"6067","2026-06-03T18:48:32.356876","37.281482000000004","127.04481799999999"
"6068","2026-06-03T18:48:32.356876","37.2815","127.0448"
"6069","2026-06-03T18:48:32.357874","37.281518","127.044782"
"6070","2026-06-03T18:48:32.357874","37.281536","127.044764"
"6071","2026-06-03T18:48:32.357874","37.281554","127.04474599999999"
"6072","2026-06-03T18:48:32.359231","37.281572000000004","127.04472799999999"
"6073","2026-06-03T18:48:32.360269","37.281439999999996","127.044884"
"6074","2026-06-03T18:48:32.361259","37.281458","127.044866"
"6075","2026-06-03T18:48:32.361259","37.281476","127.04484799999999"
"6076","2026-06-03T18:48:32.362283","37.281494","127.04482999999999"
"6077","2026-06-03T18:48:32.362283","37.281512","127.044812"
"6078","2026-06-03T18:48:32.363257","37.28153","127.044794"
"6079","2026-06-03T18:48:32.363257","37.282528","127.045772"
"6080","2026-06-03T18:48:32.363257","37.282546","127.045754"
"6081","2026-06-03T18:48:32.364770","37.282564","127.04573599999999"
"6082","2026-06-03T18:48:32.364770","37.283427999999994","127.04387200000001"
"6083","2026-06-03T18:48:32.365784","37.283446","127.04385400000001"
"6084","2026-06-03T18:48:32.365784","37.283463999999995","127.043836"
"6085","2026-06-03T18:48:32.365784","37.283482","127.043818"
"6086","2026-06-03T18:48:32.366784","37.2835","127.0438"
"6087","2026-06-03T18:48:32.367784","37.283517999999994","127.04378200000001"
"6088","2026-06-03T18:48:32.367784","37.283536","127.04376400000001"
"6089","2026-06-03T18:48:32.368783","37.283553999999995","127.043746"
"6090","2026-06-03T18:48:32.368783","37.283572","127.043728"
"6091","2026-06-03T18:48:32.369785","37.28343999999999","127.043884"
"6092","2026-06-03T18:48:32.369785","37.281327999999995","127.04347200000001"
"6093","2026-06-03T18:48:32.370781","37.281346","127.04345400000001"
"6094","2026-06-03T18:48:32.370781","37.281363999999996","127.043436"
"6095","2026-06-03T18:48:32.370781","37.281382","127.043418"
"6096","2026-06-03T18:48:32.372289","37.2814","127.0434"
"6097","2026-06-03T18:48:32.372289","37.281417999999995","127.04338200000001"
"6098","2026-06-03T18:48:32.373306","37.283628","127.044972"
"6099","2026-06-03T18:48:32.373306","37.283646000000005","127.044954"
"6100","2026-06-03T18:48:32.374738","37.283664","127.04493599999999"
"6101","2026-06-03T18:48:32.374738","37.283682000000006","127.044918"
"6102","2026-06-03T18:48:32.375750","37.2837","127.0449"
"6103","2026-06-03T18:48:32.377747","37.283718","127.044882"
"6104","2026-06-03T18:48:32.378749","37.283736000000005","127.044864"
"6105","2026-06-03T18:48:32.378749","37.283754","127.04484599999999"
"6106","2026-06-03T18:48:32.379753","37.283772000000006","127.044828"
"6107","2026-06-03T18:48:32.379753","37.28364","127.044984"
"6108","2026-06-03T18:48:32.380754","37.283658","127.044966"
"6109","2026-06-03T18:48:32.380754","37.283676","127.04494799999999"
"6110","2026-06-03T18:48:32.381760","37.283694000000004","127.04493"
"6111","2026-06-03T18:48:32.381760","37.283712","127.044912"
"6112","2026-06-03T18:48:32.382763","37.28373","127.044894"
"6113","2026-06-03T18:48:32.382763","37.283748","127.044876"
"6114","2026-06-03T18:48:32.383748","37.283766","127.04485799999999"
"6115","2026-06-03T18:48:32.383748","37.283784000000004","127.04484"
"6116","2026-06-03T18:48:32.384747","37.283652000000004","127.044996"
"6117","2026-06-03T18:48:32.385899","37.28367000000001","127.044978"
"6118","2026-06-03T18:48:32.385899","37.283688000000005","127.04495999999999"
"6119","2026-06-03T18:48:32.386908","37.28370600000001","127.04494199999999"
"6120","2026-06-03T18:48:32.386908","37.282028","127.042572"
"6121","2026-06-03T18:48:32.387900","37.282046","127.04255400000001"
"6122","2026-06-03T18:48:32.387900","37.283927999999996","127.044172"
"6123","2026-06-03T18:48:32.387900","37.283946","127.044154"
"6124","2026-06-03T18:48:32.388901","37.283964","127.044136"
"6125","2026-06-03T18:48:32.388901","37.283982","127.044118"
"6126","2026-06-03T18:48:32.389905","37.284","127.0441"
"6127","2026-06-03T18:48:32.389905","37.284017999999996","127.044082"
"6128","2026-06-03T18:48:32.390902","37.284036","127.044064"
"6129","2026-06-03T18:48:32.390902","37.284054","127.044046"
"6130","2026-06-03T18:48:32.391901","37.284072","127.044028"
"6131","2026-06-03T18:48:32.391901","37.283939999999994","127.044184"
"6132","2026-06-03T18:48:32.392902","37.283958","127.044166"
"6133","2026-06-03T18:48:32.392902","37.283975999999996","127.04414799999999"
"6134","2026-06-03T18:48:32.393895","37.283994","127.04413"
"6135","2026-06-03T18:48:32.393895","37.284012","127.044112"
"6136","2026-06-03T18:48:32.394895","37.284029999999994","127.044094"
"6137","2026-06-03T18:48:32.394895","37.284048","127.044076"
"6138","2026-06-03T18:48:32.395959","37.284065999999996","127.04405799999999"
"6139","2026-06-03T18:48:32.395959","37.284084","127.04404"
"6140","2026-06-03T18:48:32.395959","37.281828","127.04607200000001"
"6141","2026-06-03T18:48:32.396968","37.282827999999995","127.046272"
"6142","2026-06-03T18:48:32.397970","37.282846","127.046254"
"6143","2026-06-03T18:48:32.397970","37.282864","127.046236"
"6144","2026-06-03T18:48:32.397970","37.282882","127.046218"
"6145","2026-06-03T18:48:32.398959","37.2829","127.0462"
"6146","2026-06-03T18:48:32.398959","37.281228","127.045672"
"6147","2026-06-03T18:48:32.399956","37.281246","127.045654"
"6148","2026-06-03T18:48:32.399956","37.281264","127.04563599999999"
"6149","2026-06-03T18:48:32.400962","37.281282000000004","127.04561799999999"
"6150","2026-06-03T18:48:32.400962","37.2813","127.0456"
"6151","2026-06-03T18:48:32.401956","37.281318","127.045582"
"6152","2026-06-03T18:48:32.402961","37.281336","127.045564"
"6153","2026-06-03T18:48:32.403963","37.281354","127.04554599999999"
"6154","2026-06-03T18:48:32.404959","37.281372000000005","127.04552799999999"
"6155","2026-06-03T18:48:32.405467","37.28124","127.045684"
"6156","2026-06-03T18:48:32.405467","37.281258","127.045666"
"6157","2026-06-03T18:48:32.406485","37.281276","127.04564799999999"
"6158","2026-06-03T18:48:32.406485","37.284028","127.043272"
"6159","2026-06-03T18:48:32.407480","37.284046000000004","127.043254"
"6160","2026-06-03T18:48:32.407480","37.284064","127.043236"
"6161","2026-06-03T18:48:32.407480","37.284082000000005","127.043218"
"6162","2026-06-03T18:48:32.408481","37.2841","127.0432"
"6163","2026-06-03T18:48:32.408481","37.284118","127.043182"
"6164","2026-06-03T18:48:32.409480","37.284136000000004","127.043164"
"6165","2026-06-03T18:48:32.409480","37.284154","127.043146"
"6166","2026-06-03T18:48:32.410491","37.281028","127.044272"
"6167","2026-06-03T18:48:32.410491","37.281046","127.04425400000001"
"6168","2026-06-03T18:48:32.411482","37.281064","127.044236"
"6169","2026-06-03T18:48:32.411482","37.281082000000005","127.044218"
"6170","2026-06-03T18:48:32.412484","37.2811","127.0442"
"6171","2026-06-03T18:48:32.413475","37.281118","127.044182"
"6172","2026-06-03T18:48:32.414497","37.281136000000004","127.04416400000001"
"6173","2026-06-03T18:48:32.415002","37.281154","127.044146"
"6174","2026-06-03T18:48:32.415002","37.281172000000005","127.044128"
"6175","2026-06-03T18:48:32.416008","37.28104","127.044284"
"6176","2026-06-03T18:48:32.416008","37.281058","127.04426600000001"
"6177","2026-06-03T18:48:32.417008","37.281076","127.044248"
"6178","2026-06-03T18:48:32.417008","37.281094","127.04423"
"6179","2026-06-03T18:48:32.418008","37.281112","127.044212"
"6180","2026-06-03T18:48:32.418008","37.28113","127.044194"
"6181","2026-06-03T18:48:32.419009","37.283828","127.045372"
"6182","2026-06-03T18:48:32.419009","37.283846000000004","127.045354"
"6183","2026-06-03T18:48:32.420008","37.283864","127.04533599999999"
"6184","2026-06-03T18:48:32.420008","37.282227999999996","127.04647200000001"
"6185","2026-06-03T18:48:32.421009","37.282246","127.04645400000001"
"6186","2026-06-03T18:48:32.422010","37.282264","127.046436"
"6187","2026-06-03T18:48:32.422010","37.282282","127.046418"
"6188","2026-06-03T18:48:32.423007","37.2823","127.0464"
"6189","2026-06-03T18:48:32.423007","37.282318","127.04638200000001"
"6190","2026-06-03T18:48:32.425007","37.282336","127.04636400000001"
"6191","2026-06-03T18:48:32.425007","37.282354","127.046346"
"6192","2026-06-03T18:48:32.426200","37.282372","127.046328"
"6193","2026-06-03T18:48:32.426200","37.282239999999994","127.046484"
"6194","2026-06-03T18:48:32.429200","37.280927999999996","127.043772"
"6195","2026-06-03T18:48:32.430200","37.280946","127.043754"
"6196","2026-06-03T18:48:32.430200","37.280964","127.043736"
"6197","2026-06-03T18:48:32.430200","37.280982","127.043718"
"6198","2026-06-03T18:48:32.431201","37.281","127.0437"
"6199","2026-06-03T18:48:32.431201","37.281017999999996","127.043682"
"6200","2026-06-03T18:48:32.431201","37.284127999999995","127.044872"
"6201","2026-06-03T18:48:32.432201","37.284146","127.044854"
"6202","2026-06-03T18:48:32.432201","37.284164","127.04483599999999"
"6203","2026-06-03T18:48:32.432201","37.284182","127.04481799999999"
"6204","2026-06-03T18:48:32.433200","37.2842","127.0448"
"6205","2026-06-03T18:48:32.433200","37.284217999999996","127.044782"
"6206","2026-06-03T18:48:32.433200","37.284236","127.044764"
"6207","2026-06-03T18:48:32.433200","37.284254","127.04474599999999"
"6208","2026-06-03T18:48:32.434705","37.284272","127.04472799999999"
"6209","2026-06-03T18:48:32.434705","37.284139999999994","127.044884"
"6210","2026-06-03T18:48:32.434705","37.284158","127.044866"
"6211","2026-06-03T18:48:32.435711","37.284175999999995","127.04484799999999"
"6212","2026-06-03T18:48:32.435711","37.284194","127.04482999999999"
"6213","2026-06-03T18:48:32.436710","37.284212","127.044812"
"6214","2026-06-03T18:48:32.436710","37.284229999999994","127.044794"
"6215","2026-06-03T18:48:32.436710","37.284248","127.044776"
"6216","2026-06-03T18:48:32.437710","37.284265999999995","127.04475799999999"
"6217","2026-06-03T18:48:32.437710","37.284284","127.04473999999999"
"6218","2026-06-03T18:48:32.437710","37.284152","127.044896"
"6219","2026-06-03T18:48:32.438710","37.28417","127.044878"
"6220","2026-06-03T18:48:32.438710","37.284188","127.04485999999999"
"6221","2026-06-03T18:48:32.438710","37.284206000000005","127.04484199999999"
"6222","2026-06-03T18:48:32.439710","37.283227999999994","127.046672"
"6223","2026-06-03T18:48:32.439710","37.283246","127.046654"
"6224","2026-06-03T18:48:32.439710","37.281127999999995","127.042972"
"6225","2026-06-03T18:48:32.440710","37.281146","127.04295400000001"
"6226","2026-06-03T18:48:32.440710","37.281164","127.042936"
"6227","2026-06-03T18:48:32.440710","37.281182","127.042918"
"6228","2026-06-03T18:48:32.441710","37.2812","127.0429"
"6229","2026-06-03T18:48:32.441710","37.281217999999996","127.042882"
"6230","2026-06-03T18:48:32.441710","37.281236","127.04286400000001"
"6231","2026-06-03T18:48:32.442710","37.281254","127.042846"
"6232","2026-06-03T18:48:32.442710","37.281272","127.042828"
"6233","2026-06-03T18:48:32.442710","37.28113999999999","127.042984"
"6234","2026-06-03T18:48:32.443711","37.281158","127.042966"
"6235","2026-06-03T18:48:32.443711","37.281175999999995","127.042948"
"6236","2026-06-03T18:48:32.444712","37.281194","127.04293"
"6237","2026-06-03T18:48:32.444712","37.281212","127.042912"
"6238","2026-06-03T18:48:32.444712","37.281229999999994","127.042894"
"6239","2026-06-03T18:48:32.445750","37.281248","127.042876"
"6240","2026-06-03T18:48:32.445750","37.281265999999995","127.042858"
"6241","2026-06-03T18:48:32.446750","37.281284","127.04284"
"6242","2026-06-03T18:48:32.446750","37.283128","127.04517200000001"
"6243","2026-06-03T18:48:32.446750","37.282128","127.045572"
"6244","2026-06-03T18:48:32.447751","37.282146000000004","127.04555400000001"
"6245","2026-06-03T18:48:32.447751","37.282164","127.045536"
"6246","2026-06-03T18:48:32.447751","37.282182000000006","127.045518"
"6247","2026-06-03T18:48:32.448749","37.2822","127.0455"
"6248","2026-06-03T18:48:32.448749","37.281628","127.04477200000001"
"6249","2026-06-03T18:48:32.448749","37.281646","127.04475400000001"
"6250","2026-06-03T18:48:32.449751","37.281664","127.044736"
"6251","2026-06-03T18:48:32.449751","37.281682","127.044718"
"6252","2026-06-03T18:48:32.449751","37.2817","127.0447"
"6253","2026-06-03T18:48:32.449751","37.281718","127.04468200000001"
"6254","2026-06-03T18:48:32.450750","37.281736","127.04466400000001"
"6255","2026-06-03T18:48:32.450750","37.281754","127.044646"
"6256","2026-06-03T18:48:32.451749","37.281772000000004","127.044628"
"6257","2026-06-03T18:48:32.451749","37.281639999999996","127.044784"
"6258","2026-06-03T18:48:32.451749","37.281658","127.04476600000001"
"6259","2026-06-03T18:48:32.452751","37.281676","127.044748"
"6260","2026-06-03T18:48:32.452751","37.282128","127.044972"
"6261","2026-06-03T18:48:32.452751","37.282146000000004","127.044954"
"6262","2026-06-03T18:48:32.453750","37.282164","127.04493599999999"
"6263","2026-06-03T18:48:32.453750","37.282182000000006","127.044918"
"6264","2026-06-03T18:48:32.453750","37.2822","127.0449"
"6265","2026-06-03T18:48:32.453750","37.282218","127.044882"
"6266","2026-06-03T18:48:32.454750","37.282236000000005","127.044864"
"6267","2026-06-03T18:48:32.454750","37.282254","127.04484599999999"
"6268","2026-06-03T18:48:32.454750","37.283328","127.04437200000001"
"6269","2026-06-03T18:48:32.455868","37.283346","127.04435400000001"
"6270","2026-06-03T18:48:32.455868","37.283364","127.044336"
"6271","2026-06-03T18:48:32.455868","37.283382","127.044318"
"6272","2026-06-03T18:48:32.456867","37.2834","127.0443"
"6273","2026-06-03T18:48:32.456867","37.283418","127.04428200000001"
"6274","2026-06-03T18:48:32.456867","37.283436","127.04426400000001"
"6275","2026-06-03T18:48:32.457867","37.283454","127.044246"
"6276","2026-06-03T18:48:32.457867","37.283472","127.044228"
"6277","2026-06-03T18:48:32.457867","37.283339999999995","127.04438400000001"
"6278","2026-06-03T18:48:32.458867","37.283358","127.04436600000001"
"6279","2026-06-03T18:48:32.458867","37.283376","127.044348"
"6280","2026-06-03T18:48:32.459866","37.283394","127.04433"
"6281","2026-06-03T18:48:32.459866","37.283412","127.044312"
"6282","2026-06-03T18:48:32.459866","37.283429999999996","127.04429400000001"
"6283","2026-06-03T18:48:32.460867","37.281327999999995","127.04387200000001"
"6284","2026-06-03T18:48:32.460867","37.281346","127.04385400000001"
"6285","2026-06-03T18:48:32.460867","37.281363999999996","127.043836"
"6286","2026-06-03T18:48:32.461868","37.282528","127.043272"
"6287","2026-06-03T18:48:32.461868","37.282546","127.043254"
"6288","2026-06-03T18:48:32.461868","37.282564","127.043236"
"6289","2026-06-03T18:48:32.462868","37.282582000000005","127.043218"
"6290","2026-06-03T18:48:32.462868","37.2826","127.0432"
"6291","2026-06-03T18:48:32.462868","37.282618","127.043182"
"6292","2026-06-03T18:48:32.463867","37.282636000000004","127.043164"
"6293","2026-06-03T18:48:32.463867","37.282654","127.043146"
"6294","2026-06-03T18:48:32.463867","37.282672000000005","127.043128"
"6295","2026-06-03T18:48:32.463867","37.28254","127.043284"
"6296","2026-06-03T18:48:32.464870","37.282728","127.04477200000001"
"6297","2026-06-03T18:48:32.464870","37.282746","127.04475400000001"
"6298","2026-06-03T18:48:32.464870","37.282764","127.044736"
"6299","2026-06-03T18:48:32.464870","37.282782000000005","127.044718"
"6300","2026-06-03T18:48:32.465929","37.2828","127.0447"
"6301","2026-06-03T18:48:32.465929","37.282818","127.04468200000001"
"6302","2026-06-03T18:48:32.466929","37.281727999999994","127.045072"
"6303","2026-06-03T18:48:32.466929","37.281746","127.04505400000001"
"6304","2026-06-03T18:48:32.466929","37.281763999999995","127.045036"
"6305","2026-06-03T18:48:32.467928","37.281782","127.045018"
"6306","2026-06-03T18:48:32.467928","37.2818","127.045"
"6307","2026-06-03T18:48:32.467928","37.281817999999994","127.044982"
"6308","2026-06-03T18:48:32.468929","37.281836","127.04496400000001"
"6309","2026-06-03T18:48:32.468929","37.281853999999996","127.044946"
"6310","2026-06-03T18:48:32.468929","37.281872","127.044928"
"6311","2026-06-03T18:48:32.469930","37.28173999999999","127.045084"
"6312","2026-06-03T18:48:32.469930","37.281757999999996","127.045066"
"6313","2026-06-03T18:48:32.470929","37.281775999999994","127.045048"
"6314","2026-06-03T18:48:32.470929","37.281794","127.04503"
"6315","2026-06-03T18:48:32.470929","37.281811999999995","127.045012"
"6316","2026-06-03T18:48:32.470929","37.28182999999999","127.044994"
"6317","2026-06-03T18:48:32.470929","37.281848","127.044976"
"6318","2026-06-03T18:48:32.472434","37.281865999999994","127.044958"
"6319","2026-06-03T18:48:32.472434","37.281884","127.04494"
"6320","2026-06-03T18:48:32.473439","37.281752","127.045096"
"6321","2026-06-03T18:48:32.473439","37.28177","127.045078"
"6322","2026-06-03T18:48:32.474946","37.281788","127.04505999999999"
"6323","2026-06-03T18:48:32.474946","37.281806","127.045042"
"6324","2026-06-03T18:48:32.475952","37.283027999999995","127.043572"
"6325","2026-06-03T18:48:32.476952","37.283046","127.043554"
"6326","2026-06-03T18:48:32.476952","37.281428","127.044672"
"6327","2026-06-03T18:48:32.476952","37.281446","127.04465400000001"
"6328","2026-06-03T18:48:32.477952","37.281464","127.044636"
"6329","2026-06-03T18:48:32.477952","37.281482000000004","127.044618"
"6330","2026-06-03T18:48:32.478953","37.2815","127.0446"
"6331","2026-06-03T18:48:32.478953","37.281518","127.044582"
"6332","2026-06-03T18:48:32.479952","37.281536","127.04456400000001"
"6333","2026-06-03T18:48:32.479952","37.281554","127.044546"
"6334","2026-06-03T18:48:32.479952","37.281572000000004","127.044528"
"6335","2026-06-03T18:48:32.480953","37.281439999999996","127.044684"
"6336","2026-06-03T18:48:32.480953","37.281458","127.044666"
"6337","2026-06-03T18:48:32.481954","37.281476","127.044648"
"6338","2026-06-03T18:48:32.481954","37.281494","127.04463"
"6339","2026-06-03T18:48:32.481954","37.281512","127.044612"
"6340","2026-06-03T18:48:32.482952","37.28153","127.044594"
"6341","2026-06-03T18:48:32.482952","37.281548","127.044576"
"6342","2026-06-03T18:48:32.482952","37.281566","127.044558"
"6343","2026-06-03T18:48:32.482952","37.281584","127.04454"
"6344","2026-06-03T18:48:32.483954","37.299927999999994","127.100072"
"6345","2026-06-03T18:48:32.483954","37.282328","127.045872"
"6346","2026-06-03T18:48:32.483954","37.282346000000004","127.045854"
"6347","2026-06-03T18:48:32.483954","37.282364","127.045836"
"6348","2026-06-03T18:48:32.484953","37.282382000000005","127.045818"
"6349","2026-06-03T18:48:32.484953","37.2824","127.0458"
"6350","2026-06-03T18:48:32.484953","37.283427999999994","127.045072"
"6351","2026-06-03T18:48:32.484953","37.283446","127.04505400000001"
"6352","2026-06-03T18:48:32.485979","37.283463999999995","127.045036"
"6353","2026-06-03T18:48:32.485979","37.283482","127.045018"
"6354","2026-06-03T18:48:32.485979","37.2835","127.045"
"6355","2026-06-03T18:48:32.486978","37.283517999999994","127.044982"
"6356","2026-06-03T18:48:32.486978","37.283536","127.04496400000001"
"6357","2026-06-03T18:48:32.486978","37.283553999999995","127.044946"
"6358","2026-06-03T18:48:32.487979","37.283572","127.044928"
"6359","2026-06-03T18:48:32.487979","37.28343999999999","127.045084"
"6360","2026-06-03T18:48:32.487979","37.283457999999996","127.045066"
"6361","2026-06-03T18:48:32.487979","37.28347599999999","127.045048"
"6362","2026-06-03T18:48:32.488979","37.281028","127.045472"
"6363","2026-06-03T18:48:32.488979","37.281046","127.045454"
"6364","2026-06-03T18:48:32.488979","37.281064","127.045436"
"6365","2026-06-03T18:48:32.488979","37.281082000000005","127.045418"
"6366","2026-06-03T18:48:32.489979","37.2811","127.0454"
"6367","2026-06-03T18:48:32.489979","37.281118","127.045382"
"6368","2026-06-03T18:48:32.489979","37.281136000000004","127.045364"
"6369","2026-06-03T18:48:32.489979","37.281154","127.045346"
"6370","2026-06-03T18:48:32.490978","37.282928","127.04607200000001"
"6371","2026-06-03T18:48:32.490978","37.282946","127.04605400000001"
"6372","2026-06-03T18:48:32.490978","37.282964","127.046036"
"6373","2026-06-03T18:48:32.490978","37.282982000000004","127.046018"
"6374","2026-06-03T18:48:32.491979","37.283","127.046"
"6375","2026-06-03T18:48:32.491979","37.283018","127.04598200000001"
"6376","2026-06-03T18:48:32.491979","37.283036","127.04596400000001"
"6377","2026-06-03T18:48:32.491979","37.283054","127.045946"
"6378","2026-06-03T18:48:32.492979","37.283072000000004","127.045928"
"6379","2026-06-03T18:48:32.492979","37.282939999999996","127.04608400000001"
"6380","2026-06-03T18:48:32.492979","37.282958","127.04606600000001"
"6381","2026-06-03T18:48:32.492979","37.282976","127.046048"
"6382","2026-06-03T18:48:32.493979","37.282994","127.04603"
"6383","2026-06-03T18:48:32.493979","37.283012","127.046012"
"6384","2026-06-03T18:48:32.493979","37.28303","127.04599400000001"
"6385","2026-06-03T18:48:32.493979","37.281828","127.045972"
"6386","2026-06-03T18:48:32.494978","37.281846","127.04595400000001"
"6387","2026-06-03T18:48:32.494978","37.281864","127.045936"
"6388","2026-06-03T18:48:32.494978","37.283528","127.044072"
"6389","2026-06-03T18:48:32.496074","37.283546","127.044054"
"6390","2026-06-03T18:48:32.496074","37.283564","127.04403599999999"
"6391","2026-06-03T18:48:32.497073","37.283582","127.044018"
"6392","2026-06-03T18:48:32.497073","37.2836","127.044"
"6393","2026-06-03T18:48:32.497073","37.283618","127.043982"
"6394","2026-06-03T18:48:32.497073","37.283636","127.043964"
"6395","2026-06-03T18:48:32.498074","37.283654","127.04394599999999"
"6396","2026-06-03T18:48:32.498074","37.283672","127.043928"
"6397","2026-06-03T18:48:32.498074","37.283539999999995","127.044084"
"6398","2026-06-03T18:48:32.498074","37.282227999999996","127.043172"
"6399","2026-06-03T18:48:32.499075","37.282246","127.043154"
"6400","2026-06-03T18:48:32.499075","37.282264","127.04313599999999"
"6401","2026-06-03T18:48:32.499075","37.282282","127.04311799999999"
"6402","2026-06-03T18:48:32.499075","37.2823","127.0431"
"6403","2026-06-03T18:48:32.500073","37.282318","127.043082"
"6404","2026-06-03T18:48:32.500073","37.283227999999994","127.043772"
"6405","2026-06-03T18:48:32.500073","37.283246","127.043754"
"6406","2026-06-03T18:48:32.500073","37.283263999999996","127.043736"
"6407","2026-06-03T18:48:32.501073","37.283282","127.043718"
"6408","2026-06-03T18:48:32.501073","37.2833","127.0437"
"6409","2026-06-03T18:48:32.501073","37.283317999999994","127.043682"
"6410","2026-06-03T18:48:32.501073","37.283336","127.043664"
"6411","2026-06-03T18:48:32.502073","37.283353999999996","127.043646"
"6412","2026-06-03T18:48:32.502073","37.283372","127.043628"
"6413","2026-06-03T18:48:32.502073","37.28323999999999","127.043784"
"6414","2026-06-03T18:48:32.502073","37.283258","127.043766"
"6415","2026-06-03T18:48:32.503073","37.283275999999994","127.043748"
"6416","2026-06-03T18:48:32.503073","37.283294","127.04373"
"6417","2026-06-03T18:48:32.503073","37.283311999999995","127.043712"
"6418","2026-06-03T18:48:32.503073","37.28332999999999","127.043694"
"6419","2026-06-03T18:48:32.503073","37.283348","127.043676"
"6420","2026-06-03T18:48:32.504578","37.283365999999994","127.043658"
"6421","2026-06-03T18:48:32.504578","37.283384","127.04364"
"6422","2026-06-03T18:48:32.504578","37.283252","127.043796"
"6423","2026-06-03T18:48:32.505585","37.28327","127.043778"
"6424","2026-06-03T18:48:32.505585","37.283288","127.04375999999999"
"6425","2026-06-03T18:48:32.505585","37.283306","127.043742"
"6426","2026-06-03T18:48:32.505585","37.28192799999999","127.046272"
"6427","2026-06-03T18:48:32.506584","37.281946","127.046254"
"6428","2026-06-03T18:48:32.506584","37.281228","127.04347200000001"
"6429","2026-06-03T18:48:32.507586","37.281246","127.04345400000001"
"6430","2026-06-03T18:48:32.507586","37.281264","127.043436"
"6431","2026-06-03T18:48:32.507586","37.281282000000004","127.043418"
"6432","2026-06-03T18:48:32.507586","37.2813","127.0434"
"6433","2026-06-03T18:48:32.508584","37.281318","127.04338200000001"
"6434","2026-06-03T18:48:32.508584","37.281336","127.04336400000001"
"6435","2026-06-03T18:48:32.508584","37.281354","127.043346"
"6436","2026-06-03T18:48:32.508584","37.281372000000005","127.043328"
"6437","2026-06-03T18:48:32.509583","37.28124","127.043484"
"6438","2026-06-03T18:48:32.509583","37.281258","127.04346600000001"
"6439","2026-06-03T18:48:32.509583","37.281276","127.043448"
"6440","2026-06-03T18:48:32.509583","37.281294","127.04343"
"6441","2026-06-03T18:48:32.510584","37.281312","127.043412"
"6442","2026-06-03T18:48:32.510584","37.28133","127.043394"
"6443","2026-06-03T18:48:32.510584","37.281348","127.04337600000001"
"6444","2026-06-03T18:48:32.510584","37.281366","127.043358"
"6445","2026-06-03T18:48:32.511584","37.281384","127.04334"
"6446","2026-06-03T18:48:32.511584","37.282478","127.046422"
"6447","2026-06-03T18:48:32.512583","37.283677999999995","127.045422"
"6448","2026-06-03T18:48:32.514583","37.283696","127.045404"
"6449","2026-06-03T18:48:32.514583","37.283713999999996","127.045386"
"6450","2026-06-03T18:48:32.515662","37.283732","127.045368"
"6451","2026-06-03T18:48:32.515662","37.28375","127.04535"
"6452","2026-06-03T18:48:32.516663","37.281678","127.046522"
"6453","2026-06-03T18:48:32.516663","37.281696000000004","127.046504"
"6454","2026-06-03T18:48:32.517662","37.281714","127.04648599999999"
"6455","2026-06-03T18:48:32.517662","37.281732000000005","127.04646799999999"
"6456","2026-06-03T18:48:32.518663","37.28175","127.04645"
"6457","2026-06-03T18:48:32.518663","37.281768","127.046432"
"6458","2026-06-03T18:48:32.519663","37.281786000000004","127.046414"
"6459","2026-06-03T18:48:32.519663","37.281804","127.04639599999999"
"6460","2026-06-03T18:48:32.520663","37.281822000000005","127.04637799999999"
"6461","2026-06-03T18:48:32.520663","37.28169","127.046534"
"6462","2026-06-03T18:48:32.520663","37.281708","127.046516"
"6463","2026-06-03T18:48:32.521664","37.281726","127.04649799999999"
"6464","2026-06-03T18:48:32.521664","37.281378","127.045922"
"6465","2026-06-03T18:48:32.522664","37.281396","127.04590400000001"
"6466","2026-06-03T18:48:32.522664","37.281414","127.045886"
"6467","2026-06-03T18:48:32.522664","37.281432","127.045868"
"6468","2026-06-03T18:48:32.522664","37.28145","127.04585"
"6469","2026-06-03T18:48:32.523663","37.281468","127.045832"
"6470","2026-06-03T18:48:32.523663","37.281486","127.04581400000001"
"6471","2026-06-03T18:48:32.523663","37.281504","127.045796"
"6472","2026-06-03T18:48:32.523663","37.282078","127.046672"
"6473","2026-06-03T18:48:32.524774","37.282096","127.046654"
"6474","2026-06-03T18:48:32.524774","37.282114","127.04663599999999"
"6475","2026-06-03T18:48:32.524774","37.282132000000004","127.046618"
"6476","2026-06-03T18:48:32.524774","37.28215","127.0466"
"6477","2026-06-03T18:48:32.525779","37.282168","127.046582"
"6478","2026-06-03T18:48:32.525779","37.282186","127.046564"
"6479","2026-06-03T18:48:32.525779","37.282204","127.04654599999999"
"6480","2026-06-03T18:48:32.525779","37.282222000000004","127.046528"
"6481","2026-06-03T18:48:32.526779","37.28209","127.046684"
"6482","2026-06-03T18:48:32.526779","37.282108","127.046666"
"6483","2026-06-03T18:48:32.526779","37.282126","127.04664799999999"
"6484","2026-06-03T18:48:32.526779","37.282144","127.04663"
"6485","2026-06-03T18:48:32.527779","37.282162","127.046612"
"6486","2026-06-03T18:48:32.527779","37.28218","127.046594"
"6487","2026-06-03T18:48:32.527779","37.283077999999996","127.045972"
"6488","2026-06-03T18:48:32.527779","37.283096","127.04595400000001"
"6489","2026-06-03T18:48:32.528779","37.283114","127.045936"
"6490","2026-06-03T18:48:32.528779","37.280877999999994","127.04472200000001"
"6491","2026-06-03T18:48:32.528779","37.280896","127.04470400000001"
"6492","2026-06-03T18:48:32.528779","37.280913999999996","127.044686"
"6493","2026-06-03T18:48:32.528779","37.280932","127.044668"
"6494","2026-06-03T18:48:32.529779","37.28095","127.04465"
"6495","2026-06-03T18:48:32.529779","37.280967999999994","127.04463200000001"
"6496","2026-06-03T18:48:32.529779","37.280986","127.04461400000001"
"6497","2026-06-03T18:48:32.529779","37.281003999999996","127.044596"
"6498","2026-06-03T18:48:32.529779","37.281022","127.044578"
"6499","2026-06-03T18:48:32.529779","37.28088999999999","127.044734"
"6500","2026-06-03T18:48:32.530780","37.283477999999995","127.043322"
"6501","2026-06-03T18:48:32.530780","37.283496","127.043304"
"6502","2026-06-03T18:48:32.530780","37.283514","127.043286"
"6503","2026-06-03T18:48:32.530780","37.283532","127.043268"
"6504","2026-06-03T18:48:32.530780","37.28355","127.04325"
"6505","2026-06-03T18:48:32.531778","37.283567999999995","127.043232"
"6506","2026-06-03T18:48:32.531778","37.281577999999996","127.043322"
"6507","2026-06-03T18:48:32.531778","37.281596","127.043304"
"6508","2026-06-03T18:48:32.531778","37.281614","127.043286"
"6509","2026-06-03T18:48:32.531778","37.281632","127.043268"
"6510","2026-06-03T18:48:32.532778","37.28165","127.04325"
"6511","2026-06-03T18:48:32.532778","37.281667999999996","127.043232"
"6512","2026-06-03T18:48:32.532778","37.281686","127.043214"
"6513","2026-06-03T18:48:32.532778","37.281704","127.043196"
"6514","2026-06-03T18:48:32.532778","37.281722","127.043178"
"6515","2026-06-03T18:48:32.532778","37.281589999999994","127.043334"
"6516","2026-06-03T18:48:32.533779","37.281608","127.043316"
"6517","2026-06-03T18:48:32.533779","37.281625999999996","127.043298"
"6518","2026-06-03T18:48:32.533779","37.281644","127.04328"
"6519","2026-06-03T18:48:32.533779","37.281662","127.043262"
"6520","2026-06-03T18:48:32.533779","37.281679999999994","127.043244"
"6521","2026-06-03T18:48:32.534778","37.281698","127.043226"
"6522","2026-06-03T18:48:32.534778","37.281715999999996","127.04320799999999"
"6523","2026-06-03T18:48:32.534778","37.281734","127.04319"
"6524","2026-06-03T18:48:32.534778","37.281602","127.043346"
"6525","2026-06-03T18:48:32.534778","37.281620000000004","127.043328"
"6526","2026-06-03T18:48:32.534778","37.281638","127.04330999999999"
"6527","2026-06-03T18:48:32.535963","37.281656000000005","127.043292"
"6528","2026-06-03T18:48:32.535963","37.280778","127.045422"
"6529","2026-06-03T18:48:32.535963","37.280796","127.045404"
"6530","2026-06-03T18:48:32.535963","37.283778","127.043822"
"6531","2026-06-03T18:48:32.536962","37.283796","127.04380400000001"
"6532","2026-06-03T18:48:32.536962","37.283814","127.043786"
"6533","2026-06-03T18:48:32.536962","37.283832000000004","127.043768"
"6534","2026-06-03T18:48:32.536962","37.28385","127.04375"
"6535","2026-06-03T18:48:32.536962","37.283868","127.043732"
"6536","2026-06-03T18:48:32.537962","37.283886","127.04371400000001"
"6537","2026-06-03T18:48:32.537962","37.283904","127.043696"
"6538","2026-06-03T18:48:32.537962","37.283922000000004","127.043678"
"6539","2026-06-03T18:48:32.537962","37.283789999999996","127.043834"
"6540","2026-06-03T18:48:32.537962","37.283808","127.043816"
"6541","2026-06-03T18:48:32.537962","37.283826","127.043798"
"6542","2026-06-03T18:48:32.538962","37.283844","127.04378"
"6543","2026-06-03T18:48:32.538962","37.283862","127.043762"
"6544","2026-06-03T18:48:32.538962","37.283879999999996","127.043744"
"6545","2026-06-03T18:48:32.538962","37.283898","127.043726"
"6546","2026-06-03T18:48:32.538962","37.283916","127.043708"
"6547","2026-06-03T18:48:32.539961","37.283934","127.04369"
"6548","2026-06-03T18:48:32.539961","37.280677999999995","127.043822"
"6549","2026-06-03T18:48:32.539961","37.280477999999995","127.04432200000001"
"6550","2026-06-03T18:48:32.539961","37.280496","127.04430400000001"
"6551","2026-06-03T18:48:32.539961","37.280514","127.044286"
"6552","2026-06-03T18:48:32.540962","37.280532","127.044268"
"6553","2026-06-03T18:48:32.540962","37.28055","127.04425"
"6554","2026-06-03T18:48:32.540962","37.282377999999994","127.042522"
"6555","2026-06-03T18:48:32.540962","37.282396","127.04250400000001"
"6556","2026-06-03T18:48:32.540962","37.282413999999996","127.042486"
"6557","2026-06-03T18:48:32.540962","37.282432","127.042468"
"6558","2026-06-03T18:48:32.541962","37.28245","127.04245"
"6559","2026-06-03T18:48:32.541962","37.282467999999994","127.042432"
"6560","2026-06-03T18:48:32.541962","37.282486","127.04241400000001"
"6561","2026-06-03T18:48:32.542963","37.282503999999996","127.042396"
"6562","2026-06-03T18:48:32.542963","37.282522","127.042378"
"6563","2026-06-03T18:48:32.542963","37.28238999999999","127.042534"
"6564","2026-06-03T18:48:32.542963","37.282408","127.042516"
"6565","2026-06-03T18:48:32.543962","37.282425999999994","127.042498"
"6566","2026-06-03T18:48:32.543962","37.280828","127.044122"
"6567","2026-06-03T18:48:32.543962","37.280846000000004","127.044104"
"6568","2026-06-03T18:48:32.543962","37.280864","127.044086"
"6569","2026-06-03T18:48:32.543962","37.280882000000005","127.044068"
"6570","2026-06-03T18:48:32.544963","37.2809","127.04405"
"6571","2026-06-03T18:48:32.544963","37.280918","127.044032"
"6572","2026-06-03T18:48:32.544963","37.280936000000004","127.044014"
"6573","2026-06-03T18:48:32.544963","37.280954","127.04399599999999"
"6574","2026-06-03T18:48:32.546086","37.280578","127.046122"
"6575","2026-06-03T18:48:32.546086","37.280596","127.046104"
"6576","2026-06-03T18:48:32.546086","37.280614","127.04608599999999"
"6577","2026-06-03T18:48:32.546086","37.280632000000004","127.04606799999999"
"6578","2026-06-03T18:48:32.546086","37.28065","127.04605"
"6579","2026-06-03T18:48:32.547086","37.280668","127.046032"
"6580","2026-06-03T18:48:32.547086","37.280686","127.046014"
"6581","2026-06-03T18:48:32.547086","37.280704","127.04599599999999"
"6582","2026-06-03T18:48:32.547086","37.280722000000004","127.04597799999999"
"6583","2026-06-03T18:48:32.547086","37.28059","127.046134"
"6584","2026-06-03T18:48:32.548084","37.280608","127.046116"
"6585","2026-06-03T18:48:32.548084","37.280626","127.04609799999999"
"6586","2026-06-03T18:48:32.548084","37.280644","127.04607999999999"
"6587","2026-06-03T18:48:32.548084","37.280662","127.04606199999999"
"6588","2026-06-03T18:48:32.548084","37.28068","127.046044"
"6589","2026-06-03T18:48:32.548084","37.282678","127.04302200000001"
"6590","2026-06-03T18:48:32.549084","37.282696","127.04300400000001"
"6591","2026-06-03T18:48:32.549084","37.282714","127.042986"
"6592","2026-06-04T01:35:59.196091","37.283128","127.04517200000001"
"6593","2026-06-04T01:35:59.218091","37.282328","127.043972"
"6594","2026-06-04T01:35:59.220091","37.282346000000004","127.043954"
"6595","2026-06-04T01:35:59.222091","37.282364","127.04393599999999"
"6596","2026-06-04T01:35:59.223096","37.282382000000005","127.04391799999999"
"6597","2026-06-04T01:35:59.224095","37.2824","127.0439"
"6598","2026-06-04T01:35:59.225098","37.281628","127.04477200000001"
"6599","2026-06-04T01:35:59.227099","37.281646","127.04475400000001"
"6600","2026-06-04T01:35:59.228096","37.281664","127.044736"
"6601","2026-06-04T01:35:59.229097","37.281682","127.044718"
"6602","2026-06-04T01:35:59.231096","37.2817","127.0447"
"6603","2026-06-04T01:35:59.232097","37.281718","127.04468200000001"
"6604","2026-06-04T01:35:59.233097","37.281736","127.04466400000001"
"6605","2026-06-04T01:35:59.234097","37.281754","127.044646"
"6606","2026-06-04T01:35:59.235097","37.281772000000004","127.044628"
"6607","2026-06-04T01:35:59.236097","37.281639999999996","127.044784"
"6608","2026-06-04T01:35:59.237094","37.281658","127.04476600000001"
"6609","2026-06-04T01:35:59.237094","37.281676","127.044748"
"6610","2026-06-04T01:35:59.238595","37.282928","127.044172"
"6611","2026-06-04T01:35:59.239594","37.282946","127.044154"
"6612","2026-06-04T01:35:59.240594","37.282964","127.044136"
"6613","2026-06-04T01:35:59.241593","37.282982000000004","127.044118"
"6614","2026-06-04T01:35:59.242594","37.283","127.0441"
"6615","2026-06-04T01:35:59.243594","37.283018","127.044082"
"6616","2026-06-04T01:35:59.243594","37.283036","127.044064"
"6617","2026-06-04T01:35:59.244594","37.283054","127.044046"
"6618","2026-06-04T01:35:59.245594","37.282128","127.044972"
"6619","2026-06-04T01:35:59.245594","37.282146000000004","127.044954"
"6620","2026-06-04T01:35:59.246595","37.282164","127.04493599999999"
"6621","2026-06-04T01:35:59.248594","37.282182000000006","127.044918"
"6622","2026-06-04T01:35:59.249594","37.2822","127.0449"
"6623","2026-06-04T01:35:59.250593","37.282218","127.044882"
"6624","2026-06-04T01:35:59.253103","37.282236000000005","127.044864"
"6625","2026-06-04T01:35:59.255101","37.282254","127.04484599999999"
"6626","2026-06-04T01:35:59.257101","37.282272000000006","127.044828"
"6627","2026-06-04T01:35:59.257101","37.28214","127.044984"
"6628","2026-06-04T01:35:59.259101","37.282158","127.044966"
"6629","2026-06-04T01:35:59.261101","37.282176","127.04494799999999"
"6630","2026-06-04T01:35:59.262100","37.282194000000004","127.04493"
"6631","2026-06-04T01:35:59.263101","37.282212","127.044912"
"6632","2026-06-04T01:35:59.265104","37.28223","127.044894"
"6633","2026-06-04T01:35:59.267100","37.281828","127.043672"
"6634","2026-06-04T01:35:59.268102","37.281846","127.043654"
"6635","2026-06-04T01:35:59.270100","37.281864","127.04363599999999"
"6636","2026-06-04T01:35:59.271103","37.282627999999995","127.045472"
"6637","2026-06-04T01:35:59.272102","37.282646","127.045454"
"6638","2026-06-04T01:35:59.273101","37.282664","127.045436"
"6639","2026-06-04T01:35:59.273101","37.282682","127.045418"
"6640","2026-06-04T01:35:59.274102","37.2827","127.0454"
"6641","2026-06-04T01:35:59.275100","37.282717999999996","127.045382"
"6642","2026-06-04T01:35:59.276102","37.282736","127.045364"
"6643","2026-06-04T01:35:59.276102","37.282754","127.045346"
"6644","2026-06-04T01:35:59.277102","37.282772","127.045328"
"6645","2026-06-04T01:35:59.277102","37.282639999999994","127.045484"
"6646","2026-06-04T01:35:59.279100","37.283328","127.04437200000001"
"6647","2026-06-04T01:35:59.279100","37.283346","127.04435400000001"
"6648","2026-06-04T01:35:59.280101","37.283364","127.044336"
"6649","2026-06-04T01:35:59.281101","37.283382","127.044318"
"6650","2026-06-04T01:35:59.283101","37.2834","127.0443"
"6651","2026-06-04T01:35:59.284101","37.283418","127.04428200000001"
"6652","2026-06-04T01:35:59.285100","37.281727999999994","127.045272"
"6653","2026-06-04T01:35:59.286100","37.281746","127.045254"
"6654","2026-06-04T01:35:59.286100","37.281763999999995","127.04523599999999"
"6655","2026-06-04T01:35:59.288101","37.281782","127.04521799999999"
"6656","2026-06-04T01:35:59.289102","37.2818","127.0452"
"6657","2026-06-04T01:35:59.289102","37.281817999999994","127.045182"
"6658","2026-06-04T01:35:59.290103","37.281836","127.045164"
"6659","2026-06-04T01:35:59.291101","37.281853999999996","127.04514599999999"
"6660","2026-06-04T01:35:59.291101","37.281872","127.04512799999999"
"6661","2026-06-04T01:35:59.292101","37.28173999999999","127.045284"
"6662","2026-06-04T01:35:59.293102","37.281757999999996","127.045266"
"6663","2026-06-04T01:35:59.293102","37.281775999999994","127.04524799999999"
"6664","2026-06-04T01:35:59.294103","37.281794","127.04522999999999"
"6665","2026-06-04T01:35:59.294103","37.281811999999995","127.04521199999999"
"6666","2026-06-04T01:35:59.295108","37.28182999999999","127.045194"
"6667","2026-06-04T01:35:59.295108","37.281848","127.045176"
"6668","2026-06-04T01:35:59.296101","37.281865999999994","127.04515799999999"
"6669","2026-06-04T01:35:59.297102","37.281884","127.04513999999999"
"6670","2026-06-04T01:35:59.298102","37.281752","127.045296"
"6671","2026-06-04T01:35:59.299102","37.28177","127.045278"
"6672","2026-06-04T01:35:59.299102","37.281788","127.04525999999998"
"6673","2026-06-04T01:35:59.300102","37.281806","127.04524199999999"
"6674","2026-06-04T01:35:59.300102","37.282427999999996","127.043172"
"6675","2026-06-04T01:35:59.301102","37.282446","127.043154"
"6676","2026-06-04T01:35:59.303101","37.283027999999995","127.042972"
"6677","2026-06-04T01:35:59.304103","37.283046","127.04295400000001"
"6678","2026-06-04T01:35:59.306102","37.283063999999996","127.042936"
"6679","2026-06-04T01:35:59.308103","37.283082","127.042918"
"6680","2026-06-04T01:35:59.309102","37.2831","127.0429"
"6681","2026-06-04T01:35:59.310101","37.283117999999995","127.042882"
"6682","2026-06-04T01:35:59.310101","37.283136","127.04286400000001"
"6683","2026-06-04T01:35:59.311102","37.283153999999996","127.042846"
"6684","2026-06-04T01:35:59.311102","37.283172","127.042828"
"6685","2026-06-04T01:35:59.312103","37.28303999999999","127.042984"
"6686","2026-06-04T01:35:59.313101","37.283058","127.042966"
"6687","2026-06-04T01:35:59.314100","37.283075999999994","127.042948"
"6688","2026-06-04T01:35:59.315102","37.283094","127.04293"
"6689","2026-06-04T01:35:59.316101","37.283111999999996","127.042912"
"6690","2026-06-04T01:35:59.317101","37.28312999999999","127.042894"
"6691","2026-06-04T01:35:59.318102","37.283148","127.042876"
"6692","2026-06-04T01:35:59.319103","37.283165999999994","127.042858"
"6693","2026-06-04T01:35:59.320101","37.283184","127.04284"
"6694","2026-06-04T01:35:59.321101","37.281527999999994","127.044072"
"6695","2026-06-04T01:35:59.323106","37.28192799999999","127.042772"
"6696","2026-06-04T01:35:59.323106","37.281946","127.042754"
"6697","2026-06-04T01:35:59.325106","37.281963999999995","127.04273599999999"
"6698","2026-06-04T01:35:59.326107","37.281982","127.042718"
"6699","2026-06-04T01:35:59.327107","37.282","127.0427"
"6700","2026-06-04T01:35:59.329106","37.282928","127.044672"
"6701","2026-06-04T01:35:59.330108","37.282946","127.04465400000001"
"6702","2026-06-04T01:35:59.331107","37.282964","127.044636"
"6703","2026-06-04T01:35:59.331107","37.282982000000004","127.044618"
"6704","2026-06-04T01:35:59.332116","37.283","127.0446"
"6705","2026-06-04T01:35:59.332116","37.283018","127.044582"
"6706","2026-06-04T01:35:59.333107","37.283036","127.04456400000001"
"6707","2026-06-04T01:35:59.334106","37.283054","127.044546"
"6708","2026-06-04T01:35:59.334106","37.283072000000004","127.044528"
"6709","2026-06-04T01:35:59.335107","37.282939999999996","127.044684"
"6710","2026-06-04T01:35:59.336107","37.282958","127.044666"
"6711","2026-06-04T01:35:59.337113","37.282976","127.044648"
"6712","2026-06-04T01:35:59.337628","37.282728","127.043572"
"6713","2026-06-04T01:35:59.337628","37.282746","127.043554"
"6714","2026-06-04T01:35:59.338634","37.282764","127.04353599999999"
"6715","2026-06-04T01:35:59.339635","37.282782000000005","127.04351799999999"
"6716","2026-06-04T01:35:59.340635","37.2828","127.0435"
"6717","2026-06-04T01:35:59.341635","37.282818","127.043482"
"6718","2026-06-04T01:35:59.342635","37.282836","127.043464"
"6719","2026-06-04T01:35:59.345635","37.282854","127.04344599999999"
"6720","2026-06-04T01:35:59.347635","37.281428","127.044872"
"6721","2026-06-04T01:35:59.348637","37.281446","127.044854"
"6722","2026-06-04T01:35:59.349635","37.281464","127.04483599999999"
"6723","2026-06-04T01:35:59.350637","37.281482000000004","127.04481799999999"
"6724","2026-06-04T01:35:59.351636","37.2815","127.0448"
"6725","2026-06-04T01:35:59.351636","37.281518","127.044782"
"6726","2026-06-04T01:35:59.352636","37.281536","127.044764"
"6727","2026-06-04T01:35:59.353637","37.281554","127.04474599999999"
"6728","2026-06-04T01:35:59.353637","37.281572000000004","127.04472799999999"
"6729","2026-06-04T01:35:59.354634","37.281439999999996","127.044884"
"6730","2026-06-04T01:35:59.355636","37.281458","127.044866"
"6731","2026-06-04T01:35:59.356637","37.281476","127.04484799999999"
"6732","2026-06-04T01:35:59.356637","37.281494","127.04482999999999"
"6733","2026-06-04T01:35:59.357637","37.281512","127.044812"
"6734","2026-06-04T01:35:59.358637","37.28153","127.044794"
"6735","2026-06-04T01:35:59.358637","37.282528","127.045772"
"6736","2026-06-04T01:35:59.358637","37.282546","127.045754"
"6737","2026-06-04T01:35:59.359636","37.282564","127.04573599999999"
"6738","2026-06-04T01:35:59.360635","37.283427999999994","127.04387200000001"
"6739","2026-06-04T01:35:59.360635","37.283446","127.04385400000001"
"6740","2026-06-04T01:35:59.361637","37.283463999999995","127.043836"
"6741","2026-06-04T01:35:59.361637","37.283482","127.043818"
"6742","2026-06-04T01:35:59.362635","37.2835","127.0438"
"6743","2026-06-04T01:35:59.362635","37.283517999999994","127.04378200000001"
"6744","2026-06-04T01:35:59.363636","37.283536","127.04376400000001"
"6745","2026-06-04T01:35:59.364635","37.283553999999995","127.043746"
"6746","2026-06-04T01:35:59.365634","37.283572","127.043728"
"6747","2026-06-04T01:35:59.365634","37.28343999999999","127.043884"
"6748","2026-06-04T01:35:59.366634","37.281327999999995","127.04347200000001"
"6749","2026-06-04T01:35:59.366634","37.281346","127.04345400000001"
"6750","2026-06-04T01:35:59.367636","37.281363999999996","127.043436"
"6751","2026-06-04T01:35:59.367636","37.281382","127.043418"
"6752","2026-06-04T01:35:59.368638","37.2814","127.0434"
"6753","2026-06-04T01:35:59.368638","37.281417999999995","127.04338200000001"
"6754","2026-06-04T01:35:59.369635","37.283628","127.044972"
"6755","2026-06-04T01:35:59.370634","37.283646000000005","127.044954"
"6756","2026-06-04T01:35:59.370634","37.283664","127.04493599999999"
"6757","2026-06-04T01:35:59.371637","37.283682000000006","127.044918"
"6758","2026-06-04T01:35:59.372635","37.2837","127.0449"
"6759","2026-06-04T01:35:59.374637","37.283718","127.044882"
"6760","2026-06-04T01:35:59.375636","37.283736000000005","127.044864"
"6761","2026-06-04T01:35:59.377636","37.283754","127.04484599999999"
"6762","2026-06-04T01:35:59.378636","37.283772000000006","127.044828"
"6763","2026-06-04T01:35:59.378636","37.28364","127.044984"
"6764","2026-06-04T01:35:59.379635","37.283658","127.044966"
"6765","2026-06-04T01:35:59.379635","37.283676","127.04494799999999"
"6766","2026-06-04T01:35:59.380635","37.283694000000004","127.04493"
"6767","2026-06-04T01:35:59.380635","37.283712","127.044912"
"6768","2026-06-04T01:35:59.381635","37.28373","127.044894"
"6769","2026-06-04T01:35:59.383635","37.283748","127.044876"
"6770","2026-06-04T01:35:59.383635","37.283766","127.04485799999999"
"6771","2026-06-04T01:35:59.384636","37.283784000000004","127.04484"
"6772","2026-06-04T01:35:59.385635","37.283652000000004","127.044996"
"6773","2026-06-04T01:35:59.386638","37.28367000000001","127.044978"
"6774","2026-06-04T01:35:59.387636","37.283688000000005","127.04495999999999"
"6775","2026-06-04T01:35:59.388637","37.28370600000001","127.04494199999999"
"6776","2026-06-04T01:35:59.389637","37.282028","127.042572"
"6777","2026-06-04T01:35:59.389637","37.282046","127.04255400000001"
"6778","2026-06-04T01:35:59.390636","37.283927999999996","127.044172"
"6779","2026-06-04T01:35:59.391636","37.283946","127.044154"
"6780","2026-06-04T01:35:59.392636","37.283964","127.044136"
"6781","2026-06-04T01:35:59.392636","37.283982","127.044118"
"6782","2026-06-04T01:35:59.393636","37.284","127.0441"
"6783","2026-06-04T01:35:59.394638","37.284017999999996","127.044082"
"6784","2026-06-04T01:35:59.394638","37.284036","127.044064"
"6785","2026-06-04T01:35:59.395636","37.284054","127.044046"
"6786","2026-06-04T01:35:59.395636","37.284072","127.044028"
"6787","2026-06-04T01:35:59.396636","37.283939999999994","127.044184"
"6788","2026-06-04T01:35:59.397636","37.283958","127.044166"
"6789","2026-06-04T01:35:59.398636","37.283975999999996","127.04414799999999"
"6790","2026-06-04T01:35:59.398636","37.283994","127.04413"
"6791","2026-06-04T01:35:59.399636","37.284012","127.044112"
"6792","2026-06-04T01:35:59.399636","37.284029999999994","127.044094"
"6793","2026-06-04T01:35:59.400636","37.284048","127.044076"
"6794","2026-06-04T01:35:59.400636","37.284065999999996","127.04405799999999"
"6795","2026-06-04T01:35:59.401636","37.284084","127.04404"
"6796","2026-06-04T01:35:59.401636","37.281828","127.04607200000001"
"6797","2026-06-04T01:35:59.402635","37.282827999999995","127.046272"
"6798","2026-06-04T01:35:59.402635","37.282846","127.046254"
"6799","2026-06-04T01:35:59.403638","37.282864","127.046236"
"6800","2026-06-04T01:35:59.404646","37.282882","127.046218"
"6801","2026-06-04T01:35:59.405636","37.2829","127.0462"
"6802","2026-06-04T01:35:59.405636","37.281228","127.045672"
"6803","2026-06-04T01:35:59.406635","37.281246","127.045654"
"6804","2026-06-04T01:35:59.406635","37.281264","127.04563599999999"
"6805","2026-06-04T01:35:59.407635","37.281282000000004","127.04561799999999"
"6806","2026-06-04T01:35:59.407635","37.2813","127.0456"
"6807","2026-06-04T01:35:59.409635","37.281318","127.045582"
"6808","2026-06-04T01:35:59.410635","37.281336","127.045564"
"6809","2026-06-04T01:35:59.411635","37.281354","127.04554599999999"
"6810","2026-06-04T01:35:59.412635","37.281372000000005","127.04552799999999"
"6811","2026-06-04T01:35:59.413635","37.28124","127.045684"
"6812","2026-06-04T01:35:59.414635","37.281258","127.045666"
"6813","2026-06-04T01:35:59.414635","37.281276","127.04564799999999"
"6814","2026-06-04T01:35:59.415636","37.284028","127.043272"
"6815","2026-06-04T01:35:59.415636","37.284046000000004","127.043254"
"6816","2026-06-04T01:35:59.416635","37.284064","127.043236"
"6817","2026-06-04T01:35:59.416635","37.284082000000005","127.043218"
"6818","2026-06-04T01:35:59.417635","37.2841","127.0432"
"6819","2026-06-04T01:35:59.417635","37.284118","127.043182"
"6820","2026-06-04T01:35:59.418637","37.284136000000004","127.043164"
"6821","2026-06-04T01:35:59.418637","37.284154","127.043146"
"6822","2026-06-04T01:35:59.418637","37.281028","127.044272"
"6823","2026-06-04T01:35:59.419636","37.281046","127.04425400000001"
"6824","2026-06-04T01:35:59.419636","37.281064","127.044236"
"6825","2026-06-04T01:35:59.420635","37.281082000000005","127.044218"
"6826","2026-06-04T01:35:59.421635","37.2811","127.0442"
"6827","2026-06-04T01:35:59.422639","37.281118","127.044182"
"6828","2026-06-04T01:35:59.423639","37.281136000000004","127.04416400000001"
"6829","2026-06-04T01:35:59.424640","37.281154","127.044146"
"6830","2026-06-04T01:35:59.425639","37.281172000000005","127.044128"
"6831","2026-06-04T01:35:59.425639","37.28104","127.044284"
"6832","2026-06-04T01:35:59.426639","37.281058","127.04426600000001"
"6833","2026-06-04T01:35:59.427640","37.281076","127.044248"
"6834","2026-06-04T01:35:59.427640","37.281094","127.04423"
"6835","2026-06-04T01:35:59.428640","37.281112","127.044212"
"6836","2026-06-04T01:35:59.429640","37.28113","127.044194"
"6837","2026-06-04T01:35:59.430639","37.283828","127.045372"
"6838","2026-06-04T01:35:59.430639","37.283846000000004","127.045354"
"6839","2026-06-04T01:35:59.431639","37.283864","127.04533599999999"
"6840","2026-06-04T01:35:59.432638","37.282227999999996","127.04647200000001"
"6841","2026-06-04T01:35:59.432638","37.282246","127.04645400000001"
"6842","2026-06-04T01:35:59.433639","37.282264","127.046436"
"6843","2026-06-04T01:35:59.434640","37.282282","127.046418"
"6844","2026-06-04T01:35:59.435640","37.2823","127.0464"
"6845","2026-06-04T01:35:59.435640","37.282318","127.04638200000001"
"6846","2026-06-04T01:35:59.437145","37.282336","127.04636400000001"
"6847","2026-06-04T01:35:59.438151","37.282354","127.046346"
"6848","2026-06-04T01:35:59.439151","37.282372","127.046328"
"6849","2026-06-04T01:35:59.440150","37.282239999999994","127.046484"
"6850","2026-06-04T01:35:59.442152","37.280927999999996","127.043772"
"6851","2026-06-04T01:35:59.443149","37.280946","127.043754"
"6852","2026-06-04T01:35:59.444152","37.280964","127.043736"
"6853","2026-06-04T01:35:59.444152","37.280982","127.043718"
"6854","2026-06-04T01:35:59.444152","37.281","127.0437"
"6855","2026-06-04T01:35:59.445151","37.281017999999996","127.043682"
"6856","2026-06-04T01:35:59.445151","37.284127999999995","127.044872"
"6857","2026-06-04T01:35:59.445151","37.284146","127.044854"
"6858","2026-06-04T01:35:59.446151","37.284164","127.04483599999999"
"6859","2026-06-04T01:35:59.446151","37.284182","127.04481799999999"
"6860","2026-06-04T01:35:59.446151","37.2842","127.0448"
"6861","2026-06-04T01:35:59.447151","37.284217999999996","127.044782"
"6862","2026-06-04T01:35:59.447151","37.284236","127.044764"
"6863","2026-06-04T01:35:59.448156","37.284254","127.04474599999999"
"6864","2026-06-04T01:35:59.448156","37.284272","127.04472799999999"
"6865","2026-06-04T01:35:59.449150","37.284139999999994","127.044884"
"6866","2026-06-04T01:35:59.449150","37.284158","127.044866"
"6867","2026-06-04T01:35:59.449150","37.284175999999995","127.04484799999999"
"6868","2026-06-04T01:35:59.450150","37.284194","127.04482999999999"
"6869","2026-06-04T01:35:59.450150","37.284212","127.044812"
"6870","2026-06-04T01:35:59.450150","37.284229999999994","127.044794"
"6871","2026-06-04T01:35:59.451150","37.284248","127.044776"
"6872","2026-06-04T01:35:59.451150","37.284265999999995","127.04475799999999"
"6873","2026-06-04T01:35:59.451150","37.284284","127.04473999999999"
"6874","2026-06-04T01:35:59.451150","37.284152","127.044896"
"6875","2026-06-04T01:35:59.452151","37.28417","127.044878"
"6876","2026-06-04T01:35:59.452151","37.284188","127.04485999999999"
"6877","2026-06-04T01:35:59.452151","37.284206000000005","127.04484199999999"
"6878","2026-06-04T01:35:59.453151","37.283227999999994","127.046672"
"6879","2026-06-04T01:35:59.453151","37.283246","127.046654"
"6880","2026-06-04T01:35:59.453151","37.281127999999995","127.042972"
"6881","2026-06-04T01:35:59.454149","37.281146","127.04295400000001"
"6882","2026-06-04T01:35:59.454149","37.281164","127.042936"
"6883","2026-06-04T01:35:59.455151","37.281182","127.042918"
"6884","2026-06-04T01:35:59.455151","37.2812","127.0429"
"6885","2026-06-04T01:35:59.456150","37.281217999999996","127.042882"
"6886","2026-06-04T01:35:59.456150","37.281236","127.04286400000001"
"6887","2026-06-04T01:35:59.457150","37.281254","127.042846"
"6888","2026-06-04T01:35:59.457150","37.281272","127.042828"
"6889","2026-06-04T01:35:59.457150","37.28113999999999","127.042984"
"6890","2026-06-04T01:35:59.458150","37.281158","127.042966"
"6891","2026-06-04T01:35:59.458150","37.281175999999995","127.042948"
"6892","2026-06-04T01:35:59.459149","37.281194","127.04293"
"6893","2026-06-04T01:35:59.459149","37.281212","127.042912"
"6894","2026-06-04T01:35:59.459149","37.281229999999994","127.042894"
"6895","2026-06-04T01:35:59.460150","37.281248","127.042876"
"6896","2026-06-04T01:35:59.460150","37.281265999999995","127.042858"
"6897","2026-06-04T01:35:59.461150","37.281284","127.04284"
"6898","2026-06-04T01:35:59.461150","37.283128","127.04517200000001"
"6899","2026-06-04T01:35:59.461150","37.282128","127.045572"
"6900","2026-06-04T01:35:59.462152","37.282146000000004","127.04555400000001"
"6901","2026-06-04T01:35:59.462152","37.282164","127.045536"
"6902","2026-06-04T01:35:59.463154","37.282182000000006","127.045518"
"6903","2026-06-04T01:35:59.463154","37.2822","127.0455"
"6904","2026-06-04T01:35:59.463154","37.281628","127.04477200000001"
"6905","2026-06-04T01:35:59.464151","37.281646","127.04475400000001"
"6906","2026-06-04T01:35:59.464151","37.281664","127.044736"
"6907","2026-06-04T01:35:59.465151","37.281682","127.044718"
"6908","2026-06-04T01:35:59.465151","37.2817","127.0447"
"6909","2026-06-04T01:35:59.465151","37.281718","127.04468200000001"
"6910","2026-06-04T01:35:59.466152","37.281736","127.04466400000001"
"6911","2026-06-04T01:35:59.466152","37.281754","127.044646"
"6912","2026-06-04T01:35:59.466152","37.281772000000004","127.044628"
"6913","2026-06-04T01:35:59.467151","37.281639999999996","127.044784"
"6914","2026-06-04T01:35:59.467151","37.281658","127.04476600000001"
"6915","2026-06-04T01:35:59.467151","37.281676","127.044748"
"6916","2026-06-04T01:35:59.468151","37.282128","127.044972"
"6917","2026-06-04T01:35:59.468151","37.282146000000004","127.044954"
"6918","2026-06-04T01:35:59.469150","37.282164","127.04493599999999"
"6919","2026-06-04T01:35:59.469150","37.282182000000006","127.044918"
"6920","2026-06-04T01:35:59.469150","37.2822","127.0449"
"6921","2026-06-04T01:35:59.470152","37.282218","127.044882"
"6922","2026-06-04T01:35:59.470152","37.282236000000005","127.044864"
"6923","2026-06-04T01:35:59.471151","37.282254","127.04484599999999"
"6924","2026-06-04T01:35:59.471151","37.283328","127.04437200000001"
"6925","2026-06-04T01:35:59.472154","37.283346","127.04435400000001"
"6926","2026-06-04T01:35:59.472154","37.283364","127.044336"
"6927","2026-06-04T01:35:59.473151","37.283382","127.044318"
"6928","2026-06-04T01:35:59.473151","37.2834","127.0443"
"6929","2026-06-04T01:35:59.473151","37.283418","127.04428200000001"
"6930","2026-06-04T01:35:59.474152","37.283436","127.04426400000001"
"6931","2026-06-04T01:35:59.474152","37.283454","127.044246"
"6932","2026-06-04T01:35:59.474152","37.283472","127.044228"
"6933","2026-06-04T01:35:59.474152","37.283339999999995","127.04438400000001"
"6934","2026-06-04T01:35:59.475151","37.283358","127.04436600000001"
"6935","2026-06-04T01:35:59.476151","37.283376","127.044348"
"6936","2026-06-04T01:35:59.476151","37.283394","127.04433"
"6937","2026-06-04T01:35:59.477151","37.283412","127.044312"
"6938","2026-06-04T01:35:59.477151","37.283429999999996","127.04429400000001"
"6939","2026-06-04T01:35:59.477151","37.281327999999995","127.04387200000001"
"6940","2026-06-04T01:35:59.478150","37.281346","127.04385400000001"
"6941","2026-06-04T01:35:59.478150","37.281363999999996","127.043836"
"6942","2026-06-04T01:35:59.478150","37.282528","127.043272"
"6943","2026-06-04T01:35:59.479151","37.282546","127.043254"
"6944","2026-06-04T01:35:59.479151","37.282564","127.043236"
"6945","2026-06-04T01:35:59.479151","37.282582000000005","127.043218"
"6946","2026-06-04T01:35:59.479151","37.2826","127.0432"
"6947","2026-06-04T01:35:59.480151","37.282618","127.043182"
"6948","2026-06-04T01:35:59.480151","37.282636000000004","127.043164"
"6949","2026-06-04T01:35:59.481151","37.282654","127.043146"
"6950","2026-06-04T01:35:59.481151","37.282672000000005","127.043128"
"6951","2026-06-04T01:35:59.481151","37.28254","127.043284"
"6952","2026-06-04T01:35:59.482151","37.282728","127.04477200000001"
"6953","2026-06-04T01:35:59.482151","37.282746","127.04475400000001"
"6954","2026-06-04T01:35:59.483150","37.282764","127.044736"
"6955","2026-06-04T01:35:59.483150","37.282782000000005","127.044718"
"6956","2026-06-04T01:35:59.483150","37.2828","127.0447"
"6957","2026-06-04T01:35:59.484152","37.282818","127.04468200000001"
"6958","2026-06-04T01:35:59.484152","37.281727999999994","127.045072"
"6959","2026-06-04T01:35:59.485150","37.281746","127.04505400000001"
"6960","2026-06-04T01:35:59.485150","37.281763999999995","127.045036"
"6961","2026-06-04T01:35:59.485150","37.281782","127.045018"
"6962","2026-06-04T01:35:59.486151","37.2818","127.045"
"6963","2026-06-04T01:35:59.487151","37.281817999999994","127.044982"
"6964","2026-06-04T01:35:59.487151","37.281836","127.04496400000001"
"6965","2026-06-04T01:35:59.488151","37.281853999999996","127.044946"
"6966","2026-06-04T01:35:59.489153","37.281872","127.044928"
"6967","2026-06-04T01:35:59.489153","37.28173999999999","127.045084"
"6968","2026-06-04T01:35:59.490150","37.281757999999996","127.045066"
"6969","2026-06-04T01:35:59.490150","37.281775999999994","127.045048"
"6970","2026-06-04T01:35:59.491150","37.281794","127.04503"
"6971","2026-06-04T01:35:59.491150","37.281811999999995","127.045012"
"6972","2026-06-04T01:35:59.492151","37.28182999999999","127.044994"
"6973","2026-06-04T01:35:59.492151","37.281848","127.044976"
"6974","2026-06-04T01:35:59.493152","37.281865999999994","127.044958"
"6975","2026-06-04T01:35:59.494157","37.281884","127.04494"
"6976","2026-06-04T01:35:59.495150","37.281752","127.045096"
"6977","2026-06-04T01:35:59.496151","37.28177","127.045078"
"6978","2026-06-04T01:35:59.497152","37.281788","127.04505999999999"
"6979","2026-06-04T01:35:59.498150","37.281806","127.045042"
"6980","2026-06-04T01:35:59.501150","37.283027999999995","127.043572"
"6981","2026-06-04T01:35:59.502150","37.283046","127.043554"
"6982","2026-06-04T01:35:59.503151","37.281428","127.044672"
"6983","2026-06-04T01:35:59.503151","37.281446","127.04465400000001"
"6984","2026-06-04T01:35:59.504151","37.281464","127.044636"
"6985","2026-06-04T01:35:59.505151","37.281482000000004","127.044618"
"6986","2026-06-04T01:35:59.505151","37.2815","127.0446"
"6987","2026-06-04T01:35:59.506152","37.281518","127.044582"
"6988","2026-06-04T01:35:59.506152","37.281536","127.04456400000001"
"6989","2026-06-04T01:35:59.507151","37.281554","127.044546"
"6990","2026-06-04T01:35:59.507151","37.281572000000004","127.044528"
"6991","2026-06-04T01:35:59.508152","37.281439999999996","127.044684"
"6992","2026-06-04T01:35:59.508152","37.281458","127.044666"
"6993","2026-06-04T01:35:59.508152","37.281476","127.044648"
"6994","2026-06-04T01:35:59.509152","37.281494","127.04463"
"6995","2026-06-04T01:35:59.509152","37.281512","127.044612"
"6996","2026-06-04T01:35:59.510151","37.28153","127.044594"
"6997","2026-06-04T01:35:59.510151","37.281548","127.044576"
"6998","2026-06-04T01:35:59.511152","37.281566","127.044558"
"6999","2026-06-04T01:35:59.511152","37.281584","127.04454"
"7000","2026-06-04T01:35:59.511152","37.299927999999994","127.100072"
"7001","2026-06-04T01:35:59.512153","37.282328","127.045872"
"7002","2026-06-04T01:35:59.512153","37.282346000000004","127.045854"
"7003","2026-06-04T01:35:59.512153","37.282364","127.045836"
"7004","2026-06-04T01:35:59.513150","37.282382000000005","127.045818"
"7005","2026-06-04T01:35:59.513150","37.2824","127.0458"
"7006","2026-06-04T01:35:59.513150","37.283427999999994","127.045072"
"7007","2026-06-04T01:35:59.514151","37.283446","127.04505400000001"
"7008","2026-06-04T01:35:59.514151","37.283463999999995","127.045036"
"7009","2026-06-04T01:35:59.515151","37.283482","127.045018"
"7010","2026-06-04T01:35:59.515151","37.2835","127.045"
"7011","2026-06-04T01:35:59.516152","37.283517999999994","127.044982"
"7012","2026-06-04T01:35:59.516152","37.283536","127.04496400000001"
"7013","2026-06-04T01:35:59.516152","37.283553999999995","127.044946"
"7014","2026-06-04T01:35:59.517155","37.283572","127.044928"
"7015","2026-06-04T01:35:59.517155","37.28343999999999","127.045084"
"7016","2026-06-04T01:35:59.517155","37.283457999999996","127.045066"
"7017","2026-06-04T01:35:59.518151","37.28347599999999","127.045048"
"7018","2026-06-04T01:35:59.518151","37.281028","127.045472"
"7019","2026-06-04T01:35:59.518151","37.281046","127.045454"
"7020","2026-06-04T01:35:59.519150","37.281064","127.045436"
"7021","2026-06-04T01:35:59.519150","37.281082000000005","127.045418"
"7022","2026-06-04T01:35:59.519150","37.2811","127.0454"
"7023","2026-06-04T01:35:59.520151","37.281118","127.045382"
"7024","2026-06-04T01:35:59.520151","37.281136000000004","127.045364"
"7025","2026-06-04T01:35:59.520151","37.281154","127.045346"
"7026","2026-06-04T01:35:59.520151","37.282928","127.04607200000001"
"7027","2026-06-04T01:35:59.521152","37.282946","127.04605400000001"
"7028","2026-06-04T01:35:59.521152","37.282964","127.046036"
"7029","2026-06-04T01:35:59.521152","37.282982000000004","127.046018"
"7030","2026-06-04T01:35:59.522150","37.283","127.046"
"7031","2026-06-04T01:35:59.522150","37.283018","127.04598200000001"
"7032","2026-06-04T01:35:59.522150","37.283036","127.04596400000001"
"7033","2026-06-04T01:35:59.523155","37.283054","127.045946"
"7034","2026-06-04T01:35:59.523155","37.283072000000004","127.045928"
"7035","2026-06-04T01:35:59.523155","37.282939999999996","127.04608400000001"
"7036","2026-06-04T01:35:59.523155","37.282958","127.04606600000001"
"7037","2026-06-04T01:35:59.524154","37.282976","127.046048"
"7038","2026-06-04T01:35:59.524154","37.282994","127.04603"
"7039","2026-06-04T01:35:59.524154","37.283012","127.046012"
"7040","2026-06-04T01:35:59.524154","37.28303","127.04599400000001"
"7041","2026-06-04T01:35:59.525153","37.281828","127.045972"
"7042","2026-06-04T01:35:59.525153","37.281846","127.04595400000001"
"7043","2026-06-04T01:35:59.525153","37.281864","127.045936"
"7044","2026-06-04T01:35:59.525153","37.283528","127.044072"
"7045","2026-06-04T01:35:59.526155","37.283546","127.044054"
"7046","2026-06-04T01:35:59.526155","37.283564","127.04403599999999"
"7047","2026-06-04T01:35:59.527154","37.283582","127.044018"
"7048","2026-06-04T01:35:59.527154","37.2836","127.044"
"7049","2026-06-04T01:35:59.527154","37.283618","127.043982"
"7050","2026-06-04T01:35:59.527154","37.283636","127.043964"
"7051","2026-06-04T01:35:59.528153","37.283654","127.04394599999999"
"7052","2026-06-04T01:35:59.528153","37.283672","127.043928"
"7053","2026-06-04T01:35:59.528153","37.283539999999995","127.044084"
"7054","2026-06-04T01:35:59.528153","37.282227999999996","127.043172"
"7055","2026-06-04T01:35:59.529155","37.282246","127.043154"
"7056","2026-06-04T01:35:59.529155","37.282264","127.04313599999999"
"7057","2026-06-04T01:35:59.529155","37.282282","127.04311799999999"
"7058","2026-06-04T01:35:59.529155","37.2823","127.0431"
"7059","2026-06-04T01:35:59.530153","37.282318","127.043082"
"7060","2026-06-04T01:35:59.530153","37.283227999999994","127.043772"
"7061","2026-06-04T01:35:59.530153","37.283246","127.043754"
"7062","2026-06-04T01:35:59.531154","37.283263999999996","127.043736"
"7063","2026-06-04T01:35:59.531154","37.283282","127.043718"
"7064","2026-06-04T01:35:59.531154","37.2833","127.0437"
"7065","2026-06-04T01:35:59.532156","37.283317999999994","127.043682"
"7066","2026-06-04T01:35:59.532156","37.283336","127.043664"
"7067","2026-06-04T01:35:59.532156","37.283353999999996","127.043646"
"7068","2026-06-04T01:35:59.533156","37.283372","127.043628"
"7069","2026-06-04T01:35:59.533156","37.28323999999999","127.043784"
"7070","2026-06-04T01:35:59.533156","37.283258","127.043766"
"7071","2026-06-04T01:35:59.533156","37.283275999999994","127.043748"
"7072","2026-06-04T01:35:59.534156","37.283294","127.04373"
"7073","2026-06-04T01:35:59.535154","37.283311999999995","127.043712"
"7074","2026-06-04T01:35:59.535154","37.28332999999999","127.043694"
"7075","2026-06-04T01:35:59.536154","37.283348","127.043676"
"7076","2026-06-04T01:35:59.536154","37.283365999999994","127.043658"
"7077","2026-06-04T01:35:59.536154","37.283384","127.04364"
"7078","2026-06-04T01:35:59.537155","37.283252","127.043796"
"7079","2026-06-04T01:35:59.537155","37.28327","127.043778"
"7080","2026-06-04T01:35:59.537155","37.283288","127.04375999999999"
"7081","2026-06-04T01:35:59.537155","37.283306","127.043742"
"7082","2026-06-04T01:35:59.538366","37.28192799999999","127.046272"
"7083","2026-06-04T01:35:59.538366","37.281946","127.046254"
"7084","2026-06-04T01:35:59.538366","37.281228","127.04347200000001"
"7085","2026-06-04T01:35:59.539366","37.281246","127.04345400000001"
"7086","2026-06-04T01:35:59.539366","37.281264","127.043436"
"7087","2026-06-04T01:35:59.539366","37.281282000000004","127.043418"
"7088","2026-06-04T01:35:59.539366","37.2813","127.0434"
"7089","2026-06-04T01:35:59.540368","37.281318","127.04338200000001"
"7090","2026-06-04T01:35:59.540368","37.281336","127.04336400000001"
"7091","2026-06-04T01:35:59.540368","37.281354","127.043346"
"7092","2026-06-04T01:35:59.541365","37.281372000000005","127.043328"
"7093","2026-06-04T01:35:59.541365","37.28124","127.043484"
"7094","2026-06-04T01:35:59.541365","37.281258","127.04346600000001"
"7095","2026-06-04T01:35:59.541365","37.281276","127.043448"
"7096","2026-06-04T01:35:59.542368","37.281294","127.04343"
"7097","2026-06-04T01:35:59.542368","37.281312","127.043412"
"7098","2026-06-04T01:35:59.542368","37.28133","127.043394"
"7099","2026-06-04T01:35:59.542368","37.281348","127.04337600000001"
"7100","2026-06-04T01:35:59.543367","37.281366","127.043358"
"7101","2026-06-04T01:35:59.543367","37.281384","127.04334"
"7102","2026-06-04T01:35:59.543367","37.282478","127.046422"
"7103","2026-06-04T01:35:59.545366","37.283677999999995","127.045422"
"7104","2026-06-04T01:35:59.546366","37.283696","127.045404"
"7105","2026-06-04T01:35:59.546366","37.283713999999996","127.045386"
"7106","2026-06-04T01:35:59.547366","37.283732","127.045368"
"7107","2026-06-04T01:35:59.548366","37.28375","127.04535"
"7108","2026-06-04T01:35:59.549367","37.281678","127.046522"
"7109","2026-06-04T01:35:59.549367","37.281696000000004","127.046504"
"7110","2026-06-04T01:35:59.550367","37.281714","127.04648599999999"
"7111","2026-06-04T01:35:59.551366","37.281732000000005","127.04646799999999"
"7112","2026-06-04T01:35:59.551366","37.28175","127.04645"
"7113","2026-06-04T01:35:59.552366","37.281768","127.046432"
"7114","2026-06-04T01:35:59.553367","37.281786000000004","127.046414"
"7115","2026-06-04T01:35:59.553367","37.281804","127.04639599999999"
"7116","2026-06-04T01:35:59.554367","37.281822000000005","127.04637799999999"
"7117","2026-06-04T01:35:59.555369","37.28169","127.046534"
"7118","2026-06-04T01:35:59.555369","37.281708","127.046516"
"7119","2026-06-04T01:35:59.556368","37.281726","127.04649799999999"
"7120","2026-06-04T01:35:59.557366","37.281378","127.045922"
"7121","2026-06-04T01:35:59.558367","37.281396","127.04590400000001"
"7122","2026-06-04T01:35:59.558367","37.281414","127.045886"
"7123","2026-06-04T01:35:59.559372","37.281432","127.045868"
"7124","2026-06-04T01:35:59.559372","37.28145","127.04585"
"7125","2026-06-04T01:35:59.560366","37.281468","127.045832"
"7126","2026-06-04T01:35:59.560366","37.281486","127.04581400000001"
"7127","2026-06-04T01:35:59.561367","37.281504","127.045796"
"7128","2026-06-04T01:35:59.561367","37.282078","127.046672"
"7129","2026-06-04T01:35:59.561367","37.282096","127.046654"
"7130","2026-06-04T01:35:59.562366","37.282114","127.04663599999999"
"7131","2026-06-04T01:35:59.562366","37.282132000000004","127.046618"
"7132","2026-06-04T01:35:59.562366","37.28215","127.0466"
"7133","2026-06-04T01:35:59.563375","37.282168","127.046582"
"7134","2026-06-04T01:35:59.563375","37.282186","127.046564"
"7135","2026-06-04T01:35:59.563375","37.282204","127.04654599999999"
"7136","2026-06-04T01:35:59.564366","37.282222000000004","127.046528"
"7137","2026-06-04T01:35:59.564366","37.28209","127.046684"
"7138","2026-06-04T01:35:59.564366","37.282108","127.046666"
"7139","2026-06-04T01:35:59.565366","37.282126","127.04664799999999"
"7140","2026-06-04T01:35:59.565366","37.282144","127.04663"
"7141","2026-06-04T01:35:59.566367","37.282162","127.046612"
"7142","2026-06-04T01:35:59.566367","37.28218","127.046594"
"7143","2026-06-04T01:35:59.566367","37.283077999999996","127.045972"
"7144","2026-06-04T01:35:59.567367","37.283096","127.04595400000001"
"7145","2026-06-04T01:35:59.567367","37.283114","127.045936"
"7146","2026-06-04T01:35:59.567367","37.280877999999994","127.04472200000001"
"7147","2026-06-04T01:35:59.567367","37.280896","127.04470400000001"
"7148","2026-06-04T01:35:59.568371","37.280913999999996","127.044686"
"7149","2026-06-04T01:35:59.568371","37.280932","127.044668"
"7150","2026-06-04T01:35:59.568371","37.28095","127.04465"
"7151","2026-06-04T01:35:59.568371","37.280967999999994","127.04463200000001"
"7152","2026-06-04T01:35:59.568371","37.280986","127.04461400000001"
"7153","2026-06-04T01:35:59.569376","37.281003999999996","127.044596"
"7154","2026-06-04T01:35:59.569376","37.281022","127.044578"
"7155","2026-06-04T01:35:59.569376","37.28088999999999","127.044734"
"7156","2026-06-04T01:35:59.569376","37.283477999999995","127.043322"
"7157","2026-06-04T01:35:59.569376","37.283496","127.043304"
"7158","2026-06-04T01:35:59.570370","37.283514","127.043286"
"7159","2026-06-04T01:35:59.570370","37.283532","127.043268"
"7160","2026-06-04T01:35:59.570370","37.28355","127.04325"
"7161","2026-06-04T01:35:59.570370","37.283567999999995","127.043232"
"7162","2026-06-04T01:35:59.570370","37.281577999999996","127.043322"
"7163","2026-06-04T01:35:59.571368","37.281596","127.043304"
"7164","2026-06-04T01:35:59.571368","37.281614","127.043286"
"7165","2026-06-04T01:35:59.571368","37.281632","127.043268"
"7166","2026-06-04T01:35:59.571368","37.28165","127.04325"
"7167","2026-06-04T01:35:59.572367","37.281667999999996","127.043232"
"7168","2026-06-04T01:35:59.572367","37.281686","127.043214"
"7169","2026-06-04T01:35:59.572367","37.281704","127.043196"
"7170","2026-06-04T01:35:59.572367","37.281722","127.043178"
"7171","2026-06-04T01:35:59.572367","37.281589999999994","127.043334"
"7172","2026-06-04T01:35:59.573366","37.281608","127.043316"
"7173","2026-06-04T01:35:59.573366","37.281625999999996","127.043298"
"7174","2026-06-04T01:35:59.573366","37.281644","127.04328"
"7175","2026-06-04T01:35:59.573366","37.281662","127.043262"
"7176","2026-06-04T01:35:59.573366","37.281679999999994","127.043244"
"7177","2026-06-04T01:35:59.574367","37.281698","127.043226"
"7178","2026-06-04T01:35:59.574367","37.281715999999996","127.04320799999999"
"7179","2026-06-04T01:35:59.574367","37.281734","127.04319"
"7180","2026-06-04T01:35:59.574367","37.281602","127.043346"
"7181","2026-06-04T01:35:59.575366","37.281620000000004","127.043328"
"7182","2026-06-04T01:35:59.575366","37.281638","127.04330999999999"
"7183","2026-06-04T01:35:59.575366","37.281656000000005","127.043292"
"7184","2026-06-04T01:35:59.575366","37.280778","127.045422"
"7185","2026-06-04T01:35:59.575366","37.280796","127.045404"
"7186","2026-06-04T01:35:59.576366","37.283778","127.043822"
"7187","2026-06-04T01:35:59.576366","37.283796","127.04380400000001"
"7188","2026-06-04T01:35:59.576366","37.283814","127.043786"
"7189","2026-06-04T01:35:59.576366","37.283832000000004","127.043768"
"7190","2026-06-04T01:35:59.577367","37.28385","127.04375"
"7191","2026-06-04T01:35:59.577367","37.283868","127.043732"
"7192","2026-06-04T01:35:59.577367","37.283886","127.04371400000001"
"7193","2026-06-04T01:35:59.577367","37.283904","127.043696"
"7194","2026-06-04T01:35:59.577367","37.283922000000004","127.043678"
"7195","2026-06-04T01:35:59.578366","37.283789999999996","127.043834"
"7196","2026-06-04T01:35:59.578366","37.283808","127.043816"
"7197","2026-06-04T01:35:59.578366","37.283826","127.043798"
"7198","2026-06-04T01:35:59.578366","37.283844","127.04378"
"7199","2026-06-04T01:35:59.578366","37.283862","127.043762"
"7200","2026-06-04T01:35:59.579366","37.283879999999996","127.043744"
"7201","2026-06-04T01:35:59.579366","37.283898","127.043726"
"7202","2026-06-04T01:35:59.579366","37.283916","127.043708"
"7203","2026-06-04T01:35:59.579366","37.283934","127.04369"
"7204","2026-06-04T01:35:59.580366","37.280677999999995","127.043822"
"7205","2026-06-04T01:35:59.580366","37.280477999999995","127.04432200000001"
"7206","2026-06-04T01:35:59.580366","37.280496","127.04430400000001"
"7207","2026-06-04T01:35:59.580366","37.280514","127.044286"
"7208","2026-06-04T01:35:59.581367","37.280532","127.044268"
"7209","2026-06-04T01:35:59.581367","37.28055","127.04425"
"7210","2026-06-04T01:35:59.582366","37.282377999999994","127.042522"
"7211","2026-06-04T01:35:59.582366","37.282396","127.04250400000001"
"7212","2026-06-04T01:35:59.582366","37.282413999999996","127.042486"
"7213","2026-06-04T01:35:59.582366","37.282432","127.042468"
"7214","2026-06-04T01:35:59.583366","37.28245","127.04245"
"7215","2026-06-04T01:35:59.583366","37.282467999999994","127.042432"
"7216","2026-06-04T01:35:59.583366","37.282486","127.04241400000001"
"7217","2026-06-04T01:35:59.584366","37.282503999999996","127.042396"
"7218","2026-06-04T01:35:59.584366","37.282522","127.042378"
"7219","2026-06-04T01:35:59.584366","37.28238999999999","127.042534"
"7220","2026-06-04T01:35:59.585367","37.282408","127.042516"
"7221","2026-06-04T01:35:59.585367","37.282425999999994","127.042498"
"7222","2026-06-04T01:35:59.585367","37.280828","127.044122"
"7223","2026-06-04T01:35:59.585367","37.280846000000004","127.044104"
"7224","2026-06-04T01:35:59.586367","37.280864","127.044086"
"7225","2026-06-04T01:35:59.586367","37.280882000000005","127.044068"
"7226","2026-06-04T01:35:59.586367","37.2809","127.04405"
"7227","2026-06-04T01:35:59.586367","37.280918","127.044032"
"7228","2026-06-04T01:35:59.586367","37.280936000000004","127.044014"
"7229","2026-06-04T01:35:59.587367","37.280954","127.04399599999999"
"7230","2026-06-04T01:35:59.587367","37.280578","127.046122"
"7231","2026-06-04T01:35:59.587367","37.280596","127.046104"
"7232","2026-06-04T01:35:59.588366","37.280614","127.04608599999999"
"7233","2026-06-04T01:35:59.588366","37.280632000000004","127.04606799999999"
"7234","2026-06-04T01:35:59.589366","37.28065","127.04605"
"7235","2026-06-04T01:35:59.589366","37.280668","127.046032"
"7236","2026-06-04T01:35:59.589366","37.280686","127.046014"
"7237","2026-06-04T01:35:59.590367","37.280704","127.04599599999999"
"7238","2026-06-04T01:35:59.590367","37.280722000000004","127.04597799999999"
"7239","2026-06-04T01:35:59.590367","37.28059","127.046134"
"7240","2026-06-04T01:35:59.590367","37.280608","127.046116"
"7241","2026-06-04T01:35:59.591367","37.280626","127.04609799999999"
"7242","2026-06-04T01:35:59.591367","37.280644","127.04607999999999"
"7243","2026-06-04T01:35:59.591367","37.280662","127.04606199999999"
"7244","2026-06-04T01:35:59.591367","37.28068","127.046044"
"7245","2026-06-04T01:35:59.592367","37.282678","127.04302200000001"
"7246","2026-06-04T01:35:59.592367","37.282696","127.04300400000001"
"7247","2026-06-04T01:35:59.592367","37.282714","127.042986"
"7248","2026-06-04T07:29:34.939452","37.283128","127.04517200000001"
"7249","2026-06-04T07:29:34.970688","37.282328","127.043972"
"7250","2026-06-04T07:29:34.972705","37.282346000000004","127.043954"
"7251","2026-06-04T07:29:34.974159","37.282364","127.04393599999999"
"7252","2026-06-04T07:29:34.975172","37.282382000000005","127.04391799999999"
"7253","2026-06-04T07:29:34.976179","37.2824","127.0439"
"7254","2026-06-04T07:29:34.977180","37.281628","127.04477200000001"
"7255","2026-06-04T07:29:34.978705","37.281646","127.04475400000001"
"7256","2026-06-04T07:29:34.980627","37.281664","127.044736"
"7257","2026-06-04T07:29:34.981845","37.281682","127.044718"
"7258","2026-06-04T07:29:34.982860","37.2817","127.0447"
"7259","2026-06-04T07:29:34.983980","37.281718","127.04468200000001"
"7260","2026-06-04T07:29:34.985246","37.281736","127.04466400000001"
"7261","2026-06-04T07:29:34.987665","37.281754","127.044646"
"7262","2026-06-04T07:29:34.988172","37.281772000000004","127.044628"
"7263","2026-06-04T07:29:34.989182","37.281639999999996","127.044784"
"7264","2026-06-04T07:29:34.991249","37.281658","127.04476600000001"
"7265","2026-06-04T07:29:34.992260","37.281676","127.044748"
"7266","2026-06-04T07:29:34.994262","37.282928","127.044172"
"7267","2026-06-04T07:29:34.995260","37.282946","127.044154"
"7268","2026-06-04T07:29:34.996266","37.282964","127.044136"
"7269","2026-06-04T07:29:34.997262","37.282982000000004","127.044118"
"7270","2026-06-04T07:29:34.998258","37.283","127.0441"
"7271","2026-06-04T07:29:34.998763","37.283018","127.044082"
"7272","2026-06-04T07:29:34.998763","37.283036","127.044064"
"7273","2026-06-04T07:29:34.999772","37.283054","127.044046"
"7274","2026-06-04T07:29:35.000779","37.282128","127.044972"
"7275","2026-06-04T07:29:35.001780","37.282146000000004","127.044954"
"7276","2026-06-04T07:29:35.002779","37.282164","127.04493599999999"
"7277","2026-06-04T07:29:35.005081","37.282182000000006","127.044918"
"7278","2026-06-04T07:29:35.006096","37.2822","127.0449"
"7279","2026-06-04T07:29:35.006096","37.282218","127.044882"
"7280","2026-06-04T07:29:35.007120","37.282236000000005","127.044864"
"7281","2026-06-04T07:29:35.008120","37.282254","127.04484599999999"
"7282","2026-06-04T07:29:35.008631","37.282272000000006","127.044828"
"7283","2026-06-04T07:29:35.010643","37.28214","127.044984"
"7284","2026-06-04T07:29:35.011650","37.282158","127.044966"
"7285","2026-06-04T07:29:35.012643","37.282176","127.04494799999999"
"7286","2026-06-04T07:29:35.013644","37.282194000000004","127.04493"
"7287","2026-06-04T07:29:35.014647","37.282212","127.044912"
"7288","2026-06-04T07:29:35.014647","37.28223","127.044894"
"7289","2026-06-04T07:29:35.015643","37.281828","127.043672"
"7290","2026-06-04T07:29:35.016643","37.281846","127.043654"
"7291","2026-06-04T07:29:35.016643","37.281864","127.04363599999999"
"7292","2026-06-04T07:29:35.018152","37.282627999999995","127.045472"
"7293","2026-06-04T07:29:35.020018","37.282646","127.045454"
"7294","2026-06-04T07:29:35.021026","37.282664","127.045436"
"7295","2026-06-04T07:29:35.022040","37.282682","127.045418"
"7296","2026-06-04T07:29:35.023039","37.2827","127.0454"
"7297","2026-06-04T07:29:35.024036","37.282717999999996","127.045382"
"7298","2026-06-04T07:29:35.026350","37.282736","127.045364"
"7299","2026-06-04T07:29:35.027350","37.282754","127.045346"
"7300","2026-06-04T07:29:35.029869","37.282772","127.045328"
"7301","2026-06-04T07:29:35.030867","37.282639999999994","127.045484"
"7302","2026-06-04T07:29:35.030867","37.283328","127.04437200000001"
"7303","2026-06-04T07:29:35.031879","37.283346","127.04435400000001"
"7304","2026-06-04T07:29:35.032883","37.283364","127.044336"
"7305","2026-06-04T07:29:35.032883","37.283382","127.044318"
"7306","2026-06-04T07:29:35.033869","37.2834","127.0443"
"7307","2026-06-04T07:29:35.034870","37.283418","127.04428200000001"
"7308","2026-06-04T07:29:35.036871","37.281727999999994","127.045272"
"7309","2026-06-04T07:29:35.036871","37.281746","127.045254"
"7310","2026-06-04T07:29:35.038380","37.281763999999995","127.04523599999999"
"7311","2026-06-04T07:29:35.040390","37.281782","127.04521799999999"
"7312","2026-06-04T07:29:35.040390","37.2818","127.0452"
"7313","2026-06-04T07:29:35.041834","37.281817999999994","127.045182"
"7314","2026-06-04T07:29:35.041834","37.281836","127.045164"
"7315","2026-06-04T07:29:35.042863","37.281853999999996","127.04514599999999"
"7316","2026-06-04T07:29:35.043845","37.281872","127.04512799999999"
"7317","2026-06-04T07:29:35.044850","37.28173999999999","127.045284"
"7318","2026-06-04T07:29:35.045843","37.281757999999996","127.045266"
"7319","2026-06-04T07:29:35.046848","37.281775999999994","127.04524799999999"
"7320","2026-06-04T07:29:35.047360","37.281794","127.04522999999999"
"7321","2026-06-04T07:29:35.048366","37.281811999999995","127.04521199999999"
"7322","2026-06-04T07:29:35.049377","37.28182999999999","127.045194"
"7323","2026-06-04T07:29:35.050576","37.281848","127.045176"
"7324","2026-06-04T07:29:35.051587","37.281865999999994","127.04515799999999"
"7325","2026-06-04T07:29:35.053363","37.281884","127.04513999999999"
"7326","2026-06-04T07:29:35.054354","37.281752","127.045296"
"7327","2026-06-04T07:29:35.055355","37.28177","127.045278"
"7328","2026-06-04T07:29:35.055355","37.281788","127.04525999999998"
"7329","2026-06-04T07:29:35.056355","37.281806","127.04524199999999"
"7330","2026-06-04T07:29:35.057353","37.282427999999996","127.043172"
"7331","2026-06-04T07:29:35.058878","37.282446","127.043154"
"7332","2026-06-04T07:29:35.060208","37.283027999999995","127.042972"
"7333","2026-06-04T07:29:35.061536","37.283046","127.04295400000001"
"7334","2026-06-04T07:29:35.063940","37.283063999999996","127.042936"
"7335","2026-06-04T07:29:35.064946","37.283082","127.042918"
"7336","2026-06-04T07:29:35.065936","37.2831","127.0429"
"7337","2026-06-04T07:29:35.065936","37.283117999999995","127.042882"
"7338","2026-06-04T07:29:35.066948","37.283136","127.04286400000001"
"7339","2026-06-04T07:29:35.067945","37.283153999999996","127.042846"
"7340","2026-06-04T07:29:35.067945","37.283172","127.042828"
"7341","2026-06-04T07:29:35.069115","37.28303999999999","127.042984"
"7342","2026-06-04T07:29:35.070132","37.283058","127.042966"
"7343","2026-06-04T07:29:35.070132","37.283075999999994","127.042948"
"7344","2026-06-04T07:29:35.071125","37.283094","127.04293"
"7345","2026-06-04T07:29:35.072119","37.283111999999996","127.042912"
"7346","2026-06-04T07:29:35.073119","37.28312999999999","127.042894"
"7347","2026-06-04T07:29:35.073119","37.283148","127.042876"
"7348","2026-06-04T07:29:35.074128","37.283165999999994","127.042858"
"7349","2026-06-04T07:29:35.074128","37.283184","127.04284"
"7350","2026-06-04T07:29:35.075113","37.281527999999994","127.044072"
"7351","2026-06-04T07:29:35.076116","37.28192799999999","127.042772"
"7352","2026-06-04T07:29:35.077120","37.281946","127.042754"
"7353","2026-06-04T07:29:35.079270","37.281963999999995","127.04273599999999"
"7354","2026-06-04T07:29:35.079270","37.281982","127.042718"
"7355","2026-06-04T07:29:35.080262","37.282","127.0427"
"7356","2026-06-04T07:29:35.081262","37.282928","127.044672"
"7357","2026-06-04T07:29:35.082264","37.282946","127.04465400000001"
"7358","2026-06-04T07:29:35.082264","37.282964","127.044636"
"7359","2026-06-04T07:29:35.083266","37.282982000000004","127.044618"
"7360","2026-06-04T07:29:35.084261","37.283","127.0446"
"7361","2026-06-04T07:29:35.084261","37.283018","127.044582"
"7362","2026-06-04T07:29:35.085262","37.283036","127.04456400000001"
"7363","2026-06-04T07:29:35.086263","37.283054","127.044546"
"7364","2026-06-04T07:29:35.087593","37.283072000000004","127.044528"
"7365","2026-06-04T07:29:35.088107","37.282939999999996","127.044684"
"7366","2026-06-04T07:29:35.089115","37.282958","127.044666"
"7367","2026-06-04T07:29:35.091128","37.282976","127.044648"
"7368","2026-06-04T07:29:35.092123","37.282728","127.043572"
"7369","2026-06-04T07:29:35.093115","37.282746","127.043554"
"7370","2026-06-04T07:29:35.093115","37.282764","127.04353599999999"
"7371","2026-06-04T07:29:35.095482","37.282782000000005","127.04351799999999"
"7372","2026-06-04T07:29:35.096483","37.2828","127.0435"
"7373","2026-06-04T07:29:35.097313","37.282818","127.043482"
"7374","2026-06-04T07:29:35.099335","37.282836","127.043464"
"7375","2026-06-04T07:29:35.100342","37.282854","127.04344599999999"
"7376","2026-06-04T07:29:35.103397","37.281428","127.044872"
"7377","2026-06-04T07:29:35.104395","37.281446","127.044854"
"7378","2026-06-04T07:29:35.105396","37.281464","127.04483599999999"
"7379","2026-06-04T07:29:35.106396","37.281482000000004","127.04481799999999"
"7380","2026-06-04T07:29:35.106396","37.2815","127.0448"
"7381","2026-06-04T07:29:35.107395","37.281518","127.044782"
"7382","2026-06-04T07:29:35.108398","37.281536","127.044764"
"7383","2026-06-04T07:29:35.109649","37.281554","127.04474599999999"
"7384","2026-06-04T07:29:35.111078","37.281572000000004","127.04472799999999"
"7385","2026-06-04T07:29:35.112089","37.281439999999996","127.044884"
"7386","2026-06-04T07:29:35.112598","37.281458","127.044866"
"7387","2026-06-04T07:29:35.113631","37.281476","127.04484799999999"
"7388","2026-06-04T07:29:35.114668","37.281494","127.04482999999999"
"7389","2026-06-04T07:29:35.115664","37.281512","127.044812"
"7390","2026-06-04T07:29:35.116665","37.28153","127.044794"
"7391","2026-06-04T07:29:35.116665","37.282528","127.045772"
"7392","2026-06-04T07:29:35.116665","37.282546","127.045754"
"7393","2026-06-04T07:29:35.118176","37.282564","127.04573599999999"
"7394","2026-06-04T07:29:35.119200","37.283427999999994","127.04387200000001"
"7395","2026-06-04T07:29:35.119200","37.283446","127.04385400000001"
"7396","2026-06-04T07:29:35.120190","37.283463999999995","127.043836"
"7397","2026-06-04T07:29:35.121196","37.283482","127.043818"
"7398","2026-06-04T07:29:35.122211","37.2835","127.0438"
"7399","2026-06-04T07:29:35.122211","37.283517999999994","127.04378200000001"
"7400","2026-06-04T07:29:35.123208","37.283536","127.04376400000001"
"7401","2026-06-04T07:29:35.124211","37.283553999999995","127.043746"
"7402","2026-06-04T07:29:35.124211","37.283572","127.043728"
"7403","2026-06-04T07:29:35.125199","37.28343999999999","127.043884"
"7404","2026-06-04T07:29:35.126198","37.281327999999995","127.04347200000001"
"7405","2026-06-04T07:29:35.127200","37.281346","127.04345400000001"
"7406","2026-06-04T07:29:35.128215","37.281363999999996","127.043436"
"7407","2026-06-04T07:29:35.128215","37.281382","127.043418"
"7408","2026-06-04T07:29:35.129421","37.2814","127.0434"
"7409","2026-06-04T07:29:35.130433","37.281417999999995","127.04338200000001"
"7410","2026-06-04T07:29:35.130433","37.283628","127.044972"
"7411","2026-06-04T07:29:35.131437","37.283646000000005","127.044954"
"7412","2026-06-04T07:29:35.132431","37.283664","127.04493599999999"
"7413","2026-06-04T07:29:35.132431","37.283682000000006","127.044918"
"7414","2026-06-04T07:29:35.133436","37.2837","127.0449"
"7415","2026-06-04T07:29:35.134431","37.283718","127.044882"
"7416","2026-06-04T07:29:35.135430","37.283736000000005","127.044864"
"7417","2026-06-04T07:29:35.136434","37.283754","127.04484599999999"
"7418","2026-06-04T07:29:35.136434","37.283772000000006","127.044828"
"7419","2026-06-04T07:29:35.137942","37.28364","127.044984"
"7420","2026-06-04T07:29:35.137942","37.283658","127.044966"
"7421","2026-06-04T07:29:35.138957","37.283676","127.04494799999999"
"7422","2026-06-04T07:29:35.138957","37.283694000000004","127.04493"
"7423","2026-06-04T07:29:35.139957","37.283712","127.044912"
"7424","2026-06-04T07:29:35.139957","37.28373","127.044894"
"7425","2026-06-04T07:29:35.140956","37.283748","127.044876"
"7426","2026-06-04T07:29:35.141969","37.283766","127.04485799999999"
"7427","2026-06-04T07:29:35.141969","37.283784000000004","127.04484"
"7428","2026-06-04T07:29:35.142959","37.283652000000004","127.044996"
"7429","2026-06-04T07:29:35.143951","37.28367000000001","127.044978"
"7430","2026-06-04T07:29:35.144960","37.283688000000005","127.04495999999999"
"7431","2026-06-04T07:29:35.145950","37.28370600000001","127.04494199999999"
"7432","2026-06-04T07:29:35.146952","37.282028","127.042572"
"7433","2026-06-04T07:29:35.147459","37.282046","127.04255400000001"
"7434","2026-06-04T07:29:35.148465","37.283927999999996","127.044172"
"7435","2026-06-04T07:29:35.148465","37.283946","127.044154"
"7436","2026-06-04T07:29:35.149474","37.283964","127.044136"
"7437","2026-06-04T07:29:35.150481","37.283982","127.044118"
"7438","2026-06-04T07:29:35.150481","37.284","127.0441"
"7439","2026-06-04T07:29:35.151481","37.284017999999996","127.044082"
"7440","2026-06-04T07:29:35.152484","37.284036","127.044064"
"7441","2026-06-04T07:29:35.153482","37.284054","127.044046"
"7442","2026-06-04T07:29:35.154483","37.284072","127.044028"
"7443","2026-06-04T07:29:35.155482","37.283939999999994","127.044184"
"7444","2026-06-04T07:29:35.156493","37.283958","127.044166"
"7445","2026-06-04T07:29:35.156493","37.283975999999996","127.04414799999999"
"7446","2026-06-04T07:29:35.158001","37.283994","127.04413"
"7447","2026-06-04T07:29:35.159011","37.284012","127.044112"
"7448","2026-06-04T07:29:35.160460","37.284029999999994","127.044094"
"7449","2026-06-04T07:29:35.162479","37.284048","127.044076"
"7450","2026-06-04T07:29:35.163474","37.284065999999996","127.04405799999999"
"7451","2026-06-04T07:29:35.163474","37.284084","127.04404"
"7452","2026-06-04T07:29:35.164480","37.281828","127.04607200000001"
"7453","2026-06-04T07:29:35.165474","37.282827999999995","127.046272"
"7454","2026-06-04T07:29:35.166488","37.282846","127.046254"
"7455","2026-06-04T07:29:35.167998","37.282864","127.046236"
"7456","2026-06-04T07:29:35.169167","37.282882","127.046218"
"7457","2026-06-04T07:29:35.169676","37.2829","127.0462"
"7458","2026-06-04T07:29:35.170702","37.281228","127.045672"
"7459","2026-06-04T07:29:35.171703","37.281246","127.045654"
"7460","2026-06-04T07:29:35.172704","37.281264","127.04563599999999"
"7461","2026-06-04T07:29:35.173721","37.281282000000004","127.04561799999999"
"7462","2026-06-04T07:29:35.173721","37.2813","127.0456"
"7463","2026-06-04T07:29:35.174703","37.281318","127.045582"
"7464","2026-06-04T07:29:35.175709","37.281336","127.045564"
"7465","2026-06-04T07:29:35.176705","37.281354","127.04554599999999"
"7466","2026-06-04T07:29:35.178213","37.281372000000005","127.04552799999999"
"7467","2026-06-04T07:29:35.179223","37.28124","127.045684"
"7468","2026-06-04T07:29:35.180238","37.281258","127.045666"
"7469","2026-06-04T07:29:35.180238","37.281276","127.04564799999999"
"7470","2026-06-04T07:29:35.181233","37.284028","127.043272"
"7471","2026-06-04T07:29:35.182232","37.284046000000004","127.043254"
"7472","2026-06-04T07:29:35.182232","37.284064","127.043236"
"7473","2026-06-04T07:29:35.183229","37.284082000000005","127.043218"
"7474","2026-06-04T07:29:35.184233","37.2841","127.0432"
"7475","2026-06-04T07:29:35.184233","37.284118","127.043182"
"7476","2026-06-04T07:29:35.185231","37.284136000000004","127.043164"
"7477","2026-06-04T07:29:35.186231","37.284154","127.043146"
"7478","2026-06-04T07:29:35.187233","37.281028","127.044272"
"7479","2026-06-04T07:29:35.187233","37.281046","127.04425400000001"
"7480","2026-06-04T07:29:35.188757","37.281064","127.044236"
"7481","2026-06-04T07:29:35.189858","37.281082000000005","127.044218"
"7482","2026-06-04T07:29:35.190872","37.2811","127.0442"
"7483","2026-06-04T07:29:35.192081","37.281118","127.044182"
"7484","2026-06-04T07:29:35.194549","37.281136000000004","127.04416400000001"
"7485","2026-06-04T07:29:35.195559","37.281154","127.044146"
"7486","2026-06-04T07:29:35.195559","37.281172000000005","127.044128"
"7487","2026-06-04T07:29:35.196559","37.28104","127.044284"
"7488","2026-06-04T07:29:35.196559","37.281058","127.04426600000001"
"7489","2026-06-04T07:29:35.198067","37.281076","127.044248"
"7490","2026-06-04T07:29:35.199085","37.281094","127.04423"
"7491","2026-06-04T07:29:35.200301","37.281112","127.044212"
"7492","2026-06-04T07:29:35.200301","37.28113","127.044194"
"7493","2026-06-04T07:29:35.201310","37.283828","127.045372"
"7494","2026-06-04T07:29:35.202316","37.283846000000004","127.045354"
"7495","2026-06-04T07:29:35.203309","37.283864","127.04533599999999"
"7496","2026-06-04T07:29:35.204315","37.282227999999996","127.04647200000001"
"7497","2026-06-04T07:29:35.205316","37.282246","127.04645400000001"
"7498","2026-06-04T07:29:35.205316","37.282264","127.046436"
"7499","2026-06-04T07:29:35.206657","37.282282","127.046418"
"7500","2026-06-04T07:29:35.206657","37.2823","127.0464"
"7501","2026-06-04T07:29:35.208019","37.282318","127.04638200000001"
"7502","2026-06-04T07:29:35.209037","37.282336","127.04636400000001"
"7503","2026-06-04T07:29:35.210031","37.282354","127.046346"
"7504","2026-06-04T07:29:35.212360","37.282372","127.046328"
"7505","2026-06-04T07:29:35.213355","37.282239999999994","127.046484"
"7506","2026-06-04T07:29:35.222315","37.280927999999996","127.043772"
"7507","2026-06-04T07:29:35.223313","37.280946","127.043754"
"7508","2026-06-04T07:29:35.224315","37.280964","127.043736"
"7509","2026-06-04T07:29:35.225313","37.280982","127.043718"
"7510","2026-06-04T07:29:35.226312","37.281","127.0437"
"7511","2026-06-04T07:29:35.227564","37.281017999999996","127.043682"
"7512","2026-06-04T07:29:35.228073","37.284127999999995","127.044872"
"7513","2026-06-04T07:29:35.229131","37.284146","127.044854"
"7514","2026-06-04T07:29:35.229131","37.284164","127.04483599999999"
"7515","2026-06-04T07:29:35.230748","37.284182","127.04481799999999"
"7516","2026-06-04T07:29:35.230748","37.2842","127.0448"
"7517","2026-06-04T07:29:35.231760","37.284217999999996","127.044782"
"7518","2026-06-04T07:29:35.232763","37.284236","127.044764"
"7519","2026-06-04T07:29:35.232763","37.284254","127.04474599999999"
"7520","2026-06-04T07:29:35.233765","37.284272","127.04472799999999"
"7521","2026-06-04T07:29:35.233765","37.284139999999994","127.044884"
"7522","2026-06-04T07:29:35.234760","37.284158","127.044866"
"7523","2026-06-04T07:29:35.236049","37.284175999999995","127.04484799999999"
"7524","2026-06-04T07:29:35.236049","37.284194","127.04482999999999"
"7525","2026-06-04T07:29:35.237069","37.284212","127.044812"
"7526","2026-06-04T07:29:35.238062","37.284229999999994","127.044794"
"7527","2026-06-04T07:29:35.238567","37.284248","127.044776"
"7528","2026-06-04T07:29:35.239576","37.284265999999995","127.04475799999999"
"7529","2026-06-04T07:29:35.239576","37.284284","127.04473999999999"
"7530","2026-06-04T07:29:35.240603","37.284152","127.044896"
"7531","2026-06-04T07:29:35.240603","37.28417","127.044878"
"7532","2026-06-04T07:29:35.241584","37.284188","127.04485999999999"
"7533","2026-06-04T07:29:35.241584","37.284206000000005","127.04484199999999"
"7534","2026-06-04T07:29:35.242583","37.283227999999994","127.046672"
"7535","2026-06-04T07:29:35.243585","37.283246","127.046654"
"7536","2026-06-04T07:29:35.243585","37.281127999999995","127.042972"
"7537","2026-06-04T07:29:35.244586","37.281146","127.04295400000001"
"7538","2026-06-04T07:29:35.245606","37.281164","127.042936"
"7539","2026-06-04T07:29:35.245606","37.281182","127.042918"
"7540","2026-06-04T07:29:35.245606","37.2812","127.0429"
"7541","2026-06-04T07:29:35.247120","37.281217999999996","127.042882"
"7542","2026-06-04T07:29:35.248133","37.281236","127.04286400000001"
"7543","2026-06-04T07:29:35.248133","37.281254","127.042846"
"7544","2026-06-04T07:29:35.249247","37.281272","127.042828"
"7545","2026-06-04T07:29:35.249247","37.28113999999999","127.042984"
"7546","2026-06-04T07:29:35.250260","37.281158","127.042966"
"7547","2026-06-04T07:29:35.250260","37.281175999999995","127.042948"
"7548","2026-06-04T07:29:35.251257","37.281194","127.04293"
"7549","2026-06-04T07:29:35.252271","37.281212","127.042912"
"7550","2026-06-04T07:29:35.252271","37.281229999999994","127.042894"
"7551","2026-06-04T07:29:35.253257","37.281248","127.042876"
"7552","2026-06-04T07:29:35.254281","37.281265999999995","127.042858"
"7553","2026-06-04T07:29:35.255267","37.281284","127.04284"
"7554","2026-06-04T07:29:35.255267","37.283128","127.04517200000001"
"7555","2026-06-04T07:29:35.256262","37.282128","127.045572"
"7556","2026-06-04T07:29:35.256262","37.282146000000004","127.04555400000001"
"7557","2026-06-04T07:29:35.257263","37.282164","127.045536"
"7558","2026-06-04T07:29:35.258261","37.282182000000006","127.045518"
"7559","2026-06-04T07:29:35.258261","37.2822","127.0455"
"7560","2026-06-04T07:29:35.258261","37.281628","127.04477200000001"
"7561","2026-06-04T07:29:35.259740","37.281646","127.04475400000001"
"7562","2026-06-04T07:29:35.259740","37.281664","127.044736"
"7563","2026-06-04T07:29:35.260738","37.281682","127.044718"
"7564","2026-06-04T07:29:35.260738","37.2817","127.0447"
"7565","2026-06-04T07:29:35.261738","37.281718","127.04468200000001"
"7566","2026-06-04T07:29:35.262770","37.281736","127.04466400000001"
"7567","2026-06-04T07:29:35.262770","37.281754","127.044646"
"7568","2026-06-04T07:29:35.264141","37.281772000000004","127.044628"
"7569","2026-06-04T07:29:35.264141","37.281639999999996","127.044784"
"7570","2026-06-04T07:29:35.265151","37.281658","127.04476600000001"
"7571","2026-06-04T07:29:35.266151","37.281676","127.044748"
"7572","2026-06-04T07:29:35.266151","37.282128","127.044972"
"7573","2026-06-04T07:29:35.267151","37.282146000000004","127.044954"
"7574","2026-06-04T07:29:35.267151","37.282164","127.04493599999999"
"7575","2026-06-04T07:29:35.268659","37.282182000000006","127.044918"
"7576","2026-06-04T07:29:35.269669","37.2822","127.0449"
"7577","2026-06-04T07:29:35.269669","37.282218","127.044882"
"7578","2026-06-04T07:29:35.270669","37.282236000000005","127.044864"
"7579","2026-06-04T07:29:35.271668","37.282254","127.04484599999999"
"7580","2026-06-04T07:29:35.271668","37.283328","127.04437200000001"
"7581","2026-06-04T07:29:35.272671","37.283346","127.04435400000001"
"7582","2026-06-04T07:29:35.272671","37.283364","127.044336"
"7583","2026-06-04T07:29:35.273668","37.283382","127.044318"
"7584","2026-06-04T07:29:35.273668","37.2834","127.0443"
"7585","2026-06-04T07:29:35.274668","37.283418","127.04428200000001"
"7586","2026-06-04T07:29:35.274668","37.283436","127.04426400000001"
"7587","2026-06-04T07:29:35.274668","37.283454","127.044246"
"7588","2026-06-04T07:29:35.275670","37.283472","127.044228"
"7589","2026-06-04T07:29:35.275670","37.283339999999995","127.04438400000001"
"7590","2026-06-04T07:29:35.275670","37.283358","127.04436600000001"
"7591","2026-06-04T07:29:35.276944","37.283376","127.044348"
"7592","2026-06-04T07:29:35.277962","37.283394","127.04433"
"7593","2026-06-04T07:29:35.277962","37.283412","127.044312"
"7594","2026-06-04T07:29:35.277962","37.283429999999996","127.04429400000001"
"7595","2026-06-04T07:29:35.278988","37.281327999999995","127.04387200000001"
"7596","2026-06-04T07:29:35.278988","37.281346","127.04385400000001"
"7597","2026-06-04T07:29:35.279987","37.281363999999996","127.043836"
"7598","2026-06-04T07:29:35.279987","37.282528","127.043272"
"7599","2026-06-04T07:29:35.279987","37.282546","127.043254"
"7600","2026-06-04T07:29:35.280985","37.282564","127.043236"
"7601","2026-06-04T07:29:35.280985","37.282582000000005","127.043218"
"7602","2026-06-04T07:29:35.280985","37.2826","127.0432"
"7603","2026-06-04T07:29:35.281998","37.282618","127.043182"
"7604","2026-06-04T07:29:35.281998","37.282636000000004","127.043164"
"7605","2026-06-04T07:29:35.282991","37.282654","127.043146"
"7606","2026-06-04T07:29:35.282991","37.282672000000005","127.043128"
"7607","2026-06-04T07:29:35.282991","37.28254","127.043284"
"7608","2026-06-04T07:29:35.283986","37.282728","127.04477200000001"
"7609","2026-06-04T07:29:35.284973","37.282746","127.04475400000001"
"7610","2026-06-04T07:29:35.285482","37.282764","127.044736"
"7611","2026-06-04T07:29:35.285482","37.282782000000005","127.044718"
"7612","2026-06-04T07:29:35.286495","37.2828","127.0447"
"7613","2026-06-04T07:29:35.286495","37.282818","127.04468200000001"
"7614","2026-06-04T07:29:35.286495","37.281727999999994","127.045072"
"7615","2026-06-04T07:29:35.288001","37.281746","127.04505400000001"
"7616","2026-06-04T07:29:35.288001","37.281763999999995","127.045036"
"7617","2026-06-04T07:29:35.288001","37.281782","127.045018"
"7618","2026-06-04T07:29:35.289009","37.2818","127.045"
"7619","2026-06-04T07:29:35.290012","37.281817999999994","127.044982"
"7620","2026-06-04T07:29:35.290012","37.281836","127.04496400000001"
"7621","2026-06-04T07:29:35.290012","37.281853999999996","127.044946"
"7622","2026-06-04T07:29:35.291022","37.281872","127.044928"
"7623","2026-06-04T07:29:35.291022","37.28173999999999","127.045084"
"7624","2026-06-04T07:29:35.291022","37.281757999999996","127.045066"
"7625","2026-06-04T07:29:35.291022","37.281775999999994","127.045048"
"7626","2026-06-04T07:29:35.292019","37.281794","127.04503"
"7627","2026-06-04T07:29:35.292019","37.281811999999995","127.045012"
"7628","2026-06-04T07:29:35.292019","37.28182999999999","127.044994"
"7629","2026-06-04T07:29:35.293019","37.281848","127.044976"
"7630","2026-06-04T07:29:35.293019","37.281865999999994","127.044958"
"7631","2026-06-04T07:29:35.295021","37.281884","127.04494"
"7632","2026-06-04T07:29:35.295021","37.281752","127.045096"
"7633","2026-06-04T07:29:35.296023","37.28177","127.045078"
"7634","2026-06-04T07:29:35.296023","37.281788","127.04505999999999"
"7635","2026-06-04T07:29:35.297027","37.281806","127.045042"
"7636","2026-06-04T07:29:35.297027","37.283027999999995","127.043572"
"7637","2026-06-04T07:29:35.298023","37.283046","127.043554"
"7638","2026-06-04T07:29:35.298023","37.281428","127.044672"
"7639","2026-06-04T07:29:35.298537","37.281446","127.04465400000001"
"7640","2026-06-04T07:29:35.299552","37.281464","127.044636"
"7641","2026-06-04T07:29:35.299552","37.281482000000004","127.044618"
"7642","2026-06-04T07:29:35.300578","37.2815","127.0446"
"7643","2026-06-04T07:29:35.300578","37.281518","127.044582"
"7644","2026-06-04T07:29:35.301606","37.281536","127.04456400000001"
"7645","2026-06-04T07:29:35.302115","37.281554","127.044546"
"7646","2026-06-04T07:29:35.303132","37.281572000000004","127.044528"
"7647","2026-06-04T07:29:35.304131","37.281439999999996","127.044684"
"7648","2026-06-04T07:29:35.304131","37.281458","127.044666"
"7649","2026-06-04T07:29:35.305136","37.281476","127.044648"
"7650","2026-06-04T07:29:35.313646","37.281494","127.04463"
"7651","2026-06-04T07:29:35.314653","37.281512","127.044612"
"7652","2026-06-04T07:29:35.314653","37.28153","127.044594"
"7653","2026-06-04T07:29:35.315653","37.281548","127.044576"
"7654","2026-06-04T07:29:35.316657","37.281566","127.044558"
"7655","2026-06-04T07:29:35.316657","37.281584","127.04454"
"7656","2026-06-04T07:29:35.316657","37.299927999999994","127.100072"
"7657","2026-06-04T07:29:35.316657","37.282328","127.045872"
"7658","2026-06-04T07:29:35.318177","37.282346000000004","127.045854"
"7659","2026-06-04T07:29:35.319187","37.282364","127.045836"
"7660","2026-06-04T07:29:35.319187","37.282382000000005","127.045818"
"7661","2026-06-04T07:29:35.319187","37.2824","127.0458"
"7662","2026-06-04T07:29:35.320209","37.283427999999994","127.045072"
"7663","2026-06-04T07:29:35.321207","37.283446","127.04505400000001"
"7664","2026-06-04T07:29:35.321207","37.283463999999995","127.045036"
"7665","2026-06-04T07:29:35.322188","37.283482","127.045018"
"7666","2026-06-04T07:29:35.323205","37.2835","127.045"
"7667","2026-06-04T07:29:35.323205","37.283517999999994","127.044982"
"7668","2026-06-04T07:29:35.324187","37.283536","127.04496400000001"
"7669","2026-06-04T07:29:35.324187","37.283553999999995","127.044946"
"7670","2026-06-04T07:29:35.324187","37.283572","127.044928"
"7671","2026-06-04T07:29:35.325192","37.28343999999999","127.045084"
"7672","2026-06-04T07:29:35.326186","37.283457999999996","127.045066"
"7673","2026-06-04T07:29:35.326186","37.28347599999999","127.045048"
"7674","2026-06-04T07:29:35.327431","37.281028","127.045472"
"7675","2026-06-04T07:29:35.327936","37.281046","127.045454"
"7676","2026-06-04T07:29:35.327936","37.281064","127.045436"
"7677","2026-06-04T07:29:35.328947","37.281082000000005","127.045418"
"7678","2026-06-04T07:29:35.329458","37.2811","127.0454"
"7679","2026-06-04T07:29:35.329458","37.281118","127.045382"
"7680","2026-06-04T07:29:35.329458","37.281136000000004","127.045364"
"7681","2026-06-04T07:29:35.330476","37.281154","127.045346"
"7682","2026-06-04T07:29:35.330476","37.282928","127.04607200000001"
"7683","2026-06-04T07:29:35.331470","37.282946","127.04605400000001"
"7684","2026-06-04T07:29:35.331470","37.282964","127.046036"
"7685","2026-06-04T07:29:35.331470","37.282982000000004","127.046018"
"7686","2026-06-04T07:29:35.332475","37.283","127.046"
"7687","2026-06-04T07:29:35.332475","37.283018","127.04598200000001"
"7688","2026-06-04T07:29:35.332475","37.283036","127.04596400000001"
"7689","2026-06-04T07:29:35.333482","37.283054","127.045946"
"7690","2026-06-04T07:29:35.333482","37.283072000000004","127.045928"
"7691","2026-06-04T07:29:35.333482","37.282939999999996","127.04608400000001"
"7692","2026-06-04T07:29:35.334473","37.282958","127.04606600000001"
"7693","2026-06-04T07:29:35.334473","37.282976","127.046048"
"7694","2026-06-04T07:29:35.335845","37.282994","127.04603"
"7695","2026-06-04T07:29:35.336872","37.283012","127.046012"
"7696","2026-06-04T07:29:35.336872","37.28303","127.04599400000001"
"7697","2026-06-04T07:29:35.336872","37.281828","127.045972"
"7698","2026-06-04T07:29:35.336872","37.281846","127.04595400000001"
"7699","2026-06-04T07:29:35.338395","37.281864","127.045936"
"7700","2026-06-04T07:29:35.338395","37.283528","127.044072"
"7701","2026-06-04T07:29:35.339630","37.283546","127.044054"
"7702","2026-06-04T07:29:35.339630","37.283564","127.04403599999999"
"7703","2026-06-04T07:29:35.340643","37.283582","127.044018"
"7704","2026-06-04T07:29:35.340643","37.2836","127.044"
"7705","2026-06-04T07:29:35.340643","37.283618","127.043982"
"7706","2026-06-04T07:29:35.341642","37.283636","127.043964"
"7707","2026-06-04T07:29:35.341642","37.283654","127.04394599999999"
"7708","2026-06-04T07:29:35.341642","37.283672","127.043928"
"7709","2026-06-04T07:29:35.342648","37.283539999999995","127.044084"
"7710","2026-06-04T07:29:35.342648","37.282227999999996","127.043172"
"7711","2026-06-04T07:29:35.343641","37.282246","127.043154"
"7712","2026-06-04T07:29:35.343641","37.282264","127.04313599999999"
"7713","2026-06-04T07:29:35.344794","37.282282","127.04311799999999"
"7714","2026-06-04T07:29:35.344794","37.2823","127.0431"
"7715","2026-06-04T07:29:35.345810","37.282318","127.043082"
"7716","2026-06-04T07:29:35.347024","37.283227999999994","127.043772"
"7717","2026-06-04T07:29:35.347024","37.283246","127.043754"
"7718","2026-06-04T07:29:35.347024","37.283263999999996","127.043736"
"7719","2026-06-04T07:29:35.348031","37.283282","127.043718"
"7720","2026-06-04T07:29:35.348031","37.2833","127.0437"
"7721","2026-06-04T07:29:35.348031","37.283317999999994","127.043682"
"7722","2026-06-04T07:29:35.349066","37.283336","127.043664"
"7723","2026-06-04T07:29:35.349066","37.283353999999996","127.043646"
"7724","2026-06-04T07:29:35.350083","37.283372","127.043628"
"7725","2026-06-04T07:29:35.350083","37.28323999999999","127.043784"
"7726","2026-06-04T07:29:35.350083","37.283258","127.043766"
"7727","2026-06-04T07:29:35.350083","37.283275999999994","127.043748"
"7728","2026-06-04T07:29:35.351079","37.283294","127.04373"
"7729","2026-06-04T07:29:35.351079","37.283311999999995","127.043712"
"7730","2026-06-04T07:29:35.352066","37.28332999999999","127.043694"
"7731","2026-06-04T07:29:35.353072","37.283348","127.043676"
"7732","2026-06-04T07:29:35.353072","37.283365999999994","127.043658"
"7733","2026-06-04T07:29:35.354077","37.283384","127.04364"
"7734","2026-06-04T07:29:35.354077","37.283252","127.043796"
"7735","2026-06-04T07:29:35.354077","37.28327","127.043778"
"7736","2026-06-04T07:29:35.355064","37.283288","127.04375999999999"
"7737","2026-06-04T07:29:35.355064","37.283306","127.043742"
"7738","2026-06-04T07:29:35.355064","37.28192799999999","127.046272"
"7739","2026-06-04T07:29:35.356079","37.281946","127.046254"
"7740","2026-06-04T07:29:35.356079","37.281228","127.04347200000001"
"7741","2026-06-04T07:29:35.356079","37.281246","127.04345400000001"
"7742","2026-06-04T07:29:35.357075","37.281264","127.043436"
"7743","2026-06-04T07:29:35.357075","37.281282000000004","127.043418"
"7744","2026-06-04T07:29:35.357075","37.2813","127.0434"
"7745","2026-06-04T07:29:35.357075","37.281318","127.04338200000001"
"7746","2026-06-04T07:29:35.358065","37.281336","127.04336400000001"
"7747","2026-06-04T07:29:35.358592","37.281354","127.043346"
"7748","2026-06-04T07:29:35.358592","37.281372000000005","127.043328"
"7749","2026-06-04T07:29:35.358592","37.28124","127.043484"
"7750","2026-06-04T07:29:35.359594","37.281258","127.04346600000001"
"7751","2026-06-04T07:29:35.359594","37.281276","127.043448"
"7752","2026-06-04T07:29:35.360593","37.281294","127.04343"
"7753","2026-06-04T07:29:35.360593","37.281312","127.043412"
"7754","2026-06-04T07:29:35.361598","37.28133","127.043394"
"7755","2026-06-04T07:29:35.361598","37.281348","127.04337600000001"
"7756","2026-06-04T07:29:35.362598","37.281366","127.043358"
"7757","2026-06-04T07:29:35.362598","37.281384","127.04334"
"7758","2026-06-04T07:29:35.362598","37.282478","127.046422"
"7759","2026-06-04T07:29:35.363592","37.283677999999995","127.045422"
"7760","2026-06-04T07:29:35.364611","37.283696","127.045404"
"7761","2026-06-04T07:29:35.364611","37.283713999999996","127.045386"
"7762","2026-06-04T07:29:35.365597","37.283732","127.045368"
"7763","2026-06-04T07:29:35.365597","37.28375","127.04535"
"7764","2026-06-04T07:29:35.366603","37.281678","127.046522"
"7765","2026-06-04T07:29:35.366603","37.281696000000004","127.046504"
"7766","2026-06-04T07:29:35.366603","37.281714","127.04648599999999"
"7767","2026-06-04T07:29:35.368112","37.281732000000005","127.04646799999999"
"7768","2026-06-04T07:29:35.368112","37.28175","127.04645"
"7769","2026-06-04T07:29:35.369126","37.281768","127.046432"
"7770","2026-06-04T07:29:35.370199","37.281786000000004","127.046414"
"7771","2026-06-04T07:29:35.370199","37.281804","127.04639599999999"
"7772","2026-06-04T07:29:35.371212","37.281822000000005","127.04637799999999"
"7773","2026-06-04T07:29:35.371212","37.28169","127.046534"
"7774","2026-06-04T07:29:35.372213","37.281708","127.046516"
"7775","2026-06-04T07:29:35.373219","37.281726","127.04649799999999"
"7776","2026-06-04T07:29:35.373219","37.281378","127.045922"
"7777","2026-06-04T07:29:35.373219","37.281396","127.04590400000001"
"7778","2026-06-04T07:29:35.374211","37.281414","127.045886"
"7779","2026-06-04T07:29:35.374211","37.281432","127.045868"
"7780","2026-06-04T07:29:35.374211","37.28145","127.04585"
"7781","2026-06-04T07:29:35.375217","37.281468","127.045832"
"7782","2026-06-04T07:29:35.375217","37.281486","127.04581400000001"
"7783","2026-06-04T07:29:35.376216","37.281504","127.045796"
"7784","2026-06-04T07:29:35.376216","37.282078","127.046672"
"7785","2026-06-04T07:29:35.377214","37.282096","127.046654"
"7786","2026-06-04T07:29:35.378212","37.282114","127.04663599999999"
"7787","2026-06-04T07:29:35.378212","37.282132000000004","127.046618"
"7788","2026-06-04T07:29:35.379463","37.28215","127.0466"
"7789","2026-06-04T07:29:35.379463","37.282168","127.046582"
"7790","2026-06-04T07:29:35.379463","37.282186","127.046564"
"7791","2026-06-04T07:29:35.380469","37.282204","127.04654599999999"
"7792","2026-06-04T07:29:35.380469","37.282222000000004","127.046528"
"7793","2026-06-04T07:29:35.381477","37.28209","127.046684"
"7794","2026-06-04T07:29:35.381477","37.282108","127.046666"
"7795","2026-06-04T07:29:35.381477","37.282126","127.04664799999999"
"7796","2026-06-04T07:29:35.382486","37.282144","127.04663"
"7797","2026-06-04T07:29:35.382486","37.282162","127.046612"
"7798","2026-06-04T07:29:35.382486","37.28218","127.046594"
"7799","2026-06-04T07:29:35.383475","37.283077999999996","127.045972"
"7800","2026-06-04T07:29:35.383475","37.283096","127.04595400000001"
"7801","2026-06-04T07:29:35.383475","37.283114","127.045936"
"7802","2026-06-04T07:29:35.383475","37.280877999999994","127.04472200000001"
"7803","2026-06-04T07:29:35.384474","37.280896","127.04470400000001"
"7804","2026-06-04T07:29:35.384474","37.280913999999996","127.044686"
"7805","2026-06-04T07:29:35.384474","37.280932","127.044668"
"7806","2026-06-04T07:29:35.385476","37.28095","127.04465"
"7807","2026-06-04T07:29:35.385476","37.280967999999994","127.04463200000001"
"7808","2026-06-04T07:29:35.385476","37.280986","127.04461400000001"
"7809","2026-06-04T07:29:35.386481","37.281003999999996","127.044596"
"7810","2026-06-04T07:29:35.386481","37.281022","127.044578"
"7811","2026-06-04T07:29:35.386481","37.28088999999999","127.044734"
"7812","2026-06-04T07:29:35.386481","37.283477999999995","127.043322"
"7813","2026-06-04T07:29:35.386481","37.283496","127.043304"
"7814","2026-06-04T07:29:35.386481","37.283514","127.043286"
"7815","2026-06-04T07:29:35.388001","37.283532","127.043268"
"7816","2026-06-04T07:29:35.388001","37.28355","127.04325"
"7817","2026-06-04T07:29:35.388001","37.283567999999995","127.043232"
"7818","2026-06-04T07:29:35.389022","37.281577999999996","127.043322"
"7819","2026-06-04T07:29:35.389022","37.281596","127.043304"
"7820","2026-06-04T07:29:35.389022","37.281614","127.043286"
"7821","2026-06-04T07:29:35.390028","37.281632","127.043268"
"7822","2026-06-04T07:29:35.390028","37.28165","127.04325"
"7823","2026-06-04T07:29:35.390028","37.281667999999996","127.043232"
"7824","2026-06-04T07:29:35.390028","37.281686","127.043214"
"7825","2026-06-04T07:29:35.391021","37.281704","127.043196"
"7826","2026-06-04T07:29:35.391021","37.281722","127.043178"
"7827","2026-06-04T07:29:35.392017","37.281589999999994","127.043334"
"7828","2026-06-04T07:29:35.392017","37.281608","127.043316"
"7829","2026-06-04T07:29:35.392017","37.281625999999996","127.043298"
"7830","2026-06-04T07:29:35.393015","37.281644","127.04328"
"7831","2026-06-04T07:29:35.393015","37.281662","127.043262"
"7832","2026-06-04T07:29:35.394416","37.281679999999994","127.043244"
"7833","2026-06-04T07:29:35.394416","37.281698","127.043226"
"7834","2026-06-04T07:29:35.395430","37.281715999999996","127.04320799999999"
"7835","2026-06-04T07:29:35.395430","37.281734","127.04319"
"7836","2026-06-04T07:29:35.395430","37.281602","127.043346"
"7837","2026-06-04T07:29:35.395430","37.281620000000004","127.043328"
"7838","2026-06-04T07:29:35.396448","37.281638","127.04330999999999"
"7839","2026-06-04T07:29:35.396448","37.281656000000005","127.043292"
"7840","2026-06-04T07:29:35.396448","37.280778","127.045422"
"7841","2026-06-04T07:29:35.396448","37.280796","127.045404"
"7842","2026-06-04T07:29:35.397963","37.283778","127.043822"
"7843","2026-06-04T07:29:35.397963","37.283796","127.04380400000001"
"7844","2026-06-04T07:29:35.397963","37.283814","127.043786"
"7845","2026-06-04T07:29:35.397963","37.283832000000004","127.043768"
"7846","2026-06-04T07:29:35.398988","37.28385","127.04375"
"7847","2026-06-04T07:29:35.398988","37.283868","127.043732"
"7848","2026-06-04T07:29:35.398988","37.283886","127.04371400000001"
"7849","2026-06-04T07:29:35.399974","37.283904","127.043696"
"7850","2026-06-04T07:29:35.399974","37.283922000000004","127.043678"
"7851","2026-06-04T07:29:35.400970","37.283789999999996","127.043834"
"7852","2026-06-04T07:29:35.400970","37.283808","127.043816"
"7853","2026-06-04T07:29:35.401980","37.283826","127.043798"
"7854","2026-06-04T07:29:35.402972","37.283844","127.04378"
"7855","2026-06-04T07:29:35.402972","37.283862","127.043762"
"7856","2026-06-04T07:29:35.403995","37.283879999999996","127.043744"
"7857","2026-06-04T07:29:35.403995","37.283898","127.043726"
"7858","2026-06-04T07:29:35.403995","37.283916","127.043708"
"7859","2026-06-04T07:29:35.404985","37.283934","127.04369"
"7860","2026-06-04T07:29:35.404985","37.280677999999995","127.043822"
"7861","2026-06-04T07:29:35.404985","37.280477999999995","127.04432200000001"
"7862","2026-06-04T07:29:35.405983","37.280496","127.04430400000001"
"7863","2026-06-04T07:29:35.405983","37.280514","127.044286"
"7864","2026-06-04T07:29:35.406988","37.280532","127.044268"
"7865","2026-06-04T07:29:35.406988","37.28055","127.04425"
"7866","2026-06-04T07:29:35.406988","37.282377999999994","127.042522"
"7867","2026-06-04T07:29:35.407984","37.282396","127.04250400000001"
"7868","2026-06-04T07:29:35.407984","37.282413999999996","127.042486"
"7869","2026-06-04T07:29:35.408507","37.282432","127.042468"
"7870","2026-06-04T07:29:35.408507","37.28245","127.04245"
"7871","2026-06-04T07:29:35.409506","37.282467999999994","127.042432"
"7872","2026-06-04T07:29:35.409506","37.282486","127.04241400000001"
"7873","2026-06-04T07:29:35.410508","37.282503999999996","127.042396"
"7874","2026-06-04T07:29:35.410508","37.282522","127.042378"
"7875","2026-06-04T07:29:35.411508","37.28238999999999","127.042534"
"7876","2026-06-04T07:29:35.411508","37.282408","127.042516"
"7877","2026-06-04T07:29:35.411508","37.282425999999994","127.042498"
"7878","2026-06-04T07:29:35.412505","37.280828","127.044122"
"7879","2026-06-04T07:29:35.412505","37.280846000000004","127.044104"
"7880","2026-06-04T07:29:35.413517","37.280864","127.044086"
"7881","2026-06-04T07:29:35.413517","37.280882000000005","127.044068"
"7882","2026-06-04T07:29:35.413517","37.2809","127.04405"
"7883","2026-06-04T07:29:35.414503","37.280918","127.044032"
"7884","2026-06-04T07:29:35.414503","37.280936000000004","127.044014"
"7885","2026-06-04T07:29:35.414503","37.280954","127.04399599999999"
"7886","2026-06-04T07:29:35.415520","37.280578","127.046122"
"7887","2026-06-04T07:29:35.415520","37.280596","127.046104"
"7888","2026-06-04T07:29:35.416550","37.280614","127.04608599999999"
"7889","2026-06-04T07:29:35.416550","37.280632000000004","127.04606799999999"
"7890","2026-06-04T07:29:35.416550","37.28065","127.04605"
"7891","2026-06-04T07:29:35.418071","37.280668","127.046032"
"7892","2026-06-04T07:29:35.418071","37.280686","127.046014"
"7893","2026-06-04T07:29:35.418071","37.280704","127.04599599999999"
"7894","2026-06-04T07:29:35.419083","37.280722000000004","127.04597799999999"
"7895","2026-06-04T07:29:35.419083","37.28059","127.046134"
"7896","2026-06-04T07:29:35.419083","37.280608","127.046116"
"7897","2026-06-04T07:29:35.420097","37.280626","127.04609799999999"
"7898","2026-06-04T07:29:35.420097","37.280644","127.04607999999999"
"7899","2026-06-04T07:29:35.420097","37.280662","127.04606199999999"
"7900","2026-06-04T07:29:35.420097","37.28068","127.046044"
"7901","2026-06-04T07:29:35.421081","37.282678","127.04302200000001"
"7902","2026-06-04T07:29:35.421081","37.282696","127.04300400000001"
"7903","2026-06-04T07:29:35.422095","37.282714","127.042986"
"7904","2026-06-04T07:50:45.021392","37.283128","127.04517200000001"
"7905","2026-06-04T07:50:45.038393","37.282328","127.043972"
"7906","2026-06-04T07:50:45.039391","37.282346000000004","127.043954"
"7907","2026-06-04T07:50:45.040390","37.282364","127.04393599999999"
"7908","2026-06-04T07:50:45.041388","37.282382000000005","127.04391799999999"
"7909","2026-06-04T07:50:45.042388","37.2824","127.0439"
"7910","2026-06-04T07:50:45.042388","37.281628","127.04477200000001"
"7911","2026-06-04T07:50:45.043393","37.281646","127.04475400000001"
"7912","2026-06-04T07:50:45.044391","37.281664","127.044736"
"7913","2026-06-04T07:50:45.045390","37.281682","127.044718"
"7914","2026-06-04T07:50:45.045390","37.2817","127.0447"
"7915","2026-06-04T07:50:45.046394","37.281718","127.04468200000001"
"7916","2026-06-04T07:50:45.047387","37.281736","127.04466400000001"
"7917","2026-06-04T07:50:45.048386","37.281754","127.044646"
"7918","2026-06-04T07:50:45.048386","37.281772000000004","127.044628"
"7919","2026-06-04T07:50:45.049741","37.281639999999996","127.044784"
"7920","2026-06-04T07:50:45.049741","37.281658","127.04476600000001"
"7921","2026-06-04T07:50:45.050753","37.281676","127.044748"
"7922","2026-06-04T07:50:45.051751","37.282928","127.044172"
"7923","2026-06-04T07:50:45.051751","37.282946","127.044154"
"7924","2026-06-04T07:50:45.052751","37.282964","127.044136"
"7925","2026-06-04T07:50:45.053766","37.282982000000004","127.044118"
"7926","2026-06-04T07:50:45.054760","37.283","127.0441"
"7927","2026-06-04T07:50:45.054760","37.283018","127.044082"
"7928","2026-06-04T07:50:45.055764","37.283036","127.044064"
"7929","2026-06-04T07:50:45.056764","37.283054","127.044046"
"7930","2026-06-04T07:50:45.056764","37.282128","127.044972"
"7931","2026-06-04T07:50:45.057865","37.282146000000004","127.044954"
"7932","2026-06-04T07:50:45.057865","37.282164","127.04493599999999"
"7933","2026-06-04T07:50:45.058874","37.282182000000006","127.044918"
"7934","2026-06-04T07:50:45.059958","37.2822","127.0449"
"7935","2026-06-04T07:50:45.060967","37.282218","127.044882"
"7936","2026-06-04T07:50:45.061965","37.282236000000005","127.044864"
"7937","2026-06-04T07:50:45.061965","37.282254","127.04484599999999"
"7938","2026-06-04T07:50:45.062965","37.282272000000006","127.044828"
"7939","2026-06-04T07:50:45.063972","37.28214","127.044984"
"7940","2026-06-04T07:50:45.063972","37.282158","127.044966"
"7941","2026-06-04T07:50:45.063972","37.282176","127.04494799999999"
"7942","2026-06-04T07:50:45.065465","37.282194000000004","127.04493"
"7943","2026-06-04T07:50:45.067126","37.282212","127.044912"
"7944","2026-06-04T07:50:45.067839","37.28223","127.044894"
"7945","2026-06-04T07:50:45.069125","37.281828","127.043672"
"7946","2026-06-04T07:50:45.069125","37.281846","127.043654"
"7947","2026-06-04T07:50:45.070545","37.281864","127.04363599999999"
"7948","2026-06-04T07:50:45.070545","37.282627999999995","127.045472"
"7949","2026-06-04T07:50:45.071560","37.282646","127.045454"
"7950","2026-06-04T07:50:45.072559","37.282664","127.045436"
"7951","2026-06-04T07:50:45.072559","37.282682","127.045418"
"7952","2026-06-04T07:50:45.073563","37.2827","127.0454"
"7953","2026-06-04T07:50:45.074782","37.282717999999996","127.045382"
"7954","2026-06-04T07:50:45.074782","37.282736","127.045364"
"7955","2026-06-04T07:50:45.075794","37.282754","127.045346"
"7956","2026-06-04T07:50:45.075794","37.282772","127.045328"
"7957","2026-06-04T07:50:45.076793","37.282639999999994","127.045484"
"7958","2026-06-04T07:50:45.076793","37.283328","127.04437200000001"
"7959","2026-06-04T07:50:45.077854","37.283346","127.04435400000001"
"7960","2026-06-04T07:50:45.077854","37.283364","127.044336"
"7961","2026-06-04T07:50:45.078973","37.283382","127.044318"
"7962","2026-06-04T07:50:45.079981","37.2834","127.0443"
"7963","2026-06-04T07:50:45.080990","37.283418","127.04428200000001"
"7964","2026-06-04T07:50:45.080990","37.281727999999994","127.045272"
"7965","2026-06-04T07:50:45.081981","37.281746","127.045254"
"7966","2026-06-04T07:50:45.082983","37.281763999999995","127.04523599999999"
"7967","2026-06-04T07:50:45.084216","37.281782","127.04521799999999"
"7968","2026-06-04T07:50:45.084216","37.2818","127.0452"
"7969","2026-06-04T07:50:45.085227","37.281817999999994","127.045182"
"7970","2026-06-04T07:50:45.085227","37.281836","127.045164"
"7971","2026-06-04T07:50:45.086226","37.281853999999996","127.04514599999999"
"7972","2026-06-04T07:50:45.086226","37.281872","127.04512799999999"
"7973","2026-06-04T07:50:45.086226","37.28173999999999","127.045284"
"7974","2026-06-04T07:50:45.087630","37.281757999999996","127.045266"
"7975","2026-06-04T07:50:45.087630","37.281775999999994","127.04524799999999"
"7976","2026-06-04T07:50:45.088644","37.281794","127.04522999999999"
"7977","2026-06-04T07:50:45.089649","37.281811999999995","127.04521199999999"
"7978","2026-06-04T07:50:45.089649","37.28182999999999","127.045194"
"7979","2026-06-04T07:50:45.090645","37.281848","127.045176"
"7980","2026-06-04T07:50:45.091641","37.281865999999994","127.04515799999999"
"7981","2026-06-04T07:50:45.092640","37.281884","127.04513999999999"
"7982","2026-06-04T07:50:45.092640","37.281752","127.045296"
"7983","2026-06-04T07:50:45.094012","37.28177","127.045278"
"7984","2026-06-04T07:50:45.094012","37.281788","127.04525999999998"
"7985","2026-06-04T07:50:45.095026","37.281806","127.04524199999999"
"7986","2026-06-04T07:50:45.096027","37.282427999999996","127.043172"
"7987","2026-06-04T07:50:45.097027","37.282446","127.043154"
"7988","2026-06-04T07:50:45.098358","37.283027999999995","127.042972"
"7989","2026-06-04T07:50:45.099853","37.283046","127.04295400000001"
"7990","2026-06-04T07:50:45.100861","37.283063999999996","127.042936"
"7991","2026-06-04T07:50:45.101862","37.283082","127.042918"
"7992","2026-06-04T07:50:45.102866","37.2831","127.0429"
"7993","2026-06-04T07:50:45.103868","37.283117999999995","127.042882"
"7994","2026-06-04T07:50:45.103868","37.283136","127.04286400000001"
"7995","2026-06-04T07:50:45.104861","37.283153999999996","127.042846"
"7996","2026-06-04T07:50:45.105863","37.283172","127.042828"
"7997","2026-06-04T07:50:45.105863","37.28303999999999","127.042984"
"7998","2026-06-04T07:50:45.106863","37.283058","127.042966"
"7999","2026-06-04T07:50:45.106863","37.283075999999994","127.042948"
"8000","2026-06-04T07:50:45.107864","37.283094","127.04293"
"8001","2026-06-04T07:50:45.107864","37.283111999999996","127.042912"
"8002","2026-06-04T07:50:45.108864","37.28312999999999","127.042894"
"8003","2026-06-04T07:50:45.109862","37.283148","127.042876"
"8004","2026-06-04T07:50:45.109862","37.283165999999994","127.042858"
"8005","2026-06-04T07:50:45.110867","37.283184","127.04284"
"8006","2026-06-04T07:50:45.111867","37.281527999999994","127.044072"
"8007","2026-06-04T07:50:45.111867","37.28192799999999","127.042772"
"8008","2026-06-04T07:50:45.112861","37.281946","127.042754"
"8009","2026-06-04T07:50:45.113861","37.281963999999995","127.04273599999999"
"8010","2026-06-04T07:50:45.114871","37.281982","127.042718"
"8011","2026-06-04T07:50:45.114871","37.282","127.0427"
"8012","2026-06-04T07:50:45.115865","37.282928","127.044672"
"8013","2026-06-04T07:50:45.116867","37.282946","127.04465400000001"
"8014","2026-06-04T07:50:45.116867","37.282964","127.044636"
"8015","2026-06-04T07:50:45.117862","37.282982000000004","127.044618"
"8016","2026-06-04T07:50:45.117862","37.283","127.0446"
"8017","2026-06-04T07:50:45.118866","37.283018","127.044582"
"8018","2026-06-04T07:50:45.118866","37.283036","127.04456400000001"
"8019","2026-06-04T07:50:45.119866","37.283054","127.044546"
"8020","2026-06-04T07:50:45.119866","37.283072000000004","127.044528"
"8021","2026-06-04T07:50:45.120865","37.282939999999996","127.044684"
"8022","2026-06-04T07:50:45.121860","37.282958","127.044666"
"8023","2026-06-04T07:50:45.121860","37.282976","127.044648"
"8024","2026-06-04T07:50:45.122867","37.282728","127.043572"
"8025","2026-06-04T07:50:45.122867","37.282746","127.043554"
"8026","2026-06-04T07:50:45.123865","37.282764","127.04353599999999"
"8027","2026-06-04T07:50:45.124860","37.282782000000005","127.04351799999999"
"8028","2026-06-04T07:50:45.124860","37.2828","127.0435"
"8029","2026-06-04T07:50:45.125862","37.282818","127.043482"
"8030","2026-06-04T07:50:45.126953","37.282836","127.043464"
"8031","2026-06-04T07:50:45.128353","37.282854","127.04344599999999"
"8032","2026-06-04T07:50:45.129361","37.281428","127.044872"
"8033","2026-06-04T07:50:45.130363","37.281446","127.044854"
"8034","2026-06-04T07:50:45.131394","37.281464","127.04483599999999"
"8035","2026-06-04T07:50:45.131394","37.281482000000004","127.04481799999999"
"8036","2026-06-04T07:50:45.132393","37.2815","127.0448"
"8037","2026-06-04T07:50:45.132393","37.281518","127.044782"
"8038","2026-06-04T07:50:45.133396","37.281536","127.044764"
"8039","2026-06-04T07:50:45.133396","37.281554","127.04474599999999"
"8040","2026-06-04T07:50:45.134391","37.281572000000004","127.04472799999999"
"8041","2026-06-04T07:50:45.135399","37.281439999999996","127.044884"
"8042","2026-06-04T07:50:45.135399","37.281458","127.044866"
"8043","2026-06-04T07:50:45.136399","37.281476","127.04484799999999"
"8044","2026-06-04T07:50:45.136399","37.281494","127.04482999999999"
"8045","2026-06-04T07:50:45.137396","37.281512","127.044812"
"8046","2026-06-04T07:50:45.137396","37.28153","127.044794"
"8047","2026-06-04T07:50:45.138397","37.282528","127.045772"
"8048","2026-06-04T07:50:45.138397","37.282546","127.045754"
"8049","2026-06-04T07:50:45.139394","37.282564","127.04573599999999"
"8050","2026-06-04T07:50:45.139394","37.283427999999994","127.04387200000001"
"8051","2026-06-04T07:50:45.139394","37.283446","127.04385400000001"
"8052","2026-06-04T07:50:45.140398","37.283463999999995","127.043836"
"8053","2026-06-04T07:50:45.140398","37.283482","127.043818"
"8054","2026-06-04T07:50:45.141398","37.2835","127.0438"
"8055","2026-06-04T07:50:45.141398","37.283517999999994","127.04378200000001"
"8056","2026-06-04T07:50:45.142394","37.283536","127.04376400000001"
"8057","2026-06-04T07:50:45.142394","37.283553999999995","127.043746"
"8058","2026-06-04T07:50:45.143396","37.283572","127.043728"
"8059","2026-06-04T07:50:45.143396","37.28343999999999","127.043884"
"8060","2026-06-04T07:50:45.144399","37.281327999999995","127.04347200000001"
"8061","2026-06-04T07:50:45.144399","37.281346","127.04345400000001"
"8062","2026-06-04T07:50:45.145397","37.281363999999996","127.043436"
"8063","2026-06-04T07:50:45.145397","37.281382","127.043418"
"8064","2026-06-04T07:50:45.146398","37.2814","127.0434"
"8065","2026-06-04T07:50:45.146398","37.281417999999995","127.04338200000001"
"8066","2026-06-04T07:50:45.146398","37.283628","127.044972"
"8067","2026-06-04T07:50:45.147396","37.283646000000005","127.044954"
"8068","2026-06-04T07:50:45.148400","37.283664","127.04493599999999"
"8069","2026-06-04T07:50:45.148400","37.283682000000006","127.044918"
"8070","2026-06-04T07:50:45.149392","37.2837","127.0449"
"8071","2026-06-04T07:50:45.150393","37.283718","127.044882"
"8072","2026-06-04T07:50:45.151394","37.283736000000005","127.044864"
"8073","2026-06-04T07:50:45.151394","37.283754","127.04484599999999"
"8074","2026-06-04T07:50:45.152396","37.283772000000006","127.044828"
"8075","2026-06-04T07:50:45.152396","37.28364","127.044984"
"8076","2026-06-04T07:50:45.153409","37.283658","127.044966"
"8077","2026-06-04T07:50:45.153409","37.283676","127.04494799999999"
"8078","2026-06-04T07:50:45.154409","37.283694000000004","127.04493"
"8079","2026-06-04T07:50:45.154409","37.283712","127.044912"
"8080","2026-06-04T07:50:45.155410","37.28373","127.044894"
"8081","2026-06-04T07:50:45.156405","37.283748","127.044876"
"8082","2026-06-04T07:50:45.157412","37.283766","127.04485799999999"
"8083","2026-06-04T07:50:45.158406","37.283784000000004","127.04484"
"8084","2026-06-04T07:50:45.158406","37.283652000000004","127.044996"
"8085","2026-06-04T07:50:45.159407","37.28367000000001","127.044978"
"8086","2026-06-04T07:50:45.160404","37.283688000000005","127.04495999999999"
"8087","2026-06-04T07:50:45.160404","37.28370600000001","127.04494199999999"
"8088","2026-06-04T07:50:45.161412","37.282028","127.042572"
"8089","2026-06-04T07:50:45.161412","37.282046","127.04255400000001"
"8090","2026-06-04T07:50:45.162408","37.283927999999996","127.044172"
"8091","2026-06-04T07:50:45.162408","37.283946","127.044154"
"8092","2026-06-04T07:50:45.162408","37.283964","127.044136"
"8093","2026-06-04T07:50:45.163412","37.283982","127.044118"
"8094","2026-06-04T07:50:45.164410","37.284","127.0441"
"8095","2026-06-04T07:50:45.164410","37.284017999999996","127.044082"
"8096","2026-06-04T07:50:45.165407","37.284036","127.044064"
"8097","2026-06-04T07:50:45.165407","37.284054","127.044046"
"8098","2026-06-04T07:50:45.166405","37.284072","127.044028"
"8099","2026-06-04T07:50:45.166405","37.283939999999994","127.044184"
"8100","2026-06-04T07:50:45.166405","37.283958","127.044166"
"8101","2026-06-04T07:50:45.167912","37.283975999999996","127.04414799999999"
"8102","2026-06-04T07:50:45.167912","37.283994","127.04413"
"8103","2026-06-04T07:50:45.168924","37.284012","127.044112"
"8104","2026-06-04T07:50:45.168924","37.284029999999994","127.044094"
"8105","2026-06-04T07:50:45.169928","37.284048","127.044076"
"8106","2026-06-04T07:50:45.169928","37.284065999999996","127.04405799999999"
"8107","2026-06-04T07:50:45.169928","37.284084","127.04404"
"8108","2026-06-04T07:50:45.170925","37.281828","127.04607200000001"
"8109","2026-06-04T07:50:45.170925","37.282827999999995","127.046272"
"8110","2026-06-04T07:50:45.171921","37.282846","127.046254"
"8111","2026-06-04T07:50:45.171921","37.282864","127.046236"
"8112","2026-06-04T07:50:45.172923","37.282882","127.046218"
"8113","2026-06-04T07:50:45.172923","37.2829","127.0462"
"8114","2026-06-04T07:50:45.172923","37.281228","127.045672"
"8115","2026-06-04T07:50:45.173922","37.281246","127.045654"
"8116","2026-06-04T07:50:45.173922","37.281264","127.04563599999999"
"8117","2026-06-04T07:50:45.174919","37.281282000000004","127.04561799999999"
"8118","2026-06-04T07:50:45.174919","37.2813","127.0456"
"8119","2026-06-04T07:50:45.176922","37.281318","127.045582"
"8120","2026-06-04T07:50:45.178923","37.281336","127.045564"
"8121","2026-06-04T07:50:45.179921","37.281354","127.04554599999999"
"8122","2026-06-04T07:50:45.179921","37.281372000000005","127.04552799999999"
"8123","2026-06-04T07:50:45.180923","37.28124","127.045684"
"8124","2026-06-04T07:50:45.180923","37.281258","127.045666"
"8125","2026-06-04T07:50:45.181925","37.281276","127.04564799999999"
"8126","2026-06-04T07:50:45.181925","37.284028","127.043272"
"8127","2026-06-04T07:50:45.182923","37.284046000000004","127.043254"
"8128","2026-06-04T07:50:45.182923","37.284064","127.043236"
"8129","2026-06-04T07:50:45.183922","37.284082000000005","127.043218"
"8130","2026-06-04T07:50:45.183922","37.2841","127.0432"
"8131","2026-06-04T07:50:45.184922","37.284118","127.043182"
"8132","2026-06-04T07:50:45.184922","37.284136000000004","127.043164"
"8133","2026-06-04T07:50:45.184922","37.284154","127.043146"
"8134","2026-06-04T07:50:45.185922","37.281028","127.044272"
"8135","2026-06-04T07:50:45.185922","37.281046","127.04425400000001"
"8136","2026-06-04T07:50:45.185922","37.281064","127.044236"
"8137","2026-06-04T07:50:45.186927","37.281082000000005","127.044218"
"8138","2026-06-04T07:50:45.187924","37.2811","127.0442"
"8139","2026-06-04T07:50:45.187924","37.281118","127.044182"
"8140","2026-06-04T07:50:45.188920","37.281136000000004","127.04416400000001"
"8141","2026-06-04T07:50:45.189919","37.281154","127.044146"
"8142","2026-06-04T07:50:45.189919","37.281172000000005","127.044128"
"8143","2026-06-04T07:50:45.190918","37.28104","127.044284"
"8144","2026-06-04T07:50:45.190918","37.281058","127.04426600000001"
"8145","2026-06-04T07:50:45.190918","37.281076","127.044248"
"8146","2026-06-04T07:50:45.191922","37.281094","127.04423"
"8147","2026-06-04T07:50:45.193287","37.281112","127.044212"
"8148","2026-06-04T07:50:45.193287","37.28113","127.044194"
"8149","2026-06-04T07:50:45.193287","37.283828","127.045372"
"8150","2026-06-04T07:50:45.194302","37.283846000000004","127.045354"
"8151","2026-06-04T07:50:45.194302","37.283864","127.04533599999999"
"8152","2026-06-04T07:50:45.195301","37.282227999999996","127.04647200000001"
"8153","2026-06-04T07:50:45.195301","37.282246","127.04645400000001"
"8154","2026-06-04T07:50:45.196303","37.282264","127.046436"
"8155","2026-06-04T07:50:45.197300","37.282282","127.046418"
"8156","2026-06-04T07:50:45.198300","37.2823","127.0464"
"8157","2026-06-04T07:50:45.198300","37.282318","127.04638200000001"
"8158","2026-06-04T07:50:45.199435","37.282336","127.04636400000001"
"8159","2026-06-04T07:50:45.201450","37.282354","127.046346"
"8160","2026-06-04T07:50:45.201450","37.282372","127.046328"
"8161","2026-06-04T07:50:45.202448","37.282239999999994","127.046484"
"8162","2026-06-04T07:50:45.204449","37.280927999999996","127.043772"
"8163","2026-06-04T07:50:45.205449","37.280946","127.043754"
"8164","2026-06-04T07:50:45.205449","37.280964","127.043736"
"8165","2026-06-04T07:50:45.206454","37.280982","127.043718"
"8166","2026-06-04T07:50:45.206454","37.281","127.0437"
"8167","2026-06-04T07:50:45.207446","37.281017999999996","127.043682"
"8168","2026-06-04T07:50:45.207446","37.284127999999995","127.044872"
"8169","2026-06-04T07:50:45.208454","37.284146","127.044854"
"8170","2026-06-04T07:50:45.208454","37.284164","127.04483599999999"
"8171","2026-06-04T07:50:45.208454","37.284182","127.04481799999999"
"8172","2026-06-04T07:50:45.209451","37.2842","127.0448"
"8173","2026-06-04T07:50:45.209451","37.284217999999996","127.044782"
"8174","2026-06-04T07:50:45.210446","37.284236","127.044764"
"8175","2026-06-04T07:50:45.210446","37.284254","127.04474599999999"
"8176","2026-06-04T07:50:45.210446","37.284272","127.04472799999999"
"8177","2026-06-04T07:50:45.211454","37.284139999999994","127.044884"
"8178","2026-06-04T07:50:45.211454","37.284158","127.044866"
"8179","2026-06-04T07:50:45.211454","37.284175999999995","127.04484799999999"
"8180","2026-06-04T07:50:45.212449","37.284194","127.04482999999999"
"8181","2026-06-04T07:50:45.212449","37.284212","127.044812"
"8182","2026-06-04T07:50:45.212449","37.284229999999994","127.044794"
"8183","2026-06-04T07:50:45.213447","37.284248","127.044776"
"8184","2026-06-04T07:50:45.213447","37.284265999999995","127.04475799999999"
"8185","2026-06-04T07:50:45.213447","37.284284","127.04473999999999"
"8186","2026-06-04T07:50:45.214447","37.284152","127.044896"
"8187","2026-06-04T07:50:45.214447","37.28417","127.044878"
"8188","2026-06-04T07:50:45.214447","37.284188","127.04485999999999"
"8189","2026-06-04T07:50:45.214447","37.284206000000005","127.04484199999999"
"8190","2026-06-04T07:50:45.215447","37.283227999999994","127.046672"
"8191","2026-06-04T07:50:45.215447","37.283246","127.046654"
"8192","2026-06-04T07:50:45.216446","37.281127999999995","127.042972"
"8193","2026-06-04T07:50:45.216446","37.281146","127.04295400000001"
"8194","2026-06-04T07:50:45.216446","37.281164","127.042936"
"8195","2026-06-04T07:50:45.217446","37.281182","127.042918"
"8196","2026-06-04T07:50:45.217446","37.2812","127.0429"
"8197","2026-06-04T07:50:45.217446","37.281217999999996","127.042882"
"8198","2026-06-04T07:50:45.217446","37.281236","127.04286400000001"
"8199","2026-06-04T07:50:45.218447","37.281254","127.042846"
"8200","2026-06-04T07:50:45.218447","37.281272","127.042828"
"8201","2026-06-04T07:50:45.218447","37.28113999999999","127.042984"
"8202","2026-06-04T07:50:45.219447","37.281158","127.042966"
"8203","2026-06-04T07:50:45.219447","37.281175999999995","127.042948"
"8204","2026-06-04T07:50:45.219447","37.281194","127.04293"
"8205","2026-06-04T07:50:45.219447","37.281212","127.042912"
"8206","2026-06-04T07:50:45.220446","37.281229999999994","127.042894"
"8207","2026-06-04T07:50:45.220446","37.281248","127.042876"
"8208","2026-06-04T07:50:45.221446","37.281265999999995","127.042858"
"8209","2026-06-04T07:50:45.221446","37.281284","127.04284"
"8210","2026-06-04T07:50:45.221446","37.283128","127.04517200000001"
"8211","2026-06-04T07:50:45.222447","37.282128","127.045572"
"8212","2026-06-04T07:50:45.222447","37.282146000000004","127.04555400000001"
"8213","2026-06-04T07:50:45.222447","37.282164","127.045536"
"8214","2026-06-04T07:50:45.222447","37.282182000000006","127.045518"
"8215","2026-06-04T07:50:45.223447","37.2822","127.0455"
"8216","2026-06-04T07:50:45.223447","37.281628","127.04477200000001"
"8217","2026-06-04T07:50:45.224447","37.281646","127.04475400000001"
"8218","2026-06-04T07:50:45.224447","37.281664","127.044736"
"8219","2026-06-04T07:50:45.224447","37.281682","127.044718"
"8220","2026-06-04T07:50:45.225448","37.2817","127.0447"
"8221","2026-06-04T07:50:45.225448","37.281718","127.04468200000001"
"8222","2026-06-04T07:50:45.225448","37.281736","127.04466400000001"
"8223","2026-06-04T07:50:45.226457","37.281754","127.044646"
"8224","2026-06-04T07:50:45.226457","37.281772000000004","127.044628"
"8225","2026-06-04T07:50:45.226457","37.281639999999996","127.044784"
"8226","2026-06-04T07:50:45.227447","37.281658","127.04476600000001"
"8227","2026-06-04T07:50:45.227447","37.281676","127.044748"
"8228","2026-06-04T07:50:45.227447","37.282128","127.044972"
"8229","2026-06-04T07:50:45.227447","37.282146000000004","127.044954"
"8230","2026-06-04T07:50:45.228446","37.282164","127.04493599999999"
"8231","2026-06-04T07:50:45.228446","37.282182000000006","127.044918"
"8232","2026-06-04T07:50:45.228446","37.2822","127.0449"
"8233","2026-06-04T07:50:45.228446","37.282218","127.044882"
"8234","2026-06-04T07:50:45.229446","37.282236000000005","127.044864"
"8235","2026-06-04T07:50:45.229446","37.282254","127.04484599999999"
"8236","2026-06-04T07:50:45.230458","37.283328","127.04437200000001"
"8237","2026-06-04T07:50:45.230458","37.283346","127.04435400000001"
"8238","2026-06-04T07:50:45.231447","37.283364","127.044336"
"8239","2026-06-04T07:50:45.231447","37.283382","127.044318"
"8240","2026-06-04T07:50:45.231447","37.2834","127.0443"
"8241","2026-06-04T07:50:45.231447","37.283418","127.04428200000001"
"8242","2026-06-04T07:50:45.232446","37.283436","127.04426400000001"
"8243","2026-06-04T07:50:45.232446","37.283454","127.044246"
"8244","2026-06-04T07:50:45.232446","37.283472","127.044228"
"8245","2026-06-04T07:50:45.233446","37.283339999999995","127.04438400000001"
"8246","2026-06-04T07:50:45.233446","37.283358","127.04436600000001"
"8247","2026-06-04T07:50:45.234441","37.283376","127.044348"
"8248","2026-06-04T07:50:45.234441","37.283394","127.04433"
"8249","2026-06-04T07:50:45.234441","37.283412","127.044312"
"8250","2026-06-04T07:50:45.235446","37.283429999999996","127.04429400000001"
"8251","2026-06-04T07:50:45.235446","37.281327999999995","127.04387200000001"
"8252","2026-06-04T07:50:45.236446","37.281346","127.04385400000001"
"8253","2026-06-04T07:50:45.236446","37.281363999999996","127.043836"
"8254","2026-06-04T07:50:45.236446","37.282528","127.043272"
"8255","2026-06-04T07:50:45.236446","37.282546","127.043254"
"8256","2026-06-04T07:50:45.237446","37.282564","127.043236"
"8257","2026-06-04T07:50:45.237446","37.282582000000005","127.043218"
"8258","2026-06-04T07:50:45.238444","37.2826","127.0432"
"8259","2026-06-04T07:50:45.238444","37.282618","127.043182"
"8260","2026-06-04T07:50:45.238444","37.282636000000004","127.043164"
"8261","2026-06-04T07:50:45.239453","37.282654","127.043146"
"8262","2026-06-04T07:50:45.239453","37.282672000000005","127.043128"
"8263","2026-06-04T07:50:45.239453","37.28254","127.043284"
"8264","2026-06-04T07:50:45.240448","37.282728","127.04477200000001"
"8265","2026-06-04T07:50:45.240448","37.282746","127.04475400000001"
"8266","2026-06-04T07:50:45.241453","37.282764","127.044736"
"8267","2026-06-04T07:50:45.241453","37.282782000000005","127.044718"
"8268","2026-06-04T07:50:45.241453","37.2828","127.0447"
"8269","2026-06-04T07:50:45.241453","37.282818","127.04468200000001"
"8270","2026-06-04T07:50:45.242447","37.281727999999994","127.045072"
"8271","2026-06-04T07:50:45.242447","37.281746","127.04505400000001"
"8272","2026-06-04T07:50:45.242447","37.281763999999995","127.045036"
"8273","2026-06-04T07:50:45.243446","37.281782","127.045018"
"8274","2026-06-04T07:50:45.243446","37.2818","127.045"
"8275","2026-06-04T07:50:45.243446","37.281817999999994","127.044982"
"8276","2026-06-04T07:50:45.243446","37.281836","127.04496400000001"
"8277","2026-06-04T07:50:45.244446","37.281853999999996","127.044946"
"8278","2026-06-04T07:50:45.244446","37.281872","127.044928"
"8279","2026-06-04T07:50:45.244446","37.28173999999999","127.045084"
"8280","2026-06-04T07:50:45.245446","37.281757999999996","127.045066"
"8281","2026-06-04T07:50:45.245446","37.281775999999994","127.045048"
"8282","2026-06-04T07:50:45.245446","37.281794","127.04503"
"8283","2026-06-04T07:50:45.246446","37.281811999999995","127.045012"
"8284","2026-06-04T07:50:45.246446","37.28182999999999","127.044994"
"8285","2026-06-04T07:50:45.246446","37.281848","127.044976"
"8286","2026-06-04T07:50:45.247456","37.281865999999994","127.044958"
"8287","2026-06-04T07:50:45.248448","37.281884","127.04494"
"8288","2026-06-04T07:50:45.250443","37.281752","127.045096"
"8289","2026-06-04T07:50:45.250443","37.28177","127.045078"
"8290","2026-06-04T07:50:45.251504","37.281788","127.04505999999999"
"8291","2026-06-04T07:50:45.251504","37.281806","127.045042"
"8292","2026-06-04T07:50:45.252518","37.283027999999995","127.043572"
"8293","2026-06-04T07:50:45.253529","37.283046","127.043554"
"8294","2026-06-04T07:50:45.253529","37.281428","127.044672"
"8295","2026-06-04T07:50:45.254527","37.281446","127.04465400000001"
"8296","2026-06-04T07:50:45.254527","37.281464","127.044636"
"8297","2026-06-04T07:50:45.255659","37.281482000000004","127.044618"
"8298","2026-06-04T07:50:45.255659","37.2815","127.0446"
"8299","2026-06-04T07:50:45.256671","37.281518","127.044582"
"8300","2026-06-04T07:50:45.256671","37.281536","127.04456400000001"
"8301","2026-06-04T07:50:45.256671","37.281554","127.044546"
"8302","2026-06-04T07:50:45.257671","37.281572000000004","127.044528"
"8303","2026-06-04T07:50:45.257671","37.281439999999996","127.044684"
"8304","2026-06-04T07:50:45.257671","37.281458","127.044666"
"8305","2026-06-04T07:50:45.258670","37.281476","127.044648"
"8306","2026-06-04T07:50:45.258670","37.281494","127.04463"
"8307","2026-06-04T07:50:45.258670","37.281512","127.044612"
"8308","2026-06-04T07:50:45.258670","37.28153","127.044594"
"8309","2026-06-04T07:50:45.259670","37.281548","127.044576"
"8310","2026-06-04T07:50:45.259670","37.281566","127.044558"
"8311","2026-06-04T07:50:45.259670","37.281584","127.04454"
"8312","2026-06-04T07:50:45.259670","37.299927999999994","127.100072"
"8313","2026-06-04T07:50:45.260670","37.282328","127.045872"
"8314","2026-06-04T07:50:45.260670","37.282346000000004","127.045854"
"8315","2026-06-04T07:50:45.260670","37.282364","127.045836"
"8316","2026-06-04T07:50:45.260670","37.282382000000005","127.045818"
"8317","2026-06-04T07:50:45.261670","37.2824","127.0458"
"8318","2026-06-04T07:50:45.261670","37.283427999999994","127.045072"
"8319","2026-06-04T07:50:45.261670","37.283446","127.04505400000001"
"8320","2026-06-04T07:50:45.261670","37.283463999999995","127.045036"
"8321","2026-06-04T07:50:45.261670","37.283482","127.045018"
"8322","2026-06-04T07:50:45.262670","37.2835","127.045"
"8323","2026-06-04T07:50:45.262670","37.283517999999994","127.044982"
"8324","2026-06-04T07:50:45.262670","37.283536","127.04496400000001"
"8325","2026-06-04T07:50:45.263670","37.283553999999995","127.044946"
"8326","2026-06-04T07:50:45.263670","37.283572","127.044928"
"8327","2026-06-04T07:50:45.263670","37.28343999999999","127.045084"
"8328","2026-06-04T07:50:45.263670","37.283457999999996","127.045066"
"8329","2026-06-04T07:50:45.264670","37.28347599999999","127.045048"
"8330","2026-06-04T07:50:45.264670","37.281028","127.045472"
"8331","2026-06-04T07:50:45.264670","37.281046","127.045454"
"8332","2026-06-04T07:50:45.265670","37.281064","127.045436"
"8333","2026-06-04T07:50:45.265670","37.281082000000005","127.045418"
"8334","2026-06-04T07:50:45.265670","37.2811","127.0454"
"8335","2026-06-04T07:50:45.265670","37.281118","127.045382"
"8336","2026-06-04T07:50:45.266670","37.281136000000004","127.045364"
"8337","2026-06-04T07:50:45.266670","37.281154","127.045346"
"8338","2026-06-04T07:50:45.266670","37.282928","127.04607200000001"
"8339","2026-06-04T07:50:45.266670","37.282946","127.04605400000001"
"8340","2026-06-04T07:50:45.266670","37.282964","127.046036"
"8341","2026-06-04T07:50:45.266670","37.282982000000004","127.046018"
"8342","2026-06-04T07:50:45.266670","37.283","127.046"
"8343","2026-06-04T07:50:45.268181","37.283018","127.04598200000001"
"8344","2026-06-04T07:50:45.268181","37.283036","127.04596400000001"
"8345","2026-06-04T07:50:45.268181","37.283054","127.045946"
"8346","2026-06-04T07:50:45.268181","37.283072000000004","127.045928"
"8347","2026-06-04T07:50:45.269197","37.282939999999996","127.04608400000001"
"8348","2026-06-04T07:50:45.269197","37.282958","127.04606600000001"
"8349","2026-06-04T07:50:45.269197","37.282976","127.046048"
"8350","2026-06-04T07:50:45.269197","37.282994","127.04603"
"8351","2026-06-04T07:50:45.270195","37.283012","127.046012"
"8352","2026-06-04T07:50:45.270195","37.28303","127.04599400000001"
"8353","2026-06-04T07:50:45.270195","37.281828","127.045972"
"8354","2026-06-04T07:50:45.270195","37.281846","127.04595400000001"
"8355","2026-06-04T07:50:45.271195","37.281864","127.045936"
"8356","2026-06-04T07:50:45.271195","37.283528","127.044072"
"8357","2026-06-04T07:50:45.271195","37.283546","127.044054"
"8358","2026-06-04T07:50:45.272198","37.283564","127.04403599999999"
"8359","2026-06-04T07:50:45.272198","37.283582","127.044018"
"8360","2026-06-04T07:50:45.272198","37.2836","127.044"
"8361","2026-06-04T07:50:45.273206","37.283618","127.043982"
"8362","2026-06-04T07:50:45.273206","37.283636","127.043964"
"8363","2026-06-04T07:50:45.273206","37.283654","127.04394599999999"
"8364","2026-06-04T07:50:45.273206","37.283672","127.043928"
"8365","2026-06-04T07:50:45.274196","37.283539999999995","127.044084"
"8366","2026-06-04T07:50:45.274196","37.282227999999996","127.043172"
"8367","2026-06-04T07:50:45.274196","37.282246","127.043154"
"8368","2026-06-04T07:50:45.274196","37.282264","127.04313599999999"
"8369","2026-06-04T07:50:45.274196","37.282282","127.04311799999999"
"8370","2026-06-04T07:50:45.275195","37.2823","127.0431"
"8371","2026-06-04T07:50:45.275195","37.282318","127.043082"
"8372","2026-06-04T07:50:45.275195","37.283227999999994","127.043772"
"8373","2026-06-04T07:50:45.275195","37.283246","127.043754"
"8374","2026-06-04T07:50:45.276195","37.283263999999996","127.043736"
"8375","2026-06-04T07:50:45.276195","37.283282","127.043718"
"8376","2026-06-04T07:50:45.276195","37.2833","127.0437"
"8377","2026-06-04T07:50:45.276195","37.283317999999994","127.043682"
"8378","2026-06-04T07:50:45.277195","37.283336","127.043664"
"8379","2026-06-04T07:50:45.277195","37.283353999999996","127.043646"
"8380","2026-06-04T07:50:45.277195","37.283372","127.043628"
"8381","2026-06-04T07:50:45.277195","37.28323999999999","127.043784"
"8382","2026-06-04T07:50:45.278195","37.283258","127.043766"
"8383","2026-06-04T07:50:45.278195","37.283275999999994","127.043748"
"8384","2026-06-04T07:50:45.278195","37.283294","127.04373"
"8385","2026-06-04T07:50:45.278195","37.283311999999995","127.043712"
"8386","2026-06-04T07:50:45.279195","37.28332999999999","127.043694"
"8387","2026-06-04T07:50:45.279195","37.283348","127.043676"
"8388","2026-06-04T07:50:45.279195","37.283365999999994","127.043658"
"8389","2026-06-04T07:50:45.279195","37.283384","127.04364"
"8390","2026-06-04T07:50:45.280193","37.283252","127.043796"
"8391","2026-06-04T07:50:45.280193","37.28327","127.043778"
"8392","2026-06-04T07:50:45.280193","37.283288","127.04375999999999"
"8393","2026-06-04T07:50:45.280193","37.283306","127.043742"
"8394","2026-06-04T07:50:45.281195","37.28192799999999","127.046272"
"8395","2026-06-04T07:50:45.281195","37.281946","127.046254"
"8396","2026-06-04T07:50:45.281195","37.281228","127.04347200000001"
"8397","2026-06-04T07:50:45.281195","37.281246","127.04345400000001"
"8398","2026-06-04T07:50:45.282196","37.281264","127.043436"
"8399","2026-06-04T07:50:45.282196","37.281282000000004","127.043418"
"8400","2026-06-04T07:50:45.282196","37.2813","127.0434"
"8401","2026-06-04T07:50:45.282196","37.281318","127.04338200000001"
"8402","2026-06-04T07:50:45.283195","37.281336","127.04336400000001"
"8403","2026-06-04T07:50:45.283195","37.281354","127.043346"
"8404","2026-06-04T07:50:45.283195","37.281372000000005","127.043328"
"8405","2026-06-04T07:50:45.283195","37.28124","127.043484"
"8406","2026-06-04T07:50:45.284195","37.281258","127.04346600000001"
"8407","2026-06-04T07:50:45.284195","37.281276","127.043448"
"8408","2026-06-04T07:50:45.284195","37.281294","127.04343"
"8409","2026-06-04T07:50:45.284195","37.281312","127.043412"
"8410","2026-06-04T07:50:45.284195","37.28133","127.043394"
"8411","2026-06-04T07:50:45.285195","37.281348","127.04337600000001"
"8412","2026-06-04T07:50:45.285195","37.281366","127.043358"
"8413","2026-06-04T07:50:45.285195","37.281384","127.04334"
"8414","2026-06-04T07:50:45.285195","37.282478","127.046422"
"8415","2026-06-04T07:50:45.286195","37.283677999999995","127.045422"
"8416","2026-06-04T07:50:45.287191","37.283696","127.045404"
"8417","2026-06-04T07:50:45.288398","37.283713999999996","127.045386"
"8418","2026-06-04T07:50:45.289456","37.283732","127.045368"
"8419","2026-06-04T07:50:45.289456","37.28375","127.04535"
"8420","2026-06-04T07:50:45.290452","37.281678","127.046522"
"8421","2026-06-04T07:50:45.290452","37.281696000000004","127.046504"
"8422","2026-06-04T07:50:45.291451","37.281714","127.04648599999999"
"8423","2026-06-04T07:50:45.291451","37.281732000000005","127.04646799999999"
"8424","2026-06-04T07:50:45.292453","37.28175","127.04645"
"8425","2026-06-04T07:50:45.292453","37.281768","127.046432"
"8426","2026-06-04T07:50:45.293451","37.281786000000004","127.046414"
"8427","2026-06-04T07:50:45.293451","37.281804","127.04639599999999"
"8428","2026-06-04T07:50:45.294452","37.281822000000005","127.04637799999999"
"8429","2026-06-04T07:50:45.294452","37.28169","127.046534"
"8430","2026-06-04T07:50:45.295460","37.281708","127.046516"
"8431","2026-06-04T07:50:45.295460","37.281726","127.04649799999999"
"8432","2026-06-04T07:50:45.296594","37.281378","127.045922"
"8433","2026-06-04T07:50:45.296594","37.281396","127.04590400000001"
"8434","2026-06-04T07:50:45.297103","37.281414","127.045886"
"8435","2026-06-04T07:50:45.297103","37.281432","127.045868"
"8436","2026-06-04T07:50:45.297103","37.28145","127.04585"
"8437","2026-06-04T07:50:45.297103","37.281468","127.045832"
"8438","2026-06-04T07:50:45.298117","37.281486","127.04581400000001"
"8439","2026-06-04T07:50:45.298117","37.281504","127.045796"
"8440","2026-06-04T07:50:45.298117","37.282078","127.046672"
"8441","2026-06-04T07:50:45.298117","37.282096","127.046654"
"8442","2026-06-04T07:50:45.298117","37.282114","127.04663599999999"
"8443","2026-06-04T07:50:45.298117","37.282132000000004","127.046618"
"8444","2026-06-04T07:50:45.299117","37.28215","127.0466"
"8445","2026-06-04T07:50:45.299117","37.282168","127.046582"
"8446","2026-06-04T07:50:45.299117","37.282186","127.046564"
"8447","2026-06-04T07:50:45.299117","37.282204","127.04654599999999"
"8448","2026-06-04T07:50:45.299117","37.282222000000004","127.046528"
"8449","2026-06-04T07:50:45.300118","37.28209","127.046684"
"8450","2026-06-04T07:50:45.300118","37.282108","127.046666"
"8451","2026-06-04T07:50:45.300118","37.282126","127.04664799999999"
"8452","2026-06-04T07:50:45.300118","37.282144","127.04663"
"8453","2026-06-04T07:50:45.300118","37.282162","127.046612"
"8454","2026-06-04T07:50:45.301117","37.28218","127.046594"
"8455","2026-06-04T07:50:45.301117","37.283077999999996","127.045972"
"8456","2026-06-04T07:50:45.301117","37.283096","127.04595400000001"
"8457","2026-06-04T07:50:45.301117","37.283114","127.045936"
"8458","2026-06-04T07:50:45.302117","37.280877999999994","127.04472200000001"
"8459","2026-06-04T07:50:45.302117","37.280896","127.04470400000001"
"8460","2026-06-04T07:50:45.302117","37.280913999999996","127.044686"
"8461","2026-06-04T07:50:45.302117","37.280932","127.044668"
"8462","2026-06-04T07:50:45.302117","37.28095","127.04465"
"8463","2026-06-04T07:50:45.303116","37.280967999999994","127.04463200000001"
"8464","2026-06-04T07:50:45.303116","37.280986","127.04461400000001"
"8465","2026-06-04T07:50:45.303116","37.281003999999996","127.044596"
"8466","2026-06-04T07:50:45.304118","37.281022","127.044578"
"8467","2026-06-04T07:50:45.304118","37.28088999999999","127.044734"
"8468","2026-06-04T07:50:45.304118","37.283477999999995","127.043322"
"8469","2026-06-04T07:50:45.304118","37.283496","127.043304"
"8470","2026-06-04T07:50:45.305118","37.283514","127.043286"
"8471","2026-06-04T07:50:45.305118","37.283532","127.043268"
"8472","2026-06-04T07:50:45.305118","37.28355","127.04325"
"8473","2026-06-04T07:50:45.306123","37.283567999999995","127.043232"
"8474","2026-06-04T07:50:45.306123","37.281577999999996","127.043322"
"8475","2026-06-04T07:50:45.306123","37.281596","127.043304"
"8476","2026-06-04T07:50:45.306123","37.281614","127.043286"
"8477","2026-06-04T07:50:45.306123","37.281632","127.043268"
"8478","2026-06-04T07:50:45.307118","37.28165","127.04325"
"8479","2026-06-04T07:50:45.307118","37.281667999999996","127.043232"
"8480","2026-06-04T07:50:45.307118","37.281686","127.043214"
"8481","2026-06-04T07:50:45.307118","37.281704","127.043196"
"8482","2026-06-04T07:50:45.307118","37.281722","127.043178"
"8483","2026-06-04T07:50:45.307118","37.281589999999994","127.043334"
"8484","2026-06-04T07:50:45.308117","37.281608","127.043316"
"8485","2026-06-04T07:50:45.308117","37.281625999999996","127.043298"
"8486","2026-06-04T07:50:45.308117","37.281644","127.04328"
"8487","2026-06-04T07:50:45.308117","37.281662","127.043262"
"8488","2026-06-04T07:50:45.308117","37.281679999999994","127.043244"
"8489","2026-06-04T07:50:45.309117","37.281698","127.043226"
"8490","2026-06-04T07:50:45.309117","37.281715999999996","127.04320799999999"
"8491","2026-06-04T07:50:45.309117","37.281734","127.04319"
"8492","2026-06-04T07:50:45.309117","37.281602","127.043346"
"8493","2026-06-04T07:50:45.309117","37.281620000000004","127.043328"
"8494","2026-06-04T07:50:45.310119","37.281638","127.04330999999999"
"8495","2026-06-04T07:50:45.310119","37.281656000000005","127.043292"
"8496","2026-06-04T07:50:45.310119","37.280778","127.045422"
"8497","2026-06-04T07:50:45.310119","37.280796","127.045404"
"8498","2026-06-04T07:50:45.310119","37.283778","127.043822"
"8499","2026-06-04T07:50:45.310119","37.283796","127.04380400000001"
"8500","2026-06-04T07:50:45.311117","37.283814","127.043786"
"8501","2026-06-04T07:50:45.311117","37.283832000000004","127.043768"
"8502","2026-06-04T07:50:45.311117","37.28385","127.04375"
"8503","2026-06-04T07:50:45.311117","37.283868","127.043732"
"8504","2026-06-04T07:50:45.311117","37.283886","127.04371400000001"
"8505","2026-06-04T07:50:45.312118","37.283904","127.043696"
"8506","2026-06-04T07:50:45.312118","37.283922000000004","127.043678"
"8507","2026-06-04T07:50:45.312118","37.283789999999996","127.043834"
"8508","2026-06-04T07:50:45.312118","37.283808","127.043816"
"8509","2026-06-04T07:50:45.312118","37.283826","127.043798"
"8510","2026-06-04T07:50:45.313118","37.283844","127.04378"
"8511","2026-06-04T07:50:45.313118","37.283862","127.043762"
"8512","2026-06-04T07:50:45.313118","37.283879999999996","127.043744"
"8513","2026-06-04T07:50:45.313118","37.283898","127.043726"
"8514","2026-06-04T07:50:45.314117","37.283916","127.043708"
"8515","2026-06-04T07:50:45.314117","37.283934","127.04369"
"8516","2026-06-04T07:50:45.314117","37.280677999999995","127.043822"
"8517","2026-06-04T07:50:45.314117","37.280477999999995","127.04432200000001"
"8518","2026-06-04T07:50:45.314117","37.280496","127.04430400000001"
"8519","2026-06-04T07:50:45.315117","37.280514","127.044286"
"8520","2026-06-04T07:50:45.315117","37.280532","127.044268"
"8521","2026-06-04T07:50:45.315117","37.28055","127.04425"
"8522","2026-06-04T07:50:45.315117","37.282377999999994","127.042522"
"8523","2026-06-04T07:50:45.315117","37.282396","127.04250400000001"
"8524","2026-06-04T07:50:45.316117","37.282413999999996","127.042486"
"8525","2026-06-04T07:50:45.316117","37.282432","127.042468"
"8526","2026-06-04T07:50:45.316117","37.28245","127.04245"
"8527","2026-06-04T07:50:45.316117","37.282467999999994","127.042432"
"8528","2026-06-04T07:50:45.316117","37.282486","127.04241400000001"
"8529","2026-06-04T07:50:45.317116","37.282503999999996","127.042396"
"8530","2026-06-04T07:50:45.317116","37.282522","127.042378"
"8531","2026-06-04T07:50:45.317116","37.28238999999999","127.042534"
"8532","2026-06-04T07:50:45.317116","37.282408","127.042516"
"8533","2026-06-04T07:50:45.317116","37.282425999999994","127.042498"
"8534","2026-06-04T07:50:45.317116","37.280828","127.044122"
"8535","2026-06-04T07:50:45.318118","37.280846000000004","127.044104"
"8536","2026-06-04T07:50:45.318118","37.280864","127.044086"
"8537","2026-06-04T07:50:45.318118","37.280882000000005","127.044068"
"8538","2026-06-04T07:50:45.318118","37.2809","127.04405"
"8539","2026-06-04T07:50:45.318118","37.280918","127.044032"
"8540","2026-06-04T07:50:45.319117","37.280936000000004","127.044014"
"8541","2026-06-04T07:50:45.319117","37.280954","127.04399599999999"
"8542","2026-06-04T07:50:45.319117","37.280578","127.046122"
"8543","2026-06-04T07:50:45.320118","37.280596","127.046104"
"8544","2026-06-04T07:50:45.320118","37.280614","127.04608599999999"
"8545","2026-06-04T07:50:45.320118","37.280632000000004","127.04606799999999"
"8546","2026-06-04T07:50:45.320118","37.28065","127.04605"
"8547","2026-06-04T07:50:45.320118","37.280668","127.046032"
"8548","2026-06-04T07:50:45.321117","37.280686","127.046014"
"8549","2026-06-04T07:50:45.321117","37.280704","127.04599599999999"
"8550","2026-06-04T07:50:45.321117","37.280722000000004","127.04597799999999"
"8551","2026-06-04T07:50:45.321117","37.28059","127.046134"
"8552","2026-06-04T07:50:45.322118","37.280608","127.046116"
"8553","2026-06-04T07:50:45.322118","37.280626","127.04609799999999"
"8554","2026-06-04T07:50:45.322118","37.280644","127.04607999999999"
"8555","2026-06-04T07:50:45.322118","37.280662","127.04606199999999"
"8556","2026-06-04T07:50:45.322118","37.28068","127.046044"
"8557","2026-06-04T07:50:45.323116","37.282678","127.04302200000001"
"8558","2026-06-04T07:50:45.323116","37.282696","127.04300400000001"
"8559","2026-06-04T07:50:45.323116","37.282714","127.042986"
"8560","2026-06-04T08:13:35.631227","37.283128","127.04517200000001"
"8561","2026-06-04T08:13:35.652230","37.282328","127.043972"
"8562","2026-06-04T08:13:35.653228","37.282346000000004","127.043954"
"8563","2026-06-04T08:13:35.655228","37.282364","127.04393599999999"
"8564","2026-06-04T08:13:35.656229","37.282382000000005","127.04391799999999"
"8565","2026-06-04T08:13:35.657227","37.2824","127.0439"
"8566","2026-06-04T08:13:35.658228","37.281628","127.04477200000001"
"8567","2026-06-04T08:13:35.659228","37.281646","127.04475400000001"
"8568","2026-06-04T08:13:35.660230","37.281664","127.044736"
"8569","2026-06-04T08:13:35.661234","37.281682","127.044718"
"8570","2026-06-04T08:13:35.662235","37.2817","127.0447"
"8571","2026-06-04T08:13:35.663228","37.281718","127.04468200000001"
"8572","2026-06-04T08:13:35.663228","37.281736","127.04466400000001"
"8573","2026-06-04T08:13:35.664227","37.281754","127.044646"
"8574","2026-06-04T08:13:35.665228","37.281772000000004","127.044628"
"8575","2026-06-04T08:13:35.667231","37.281639999999996","127.044784"
"8576","2026-06-04T08:13:35.668230","37.281658","127.04476600000001"
"8577","2026-06-04T08:13:35.668230","37.281676","127.044748"
"8578","2026-06-04T08:13:35.669229","37.282928","127.044172"
"8579","2026-06-04T08:13:35.670229","37.282946","127.044154"
"8580","2026-06-04T08:13:35.672231","37.282964","127.044136"
"8581","2026-06-04T08:13:35.673228","37.282982000000004","127.044118"
"8582","2026-06-04T08:13:35.674229","37.283","127.0441"
"8583","2026-06-04T08:13:35.675228","37.283018","127.044082"
"8584","2026-06-04T08:13:35.675228","37.283036","127.044064"
"8585","2026-06-04T08:13:35.676224","37.283054","127.044046"
"8586","2026-06-04T08:13:35.677226","37.282128","127.044972"
"8587","2026-06-04T08:13:35.677226","37.282146000000004","127.044954"
"8588","2026-06-04T08:13:35.678226","37.282164","127.04493599999999"
"8589","2026-06-04T08:13:35.679228","37.282182000000006","127.044918"
"8590","2026-06-04T08:13:35.680226","37.2822","127.0449"
"8591","2026-06-04T08:13:35.682394","37.282218","127.044882"
"8592","2026-06-04T08:13:35.683408","37.282236000000005","127.044864"
"8593","2026-06-04T08:13:35.684406","37.282254","127.04484599999999"
"8594","2026-06-04T08:13:35.685404","37.282272000000006","127.044828"
"8595","2026-06-04T08:13:35.686404","37.28214","127.044984"
"8596","2026-06-04T08:13:35.687401","37.282158","127.044966"
"8597","2026-06-04T08:13:35.688403","37.282176","127.04494799999999"
"8598","2026-06-04T08:13:35.689402","37.282194000000004","127.04493"
"8599","2026-06-04T08:13:35.690404","37.282212","127.044912"
"8600","2026-06-04T08:13:35.691411","37.28223","127.044894"
"8601","2026-06-04T08:13:35.692405","37.281828","127.043672"
"8602","2026-06-04T08:13:35.693411","37.281846","127.043654"
"8603","2026-06-04T08:13:35.694917","37.281864","127.04363599999999"
"8604","2026-06-04T08:13:35.695423","37.282627999999995","127.045472"
"8605","2026-06-04T08:13:35.696430","37.282646","127.045454"
"8606","2026-06-04T08:13:35.696430","37.282664","127.045436"
"8607","2026-06-04T08:13:35.697644","37.282682","127.045418"
"8608","2026-06-04T08:13:35.698655","37.2827","127.0454"
"8609","2026-06-04T08:13:35.700655","37.282717999999996","127.045382"
"8610","2026-06-04T08:13:35.700655","37.282736","127.045364"
"8611","2026-06-04T08:13:35.702064","37.282754","127.045346"
"8612","2026-06-04T08:13:35.703075","37.282772","127.045328"
"8613","2026-06-04T08:13:35.703075","37.282639999999994","127.045484"
"8614","2026-06-04T08:13:35.704075","37.283328","127.04437200000001"
"8615","2026-06-04T08:13:35.705075","37.283346","127.04435400000001"
"8616","2026-06-04T08:13:35.706075","37.283364","127.044336"
"8617","2026-06-04T08:13:35.706581","37.283382","127.044318"
"8618","2026-06-04T08:13:35.707592","37.2834","127.0443"
"8619","2026-06-04T08:13:35.708594","37.283418","127.04428200000001"
"8620","2026-06-04T08:13:35.709593","37.281727999999994","127.045272"
"8621","2026-06-04T08:13:35.710591","37.281746","127.045254"
"8622","2026-06-04T08:13:35.711590","37.281763999999995","127.04523599999999"
"8623","2026-06-04T08:13:35.713526","37.281782","127.04521799999999"
"8624","2026-06-04T08:13:35.714690","37.2818","127.0452"
"8625","2026-06-04T08:13:35.715704","37.281817999999994","127.045182"
"8626","2026-06-04T08:13:35.716703","37.281836","127.045164"
"8627","2026-06-04T08:13:35.717702","37.281853999999996","127.04514599999999"
"8628","2026-06-04T08:13:35.718703","37.281872","127.04512799999999"
"8629","2026-06-04T08:13:35.720149","37.28173999999999","127.045284"
"8630","2026-06-04T08:13:35.720149","37.281757999999996","127.045266"
"8631","2026-06-04T08:13:35.721164","37.281775999999994","127.04524799999999"
"8632","2026-06-04T08:13:35.722163","37.281794","127.04522999999999"
"8633","2026-06-04T08:13:35.723164","37.281811999999995","127.04521199999999"
"8634","2026-06-04T08:13:35.724162","37.28182999999999","127.045194"
"8635","2026-06-04T08:13:35.725164","37.281848","127.045176"
"8636","2026-06-04T08:13:35.726161","37.281865999999994","127.04515799999999"
"8637","2026-06-04T08:13:35.727161","37.281884","127.04513999999999"
"8638","2026-06-04T08:13:35.727161","37.281752","127.045296"
"8639","2026-06-04T08:13:35.728507","37.28177","127.045278"
"8640","2026-06-04T08:13:35.729524","37.281788","127.04525999999998"
"8641","2026-06-04T08:13:35.730520","37.281806","127.04524199999999"
"8642","2026-06-04T08:13:35.730520","37.282427999999996","127.043172"
"8643","2026-06-04T08:13:35.731521","37.282446","127.043154"
"8644","2026-06-04T08:13:35.733516","37.283027999999995","127.042972"
"8645","2026-06-04T08:13:35.734761","37.283046","127.04295400000001"
"8646","2026-06-04T08:13:35.735770","37.283063999999996","127.042936"
"8647","2026-06-04T08:13:35.737771","37.283082","127.042918"
"8648","2026-06-04T08:13:35.738769","37.2831","127.0429"
"8649","2026-06-04T08:13:35.739773","37.283117999999995","127.042882"
"8650","2026-06-04T08:13:35.739773","37.283136","127.04286400000001"
"8651","2026-06-04T08:13:35.740771","37.283153999999996","127.042846"
"8652","2026-06-04T08:13:35.741772","37.283172","127.042828"
"8653","2026-06-04T08:13:35.741772","37.28303999999999","127.042984"
"8654","2026-06-04T08:13:35.742769","37.283058","127.042966"
"8655","2026-06-04T08:13:35.743944","37.283075999999994","127.042948"
"8656","2026-06-04T08:13:35.743944","37.283094","127.04293"
"8657","2026-06-04T08:13:35.744957","37.283111999999996","127.042912"
"8658","2026-06-04T08:13:35.745956","37.28312999999999","127.042894"
"8659","2026-06-04T08:13:35.746957","37.283148","127.042876"
"8660","2026-06-04T08:13:35.746957","37.283165999999994","127.042858"
"8661","2026-06-04T08:13:35.747951","37.283184","127.04284"
"8662","2026-06-04T08:13:35.748957","37.281527999999994","127.044072"
"8663","2026-06-04T08:13:35.748957","37.28192799999999","127.042772"
"8664","2026-06-04T08:13:35.749954","37.281946","127.042754"
"8665","2026-06-04T08:13:35.750960","37.281963999999995","127.04273599999999"
"8666","2026-06-04T08:13:35.751954","37.281982","127.042718"
"8667","2026-06-04T08:13:35.751954","37.282","127.0427"
"8668","2026-06-04T08:13:35.752951","37.282928","127.044672"
"8669","2026-06-04T08:13:35.753954","37.282946","127.04465400000001"
"8670","2026-06-04T08:13:35.754954","37.282964","127.044636"
"8671","2026-06-04T08:13:35.754954","37.282982000000004","127.044618"
"8672","2026-06-04T08:13:35.755955","37.283","127.0446"
"8673","2026-06-04T08:13:35.756954","37.283018","127.044582"
"8674","2026-06-04T08:13:35.756954","37.283036","127.04456400000001"
"8675","2026-06-04T08:13:35.757952","37.283054","127.044546"
"8676","2026-06-04T08:13:35.758953","37.283072000000004","127.044528"
"8677","2026-06-04T08:13:35.758953","37.282939999999996","127.044684"
"8678","2026-06-04T08:13:35.759957","37.282958","127.044666"
"8679","2026-06-04T08:13:35.760952","37.282976","127.044648"
"8680","2026-06-04T08:13:35.761953","37.282728","127.043572"
"8681","2026-06-04T08:13:35.761953","37.282746","127.043554"
"8682","2026-06-04T08:13:35.762954","37.282764","127.04353599999999"
"8683","2026-06-04T08:13:35.763958","37.282782000000005","127.04351799999999"
"8684","2026-06-04T08:13:35.764954","37.2828","127.0435"
"8685","2026-06-04T08:13:35.765952","37.282818","127.043482"
"8686","2026-06-04T08:13:35.766957","37.282836","127.043464"
"8687","2026-06-04T08:13:35.768951","37.282854","127.04344599999999"
"8688","2026-06-04T08:13:35.769959","37.281428","127.044872"
"8689","2026-06-04T08:13:35.770961","37.281446","127.044854"
"8690","2026-06-04T08:13:35.770961","37.281464","127.04483599999999"
"8691","2026-06-04T08:13:35.771956","37.281482000000004","127.04481799999999"
"8692","2026-06-04T08:13:35.772961","37.2815","127.0448"
"8693","2026-06-04T08:13:35.773958","37.281518","127.044782"
"8694","2026-06-04T08:13:35.774958","37.281536","127.044764"
"8695","2026-06-04T08:13:35.774958","37.281554","127.04474599999999"
"8696","2026-06-04T08:13:35.775959","37.281572000000004","127.04472799999999"
"8697","2026-06-04T08:13:35.776956","37.281439999999996","127.044884"
"8698","2026-06-04T08:13:35.776956","37.281458","127.044866"
"8699","2026-06-04T08:13:35.777953","37.281476","127.04484799999999"
"8700","2026-06-04T08:13:35.778959","37.281494","127.04482999999999"
"8701","2026-06-04T08:13:35.778959","37.281512","127.044812"
"8702","2026-06-04T08:13:35.779952","37.28153","127.044794"
"8703","2026-06-04T08:13:35.780966","37.282528","127.045772"
"8704","2026-06-04T08:13:35.780966","37.282546","127.045754"
"8705","2026-06-04T08:13:35.781962","37.282564","127.04573599999999"
"8706","2026-06-04T08:13:35.782961","37.283427999999994","127.04387200000001"
"8707","2026-06-04T08:13:35.782961","37.283446","127.04385400000001"
"8708","2026-06-04T08:13:35.783960","37.283463999999995","127.043836"
"8709","2026-06-04T08:13:35.783960","37.283482","127.043818"
"8710","2026-06-04T08:13:35.784959","37.2835","127.0438"
"8711","2026-06-04T08:13:35.784959","37.283517999999994","127.04378200000001"
"8712","2026-06-04T08:13:35.785960","37.283536","127.04376400000001"
"8713","2026-06-04T08:13:35.786960","37.283553999999995","127.043746"
"8714","2026-06-04T08:13:35.787965","37.283572","127.043728"
"8715","2026-06-04T08:13:35.788963","37.28343999999999","127.043884"
"8716","2026-06-04T08:13:35.788963","37.281327999999995","127.04347200000001"
"8717","2026-06-04T08:13:35.789960","37.281346","127.04345400000001"
"8718","2026-06-04T08:13:35.790958","37.281363999999996","127.043436"
"8719","2026-06-04T08:13:35.790958","37.281382","127.043418"
"8720","2026-06-04T08:13:35.791959","37.2814","127.0434"
"8721","2026-06-04T08:13:35.792960","37.281417999999995","127.04338200000001"
"8722","2026-06-04T08:13:35.792960","37.283628","127.044972"
"8723","2026-06-04T08:13:35.793960","37.283646000000005","127.044954"
"8724","2026-06-04T08:13:35.795478","37.283664","127.04493599999999"
"8725","2026-06-04T08:13:35.795478","37.283682000000006","127.044918"
"8726","2026-06-04T08:13:35.796489","37.2837","127.0449"
"8727","2026-06-04T08:13:35.798491","37.283718","127.044882"
"8728","2026-06-04T08:13:35.799492","37.283736000000005","127.044864"
"8729","2026-06-04T08:13:35.800493","37.283754","127.04484599999999"
"8730","2026-06-04T08:13:35.801490","37.283772000000006","127.044828"
"8731","2026-06-04T08:13:35.801490","37.28364","127.044984"
"8732","2026-06-04T08:13:35.802561","37.283658","127.044966"
"8733","2026-06-04T08:13:35.803575","37.283676","127.04494799999999"
"8734","2026-06-04T08:13:35.803575","37.283694000000004","127.04493"
"8735","2026-06-04T08:13:35.804571","37.283712","127.044912"
"8736","2026-06-04T08:13:35.806013","37.28373","127.044894"
"8737","2026-06-04T08:13:35.806521","37.283748","127.044876"
"8738","2026-06-04T08:13:35.808023","37.283766","127.04485799999999"
"8739","2026-06-04T08:13:35.809024","37.283784000000004","127.04484"
"8740","2026-06-04T08:13:35.810025","37.283652000000004","127.044996"
"8741","2026-06-04T08:13:35.811027","37.28367000000001","127.044978"
"8742","2026-06-04T08:13:35.811027","37.283688000000005","127.04495999999999"
"8743","2026-06-04T08:13:35.812027","37.28370600000001","127.04494199999999"
"8744","2026-06-04T08:13:35.813029","37.282028","127.042572"
"8745","2026-06-04T08:13:35.813029","37.282046","127.04255400000001"
"8746","2026-06-04T08:13:35.814025","37.283927999999996","127.044172"
"8747","2026-06-04T08:13:35.814025","37.283946","127.044154"
"8748","2026-06-04T08:13:35.815022","37.283964","127.044136"
"8749","2026-06-04T08:13:35.816025","37.283982","127.044118"
"8750","2026-06-04T08:13:35.817027","37.284","127.0441"
"8751","2026-06-04T08:13:35.817027","37.284017999999996","127.044082"
"8752","2026-06-04T08:13:35.819022","37.284036","127.044064"
"8753","2026-06-04T08:13:35.819022","37.284054","127.044046"
"8754","2026-06-04T08:13:35.820318","37.284072","127.044028"
"8755","2026-06-04T08:13:35.821330","37.283939999999994","127.044184"
"8756","2026-06-04T08:13:35.822456","37.283958","127.044166"
"8757","2026-06-04T08:13:35.823468","37.283975999999996","127.04414799999999"
"8758","2026-06-04T08:13:35.824473","37.283994","127.04413"
"8759","2026-06-04T08:13:35.825470","37.284012","127.044112"
"8760","2026-06-04T08:13:35.825470","37.284029999999994","127.044094"
"8761","2026-06-04T08:13:35.826473","37.284048","127.044076"
"8762","2026-06-04T08:13:35.826473","37.284065999999996","127.04405799999999"
"8763","2026-06-04T08:13:35.827477","37.284084","127.04404"
"8764","2026-06-04T08:13:35.828472","37.281828","127.04607200000001"
"8765","2026-06-04T08:13:35.829471","37.282827999999995","127.046272"
"8766","2026-06-04T08:13:35.830471","37.282846","127.046254"
"8767","2026-06-04T08:13:35.830471","37.282864","127.046236"
"8768","2026-06-04T08:13:35.831471","37.282882","127.046218"
"8769","2026-06-04T08:13:35.832473","37.2829","127.0462"
"8770","2026-06-04T08:13:35.832473","37.281228","127.045672"
"8771","2026-06-04T08:13:35.833471","37.281246","127.045654"
"8772","2026-06-04T08:13:35.834469","37.281264","127.04563599999999"
"8773","2026-06-04T08:13:35.834469","37.281282000000004","127.04561799999999"
"8774","2026-06-04T08:13:35.835469","37.2813","127.0456"
"8775","2026-06-04T08:13:35.837471","37.281318","127.045582"
"8776","2026-06-04T08:13:35.840468","37.281336","127.045564"
"8777","2026-06-04T08:13:35.841469","37.281354","127.04554599999999"
"8778","2026-06-04T08:13:35.842528","37.281372000000005","127.04552799999999"
"8779","2026-06-04T08:13:35.842528","37.28124","127.045684"
"8780","2026-06-04T08:13:35.843545","37.281258","127.045666"
"8781","2026-06-04T08:13:35.844540","37.281276","127.04564799999999"
"8782","2026-06-04T08:13:35.844540","37.284028","127.043272"
"8783","2026-06-04T08:13:35.845538","37.284046000000004","127.043254"
"8784","2026-06-04T08:13:35.846545","37.284064","127.043236"
"8785","2026-06-04T08:13:35.846545","37.284082000000005","127.043218"
"8786","2026-06-04T08:13:35.847542","37.2841","127.0432"
"8787","2026-06-04T08:13:35.847542","37.284118","127.043182"
"8788","2026-06-04T08:13:35.848545","37.284136000000004","127.043164"
"8789","2026-06-04T08:13:35.849540","37.284154","127.043146"
"8790","2026-06-04T08:13:35.849540","37.281028","127.044272"
"8791","2026-06-04T08:13:35.850540","37.281046","127.04425400000001"
"8792","2026-06-04T08:13:35.850540","37.281064","127.044236"
"8793","2026-06-04T08:13:35.851542","37.281082000000005","127.044218"
"8794","2026-06-04T08:13:35.852545","37.2811","127.0442"
"8795","2026-06-04T08:13:35.853537","37.281118","127.044182"
"8796","2026-06-04T08:13:35.854539","37.281136000000004","127.04416400000001"
"8797","2026-06-04T08:13:35.855543","37.281154","127.044146"
"8798","2026-06-04T08:13:35.856543","37.281172000000005","127.044128"
"8799","2026-06-04T08:13:35.856543","37.28104","127.044284"
"8800","2026-06-04T08:13:35.857538","37.281058","127.04426600000001"
"8801","2026-06-04T08:13:35.858540","37.281076","127.044248"
"8802","2026-06-04T08:13:35.858540","37.281094","127.04423"
"8803","2026-06-04T08:13:35.859539","37.281112","127.044212"
"8804","2026-06-04T08:13:35.860545","37.28113","127.044194"
"8805","2026-06-04T08:13:35.861540","37.283828","127.045372"
"8806","2026-06-04T08:13:35.861540","37.283846000000004","127.045354"
"8807","2026-06-04T08:13:35.862539","37.283864","127.04533599999999"
"8808","2026-06-04T08:13:35.863538","37.282227999999996","127.04647200000001"
"8809","2026-06-04T08:13:35.863538","37.282246","127.04645400000001"
"8810","2026-06-04T08:13:35.864537","37.282264","127.046436"
"8811","2026-06-04T08:13:35.865536","37.282282","127.046418"
"8812","2026-06-04T08:13:35.866537","37.2823","127.0464"
"8813","2026-06-04T08:13:35.867538","37.282318","127.04638200000001"
"8814","2026-06-04T08:13:35.868538","37.282336","127.04636400000001"
"8815","2026-06-04T08:13:35.870565","37.282354","127.046346"
"8816","2026-06-04T08:13:35.871571","37.282372","127.046328"
"8817","2026-06-04T08:13:35.872567","37.282239999999994","127.046484"
"8818","2026-06-04T08:13:35.876564","37.280927999999996","127.043772"
"8819","2026-06-04T08:13:35.877566","37.280946","127.043754"
"8820","2026-06-04T08:13:35.877566","37.280964","127.043736"
"8821","2026-06-04T08:13:35.878565","37.280982","127.043718"
"8822","2026-06-04T08:13:35.878565","37.281","127.0437"
"8823","2026-06-04T08:13:35.879565","37.281017999999996","127.043682"
"8824","2026-06-04T08:13:35.879565","37.284127999999995","127.044872"
"8825","2026-06-04T08:13:35.880565","37.284146","127.044854"
"8826","2026-06-04T08:13:35.880565","37.284164","127.04483599999999"
"8827","2026-06-04T08:13:35.880565","37.284182","127.04481799999999"
"8828","2026-06-04T08:13:35.881574","37.2842","127.0448"
"8829","2026-06-04T08:13:35.882576","37.284217999999996","127.044782"
"8830","2026-06-04T08:13:35.882576","37.284236","127.044764"
"8831","2026-06-04T08:13:35.883574","37.284254","127.04474599999999"
"8832","2026-06-04T08:13:35.883574","37.284272","127.04472799999999"
"8833","2026-06-04T08:13:35.884573","37.284139999999994","127.044884"
"8834","2026-06-04T08:13:35.884573","37.284158","127.044866"
"8835","2026-06-04T08:13:35.885573","37.284175999999995","127.04484799999999"
"8836","2026-06-04T08:13:35.885573","37.284194","127.04482999999999"
"8837","2026-06-04T08:13:35.886576","37.284212","127.044812"
"8838","2026-06-04T08:13:35.886576","37.284229999999994","127.044794"
"8839","2026-06-04T08:13:35.887576","37.284248","127.044776"
"8840","2026-06-04T08:13:35.887576","37.284265999999995","127.04475799999999"
"8841","2026-06-04T08:13:35.888577","37.284284","127.04473999999999"
"8842","2026-06-04T08:13:35.888577","37.284152","127.044896"
"8843","2026-06-04T08:13:35.889577","37.28417","127.044878"
"8844","2026-06-04T08:13:35.889577","37.284188","127.04485999999999"
"8845","2026-06-04T08:13:35.889577","37.284206000000005","127.04484199999999"
"8846","2026-06-04T08:13:35.890572","37.283227999999994","127.046672"
"8847","2026-06-04T08:13:35.891575","37.283246","127.046654"
"8848","2026-06-04T08:13:35.891575","37.281127999999995","127.042972"
"8849","2026-06-04T08:13:35.892574","37.281146","127.04295400000001"
"8850","2026-06-04T08:13:35.892574","37.281164","127.042936"
"8851","2026-06-04T08:13:35.893573","37.281182","127.042918"
"8852","2026-06-04T08:13:35.893573","37.2812","127.0429"
"8853","2026-06-04T08:13:35.894578","37.281217999999996","127.042882"
"8854","2026-06-04T08:13:35.894578","37.281236","127.04286400000001"
"8855","2026-06-04T08:13:35.895575","37.281254","127.042846"
"8856","2026-06-04T08:13:35.895575","37.281272","127.042828"
"8857","2026-06-04T08:13:35.895575","37.28113999999999","127.042984"
"8858","2026-06-04T08:13:35.896940","37.281158","127.042966"
"8859","2026-06-04T08:13:35.896940","37.281175999999995","127.042948"
"8860","2026-06-04T08:13:35.897940","37.281194","127.04293"
"8861","2026-06-04T08:13:35.898939","37.281212","127.042912"
"8862","2026-06-04T08:13:35.898939","37.281229999999994","127.042894"
"8863","2026-06-04T08:13:35.899939","37.281248","127.042876"
"8864","2026-06-04T08:13:35.899939","37.281265999999995","127.042858"
"8865","2026-06-04T08:13:35.900941","37.281284","127.04284"
"8866","2026-06-04T08:13:35.901939","37.283128","127.04517200000001"
"8867","2026-06-04T08:13:35.902941","37.282128","127.045572"
"8868","2026-06-04T08:13:35.902941","37.282146000000004","127.04555400000001"
"8869","2026-06-04T08:13:35.903938","37.282164","127.045536"
"8870","2026-06-04T08:13:35.904946","37.282182000000006","127.045518"
"8871","2026-06-04T08:13:35.904946","37.2822","127.0455"
"8872","2026-06-04T08:13:35.904946","37.281628","127.04477200000001"
"8873","2026-06-04T08:13:35.905943","37.281646","127.04475400000001"
"8874","2026-06-04T08:13:35.905943","37.281664","127.044736"
"8875","2026-06-04T08:13:35.906944","37.281682","127.044718"
"8876","2026-06-04T08:13:35.907938","37.2817","127.0447"
"8877","2026-06-04T08:13:35.907938","37.281718","127.04468200000001"
"8878","2026-06-04T08:13:35.908939","37.281736","127.04466400000001"
"8879","2026-06-04T08:13:35.908939","37.281754","127.044646"
"8880","2026-06-04T08:13:35.909942","37.281772000000004","127.044628"
"8881","2026-06-04T08:13:35.910941","37.281639999999996","127.044784"
"8882","2026-06-04T08:13:35.910941","37.281658","127.04476600000001"
"8883","2026-06-04T08:13:35.911943","37.281676","127.044748"
"8884","2026-06-04T08:13:35.911943","37.282128","127.044972"
"8885","2026-06-04T08:13:35.912940","37.282146000000004","127.044954"
"8886","2026-06-04T08:13:35.912940","37.282164","127.04493599999999"
"8887","2026-06-04T08:13:35.913944","37.282182000000006","127.044918"
"8888","2026-06-04T08:13:35.913944","37.2822","127.0449"
"8889","2026-06-04T08:13:35.913944","37.282218","127.044882"
"8890","2026-06-04T08:13:35.914942","37.282236000000005","127.044864"
"8891","2026-06-04T08:13:35.915941","37.282254","127.04484599999999"
"8892","2026-06-04T08:13:35.915941","37.283328","127.04437200000001"
"8893","2026-06-04T08:13:35.916942","37.283346","127.04435400000001"
"8894","2026-06-04T08:13:35.916942","37.283364","127.044336"
"8895","2026-06-04T08:13:35.917945","37.283382","127.044318"
"8896","2026-06-04T08:13:35.917945","37.2834","127.0443"
"8897","2026-06-04T08:13:35.918942","37.283418","127.04428200000001"
"8898","2026-06-04T08:13:35.918942","37.283436","127.04426400000001"
"8899","2026-06-04T08:13:35.918942","37.283454","127.044246"
"8900","2026-06-04T08:13:35.919940","37.283472","127.044228"
"8901","2026-06-04T08:13:35.919940","37.283339999999995","127.04438400000001"
"8902","2026-06-04T08:13:35.920941","37.283358","127.04436600000001"
"8903","2026-06-04T08:13:35.921944","37.283376","127.044348"
"8904","2026-06-04T08:13:35.921944","37.283394","127.04433"
"8905","2026-06-04T08:13:35.922941","37.283412","127.044312"
"8906","2026-06-04T08:13:35.922941","37.283429999999996","127.04429400000001"
"8907","2026-06-04T08:13:35.922941","37.281327999999995","127.04387200000001"
"8908","2026-06-04T08:13:35.923937","37.281346","127.04385400000001"
"8909","2026-06-04T08:13:35.923937","37.281363999999996","127.043836"
"8910","2026-06-04T08:13:35.924941","37.282528","127.043272"
"8911","2026-06-04T08:13:35.924941","37.282546","127.043254"
"8912","2026-06-04T08:13:35.925947","37.282564","127.043236"
"8913","2026-06-04T08:13:35.925947","37.282582000000005","127.043218"
"8914","2026-06-04T08:13:35.926942","37.2826","127.0432"
"8915","2026-06-04T08:13:35.926942","37.282618","127.043182"
"8916","2026-06-04T08:13:35.926942","37.282636000000004","127.043164"
"8917","2026-06-04T08:13:35.927942","37.282654","127.043146"
"8918","2026-06-04T08:13:35.927942","37.282672000000005","127.043128"
"8919","2026-06-04T08:13:35.928942","37.28254","127.043284"
"8920","2026-06-04T08:13:35.928942","37.282728","127.04477200000001"
"8921","2026-06-04T08:13:35.929942","37.282746","127.04475400000001"
"8922","2026-06-04T08:13:35.929942","37.282764","127.044736"
"8923","2026-06-04T08:13:35.929942","37.282782000000005","127.044718"
"8924","2026-06-04T08:13:35.930951","37.2828","127.0447"
"8925","2026-06-04T08:13:35.930951","37.282818","127.04468200000001"
"8926","2026-06-04T08:13:35.931940","37.281727999999994","127.045072"
"8927","2026-06-04T08:13:35.931940","37.281746","127.04505400000001"
"8928","2026-06-04T08:13:35.932944","37.281763999999995","127.045036"
"8929","2026-06-04T08:13:35.932944","37.281782","127.045018"
"8930","2026-06-04T08:13:35.933943","37.2818","127.045"
"8931","2026-06-04T08:13:35.933943","37.281817999999994","127.044982"
"8932","2026-06-04T08:13:35.933943","37.281836","127.04496400000001"
"8933","2026-06-04T08:13:35.934944","37.281853999999996","127.044946"
"8934","2026-06-04T08:13:35.934944","37.281872","127.044928"
"8935","2026-06-04T08:13:35.935943","37.28173999999999","127.045084"
"8936","2026-06-04T08:13:35.935943","37.281757999999996","127.045066"
"8937","2026-06-04T08:13:35.936946","37.281775999999994","127.045048"
"8938","2026-06-04T08:13:35.936946","37.281794","127.04503"
"8939","2026-06-04T08:13:35.936946","37.281811999999995","127.045012"
"8940","2026-06-04T08:13:35.937947","37.28182999999999","127.044994"
"8941","2026-06-04T08:13:35.937947","37.281848","127.044976"
"8942","2026-06-04T08:13:35.938943","37.281865999999994","127.044958"
"8943","2026-06-04T08:13:35.939946","37.281884","127.04494"
"8944","2026-06-04T08:13:35.940940","37.281752","127.045096"
"8945","2026-06-04T08:13:35.941940","37.28177","127.045078"
"8946","2026-06-04T08:13:35.942938","37.281788","127.04505999999999"
"8947","2026-06-04T08:13:35.943997","37.281806","127.045042"
"8948","2026-06-04T08:13:35.945008","37.283027999999995","127.043572"
"8949","2026-06-04T08:13:35.946008","37.283046","127.043554"
"8950","2026-06-04T08:13:35.946008","37.281428","127.044672"
"8951","2026-06-04T08:13:35.947008","37.281446","127.04465400000001"
"8952","2026-06-04T08:13:35.948006","37.281464","127.044636"
"8953","2026-06-04T08:13:35.948006","37.281482000000004","127.044618"
"8954","2026-06-04T08:13:35.949006","37.2815","127.0446"
"8955","2026-06-04T08:13:35.949006","37.281518","127.044582"
"8956","2026-06-04T08:13:35.950006","37.281536","127.04456400000001"
"8957","2026-06-04T08:13:35.950006","37.281554","127.044546"
"8958","2026-06-04T08:13:35.951006","37.281572000000004","127.044528"
"8959","2026-06-04T08:13:35.951006","37.281439999999996","127.044684"
"8960","2026-06-04T08:13:35.951006","37.281458","127.044666"
"8961","2026-06-04T08:13:35.952006","37.281476","127.044648"
"8962","2026-06-04T08:13:35.952006","37.281494","127.04463"
"8963","2026-06-04T08:13:35.953006","37.281512","127.044612"
"8964","2026-06-04T08:13:35.953006","37.28153","127.044594"
"8965","2026-06-04T08:13:35.953006","37.281548","127.044576"
"8966","2026-06-04T08:13:35.954007","37.281566","127.044558"
"8967","2026-06-04T08:13:35.954007","37.281584","127.04454"
"8968","2026-06-04T08:13:35.954007","37.299927999999994","127.100072"
"8969","2026-06-04T08:13:35.955012","37.282328","127.045872"
"8970","2026-06-04T08:13:35.955012","37.282346000000004","127.045854"
"8971","2026-06-04T08:13:35.956006","37.282364","127.045836"
"8972","2026-06-04T08:13:35.956006","37.282382000000005","127.045818"
"8973","2026-06-04T08:13:35.956006","37.2824","127.0458"
"8974","2026-06-04T08:13:35.957008","37.283427999999994","127.045072"
"8975","2026-06-04T08:13:35.957008","37.283446","127.04505400000001"
"8976","2026-06-04T08:13:35.957008","37.283463999999995","127.045036"
"8977","2026-06-04T08:13:35.958410","37.283482","127.045018"
"8978","2026-06-04T08:13:35.958410","37.2835","127.045"
"8979","2026-06-04T08:13:35.959420","37.283517999999994","127.044982"
"8980","2026-06-04T08:13:35.959420","37.283536","127.04496400000001"
"8981","2026-06-04T08:13:35.960421","37.283553999999995","127.044946"
"8982","2026-06-04T08:13:35.960421","37.283572","127.044928"
"8983","2026-06-04T08:13:35.961418","37.28343999999999","127.045084"
"8984","2026-06-04T08:13:35.961418","37.283457999999996","127.045066"
"8985","2026-06-04T08:13:35.962419","37.28347599999999","127.045048"
"8986","2026-06-04T08:13:35.962419","37.281028","127.045472"
"8987","2026-06-04T08:13:35.962419","37.281046","127.045454"
"8988","2026-06-04T08:13:35.962419","37.281064","127.045436"
"8989","2026-06-04T08:13:35.963760","37.281082000000005","127.045418"
"8990","2026-06-04T08:13:35.963760","37.2811","127.0454"
"8991","2026-06-04T08:13:35.964769","37.281118","127.045382"
"8992","2026-06-04T08:13:35.964769","37.281136000000004","127.045364"
"8993","2026-06-04T08:13:35.964769","37.281154","127.045346"
"8994","2026-06-04T08:13:35.965769","37.282928","127.04607200000001"
"8995","2026-06-04T08:13:35.965769","37.282946","127.04605400000001"
"8996","2026-06-04T08:13:35.966768","37.282964","127.046036"
"8997","2026-06-04T08:13:35.966768","37.282982000000004","127.046018"
"8998","2026-06-04T08:13:35.966768","37.283","127.046"
"8999","2026-06-04T08:13:35.967769","37.283018","127.04598200000001"
"9000","2026-06-04T08:13:35.967769","37.283036","127.04596400000001"
"9001","2026-06-04T08:13:35.968770","37.283054","127.045946"
"9002","2026-06-04T08:13:35.968770","37.283072000000004","127.045928"
"9003","2026-06-04T08:13:35.968770","37.282939999999996","127.04608400000001"
"9004","2026-06-04T08:13:35.969768","37.282958","127.04606600000001"
"9005","2026-06-04T08:13:35.969768","37.282976","127.046048"
"9006","2026-06-04T08:13:35.970767","37.282994","127.04603"
"9007","2026-06-04T08:13:35.970767","37.283012","127.046012"
"9008","2026-06-04T08:13:35.970767","37.28303","127.04599400000001"
"9009","2026-06-04T08:13:35.971769","37.281828","127.045972"
"9010","2026-06-04T08:13:35.971769","37.281846","127.04595400000001"
"9011","2026-06-04T08:13:35.973005","37.281864","127.045936"
"9012","2026-06-04T08:13:35.973005","37.283528","127.044072"
"9013","2026-06-04T08:13:35.973005","37.283546","127.044054"
"9014","2026-06-04T08:13:35.973005","37.283564","127.04403599999999"
"9015","2026-06-04T08:13:35.974361","37.283582","127.044018"
"9016","2026-06-04T08:13:35.975378","37.2836","127.044"
"9017","2026-06-04T08:13:35.975378","37.283618","127.043982"
"9018","2026-06-04T08:13:35.976377","37.283636","127.043964"
"9019","2026-06-04T08:13:35.976377","37.283654","127.04394599999999"
"9020","2026-06-04T08:13:35.977870","37.283672","127.043928"
"9021","2026-06-04T08:13:35.977870","37.283539999999995","127.044084"
"9022","2026-06-04T08:13:35.978884","37.282227999999996","127.043172"
"9023","2026-06-04T08:13:35.978884","37.282246","127.043154"
"9024","2026-06-04T08:13:35.978884","37.282264","127.04313599999999"
"9025","2026-06-04T08:13:35.979882","37.282282","127.04311799999999"
"9026","2026-06-04T08:13:35.979882","37.2823","127.0431"
"9027","2026-06-04T08:13:35.980891","37.282318","127.043082"
"9028","2026-06-04T08:13:35.980891","37.283227999999994","127.043772"
"9029","2026-06-04T08:13:35.980891","37.283246","127.043754"
"9030","2026-06-04T08:13:35.982109","37.283263999999996","127.043736"
"9031","2026-06-04T08:13:35.982618","37.283282","127.043718"
"9032","2026-06-04T08:13:35.983128","37.2833","127.0437"
"9033","2026-06-04T08:13:35.983128","37.283317999999994","127.043682"
"9034","2026-06-04T08:13:35.983128","37.283336","127.043664"
"9035","2026-06-04T08:13:35.984286","37.283353999999996","127.043646"
"9036","2026-06-04T08:13:35.984286","37.283372","127.043628"
"9037","2026-06-04T08:13:35.984286","37.28323999999999","127.043784"
"9038","2026-06-04T08:13:35.985785","37.283258","127.043766"
"9039","2026-06-04T08:13:35.985785","37.283275999999994","127.043748"
"9040","2026-06-04T08:13:35.986809","37.283294","127.04373"
"9041","2026-06-04T08:13:35.986809","37.283311999999995","127.043712"
"9042","2026-06-04T08:13:35.987824","37.28332999999999","127.043694"
"9043","2026-06-04T08:13:35.987824","37.283348","127.043676"
"9044","2026-06-04T08:13:35.987824","37.283365999999994","127.043658"
"9045","2026-06-04T08:13:35.988822","37.283384","127.04364"
"9046","2026-06-04T08:13:35.988822","37.283252","127.043796"
"9047","2026-06-04T08:13:35.988822","37.28327","127.043778"
"9048","2026-06-04T08:13:35.989821","37.283288","127.04375999999999"
"9049","2026-06-04T08:13:35.989821","37.283306","127.043742"
"9050","2026-06-04T08:13:35.990823","37.28192799999999","127.046272"
"9051","2026-06-04T08:13:35.990823","37.281946","127.046254"
"9052","2026-06-04T08:13:35.991824","37.281228","127.04347200000001"
"9053","2026-06-04T08:13:35.991824","37.281246","127.04345400000001"
"9054","2026-06-04T08:13:35.992830","37.281264","127.043436"
"9055","2026-06-04T08:13:35.992830","37.281282000000004","127.043418"
"9056","2026-06-04T08:13:35.992830","37.2813","127.0434"
"9057","2026-06-04T08:13:35.993822","37.281318","127.04338200000001"
"9058","2026-06-04T08:13:35.993822","37.281336","127.04336400000001"
"9059","2026-06-04T08:13:35.994824","37.281354","127.043346"
"9060","2026-06-04T08:13:35.994824","37.281372000000005","127.043328"
"9061","2026-06-04T08:13:35.995825","37.28124","127.043484"
"9062","2026-06-04T08:13:35.996333","37.281258","127.04346600000001"
"9063","2026-06-04T08:13:35.996333","37.281276","127.043448"
"9064","2026-06-04T08:13:35.997344","37.281294","127.04343"
"9065","2026-06-04T08:13:35.997344","37.281312","127.043412"
"9066","2026-06-04T08:13:35.998343","37.28133","127.043394"
"9067","2026-06-04T08:13:35.998343","37.281348","127.04337600000001"
"9068","2026-06-04T08:13:35.998343","37.281366","127.043358"
"9069","2026-06-04T08:13:35.999344","37.281384","127.04334"
"9070","2026-06-04T08:13:35.999344","37.282478","127.046422"
"9071","2026-06-04T08:13:36.000345","37.283677999999995","127.045422"
"9072","2026-06-04T08:13:36.001344","37.283696","127.045404"
"9073","2026-06-04T08:13:36.002346","37.283713999999996","127.045386"
"9074","2026-06-04T08:13:36.003345","37.283732","127.045368"
"9075","2026-06-04T08:13:36.004343","37.28375","127.04535"
"9076","2026-06-04T08:13:36.004343","37.281678","127.046522"
"9077","2026-06-04T08:13:36.006344","37.281696000000004","127.046504"
"9078","2026-06-04T08:13:36.007345","37.281714","127.04648599999999"
"9079","2026-06-04T08:13:36.008346","37.281732000000005","127.04646799999999"
"9080","2026-06-04T08:13:36.009345","37.28175","127.04645"
"9081","2026-06-04T08:13:36.010343","37.281768","127.046432"
"9082","2026-06-04T08:13:36.010343","37.281786000000004","127.046414"
"9083","2026-06-04T08:13:36.011345","37.281804","127.04639599999999"
"9084","2026-06-04T08:13:36.012348","37.281822000000005","127.04637799999999"
"9085","2026-06-04T08:13:36.012348","37.28169","127.046534"
"9086","2026-06-04T08:13:36.013342","37.281708","127.046516"
"9087","2026-06-04T08:13:36.013342","37.281726","127.04649799999999"
"9088","2026-06-04T08:13:36.013342","37.281378","127.045922"
"9089","2026-06-04T08:13:36.014341","37.281396","127.04590400000001"
"9090","2026-06-04T08:13:36.014341","37.281414","127.045886"
"9091","2026-06-04T08:13:36.014341","37.281432","127.045868"
"9092","2026-06-04T08:13:36.015341","37.28145","127.04585"
"9093","2026-06-04T08:13:36.015341","37.281468","127.045832"
"9094","2026-06-04T08:13:36.016341","37.281486","127.04581400000001"
"9095","2026-06-04T08:13:36.016341","37.281504","127.045796"
"9096","2026-06-04T08:13:36.016341","37.282078","127.046672"
"9097","2026-06-04T08:13:36.017341","37.282096","127.046654"
"9098","2026-06-04T08:13:36.017341","37.282114","127.04663599999999"
"9099","2026-06-04T08:13:36.018341","37.282132000000004","127.046618"
"9100","2026-06-04T08:13:36.018341","37.28215","127.0466"
"9101","2026-06-04T08:13:36.018341","37.282168","127.046582"
"9102","2026-06-04T08:13:36.019343","37.282186","127.046564"
"9103","2026-06-04T08:13:36.019343","37.282204","127.04654599999999"
"9104","2026-06-04T08:13:36.020342","37.282222000000004","127.046528"
"9105","2026-06-04T08:13:36.020342","37.28209","127.046684"
"9106","2026-06-04T08:13:36.020342","37.282108","127.046666"
"9107","2026-06-04T08:13:36.021344","37.282126","127.04664799999999"
"9108","2026-06-04T08:13:36.021344","37.282144","127.04663"
"9109","2026-06-04T08:13:36.021344","37.282162","127.046612"
"9110","2026-06-04T08:13:36.022342","37.28218","127.046594"
"9111","2026-06-04T08:13:36.022342","37.283077999999996","127.045972"
"9112","2026-06-04T08:13:36.023344","37.283096","127.04595400000001"
"9113","2026-06-04T08:13:36.023344","37.283114","127.045936"
"9114","2026-06-04T08:13:36.023344","37.280877999999994","127.04472200000001"
"9115","2026-06-04T08:13:36.024342","37.280896","127.04470400000001"
"9116","2026-06-04T08:13:36.024342","37.280913999999996","127.044686"
"9117","2026-06-04T08:13:36.024342","37.280932","127.044668"
"9118","2026-06-04T08:13:36.025343","37.28095","127.04465"
"9119","2026-06-04T08:13:36.025343","37.280967999999994","127.04463200000001"
"9120","2026-06-04T08:13:36.025343","37.280986","127.04461400000001"
"9121","2026-06-04T08:13:36.025343","37.281003999999996","127.044596"
"9122","2026-06-04T08:13:36.026343","37.281022","127.044578"
"9123","2026-06-04T08:13:36.026343","37.28088999999999","127.044734"
"9124","2026-06-04T08:13:36.027346","37.283477999999995","127.043322"
"9125","2026-06-04T08:13:36.027346","37.283496","127.043304"
"9126","2026-06-04T08:13:36.027346","37.283514","127.043286"
"9127","2026-06-04T08:13:36.028345","37.283532","127.043268"
"9128","2026-06-04T08:13:36.028345","37.28355","127.04325"
"9129","2026-06-04T08:13:36.028345","37.283567999999995","127.043232"
"9130","2026-06-04T08:13:36.028345","37.281577999999996","127.043322"
"9131","2026-06-04T08:13:36.029344","37.281596","127.043304"
"9132","2026-06-04T08:13:36.029344","37.281614","127.043286"
"9133","2026-06-04T08:13:36.030343","37.281632","127.043268"
"9134","2026-06-04T08:13:36.030343","37.28165","127.04325"
"9135","2026-06-04T08:13:36.030343","37.281667999999996","127.043232"
"9136","2026-06-04T08:13:36.031346","37.281686","127.043214"
"9137","2026-06-04T08:13:36.031346","37.281704","127.043196"
"9138","2026-06-04T08:13:36.031346","37.281722","127.043178"
"9139","2026-06-04T08:13:36.032345","37.281589999999994","127.043334"
"9140","2026-06-04T08:13:36.032345","37.281608","127.043316"
"9141","2026-06-04T08:13:36.032345","37.281625999999996","127.043298"
"9142","2026-06-04T08:13:36.033346","37.281644","127.04328"
"9143","2026-06-04T08:13:36.033346","37.281662","127.043262"
"9144","2026-06-04T08:13:36.034346","37.281679999999994","127.043244"
"9145","2026-06-04T08:13:36.034346","37.281698","127.043226"
"9146","2026-06-04T08:13:36.034346","37.281715999999996","127.04320799999999"
"9147","2026-06-04T08:13:36.035343","37.281734","127.04319"
"9148","2026-06-04T08:13:36.035343","37.281602","127.043346"
"9149","2026-06-04T08:13:36.035343","37.281620000000004","127.043328"
"9150","2026-06-04T08:13:36.036342","37.281638","127.04330999999999"
"9151","2026-06-04T08:13:36.036342","37.281656000000005","127.043292"
"9152","2026-06-04T08:13:36.037349","37.280778","127.045422"
"9153","2026-06-04T08:13:36.037349","37.280796","127.045404"
"9154","2026-06-04T08:13:36.038353","37.283778","127.043822"
"9155","2026-06-04T08:13:36.038353","37.283796","127.04380400000001"
"9156","2026-06-04T08:13:36.038353","37.283814","127.043786"
"9157","2026-06-04T08:13:36.039351","37.283832000000004","127.043768"
"9158","2026-06-04T08:13:36.039351","37.28385","127.04375"
"9159","2026-06-04T08:13:36.039351","37.283868","127.043732"
"9160","2026-06-04T08:13:36.040348","37.283886","127.04371400000001"
"9161","2026-06-04T08:13:36.041347","37.283904","127.043696"
"9162","2026-06-04T08:13:36.041347","37.283922000000004","127.043678"
"9163","2026-06-04T08:13:36.041347","37.283789999999996","127.043834"
"9164","2026-06-04T08:13:36.042348","37.283808","127.043816"
"9165","2026-06-04T08:13:36.042348","37.283826","127.043798"
"9166","2026-06-04T08:13:36.042348","37.283844","127.04378"
"9167","2026-06-04T08:13:36.042348","37.283862","127.043762"
"9168","2026-06-04T08:13:36.043347","37.283879999999996","127.043744"
"9169","2026-06-04T08:13:36.043347","37.283898","127.043726"
"9170","2026-06-04T08:13:36.044344","37.283916","127.043708"
"9171","2026-06-04T08:13:36.044344","37.283934","127.04369"
"9172","2026-06-04T08:13:36.044344","37.280677999999995","127.043822"
"9173","2026-06-04T08:13:36.044344","37.280477999999995","127.04432200000001"
"9174","2026-06-04T08:13:36.045351","37.280496","127.04430400000001"
"9175","2026-06-04T08:13:36.045351","37.280514","127.044286"
"9176","2026-06-04T08:13:36.045351","37.280532","127.044268"
"9177","2026-06-04T08:13:36.046350","37.28055","127.04425"
"9178","2026-06-04T08:13:36.046350","37.282377999999994","127.042522"
"9179","2026-06-04T08:13:36.046350","37.282396","127.04250400000001"
"9180","2026-06-04T08:13:36.047348","37.282413999999996","127.042486"
"9181","2026-06-04T08:13:36.047348","37.282432","127.042468"
"9182","2026-06-04T08:13:36.048347","37.28245","127.04245"
"9183","2026-06-04T08:13:36.048347","37.282467999999994","127.042432"
"9184","2026-06-04T08:13:36.049346","37.282486","127.04241400000001"
"9185","2026-06-04T08:13:36.049346","37.282503999999996","127.042396"
"9186","2026-06-04T08:13:36.049346","37.282522","127.042378"
"9187","2026-06-04T08:13:36.050346","37.28238999999999","127.042534"
"9188","2026-06-04T08:13:36.050346","37.282408","127.042516"
"9189","2026-06-04T08:13:36.050346","37.282425999999994","127.042498"
"9190","2026-06-04T08:13:36.051346","37.280828","127.044122"
"9191","2026-06-04T08:13:36.051346","37.280846000000004","127.044104"
"9192","2026-06-04T08:13:36.052349","37.280864","127.044086"
"9193","2026-06-04T08:13:36.052349","37.280882000000005","127.044068"
"9194","2026-06-04T08:13:36.052349","37.2809","127.04405"
"9195","2026-06-04T08:13:36.053347","37.280918","127.044032"
"9196","2026-06-04T08:13:36.053347","37.280936000000004","127.044014"
"9197","2026-06-04T08:13:36.053347","37.280954","127.04399599999999"
"9198","2026-06-04T08:13:36.054347","37.280578","127.046122"
"9199","2026-06-04T08:13:36.054347","37.280596","127.046104"
"9200","2026-06-04T08:13:36.054347","37.280614","127.04608599999999"
"9201","2026-06-04T08:13:36.055343","37.280632000000004","127.04606799999999"
"9202","2026-06-04T08:13:36.055343","37.28065","127.04605"
"9203","2026-06-04T08:13:36.055343","37.280668","127.046032"
"9204","2026-06-04T08:13:36.055343","37.280686","127.046014"
"9205","2026-06-04T08:13:36.056343","37.280704","127.04599599999999"
"9206","2026-06-04T08:13:36.056343","37.280722000000004","127.04597799999999"
"9207","2026-06-04T08:13:36.056343","37.28059","127.046134"
"9208","2026-06-04T08:13:36.057343","37.280608","127.046116"
"9209","2026-06-04T08:13:36.057343","37.280626","127.04609799999999"
"9210","2026-06-04T08:13:36.057343","37.280644","127.04607999999999"
"9211","2026-06-04T08:13:36.058343","37.280662","127.04606199999999"
"9212","2026-06-04T08:13:36.058343","37.28068","127.046044"
"9213","2026-06-04T08:13:36.058343","37.282678","127.04302200000001"
"9214","2026-06-04T08:13:36.059343","37.282696","127.04300400000001"
"9215","2026-06-04T08:13:36.059343","37.282714","127.042986"
"9216","2026-06-10T18:49:59.484409","37.283128","127.04517200000001"
"9217","2026-06-10T18:49:59.508408","37.282328","127.043972"
"9218","2026-06-10T18:49:59.510409","37.282346000000004","127.043954"
"9219","2026-06-10T18:49:59.512409","37.282364","127.04393599999999"
"9220","2026-06-10T18:49:59.515408","37.282382000000005","127.04391799999999"
"9221","2026-06-10T18:49:59.516408","37.2824","127.0439"
"9222","2026-06-10T18:49:59.518409","37.281628","127.04477200000001"
"9223","2026-06-10T18:49:59.520436","37.281646","127.04475400000001"
"9224","2026-06-10T18:49:59.521412","37.281664","127.044736"
"9225","2026-06-10T18:49:59.523418","37.281682","127.044718"
"9226","2026-06-10T18:49:59.524434","37.2817","127.0447"
"9227","2026-06-10T18:49:59.525424","37.281718","127.04468200000001"
"9228","2026-06-10T18:49:59.527412","37.281736","127.04466400000001"
"9229","2026-06-10T18:49:59.528411","37.281754","127.044646"
"9230","2026-06-10T18:49:59.529418","37.281772000000004","127.044628"
"9231","2026-06-10T18:49:59.531411","37.281639999999996","127.044784"
"9232","2026-06-10T18:49:59.532417","37.281658","127.04476600000001"
"9233","2026-06-10T18:49:59.534411","37.281676","127.044748"
"9234","2026-06-10T18:49:59.535413","37.282928","127.044172"
"9235","2026-06-10T18:49:59.537410","37.282946","127.044154"
"9236","2026-06-10T18:49:59.538411","37.282964","127.044136"
"9237","2026-06-10T18:49:59.540412","37.282982000000004","127.044118"
"9238","2026-06-10T18:49:59.542411","37.283","127.0441"
"9239","2026-06-10T18:49:59.544412","37.283018","127.044082"
"9240","2026-06-10T18:49:59.545412","37.283036","127.044064"
"9241","2026-06-10T18:49:59.547423","37.283054","127.044046"
"9242","2026-06-10T18:49:59.549422","37.282128","127.044972"
"9243","2026-06-10T18:49:59.551422","37.282146000000004","127.044954"
"9244","2026-06-10T18:49:59.553417","37.282164","127.04493599999999"
"9245","2026-06-10T18:49:59.555420","37.282182000000006","127.044918"
"9246","2026-06-10T18:49:59.557420","37.2822","127.0449"
"9247","2026-06-10T18:49:59.560419","37.282218","127.044882"
"9248","2026-06-10T18:49:59.561503","37.282236000000005","127.044864"
"9249","2026-06-10T18:49:59.563504","37.282254","127.04484599999999"
"9250","2026-06-10T18:49:59.565503","37.282272000000006","127.044828"
"9251","2026-06-10T18:49:59.566503","37.28214","127.044984"
"9252","2026-06-10T18:49:59.568510","37.282158","127.044966"
"9253","2026-06-10T18:49:59.569509","37.282176","127.04494799999999"
"9254","2026-06-10T18:49:59.572510","37.282194000000004","127.04493"
"9255","2026-06-10T18:49:59.575512","37.282212","127.044912"
"9256","2026-06-10T18:49:59.577509","37.28223","127.044894"
"9257","2026-06-10T18:49:59.578512","37.281828","127.043672"
"9258","2026-06-10T18:49:59.580511","37.281846","127.043654"
"9259","2026-06-10T18:49:59.583025","37.281864","127.04363599999999"
"9260","2026-06-10T18:49:59.585027","37.282627999999995","127.045472"
"9261","2026-06-10T18:49:59.586029","37.282646","127.045454"
"9262","2026-06-10T18:49:59.588027","37.282664","127.045436"
"9263","2026-06-10T18:49:59.590027","37.282682","127.045418"
"9264","2026-06-10T18:49:59.593025","37.2827","127.0454"
"9265","2026-06-10T18:49:59.595024","37.282717999999996","127.045382"
"9266","2026-06-10T18:49:59.597026","37.282736","127.045364"
"9267","2026-06-10T18:49:59.599024","37.282754","127.045346"
"9268","2026-06-10T18:49:59.601024","37.282772","127.045328"
"9269","2026-06-10T18:49:59.603025","37.282639999999994","127.045484"
"9270","2026-06-10T18:49:59.604025","37.283328","127.04437200000001"
"9271","2026-06-10T18:49:59.606026","37.283346","127.04435400000001"
"9272","2026-06-10T18:49:59.607024","37.283364","127.044336"
"9273","2026-06-10T18:49:59.609025","37.283382","127.044318"
"9274","2026-06-10T18:49:59.610027","37.2834","127.0443"
"9275","2026-06-10T18:49:59.611026","37.283418","127.04428200000001"
"9276","2026-06-10T18:49:59.613025","37.281727999999994","127.045272"
"9277","2026-06-10T18:49:59.614025","37.281746","127.045254"
"9278","2026-06-10T18:49:59.616030","37.281763999999995","127.04523599999999"
"9279","2026-06-10T18:49:59.617023","37.281782","127.04521799999999"
"9280","2026-06-10T18:49:59.619025","37.2818","127.0452"
"9281","2026-06-10T18:49:59.620026","37.281817999999994","127.045182"
"9282","2026-06-10T18:49:59.621025","37.281836","127.045164"
"9283","2026-06-10T18:49:59.623026","37.281853999999996","127.04514599999999"
"9284","2026-06-10T18:49:59.624026","37.281872","127.04512799999999"
"9285","2026-06-10T18:49:59.625030","37.28173999999999","127.045284"
"9286","2026-06-10T18:49:59.627025","37.281757999999996","127.045266"
"9287","2026-06-10T18:49:59.628029","37.281775999999994","127.04524799999999"
"9288","2026-06-10T18:49:59.629028","37.281794","127.04522999999999"
"9289","2026-06-10T18:49:59.631027","37.281811999999995","127.04521199999999"
"9290","2026-06-10T18:49:59.632029","37.28182999999999","127.045194"
"9291","2026-06-10T18:49:59.633030","37.281848","127.045176"
"9292","2026-06-10T18:49:59.634029","37.281865999999994","127.04515799999999"
"9293","2026-06-10T18:49:59.636030","37.281884","127.04513999999999"
"9294","2026-06-10T18:49:59.638026","37.281752","127.045296"
"9295","2026-06-10T18:49:59.639026","37.28177","127.045278"
"9296","2026-06-10T18:49:59.641027","37.281788","127.04525999999998"
"9297","2026-06-10T18:49:59.642025","37.281806","127.04524199999999"
"9298","2026-06-10T18:49:59.643024","37.282427999999996","127.043172"
"9299","2026-06-10T18:49:59.644025","37.282446","127.043154"
"9300","2026-06-10T18:49:59.646033","37.283027999999995","127.042972"
"9301","2026-06-10T18:49:59.649041","37.283046","127.04295400000001"
"9302","2026-06-10T18:49:59.651029","37.283063999999996","127.042936"
"9303","2026-06-10T18:49:59.653033","37.283082","127.042918"
"9304","2026-06-10T18:49:59.654031","37.2831","127.0429"
"9305","2026-06-10T18:49:59.656036","37.283117999999995","127.042882"
"9306","2026-06-10T18:49:59.657031","37.283136","127.04286400000001"
"9307","2026-06-10T18:49:59.658041","37.283153999999996","127.042846"
"9308","2026-06-10T18:49:59.659029","37.283172","127.042828"
"9309","2026-06-10T18:49:59.660539","37.28303999999999","127.042984"
"9310","2026-06-10T18:49:59.661548","37.283058","127.042966"
"9311","2026-06-10T18:49:59.662546","37.283075999999994","127.042948"
"9312","2026-06-10T18:49:59.664554","37.283094","127.04293"
"9313","2026-06-10T18:49:59.665546","37.283111999999996","127.042912"
"9314","2026-06-10T18:49:59.667549","37.28312999999999","127.042894"
"9315","2026-06-10T18:49:59.669551","37.283148","127.042876"
"9316","2026-06-10T18:49:59.670547","37.283165999999994","127.042858"
"9317","2026-06-10T18:49:59.672550","37.283184","127.04284"
"9318","2026-06-10T18:49:59.673551","37.281527999999994","127.044072"
"9319","2026-06-10T18:49:59.675547","37.28192799999999","127.042772"
"9320","2026-06-10T18:49:59.676547","37.281946","127.042754"
"9321","2026-06-10T18:49:59.678548","37.281963999999995","127.04273599999999"
"9322","2026-06-10T18:49:59.680547","37.281982","127.042718"
"9323","2026-06-10T18:49:59.681547","37.282","127.0427"
"9324","2026-06-10T18:49:59.683549","37.282928","127.044672"
"9325","2026-06-10T18:49:59.685548","37.282946","127.04465400000001"
"9326","2026-06-10T18:49:59.687548","37.282964","127.044636"
"9327","2026-06-10T18:49:59.689550","37.282982000000004","127.044618"
"9328","2026-06-10T18:49:59.691549","37.283","127.0446"
"9329","2026-06-10T18:49:59.692547","37.283018","127.044582"
"9330","2026-06-10T18:49:59.694548","37.283036","127.04456400000001"
"9331","2026-06-10T18:49:59.695549","37.283054","127.044546"
"9332","2026-06-10T18:49:59.696548","37.283072000000004","127.044528"
"9333","2026-06-10T18:49:59.698549","37.282939999999996","127.044684"
"9334","2026-06-10T18:49:59.700547","37.282958","127.044666"
"9335","2026-06-10T18:49:59.701551","37.282976","127.044648"
"9336","2026-06-10T18:49:59.703550","37.282728","127.043572"
"9337","2026-06-10T18:49:59.704549","37.282746","127.043554"
"9338","2026-06-10T18:49:59.705548","37.282764","127.04353599999999"
"9339","2026-06-10T18:49:59.707550","37.282782000000005","127.04351799999999"
"9340","2026-06-10T18:49:59.708549","37.2828","127.0435"
"9341","2026-06-10T18:49:59.711549","37.282818","127.043482"
"9342","2026-06-10T18:49:59.713547","37.282836","127.043464"
"9343","2026-06-10T18:49:59.718550","37.282854","127.04344599999999"
"9344","2026-06-10T18:49:59.720548","37.281428","127.044872"
"9345","2026-06-10T18:49:59.722551","37.281446","127.044854"
"9346","2026-06-10T18:49:59.723547","37.281464","127.04483599999999"
"9347","2026-06-10T18:49:59.724558","37.281482000000004","127.04481799999999"
"9348","2026-06-10T18:49:59.726548","37.2815","127.0448"
"9349","2026-06-10T18:49:59.727547","37.281518","127.044782"
"9350","2026-06-10T18:49:59.728546","37.281536","127.044764"
"9351","2026-06-10T18:49:59.729546","37.281554","127.04474599999999"
"9352","2026-06-10T18:49:59.731549","37.281572000000004","127.04472799999999"
"9353","2026-06-10T18:49:59.732550","37.281439999999996","127.044884"
"9354","2026-06-10T18:49:59.733546","37.281458","127.044866"
"9355","2026-06-10T18:49:59.734553","37.281476","127.04484799999999"
"9356","2026-06-10T18:49:59.735547","37.281494","127.04482999999999"
"9357","2026-06-10T18:49:59.736553","37.281512","127.044812"
"9358","2026-06-10T18:49:59.737546","37.28153","127.044794"
"9359","2026-06-10T18:49:59.738546","37.282528","127.045772"
"9360","2026-06-10T18:49:59.740548","37.282546","127.045754"
"9361","2026-06-10T18:49:59.741547","37.282564","127.04573599999999"
"9362","2026-06-10T18:49:59.743548","37.283427999999994","127.04387200000001"
"9363","2026-06-10T18:49:59.747557","37.283446","127.04385400000001"
"9364","2026-06-10T18:49:59.749558","37.283463999999995","127.043836"
"9365","2026-06-10T18:49:59.751557","37.283482","127.043818"
"9366","2026-06-10T18:49:59.753560","37.2835","127.0438"
"9367","2026-06-10T18:49:59.754555","37.283517999999994","127.04378200000001"
"9368","2026-06-10T18:49:59.756563","37.283536","127.04376400000001"
"9369","2026-06-10T18:49:59.757556","37.283553999999995","127.043746"
"9370","2026-06-10T18:49:59.759557","37.283572","127.043728"
"9371","2026-06-10T18:49:59.760554","37.28343999999999","127.043884"
"9372","2026-06-10T18:49:59.762966","37.281327999999995","127.04347200000001"
"9373","2026-06-10T18:49:59.764966","37.281346","127.04345400000001"
"9374","2026-06-10T18:49:59.766967","37.281363999999996","127.043436"
"9375","2026-06-10T18:49:59.767966","37.281382","127.043418"
"9376","2026-06-10T18:49:59.768970","37.2814","127.0434"
"9377","2026-06-10T18:49:59.769969","37.281417999999995","127.04338200000001"
"9378","2026-06-10T18:49:59.770970","37.283628","127.044972"
"9379","2026-06-10T18:49:59.772965","37.283646000000005","127.044954"
"9380","2026-06-10T18:49:59.774966","37.283664","127.04493599999999"
"9381","2026-06-10T18:49:59.775967","37.283682000000006","127.044918"
"9382","2026-06-10T18:49:59.777965","37.2837","127.0449"
"9383","2026-06-10T18:49:59.781968","37.283718","127.044882"
"9384","2026-06-10T18:49:59.783969","37.283736000000005","127.044864"
"9385","2026-06-10T18:49:59.785966","37.283754","127.04484599999999"
"9386","2026-06-10T18:49:59.787967","37.283772000000006","127.044828"
"9387","2026-06-10T18:49:59.789966","37.28364","127.044984"
"9388","2026-06-10T18:49:59.790969","37.283658","127.044966"
"9389","2026-06-10T18:49:59.792966","37.283676","127.04494799999999"
"9390","2026-06-10T18:49:59.794967","37.283694000000004","127.04493"
"9391","2026-06-10T18:49:59.796968","37.283712","127.044912"
"9392","2026-06-10T18:49:59.799969","37.28373","127.044894"
"9393","2026-06-10T18:49:59.801968","37.283748","127.044876"
"9394","2026-06-10T18:49:59.803969","37.283766","127.04485799999999"
"9395","2026-06-10T18:49:59.805969","37.283784000000004","127.04484"
"9396","2026-06-10T18:49:59.807969","37.283652000000004","127.044996"
"9397","2026-06-10T18:49:59.810975","37.28367000000001","127.044978"
"9398","2026-06-10T18:49:59.811967","37.283688000000005","127.04495999999999"
"9399","2026-06-10T18:49:59.813969","37.28370600000001","127.04494199999999"
"9400","2026-06-10T18:49:59.814966","37.282028","127.042572"
"9401","2026-06-10T18:49:59.815965","37.282046","127.04255400000001"
"9402","2026-06-10T18:49:59.816964","37.283927999999996","127.044172"
"9403","2026-06-10T18:49:59.817964","37.283946","127.044154"
"9404","2026-06-10T18:49:59.818969","37.283964","127.044136"
"9405","2026-06-10T18:49:59.819967","37.283982","127.044118"
"9406","2026-06-10T18:49:59.820965","37.284","127.0441"
"9407","2026-06-10T18:49:59.821966","37.284017999999996","127.044082"
"9408","2026-06-10T18:49:59.823969","37.284036","127.044064"
"9409","2026-06-10T18:49:59.824971","37.284054","127.044046"
"9410","2026-06-10T18:49:59.825970","37.284072","127.044028"
"9411","2026-06-10T18:49:59.826967","37.283939999999994","127.044184"
"9412","2026-06-10T18:49:59.827966","37.283958","127.044166"
"9413","2026-06-10T18:49:59.828964","37.283975999999996","127.04414799999999"
"9414","2026-06-10T18:49:59.829966","37.283994","127.04413"
"9415","2026-06-10T18:49:59.830970","37.284012","127.044112"
"9416","2026-06-10T18:49:59.831965","37.284029999999994","127.044094"
"9417","2026-06-10T18:49:59.832974","37.284048","127.044076"
"9418","2026-06-10T18:49:59.833965","37.284065999999996","127.04405799999999"
"9419","2026-06-10T18:49:59.834964","37.284084","127.04404"
"9420","2026-06-10T18:49:59.835965","37.281828","127.04607200000001"
"9421","2026-06-10T18:49:59.836966","37.282827999999995","127.046272"
"9422","2026-06-10T18:49:59.837964","37.282846","127.046254"
"9423","2026-06-10T18:49:59.838966","37.282864","127.046236"
"9424","2026-06-10T18:49:59.839965","37.282882","127.046218"
"9425","2026-06-10T18:49:59.840967","37.2829","127.0462"
"9426","2026-06-10T18:49:59.841968","37.281228","127.045672"
"9427","2026-06-10T18:49:59.842972","37.281246","127.045654"
"9428","2026-06-10T18:49:59.843965","37.281264","127.04563599999999"
"9429","2026-06-10T18:49:59.844967","37.281282000000004","127.04561799999999"
"9430","2026-06-10T18:49:59.845974","37.2813","127.0456"
"9431","2026-06-10T18:49:59.848976","37.281318","127.045582"
"9432","2026-06-10T18:49:59.850980","37.281336","127.045564"
"9433","2026-06-10T18:49:59.851974","37.281354","127.04554599999999"
"9434","2026-06-10T18:49:59.852973","37.281372000000005","127.04552799999999"
"9435","2026-06-10T18:49:59.853977","37.28124","127.045684"
"9436","2026-06-10T18:49:59.854975","37.281258","127.045666"
"9437","2026-06-10T18:49:59.856980","37.281276","127.04564799999999"
"9438","2026-06-10T18:49:59.857974","37.284028","127.043272"
"9439","2026-06-10T18:49:59.858977","37.284046000000004","127.043254"
"9440","2026-06-10T18:49:59.859977","37.284064","127.043236"
"9441","2026-06-10T18:49:59.860973","37.284082000000005","127.043218"
"9442","2026-06-10T18:49:59.862090","37.2841","127.0432"
"9443","2026-06-10T18:49:59.863092","37.284118","127.043182"
"9444","2026-06-10T18:49:59.864091","37.284136000000004","127.043164"
"9445","2026-06-10T18:49:59.865092","37.284154","127.043146"
"9446","2026-06-10T18:49:59.866090","37.281028","127.044272"
"9447","2026-06-10T18:49:59.866090","37.281046","127.04425400000001"
"9448","2026-06-10T18:49:59.868089","37.281064","127.044236"
"9449","2026-06-10T18:49:59.869089","37.281082000000005","127.044218"
"9450","2026-06-10T18:49:59.870090","37.2811","127.0442"
"9451","2026-06-10T18:49:59.872090","37.281118","127.044182"
"9452","2026-06-10T18:49:59.874091","37.281136000000004","127.04416400000001"
"9453","2026-06-10T18:49:59.875091","37.281154","127.044146"
"9454","2026-06-10T18:49:59.876089","37.281172000000005","127.044128"
"9455","2026-06-10T18:49:59.877088","37.28104","127.044284"
"9456","2026-06-10T18:49:59.878088","37.281058","127.04426600000001"
"9457","2026-06-10T18:49:59.879088","37.281076","127.044248"
"9458","2026-06-10T18:49:59.880092","37.281094","127.04423"
"9459","2026-06-10T18:49:59.881089","37.281112","127.044212"
"9460","2026-06-10T18:49:59.882089","37.28113","127.044194"
"9461","2026-06-10T18:49:59.883089","37.283828","127.045372"
"9462","2026-06-10T18:49:59.884088","37.283846000000004","127.045354"
"9463","2026-06-10T18:49:59.885088","37.283864","127.04533599999999"
"9464","2026-06-10T18:49:59.886090","37.282227999999996","127.04647200000001"
"9465","2026-06-10T18:49:59.888090","37.282246","127.04645400000001"
"9466","2026-06-10T18:49:59.891092","37.282264","127.046436"
"9467","2026-06-10T18:49:59.893092","37.282282","127.046418"
"9468","2026-06-10T18:49:59.895090","37.2823","127.0464"
"9469","2026-06-10T18:49:59.897092","37.282318","127.04638200000001"
"9470","2026-06-10T18:49:59.900090","37.282336","127.04636400000001"
"9471","2026-06-10T18:49:59.902095","37.282354","127.046346"
"9472","2026-06-10T18:49:59.904092","37.282372","127.046328"
"9473","2026-06-10T18:49:59.905093","37.282239999999994","127.046484"
"9474","2026-06-10T18:49:59.910092","37.280927999999996","127.043772"
"9475","2026-06-10T18:49:59.918091","37.280946","127.043754"
"9476","2026-06-10T18:49:59.920095","37.280964","127.043736"
"9477","2026-06-10T18:49:59.921101","37.280982","127.043718"
"9478","2026-06-10T18:49:59.922092","37.281","127.0437"
"9479","2026-06-10T18:49:59.923092","37.281017999999996","127.043682"
"9480","2026-06-10T18:49:59.925092","37.284127999999995","127.044872"
"9481","2026-06-10T18:49:59.926094","37.284146","127.044854"
"9482","2026-06-10T18:49:59.927092","37.284164","127.04483599999999"
"9483","2026-06-10T18:49:59.931095","37.284182","127.04481799999999"
"9484","2026-06-10T18:49:59.933092","37.2842","127.0448"
"9485","2026-06-10T18:49:59.934094","37.284217999999996","127.044782"
"9486","2026-06-10T18:49:59.935091","37.284236","127.044764"
"9487","2026-06-10T18:49:59.937091","37.284254","127.04474599999999"
"9488","2026-06-10T18:49:59.938093","37.284272","127.04472799999999"
"9489","2026-06-10T18:49:59.939091","37.284139999999994","127.044884"
"9490","2026-06-10T18:49:59.940093","37.284158","127.044866"
"9491","2026-06-10T18:49:59.941093","37.284175999999995","127.04484799999999"
"9492","2026-06-10T18:49:59.942090","37.284194","127.04482999999999"
"9493","2026-06-10T18:49:59.943089","37.284212","127.044812"
"9494","2026-06-10T18:49:59.944092","37.284229999999994","127.044794"
"9495","2026-06-10T18:49:59.944092","37.284248","127.044776"
"9496","2026-06-10T18:49:59.945091","37.284265999999995","127.04475799999999"
"9497","2026-06-10T18:49:59.946095","37.284284","127.04473999999999"
"9498","2026-06-10T18:49:59.947104","37.284152","127.044896"
"9499","2026-06-10T18:49:59.948105","37.28417","127.044878"
"9500","2026-06-10T18:49:59.949106","37.284188","127.04485999999999"
"9501","2026-06-10T18:49:59.950102","37.284206000000005","127.04484199999999"
"9502","2026-06-10T18:49:59.951104","37.283227999999994","127.046672"
"9503","2026-06-10T18:49:59.952104","37.283246","127.046654"
"9504","2026-06-10T18:49:59.953102","37.281127999999995","127.042972"
"9505","2026-06-10T18:49:59.954100","37.281146","127.04295400000001"
"9506","2026-06-10T18:49:59.955103","37.281164","127.042936"
"9507","2026-06-10T18:49:59.956102","37.281182","127.042918"
"9508","2026-06-10T18:49:59.957109","37.2812","127.0429"
"9509","2026-06-10T18:49:59.958107","37.281217999999996","127.042882"
"9510","2026-06-10T18:49:59.959103","37.281236","127.04286400000001"
"9511","2026-06-10T18:49:59.960102","37.281254","127.042846"
"9512","2026-06-10T18:49:59.961111","37.281272","127.042828"
"9513","2026-06-10T18:49:59.961628","37.28113999999999","127.042984"
"9514","2026-06-10T18:49:59.962643","37.281158","127.042966"
"9515","2026-06-10T18:49:59.964638","37.281175999999995","127.042948"
"9516","2026-06-10T18:49:59.965645","37.281194","127.04293"
"9517","2026-06-10T18:49:59.966637","37.281212","127.042912"
"9518","2026-06-10T18:49:59.967638","37.281229999999994","127.042894"
"9519","2026-06-10T18:49:59.968643","37.281248","127.042876"
"9520","2026-06-10T18:49:59.969642","37.281265999999995","127.042858"
"9521","2026-06-10T18:49:59.969642","37.281284","127.04284"
"9522","2026-06-10T18:49:59.970635","37.283128","127.04517200000001"
"9523","2026-06-10T18:49:59.971637","37.282128","127.045572"
"9524","2026-06-10T18:49:59.972640","37.282146000000004","127.04555400000001"
"9525","2026-06-10T18:49:59.973639","37.282164","127.045536"
"9526","2026-06-10T18:49:59.974641","37.282182000000006","127.045518"
"9527","2026-06-10T18:49:59.975638","37.2822","127.0455"
"9528","2026-06-10T18:49:59.976641","37.281628","127.04477200000001"
"9529","2026-06-10T18:49:59.977639","37.281646","127.04475400000001"
"9530","2026-06-10T18:49:59.978638","37.281664","127.044736"
"9531","2026-06-10T18:49:59.979638","37.281682","127.044718"
"9532","2026-06-10T18:49:59.980645","37.2817","127.0447"
"9533","2026-06-10T18:49:59.981644","37.281718","127.04468200000001"
"9534","2026-06-10T18:49:59.982644","37.281736","127.04466400000001"
"9535","2026-06-10T18:49:59.983640","37.281754","127.044646"
"9536","2026-06-10T18:49:59.984639","37.281772000000004","127.044628"
"9537","2026-06-10T18:49:59.985638","37.281639999999996","127.044784"
"9538","2026-06-10T18:49:59.986640","37.281658","127.04476600000001"
"9539","2026-06-10T18:49:59.987644","37.281676","127.044748"
"9540","2026-06-10T18:49:59.988642","37.282128","127.044972"
"9541","2026-06-10T18:49:59.990644","37.282146000000004","127.044954"
"9542","2026-06-10T18:49:59.991644","37.282164","127.04493599999999"
"9543","2026-06-10T18:49:59.992644","37.282182000000006","127.044918"
"9544","2026-06-10T18:49:59.992644","37.2822","127.0449"
"9545","2026-06-10T18:49:59.993644","37.282218","127.044882"
"9546","2026-06-10T18:49:59.994643","37.282236000000005","127.044864"
"9547","2026-06-10T18:49:59.995644","37.282254","127.04484599999999"
"9548","2026-06-10T18:49:59.996640","37.283328","127.04437200000001"
"9549","2026-06-10T18:49:59.997638","37.283346","127.04435400000001"
"9550","2026-06-10T18:49:59.998636","37.283364","127.044336"
"9551","2026-06-10T18:49:59.999639","37.283382","127.044318"
"9552","2026-06-10T18:50:00.000638","37.2834","127.0443"
"9553","2026-06-10T18:50:00.001636","37.283418","127.04428200000001"
"9554","2026-06-10T18:50:00.003640","37.283436","127.04426400000001"
"9555","2026-06-10T18:50:00.004639","37.283454","127.044246"
"9556","2026-06-10T18:50:00.006637","37.283472","127.044228"
"9557","2026-06-10T18:50:00.007638","37.283339999999995","127.04438400000001"
"9558","2026-06-10T18:50:00.009639","37.283358","127.04436600000001"
"9559","2026-06-10T18:50:00.010636","37.283376","127.044348"
"9560","2026-06-10T18:50:00.011638","37.283394","127.04433"
"9561","2026-06-10T18:50:00.012636","37.283412","127.044312"
"9562","2026-06-10T18:50:00.013636","37.283429999999996","127.04429400000001"
"9563","2026-06-10T18:50:00.015638","37.281327999999995","127.04387200000001"
"9564","2026-06-10T18:50:00.016641","37.281346","127.04385400000001"
"9565","2026-06-10T18:50:00.017641","37.281363999999996","127.043836"
"9566","2026-06-10T18:50:00.018645","37.282528","127.043272"
"9567","2026-06-10T18:50:00.018645","37.282546","127.043254"
"9568","2026-06-10T18:50:00.019645","37.282564","127.043236"
"9569","2026-06-10T18:50:00.020639","37.282582000000005","127.043218"
"9570","2026-06-10T18:50:00.021636","37.2826","127.0432"
"9571","2026-06-10T18:50:00.022637","37.282618","127.043182"
"9572","2026-06-10T18:50:00.023642","37.282636000000004","127.043164"
"9573","2026-06-10T18:50:00.024638","37.282654","127.043146"
"9574","2026-06-10T18:50:00.025641","37.282672000000005","127.043128"
"9575","2026-06-10T18:50:00.026637","37.28254","127.043284"
"9576","2026-06-10T18:50:00.027640","37.282728","127.04477200000001"
"9577","2026-06-10T18:50:00.028635","37.282746","127.04475400000001"
"9578","2026-06-10T18:50:00.029636","37.282764","127.044736"
"9579","2026-06-10T18:50:00.030641","37.282782000000005","127.044718"
"9580","2026-06-10T18:50:00.031637","37.2828","127.0447"
"9581","2026-06-10T18:50:00.032639","37.282818","127.04468200000001"
"9582","2026-06-10T18:50:00.033639","37.281727999999994","127.045072"
"9583","2026-06-10T18:50:00.034638","37.281746","127.04505400000001"
"9584","2026-06-10T18:50:00.034638","37.281763999999995","127.045036"
"9585","2026-06-10T18:50:00.035638","37.281782","127.045018"
"9586","2026-06-10T18:50:00.036637","37.2818","127.045"
"9587","2026-06-10T18:50:00.037636","37.281817999999994","127.044982"
"9588","2026-06-10T18:50:00.038636","37.281836","127.04496400000001"
"9589","2026-06-10T18:50:00.039638","37.281853999999996","127.044946"
"9590","2026-06-10T18:50:00.039638","37.281872","127.044928"
"9591","2026-06-10T18:50:00.040640","37.28173999999999","127.045084"
"9592","2026-06-10T18:50:00.041639","37.281757999999996","127.045066"
"9593","2026-06-10T18:50:00.042639","37.281775999999994","127.045048"
"9594","2026-06-10T18:50:00.043643","37.281794","127.04503"
"9595","2026-06-10T18:50:00.044640","37.281811999999995","127.045012"
"9596","2026-06-10T18:50:00.045639","37.28182999999999","127.044994"
"9597","2026-06-10T18:50:00.046650","37.281848","127.044976"
"9598","2026-06-10T18:50:00.047649","37.281865999999994","127.044958"
"9599","2026-06-10T18:50:00.052647","37.281884","127.04494"
"9600","2026-06-10T18:50:00.053649","37.281752","127.045096"
"9601","2026-06-10T18:50:00.055650","37.28177","127.045078"
"9602","2026-06-10T18:50:00.057649","37.281788","127.04505999999999"
"9603","2026-06-10T18:50:00.058649","37.281806","127.045042"
"9604","2026-06-10T18:50:00.059652","37.283027999999995","127.043572"
"9605","2026-06-10T18:50:00.061160","37.283046","127.043554"
"9606","2026-06-10T18:50:00.062172","37.281428","127.044672"
"9607","2026-06-10T18:50:00.064173","37.281446","127.04465400000001"
"9608","2026-06-10T18:50:00.066174","37.281464","127.044636"
"9609","2026-06-10T18:50:00.067171","37.281482000000004","127.044618"
"9610","2026-06-10T18:50:00.068171","37.2815","127.0446"
"9611","2026-06-10T18:50:00.069172","37.281518","127.044582"
"9612","2026-06-10T18:50:00.070180","37.281536","127.04456400000001"
"9613","2026-06-10T18:50:00.071179","37.281554","127.044546"
"9614","2026-06-10T18:50:00.072178","37.281572000000004","127.044528"
"9615","2026-06-10T18:50:00.073173","37.281439999999996","127.044684"
"9616","2026-06-10T18:50:00.073173","37.281458","127.044666"
"9617","2026-06-10T18:50:00.074173","37.281476","127.044648"
"9618","2026-06-10T18:50:00.075169","37.281494","127.04463"
"9619","2026-06-10T18:50:00.076175","37.281512","127.044612"
"9620","2026-06-10T18:50:00.077171","37.28153","127.044594"
"9621","2026-06-10T18:50:00.078177","37.281548","127.044576"
"9622","2026-06-10T18:50:00.079174","37.281566","127.044558"
"9623","2026-06-10T18:50:00.080177","37.281584","127.04454"
"9624","2026-06-10T18:50:00.081180","37.299927999999994","127.100072"
"9625","2026-06-10T18:50:00.082178","37.282328","127.045872"
"9626","2026-06-10T18:50:00.082178","37.282346000000004","127.045854"
"9627","2026-06-10T18:50:00.083178","37.282364","127.045836"
"9628","2026-06-10T18:50:00.084178","37.282382000000005","127.045818"
"9629","2026-06-10T18:50:00.085178","37.2824","127.0458"
"9630","2026-06-10T18:50:00.085178","37.283427999999994","127.045072"
"9631","2026-06-10T18:50:00.086178","37.283446","127.04505400000001"
"9632","2026-06-10T18:50:00.087179","37.283463999999995","127.045036"
"9633","2026-06-10T18:50:00.087179","37.283482","127.045018"
"9634","2026-06-10T18:50:00.088177","37.2835","127.045"
"9635","2026-06-10T18:50:00.089174","37.283517999999994","127.044982"
"9636","2026-06-10T18:50:00.091173","37.283536","127.04496400000001"
"9637","2026-06-10T18:50:00.092172","37.283553999999995","127.044946"
"9638","2026-06-10T18:50:00.093174","37.283572","127.044928"
"9639","2026-06-10T18:50:00.094177","37.28343999999999","127.045084"
"9640","2026-06-10T18:50:00.095172","37.283457999999996","127.045066"
"9641","2026-06-10T18:50:00.096173","37.28347599999999","127.045048"
"9642","2026-06-10T18:50:00.098174","37.281028","127.045472"
"9643","2026-06-10T18:50:00.099174","37.281046","127.045454"
"9644","2026-06-10T18:50:00.100172","37.281064","127.045436"
"9645","2026-06-10T18:50:00.102176","37.281082000000005","127.045418"
"9646","2026-06-10T18:50:00.103174","37.2811","127.0454"
"9647","2026-06-10T18:50:00.104173","37.281118","127.045382"
"9648","2026-06-10T18:50:00.106174","37.281136000000004","127.045364"
"9649","2026-06-10T18:50:00.108176","37.281154","127.045346"
"9650","2026-06-10T18:50:00.109176","37.282928","127.04607200000001"
"9651","2026-06-10T18:50:00.110174","37.282946","127.04605400000001"
"9652","2026-06-10T18:50:00.112172","37.282964","127.046036"
"9653","2026-06-10T18:50:00.114173","37.282982000000004","127.046018"
"9654","2026-06-10T18:50:00.115176","37.283","127.046"
"9655","2026-06-10T18:50:00.117174","37.283018","127.04598200000001"
"9656","2026-06-10T18:50:00.118172","37.283036","127.04596400000001"
"9657","2026-06-10T18:50:00.119171","37.283054","127.045946"
"9658","2026-06-10T18:50:00.120170","37.283072000000004","127.045928"
"9659","2026-06-10T18:50:00.121171","37.282939999999996","127.04608400000001"
"9660","2026-06-10T18:50:00.122177","37.282958","127.04606600000001"
"9661","2026-06-10T18:50:00.124174","37.282976","127.046048"
"9662","2026-06-10T18:50:00.125171","37.282994","127.04603"
"9663","2026-06-10T18:50:00.126173","37.283012","127.046012"
"9664","2026-06-10T18:50:00.127170","37.28303","127.04599400000001"
"9665","2026-06-10T18:50:00.128176","37.281828","127.045972"
"9666","2026-06-10T18:50:00.129170","37.281846","127.04595400000001"
"9667","2026-06-10T18:50:00.130171","37.281864","127.045936"
"9668","2026-06-10T18:50:00.131175","37.283528","127.044072"
"9669","2026-06-10T18:50:00.132176","37.283546","127.044054"
"9670","2026-06-10T18:50:00.133175","37.283564","127.04403599999999"
"9671","2026-06-10T18:50:00.134174","37.283582","127.044018"
"9672","2026-06-10T18:50:00.135172","37.2836","127.044"
"9673","2026-06-10T18:50:00.136171","37.283618","127.043982"
"9674","2026-06-10T18:50:00.137170","37.283636","127.043964"
"9675","2026-06-10T18:50:00.138171","37.283654","127.04394599999999"
"9676","2026-06-10T18:50:00.139171","37.283672","127.043928"
"9677","2026-06-10T18:50:00.140174","37.283539999999995","127.044084"
"9678","2026-06-10T18:50:00.141175","37.282227999999996","127.043172"
"9679","2026-06-10T18:50:00.142170","37.282246","127.043154"
"9680","2026-06-10T18:50:00.143173","37.282264","127.04313599999999"
"9681","2026-06-10T18:50:00.144172","37.282282","127.04311799999999"
"9682","2026-06-10T18:50:00.145170","37.2823","127.0431"
"9683","2026-06-10T18:50:00.146171","37.282318","127.043082"
"9684","2026-06-10T18:50:00.147185","37.283227999999994","127.043772"
"9685","2026-06-10T18:50:00.148180","37.283246","127.043754"
"9686","2026-06-10T18:50:00.148180","37.283263999999996","127.043736"
"9687","2026-06-10T18:50:00.149180","37.283282","127.043718"
"9688","2026-06-10T18:50:00.150179","37.2833","127.0437"
"9689","2026-06-10T18:50:00.151179","37.283317999999994","127.043682"
"9690","2026-06-10T18:50:00.152179","37.283336","127.043664"
"9691","2026-06-10T18:50:00.152179","37.283353999999996","127.043646"
"9692","2026-06-10T18:50:00.153180","37.283372","127.043628"
"9693","2026-06-10T18:50:00.154183","37.28323999999999","127.043784"
"9694","2026-06-10T18:50:00.156184","37.283258","127.043766"
"9695","2026-06-10T18:50:00.157179","37.283275999999994","127.043748"
"9696","2026-06-10T18:50:00.158185","37.283294","127.04373"
"9697","2026-06-10T18:50:00.159186","37.283311999999995","127.043712"
"9698","2026-06-10T18:50:00.160184","37.28332999999999","127.043694"
"9699","2026-06-10T18:50:00.161188","37.283348","127.043676"
"9700","2026-06-10T18:50:00.161706","37.283365999999994","127.043658"
"9701","2026-06-10T18:50:00.162721","37.283384","127.04364"
"9702","2026-06-10T18:50:00.163718","37.283252","127.043796"
"9703","2026-06-10T18:50:00.164716","37.28327","127.043778"
"9704","2026-06-10T18:50:00.165717","37.283288","127.04375999999999"
"9705","2026-06-10T18:50:00.166715","37.283306","127.043742"
"9706","2026-06-10T18:50:00.167715","37.28192799999999","127.046272"
"9707","2026-06-10T18:50:00.168718","37.281946","127.046254"
"9708","2026-06-10T18:50:00.169716","37.281228","127.04347200000001"
"9709","2026-06-10T18:50:00.170717","37.281246","127.04345400000001"
"9710","2026-06-10T18:50:00.171716","37.281264","127.043436"
"9711","2026-06-10T18:50:00.172720","37.281282000000004","127.043418"
"9712","2026-06-10T18:50:00.173719","37.2813","127.0434"
"9713","2026-06-10T18:50:00.174717","37.281318","127.04338200000001"
"9714","2026-06-10T18:50:00.175718","37.281336","127.04336400000001"
"9715","2026-06-10T18:50:00.175718","37.281354","127.043346"
"9716","2026-06-10T18:50:00.176720","37.281372000000005","127.043328"
"9717","2026-06-10T18:50:00.177715","37.28124","127.043484"
"9718","2026-06-10T18:50:00.178716","37.281258","127.04346600000001"
"9719","2026-06-10T18:50:00.179717","37.281276","127.043448"
"9720","2026-06-10T18:50:00.180716","37.281294","127.04343"
"9721","2026-06-10T18:50:00.181719","37.281312","127.043412"
"9722","2026-06-10T18:50:00.182721","37.28133","127.043394"
"9723","2026-06-10T18:50:00.182721","37.281348","127.04337600000001"
"9724","2026-06-10T18:50:00.183716","37.281366","127.043358"
"9725","2026-06-10T18:50:00.184716","37.281384","127.04334"
"9726","2026-06-10T18:50:00.185717","37.282478","127.046422"
"9727","2026-06-10T18:50:00.188715","37.283677999999995","127.045422"
"9728","2026-06-10T18:50:00.193720","37.283696","127.045404"
"9729","2026-06-10T18:50:00.194717","37.283713999999996","127.045386"
"9730","2026-06-10T18:50:00.196720","37.283732","127.045368"
"9731","2026-06-10T18:50:00.197720","37.28375","127.04535"
"9732","2026-06-10T18:50:00.199718","37.281678","127.046522"
"9733","2026-06-10T18:50:00.201719","37.281696000000004","127.046504"
"9734","2026-06-10T18:50:00.202719","37.281714","127.04648599999999"
"9735","2026-06-10T18:50:00.204717","37.281732000000005","127.04646799999999"
"9736","2026-06-10T18:50:00.205717","37.28175","127.04645"
"9737","2026-06-10T18:50:00.206715","37.281768","127.046432"
"9738","2026-06-10T18:50:00.208718","37.281786000000004","127.046414"
"9739","2026-06-10T18:50:00.209718","37.281804","127.04639599999999"
"9740","2026-06-10T18:50:00.210717","37.281822000000005","127.04637799999999"
"9741","2026-06-10T18:50:00.211715","37.28169","127.046534"
"9742","2026-06-10T18:50:00.212714","37.281708","127.046516"
"9743","2026-06-10T18:50:00.213716","37.281726","127.04649799999999"
"9744","2026-06-10T18:50:00.214714","37.281378","127.045922"
"9745","2026-06-10T18:50:00.214714","37.281396","127.04590400000001"
"9746","2026-06-10T18:50:00.215713","37.281414","127.045886"
"9747","2026-06-10T18:50:00.216713","37.281432","127.045868"
"9748","2026-06-10T18:50:00.217713","37.28145","127.04585"
"9749","2026-06-10T18:50:00.218715","37.281468","127.045832"
"9750","2026-06-10T18:50:00.218715","37.281486","127.04581400000001"
"9751","2026-06-10T18:50:00.219713","37.281504","127.045796"
"9752","2026-06-10T18:50:00.220713","37.282078","127.046672"
"9753","2026-06-10T18:50:00.221716","37.282096","127.046654"
"9754","2026-06-10T18:50:00.222716","37.282114","127.04663599999999"
"9755","2026-06-10T18:50:00.222716","37.282132000000004","127.046618"
"9756","2026-06-10T18:50:00.223714","37.28215","127.0466"
"9757","2026-06-10T18:50:00.224720","37.282168","127.046582"
"9758","2026-06-10T18:50:00.225720","37.282186","127.046564"
"9759","2026-06-10T18:50:00.226719","37.282204","127.04654599999999"
"9760","2026-06-10T18:50:00.226719","37.282222000000004","127.046528"
"9761","2026-06-10T18:50:00.227718","37.28209","127.046684"
"9762","2026-06-10T18:50:00.228718","37.282108","127.046666"
"9763","2026-06-10T18:50:00.228718","37.282126","127.04664799999999"
"9764","2026-06-10T18:50:00.229715","37.282144","127.04663"
"9765","2026-06-10T18:50:00.230716","37.282162","127.046612"
"9766","2026-06-10T18:50:00.231717","37.28218","127.046594"
"9767","2026-06-10T18:50:00.231717","37.283077999999996","127.045972"
"9768","2026-06-10T18:50:00.232716","37.283096","127.04595400000001"
"9769","2026-06-10T18:50:00.233716","37.283114","127.045936"
"9770","2026-06-10T18:50:00.234722","37.280877999999994","127.04472200000001"
"9771","2026-06-10T18:50:00.234722","37.280896","127.04470400000001"
"9772","2026-06-10T18:50:00.235717","37.280913999999996","127.044686"
"9773","2026-06-10T18:50:00.236716","37.280932","127.044668"
"9774","2026-06-10T18:50:00.236716","37.28095","127.04465"
"9775","2026-06-10T18:50:00.237718","37.280967999999994","127.04463200000001"
"9776","2026-06-10T18:50:00.238722","37.280986","127.04461400000001"
"9777","2026-06-10T18:50:00.239720","37.281003999999996","127.044596"
"9778","2026-06-10T18:50:00.239720","37.281022","127.044578"
"9779","2026-06-10T18:50:00.240715","37.28088999999999","127.044734"
"9780","2026-06-10T18:50:00.241714","37.283477999999995","127.043322"
"9781","2026-06-10T18:50:00.242713","37.283496","127.043304"
"9782","2026-06-10T18:50:00.243713","37.283514","127.043286"
"9783","2026-06-10T18:50:00.243713","37.283532","127.043268"
"9784","2026-06-10T18:50:00.250719","37.28355","127.04325"
"9785","2026-06-10T18:50:00.251719","37.283567999999995","127.043232"
"9786","2026-06-10T18:50:00.252719","37.281577999999996","127.043322"
"9787","2026-06-10T18:50:00.253719","37.281596","127.043304"
"9788","2026-06-10T18:50:00.254721","37.281614","127.043286"
"9789","2026-06-10T18:50:00.255723","37.281632","127.043268"
"9790","2026-06-10T18:50:00.256719","37.28165","127.04325"
"9791","2026-06-10T18:50:00.256719","37.281667999999996","127.043232"
"9792","2026-06-10T18:50:00.257719","37.281686","127.043214"
"9793","2026-06-10T18:50:00.258719","37.281704","127.043196"
"9794","2026-06-10T18:50:00.259719","37.281722","127.043178"
"9795","2026-06-10T18:50:00.259719","37.281589999999994","127.043334"
"9796","2026-06-10T18:50:00.259719","37.281608","127.043316"
"9797","2026-06-10T18:50:00.261226","37.281625999999996","127.043298"
"9798","2026-06-10T18:50:00.262233","37.281644","127.04328"
"9799","2026-06-10T18:50:00.263234","37.281662","127.043262"
"9800","2026-06-10T18:50:00.264238","37.281679999999994","127.043244"
"9801","2026-06-10T18:50:00.265235","37.281698","127.043226"
"9802","2026-06-10T18:50:00.265235","37.281715999999996","127.04320799999999"
"9803","2026-06-10T18:50:00.266233","37.281734","127.04319"
"9804","2026-06-10T18:50:00.267232","37.281602","127.043346"
"9805","2026-06-10T18:50:00.268233","37.281620000000004","127.043328"
"9806","2026-06-10T18:50:00.268233","37.281638","127.04330999999999"
"9807","2026-06-10T18:50:00.269232","37.281656000000005","127.043292"
"9808","2026-06-10T18:50:00.270232","37.280778","127.045422"
"9809","2026-06-10T18:50:00.270232","37.280796","127.045404"
"9810","2026-06-10T18:50:00.271233","37.283778","127.043822"
"9811","2026-06-10T18:50:00.272236","37.283796","127.04380400000001"
"9812","2026-06-10T18:50:00.273233","37.283814","127.043786"
"9813","2026-06-10T18:50:00.273233","37.283832000000004","127.043768"
"9814","2026-06-10T18:50:00.274233","37.28385","127.04375"
"9815","2026-06-10T18:50:00.275232","37.283868","127.043732"
"9816","2026-06-10T18:50:00.276233","37.283886","127.04371400000001"
"9817","2026-06-10T18:50:00.276233","37.283904","127.043696"
"9818","2026-06-10T18:50:00.277232","37.283922000000004","127.043678"
"9819","2026-06-10T18:50:00.278232","37.283789999999996","127.043834"
"9820","2026-06-10T18:50:00.278232","37.283808","127.043816"
"9821","2026-06-10T18:50:00.279232","37.283826","127.043798"
"9822","2026-06-10T18:50:00.280236","37.283844","127.04378"
"9823","2026-06-10T18:50:00.281235","37.283862","127.043762"
"9824","2026-06-10T18:50:00.281235","37.283879999999996","127.043744"
"9825","2026-06-10T18:50:00.282235","37.283898","127.043726"
"9826","2026-06-10T18:50:00.283239","37.283916","127.043708"
"9827","2026-06-10T18:50:00.284236","37.283934","127.04369"
"9828","2026-06-10T18:50:00.285236","37.280677999999995","127.043822"
"9829","2026-06-10T18:50:00.286236","37.280477999999995","127.04432200000001"
"9830","2026-06-10T18:50:00.287238","37.280496","127.04430400000001"
"9831","2026-06-10T18:50:00.288237","37.280514","127.044286"
"9832","2026-06-10T18:50:00.289236","37.280532","127.044268"
"9833","2026-06-10T18:50:00.290236","37.28055","127.04425"
"9834","2026-06-10T18:50:00.291235","37.282377999999994","127.042522"
"9835","2026-06-10T18:50:00.292234","37.282396","127.04250400000001"
"9836","2026-06-10T18:50:00.293238","37.282413999999996","127.042486"
"9837","2026-06-10T18:50:00.294236","37.282432","127.042468"
"9838","2026-06-10T18:50:00.295237","37.28245","127.04245"
"9839","2026-06-10T18:50:00.295237","37.282467999999994","127.042432"
"9840","2026-06-10T18:50:00.296236","37.282486","127.04241400000001"
"9841","2026-06-10T18:50:00.297240","37.282503999999996","127.042396"
"9842","2026-06-10T18:50:00.298237","37.282522","127.042378"
"9843","2026-06-10T18:50:00.299234","37.28238999999999","127.042534"
"9844","2026-06-10T18:50:00.300233","37.282408","127.042516"
"9845","2026-06-10T18:50:00.301233","37.282425999999994","127.042498"
"9846","2026-06-10T18:50:00.301233","37.280828","127.044122"
"9847","2026-06-10T18:50:00.302233","37.280846000000004","127.044104"
"9848","2026-06-10T18:50:00.303233","37.280864","127.044086"
"9849","2026-06-10T18:50:00.304232","37.280882000000005","127.044068"
"9850","2026-06-10T18:50:00.305233","37.2809","127.04405"
"9851","2026-06-10T18:50:00.305233","37.280918","127.044032"
"9852","2026-06-10T18:50:00.306233","37.280936000000004","127.044014"
"9853","2026-06-10T18:50:00.307232","37.280954","127.04399599999999"
"9854","2026-06-10T18:50:00.307232","37.280578","127.046122"
"9855","2026-06-10T18:50:00.308233","37.280596","127.046104"
"9856","2026-06-10T18:50:00.309233","37.280614","127.04608599999999"
"9857","2026-06-10T18:50:00.309233","37.280632000000004","127.04606799999999"
"9858","2026-06-10T18:50:00.310233","37.28065","127.04605"
"9859","2026-06-10T18:50:00.311234","37.280668","127.046032"
"9860","2026-06-10T18:50:00.311234","37.280686","127.046014"
"9861","2026-06-10T18:50:00.312233","37.280704","127.04599599999999"
"9862","2026-06-10T18:50:00.313233","37.280722000000004","127.04597799999999"
"9863","2026-06-10T18:50:00.314232","37.28059","127.046134"
"9864","2026-06-10T18:50:00.314232","37.280608","127.046116"
"9865","2026-06-10T18:50:00.315232","37.280626","127.04609799999999"
"9866","2026-06-10T18:50:00.316233","37.280644","127.04607999999999"
"9867","2026-06-10T18:50:00.317233","37.280662","127.04606199999999"
"9868","2026-06-10T18:50:00.317233","37.28068","127.046044"
"9869","2026-06-10T18:50:00.318233","37.282678","127.04302200000001"
"9870","2026-06-10T18:50:00.319233","37.282696","127.04300400000001"
"9871","2026-06-10T18:50:00.319233","37.282714","127.042986"
"9872","2026-06-11T13:03:03.322340","37.283128","127.04517200000001"
"9873","2026-06-11T13:03:03.362341","37.282328","127.043972"
"9874","2026-06-11T13:03:03.364344","37.282346000000004","127.043954"
"9875","2026-06-11T13:03:03.366343","37.282364","127.04393599999999"
"9876","2026-06-11T13:03:03.368339","37.282382000000005","127.04391799999999"
"9877","2026-06-11T13:03:03.370339","37.2824","127.0439"
"9878","2026-06-11T13:03:03.371341","37.281628","127.04477200000001"
"9879","2026-06-11T13:03:03.373340","37.281646","127.04475400000001"
"9880","2026-06-11T13:03:03.375339","37.281664","127.044736"
"9881","2026-06-11T13:03:03.376340","37.281682","127.044718"
"9882","2026-06-11T13:03:03.378340","37.2817","127.0447"
"9883","2026-06-11T13:03:03.379340","37.281718","127.04468200000001"
"9884","2026-06-11T13:03:03.381336","37.281736","127.04466400000001"
"9885","2026-06-11T13:03:03.382339","37.281754","127.044646"
"9886","2026-06-11T13:03:03.383338","37.281772000000004","127.044628"
"9887","2026-06-11T13:03:03.385340","37.281639999999996","127.044784"
"9888","2026-06-11T13:03:03.387338","37.281658","127.04476600000001"
"9889","2026-06-11T13:03:03.388339","37.281676","127.044748"
"9890","2026-06-11T13:03:03.389349","37.282928","127.044172"
"9891","2026-06-11T13:03:03.390348","37.282946","127.044154"
"9892","2026-06-11T13:03:03.392351","37.282964","127.044136"
"9893","2026-06-11T13:03:03.394350","37.282982000000004","127.044118"
"9894","2026-06-11T13:03:03.395356","37.283","127.0441"
"9895","2026-06-11T13:03:03.396354","37.283018","127.044082"
"9896","2026-06-11T13:03:03.397349","37.283036","127.044064"
"9897","2026-06-11T13:03:03.399353","37.283054","127.044046"
"9898","2026-06-11T13:03:03.400349","37.282128","127.044972"
"9899","2026-06-11T13:03:03.401350","37.282146000000004","127.044954"
"9900","2026-06-11T13:03:03.403350","37.282164","127.04493599999999"
"9901","2026-06-11T13:03:03.403856","37.282182000000006","127.044918"
"9902","2026-06-11T13:03:03.405867","37.2822","127.0449"
"9903","2026-06-11T13:03:03.407868","37.282218","127.044882"
"9904","2026-06-11T13:03:03.409874","37.282236000000005","127.044864"
"9905","2026-06-11T13:03:03.410866","37.282254","127.04484599999999"
"9906","2026-06-11T13:03:03.411867","37.282272000000006","127.044828"
"9907","2026-06-11T13:03:03.413868","37.28214","127.044984"
"9908","2026-06-11T13:03:03.415867","37.282158","127.044966"
"9909","2026-06-11T13:03:03.416869","37.282176","127.04494799999999"
"9910","2026-06-11T13:03:03.418867","37.282194000000004","127.04493"
"9911","2026-06-11T13:03:03.420865","37.282212","127.044912"
"9912","2026-06-11T13:03:03.422875","37.28223","127.044894"
"9913","2026-06-11T13:03:03.424874","37.281828","127.043672"
"9914","2026-06-11T13:03:03.425874","37.281846","127.043654"
"9915","2026-06-11T13:03:03.427871","37.281864","127.04363599999999"
"9916","2026-06-11T13:03:03.429866","37.282627999999995","127.045472"
"9917","2026-06-11T13:03:03.430867","37.282646","127.045454"
"9918","2026-06-11T13:03:03.432867","37.282664","127.045436"
"9919","2026-06-11T13:03:03.434866","37.282682","127.045418"
"9920","2026-06-11T13:03:03.436866","37.2827","127.0454"
"9921","2026-06-11T13:03:03.437865","37.282717999999996","127.045382"
"9922","2026-06-11T13:03:03.438866","37.282736","127.045364"
"9923","2026-06-11T13:03:03.440866","37.282754","127.045346"
"9924","2026-06-11T13:03:03.441866","37.282772","127.045328"
"9925","2026-06-11T13:03:03.442869","37.282639999999994","127.045484"
"9926","2026-06-11T13:03:03.443865","37.283328","127.04437200000001"
"9927","2026-06-11T13:03:03.445866","37.283346","127.04435400000001"
"9928","2026-06-11T13:03:03.446866","37.283364","127.044336"
"9929","2026-06-11T13:03:03.447864","37.283382","127.044318"
"9930","2026-06-11T13:03:03.449867","37.2834","127.0443"
"9931","2026-06-11T13:03:03.450866","37.283418","127.04428200000001"
"9932","2026-06-11T13:03:03.451873","37.281727999999994","127.045272"
"9933","2026-06-11T13:03:03.454868","37.281746","127.045254"
"9934","2026-06-11T13:03:03.455867","37.281763999999995","127.04523599999999"
"9935","2026-06-11T13:03:03.457866","37.281782","127.04521799999999"
"9936","2026-06-11T13:03:03.459864","37.2818","127.0452"
"9937","2026-06-11T13:03:03.460867","37.281817999999994","127.045182"
"9938","2026-06-11T13:03:03.462868","37.281836","127.045164"
"9939","2026-06-11T13:03:03.464865","37.281853999999996","127.04514599999999"
"9940","2026-06-11T13:03:03.466868","37.281872","127.04512799999999"
"9941","2026-06-11T13:03:03.468869","37.28173999999999","127.045284"
"9942","2026-06-11T13:03:03.470872","37.281757999999996","127.045266"
"9943","2026-06-11T13:03:03.472867","37.281775999999994","127.04524799999999"
"9944","2026-06-11T13:03:03.473867","37.281794","127.04522999999999"
"9945","2026-06-11T13:03:03.475867","37.281811999999995","127.04521199999999"
"9946","2026-06-11T13:03:03.477869","37.28182999999999","127.045194"
"9947","2026-06-11T13:03:03.479867","37.281848","127.045176"
"9948","2026-06-11T13:03:03.481867","37.281865999999994","127.04515799999999"
"9949","2026-06-11T13:03:03.482866","37.281884","127.04513999999999"
"9950","2026-06-11T13:03:03.484865","37.281752","127.045296"
"9951","2026-06-11T13:03:03.485866","37.28177","127.045278"
"9952","2026-06-11T13:03:03.486866","37.281788","127.04525999999998"
"9953","2026-06-11T13:03:03.487866","37.281806","127.04524199999999"
"9954","2026-06-11T13:03:03.489875","37.282427999999996","127.043172"
"9955","2026-06-11T13:03:03.491875","37.282446","127.043154"
"9956","2026-06-11T13:03:03.492876","37.283027999999995","127.042972"
"9957","2026-06-11T13:03:03.494876","37.283046","127.04295400000001"
"9958","2026-06-11T13:03:03.495875","37.283063999999996","127.042936"
"9959","2026-06-11T13:03:03.497876","37.283082","127.042918"
"9960","2026-06-11T13:03:03.498875","37.2831","127.0429"
"9961","2026-06-11T13:03:03.499875","37.283117999999995","127.042882"
"9962","2026-06-11T13:03:03.501876","37.283136","127.04286400000001"
"9963","2026-06-11T13:03:03.501876","37.283153999999996","127.042846"
"9964","2026-06-11T13:03:03.503388","37.283172","127.042828"
"9965","2026-06-11T13:03:03.504402","37.28303999999999","127.042984"
"9966","2026-06-11T13:03:03.506400","37.283058","127.042966"
"9967","2026-06-11T13:03:03.507399","37.283075999999994","127.042948"
"9968","2026-06-11T13:03:03.508400","37.283094","127.04293"
"9969","2026-06-11T13:03:03.510401","37.283111999999996","127.042912"
"9970","2026-06-11T13:03:03.511401","37.28312999999999","127.042894"
"9971","2026-06-11T13:03:03.512842","37.283148","127.042876"
"9972","2026-06-11T13:03:03.513842","37.283165999999994","127.042858"
"9973","2026-06-11T13:03:03.514841","37.283184","127.04284"
"9974","2026-06-11T13:03:03.515840","37.281527999999994","127.044072"
"9975","2026-06-11T13:03:03.516849","37.28192799999999","127.042772"
"9976","2026-06-11T13:03:03.517842","37.281946","127.042754"
"9977","2026-06-11T13:03:03.519842","37.281963999999995","127.04273599999999"
"9978","2026-06-11T13:03:03.520842","37.281982","127.042718"
"9979","2026-06-11T13:03:03.521840","37.282","127.0427"
"9980","2026-06-11T13:03:03.522839","37.282928","127.044672"
"9981","2026-06-11T13:03:03.523840","37.282946","127.04465400000001"
"9982","2026-06-11T13:03:03.525841","37.282964","127.044636"
"9983","2026-06-11T13:03:03.527842","37.282982000000004","127.044618"
"9984","2026-06-11T13:03:03.528846","37.283","127.0446"
"9985","2026-06-11T13:03:03.530848","37.283018","127.044582"
"9986","2026-06-11T13:03:03.531843","37.283036","127.04456400000001"
"9987","2026-06-11T13:03:03.533845","37.283054","127.044546"
"9988","2026-06-11T13:03:03.534841","37.283072000000004","127.044528"
"9989","2026-06-11T13:03:03.536839","37.282939999999996","127.044684"
"9990","2026-06-11T13:03:03.537840","37.282958","127.044666"
"9991","2026-06-11T13:03:03.538847","37.282976","127.044648"
"9992","2026-06-11T13:03:03.539843","37.282728","127.043572"
"9993","2026-06-11T13:03:03.540846","37.282746","127.043554"
"9994","2026-06-11T13:03:03.541840","37.282764","127.04353599999999"
"9995","2026-06-11T13:03:03.542843","37.282782000000005","127.04351799999999"
"9996","2026-06-11T13:03:03.544843","37.2828","127.0435"
"9997","2026-06-11T13:03:03.545846","37.282818","127.043482"
"9998","2026-06-11T13:03:03.546850","37.282836","127.043464"
"9999","2026-06-11T13:03:03.548844","37.282854","127.04344599999999"
"10000","2026-06-11T13:03:03.551844","37.281428","127.044872"
"10001","2026-06-11T13:03:03.553847","37.281446","127.044854"
"10002","2026-06-11T13:03:03.554842","37.281464","127.04483599999999"
"10003","2026-06-11T13:03:03.555846","37.281482000000004","127.04481799999999"
"10004","2026-06-11T13:03:03.557842","37.2815","127.0448"
"10005","2026-06-11T13:03:03.559842","37.281518","127.044782"
"10006","2026-06-11T13:03:03.560844","37.281536","127.044764"
"10007","2026-06-11T13:03:03.562845","37.281554","127.04474599999999"
"10008","2026-06-11T13:03:03.563844","37.281572000000004","127.04472799999999"
"10009","2026-06-11T13:03:03.565841","37.281439999999996","127.044884"
"10010","2026-06-11T13:03:03.566844","37.281458","127.044866"
"10011","2026-06-11T13:03:03.568843","37.281476","127.04484799999999"
"10012","2026-06-11T13:03:03.569841","37.281494","127.04482999999999"
"10013","2026-06-11T13:03:03.570841","37.281512","127.044812"
"10014","2026-06-11T13:03:03.571839","37.28153","127.044794"
"10015","2026-06-11T13:03:03.573842","37.282528","127.045772"
"10016","2026-06-11T13:03:03.574839","37.282546","127.045754"
"10017","2026-06-11T13:03:03.575839","37.282564","127.04573599999999"
"10018","2026-06-11T13:03:03.577840","37.283427999999994","127.04387200000001"
"10019","2026-06-11T13:03:03.579844","37.283446","127.04385400000001"
"10020","2026-06-11T13:03:03.580845","37.283463999999995","127.043836"
"10021","2026-06-11T13:03:03.582841","37.283482","127.043818"
"10022","2026-06-11T13:03:03.584842","37.2835","127.0438"
"10023","2026-06-11T13:03:03.585845","37.283517999999994","127.04378200000001"
"10024","2026-06-11T13:03:03.587844","37.283536","127.04376400000001"
"10025","2026-06-11T13:03:03.589859","37.283553999999995","127.043746"
"10026","2026-06-11T13:03:03.590858","37.283572","127.043728"
"10027","2026-06-11T13:03:03.591859","37.28343999999999","127.043884"
"10028","2026-06-11T13:03:03.593854","37.281327999999995","127.04347200000001"
"10029","2026-06-11T13:03:03.594857","37.281346","127.04345400000001"
"10030","2026-06-11T13:03:03.597856","37.281363999999996","127.043436"
"10031","2026-06-11T13:03:03.599858","37.281382","127.043418"
"10032","2026-06-11T13:03:03.601858","37.2814","127.0434"
"10033","2026-06-11T13:03:03.603370","37.281417999999995","127.04338200000001"
"10034","2026-06-11T13:03:03.605383","37.283628","127.044972"
"10035","2026-06-11T13:03:03.606385","37.283646000000005","127.044954"
"10036","2026-06-11T13:03:03.608383","37.283664","127.04493599999999"
"10037","2026-06-11T13:03:03.610383","37.283682000000006","127.044918"
"10038","2026-06-11T13:03:03.614382","37.2837","127.0449"
"10039","2026-06-11T13:03:03.616385","37.283718","127.044882"
"10040","2026-06-11T13:03:03.618389","37.283736000000005","127.044864"
"10041","2026-06-11T13:03:03.620384","37.283754","127.04484599999999"
"10042","2026-06-11T13:03:03.622392","37.283772000000006","127.044828"
"10043","2026-06-11T13:03:03.623388","37.28364","127.044984"
"10044","2026-06-11T13:03:03.625384","37.283658","127.044966"
"10045","2026-06-11T13:03:03.627383","37.283676","127.04494799999999"
"10046","2026-06-11T13:03:03.628381","37.283694000000004","127.04493"
"10047","2026-06-11T13:03:03.629384","37.283712","127.044912"
"10048","2026-06-11T13:03:03.631385","37.28373","127.044894"
"10049","2026-06-11T13:03:03.632387","37.283748","127.044876"
"10050","2026-06-11T13:03:03.634383","37.283766","127.04485799999999"
"10051","2026-06-11T13:03:03.635383","37.283784000000004","127.04484"
"10052","2026-06-11T13:03:03.636380","37.283652000000004","127.044996"
"10053","2026-06-11T13:03:03.637382","37.28367000000001","127.044978"
"10054","2026-06-11T13:03:03.638382","37.283688000000005","127.04495999999999"
"10055","2026-06-11T13:03:03.639384","37.28370600000001","127.04494199999999"
"10056","2026-06-11T13:03:03.640383","37.282028","127.042572"
"10057","2026-06-11T13:03:03.641384","37.282046","127.04255400000001"
"10058","2026-06-11T13:03:03.643382","37.283927999999996","127.044172"
"10059","2026-06-11T13:03:03.644383","37.283946","127.044154"
"10060","2026-06-11T13:03:03.645384","37.283964","127.044136"
"10061","2026-06-11T13:03:03.647384","37.283982","127.044118"
"10062","2026-06-11T13:03:03.648382","37.284","127.0441"
"10063","2026-06-11T13:03:03.649383","37.284017999999996","127.044082"
"10064","2026-06-11T13:03:03.650384","37.284036","127.044064"
"10065","2026-06-11T13:03:03.652383","37.284054","127.044046"
"10066","2026-06-11T13:03:03.653383","37.284072","127.044028"
"10067","2026-06-11T13:03:03.654383","37.283939999999994","127.044184"
"10068","2026-06-11T13:03:03.655383","37.283958","127.044166"
"10069","2026-06-11T13:03:03.656387","37.283975999999996","127.04414799999999"
"10070","2026-06-11T13:03:03.657388","37.283994","127.04413"
"10071","2026-06-11T13:03:03.659384","37.284012","127.044112"
"10072","2026-06-11T13:03:03.660386","37.284029999999994","127.044094"
"10073","2026-06-11T13:03:03.661384","37.284048","127.044076"
"10074","2026-06-11T13:03:03.662388","37.284065999999996","127.04405799999999"
"10075","2026-06-11T13:03:03.663384","37.284084","127.04404"
"10076","2026-06-11T13:03:03.665382","37.281828","127.04607200000001"
"10077","2026-06-11T13:03:03.666383","37.282827999999995","127.046272"
"10078","2026-06-11T13:03:03.667383","37.282846","127.046254"
"10079","2026-06-11T13:03:03.668385","37.282864","127.046236"
"10080","2026-06-11T13:03:03.669385","37.282882","127.046218"
"10081","2026-06-11T13:03:03.670386","37.2829","127.0462"
"10082","2026-06-11T13:03:03.671384","37.281228","127.045672"
"10083","2026-06-11T13:03:03.672385","37.281246","127.045654"
"10084","2026-06-11T13:03:03.673388","37.281264","127.04563599999999"
"10085","2026-06-11T13:03:03.674383","37.281282000000004","127.04561799999999"
"10086","2026-06-11T13:03:03.675384","37.2813","127.0456"
"10087","2026-06-11T13:03:03.676386","37.281318","127.045582"
"10088","2026-06-11T13:03:03.677390","37.281336","127.045564"
"10089","2026-06-11T13:03:03.679384","37.281354","127.04554599999999"
"10090","2026-06-11T13:03:03.679384","37.281372000000005","127.04552799999999"
"10091","2026-06-11T13:03:03.680380","37.28124","127.045684"
"10092","2026-06-11T13:03:03.681380","37.281258","127.045666"
"10093","2026-06-11T13:03:03.682379","37.281276","127.04564799999999"
"10094","2026-06-11T13:03:03.683379","37.284028","127.043272"
"10095","2026-06-11T13:03:03.685384","37.284046000000004","127.043254"
"10096","2026-06-11T13:03:03.686384","37.284064","127.043236"
"10097","2026-06-11T13:03:03.687388","37.284082000000005","127.043218"
"10098","2026-06-11T13:03:03.688384","37.2841","127.0432"
"10099","2026-06-11T13:03:03.689398","37.284118","127.043182"
"10100","2026-06-11T13:03:03.690397","37.284136000000004","127.043164"
"10101","2026-06-11T13:03:03.692398","37.284154","127.043146"
"10102","2026-06-11T13:03:03.693400","37.281028","127.044272"
"10103","2026-06-11T13:03:03.694402","37.281046","127.04425400000001"
"10104","2026-06-11T13:03:03.695397","37.281064","127.044236"
"10105","2026-06-11T13:03:03.696396","37.281082000000005","127.044218"
"10106","2026-06-11T13:03:03.697399","37.2811","127.0442"
"10107","2026-06-11T13:03:03.698393","37.281118","127.044182"
"10108","2026-06-11T13:03:03.700397","37.281136000000004","127.04416400000001"
"10109","2026-06-11T13:03:03.701392","37.281154","127.044146"
"10110","2026-06-11T13:03:03.702395","37.281172000000005","127.044128"
"10111","2026-06-11T13:03:03.703397","37.28104","127.044284"
"10112","2026-06-11T13:03:03.704681","37.281058","127.04426600000001"
"10113","2026-06-11T13:03:03.705680","37.281076","127.044248"
"10114","2026-06-11T13:03:03.706675","37.281094","127.04423"
"10115","2026-06-11T13:03:03.707675","37.281112","127.044212"
"10116","2026-06-11T13:03:03.709681","37.28113","127.044194"
"10117","2026-06-11T13:03:03.710675","37.283828","127.045372"
"10118","2026-06-11T13:03:03.711680","37.283846000000004","127.045354"
"10119","2026-06-11T13:03:03.712674","37.283864","127.04533599999999"
"10120","2026-06-11T13:03:03.713675","37.282227999999996","127.04647200000001"
"10121","2026-06-11T13:03:03.714680","37.282246","127.04645400000001"
"10122","2026-06-11T13:03:03.715675","37.282264","127.046436"
"10123","2026-06-11T13:03:03.715675","37.282282","127.046418"
"10124","2026-06-11T13:03:03.716674","37.2823","127.0464"
"10125","2026-06-11T13:03:03.717679","37.282318","127.04638200000001"
"10126","2026-06-11T13:03:03.718679","37.282336","127.04636400000001"
"10127","2026-06-11T13:03:03.720676","37.282354","127.046346"
"10128","2026-06-11T13:03:03.721674","37.282372","127.046328"
"10129","2026-06-11T13:03:03.722679","37.282239999999994","127.046484"
"10130","2026-06-11T13:03:03.736676","37.280927999999996","127.043772"
"10131","2026-06-11T13:03:03.738676","37.280946","127.043754"
"10132","2026-06-11T13:03:03.739676","37.280964","127.043736"
"10133","2026-06-11T13:03:03.740679","37.280982","127.043718"
"10134","2026-06-11T13:03:03.741683","37.281","127.0437"
"10135","2026-06-11T13:03:03.743684","37.281017999999996","127.043682"
"10136","2026-06-11T13:03:03.744675","37.284127999999995","127.044872"
"10137","2026-06-11T13:03:03.745677","37.284146","127.044854"
"10138","2026-06-11T13:03:03.746676","37.284164","127.04483599999999"
"10139","2026-06-11T13:03:03.747674","37.284182","127.04481799999999"
"10140","2026-06-11T13:03:03.748674","37.2842","127.0448"
"10141","2026-06-11T13:03:03.749675","37.284217999999996","127.044782"
"10142","2026-06-11T13:03:03.751676","37.284236","127.044764"
"10143","2026-06-11T13:03:03.752681","37.284254","127.04474599999999"
"10144","2026-06-11T13:03:03.753677","37.284272","127.04472799999999"
"10145","2026-06-11T13:03:03.754679","37.284139999999994","127.044884"
"10146","2026-06-11T13:03:03.756682","37.284158","127.044866"
"10147","2026-06-11T13:03:03.757681","37.284175999999995","127.04484799999999"
"10148","2026-06-11T13:03:03.758678","37.284194","127.04482999999999"
"10149","2026-06-11T13:03:03.759678","37.284212","127.044812"
"10150","2026-06-11T13:03:03.760674","37.284229999999994","127.044794"
"10151","2026-06-11T13:03:03.762676","37.284248","127.044776"
"10152","2026-06-11T13:03:03.763675","37.284265999999995","127.04475799999999"
"10153","2026-06-11T13:03:03.764676","37.284284","127.04473999999999"
"10154","2026-06-11T13:03:03.765676","37.284152","127.044896"
"10155","2026-06-11T13:03:03.766675","37.28417","127.044878"
"10156","2026-06-11T13:03:03.767676","37.284188","127.04485999999999"
"10157","2026-06-11T13:03:03.768675","37.284206000000005","127.04484199999999"
"10158","2026-06-11T13:03:03.769674","37.283227999999994","127.046672"
"10159","2026-06-11T13:03:03.770675","37.283246","127.046654"
"10160","2026-06-11T13:03:03.771676","37.281127999999995","127.042972"
"10161","2026-06-11T13:03:03.772676","37.281146","127.04295400000001"
"10162","2026-06-11T13:03:03.773675","37.281164","127.042936"
"10163","2026-06-11T13:03:03.773675","37.281182","127.042918"
"10164","2026-06-11T13:03:03.775680","37.2812","127.0429"
"10165","2026-06-11T13:03:03.776685","37.281217999999996","127.042882"
"10166","2026-06-11T13:03:03.777686","37.281236","127.04286400000001"
"10167","2026-06-11T13:03:03.778674","37.281254","127.042846"
"10168","2026-06-11T13:03:03.779673","37.281272","127.042828"
"10169","2026-06-11T13:03:03.780674","37.28113999999999","127.042984"
"10170","2026-06-11T13:03:03.780674","37.281158","127.042966"
"10171","2026-06-11T13:03:03.781673","37.281175999999995","127.042948"
"10172","2026-06-11T13:03:03.782674","37.281194","127.04293"
"10173","2026-06-11T13:03:03.783682","37.281212","127.042912"
"10174","2026-06-11T13:03:03.784675","37.281229999999994","127.042894"
"10175","2026-06-11T13:03:03.785681","37.281248","127.042876"
"10176","2026-06-11T13:03:03.785681","37.281265999999995","127.042858"
"10177","2026-06-11T13:03:03.786676","37.281284","127.04284"
"10178","2026-06-11T13:03:03.787682","37.283128","127.04517200000001"
"10179","2026-06-11T13:03:03.788680","37.282128","127.045572"
"10180","2026-06-11T13:03:03.788680","37.282146000000004","127.04555400000001"
"10181","2026-06-11T13:03:03.790692","37.282164","127.045536"
"10182","2026-06-11T13:03:03.790692","37.282182000000006","127.045518"
"10183","2026-06-11T13:03:03.791691","37.2822","127.0455"
"10184","2026-06-11T13:03:03.792691","37.281628","127.04477200000001"
"10185","2026-06-11T13:03:03.793692","37.281646","127.04475400000001"
"10186","2026-06-11T13:03:03.794693","37.281664","127.044736"
"10187","2026-06-11T13:03:03.795692","37.281682","127.044718"
"10188","2026-06-11T13:03:03.796689","37.2817","127.0447"
"10189","2026-06-11T13:03:03.797691","37.281718","127.04468200000001"
"10190","2026-06-11T13:03:03.799691","37.281736","127.04466400000001"
"10191","2026-06-11T13:03:03.800690","37.281754","127.044646"
"10192","2026-06-11T13:03:03.802690","37.281772000000004","127.044628"
"10193","2026-06-11T13:03:03.803690","37.281639999999996","127.044784"
"10194","2026-06-11T13:03:03.804751","37.281658","127.04476600000001"
"10195","2026-06-11T13:03:03.806750","37.281676","127.044748"
"10196","2026-06-11T13:03:03.807749","37.282128","127.044972"
"10197","2026-06-11T13:03:03.808752","37.282146000000004","127.044954"
"10198","2026-06-11T13:03:03.809749","37.282164","127.04493599999999"
"10199","2026-06-11T13:03:03.810750","37.282182000000006","127.044918"
"10200","2026-06-11T13:03:03.811752","37.2822","127.0449"
"10201","2026-06-11T13:03:03.812751","37.282218","127.044882"
"10202","2026-06-11T13:03:03.813751","37.282236000000005","127.044864"
"10203","2026-06-11T13:03:03.814752","37.282254","127.04484599999999"
"10204","2026-06-11T13:03:03.815751","37.283328","127.04437200000001"
"10205","2026-06-11T13:03:03.816754","37.283346","127.04435400000001"
"10206","2026-06-11T13:03:03.817753","37.283364","127.044336"
"10207","2026-06-11T13:03:03.817753","37.283382","127.044318"
"10208","2026-06-11T13:03:03.818753","37.2834","127.0443"
"10209","2026-06-11T13:03:03.819753","37.283418","127.04428200000001"
"10210","2026-06-11T13:03:03.820753","37.283436","127.04426400000001"
"10211","2026-06-11T13:03:03.821751","37.283454","127.044246"
"10212","2026-06-11T13:03:03.822756","37.283472","127.044228"
"10213","2026-06-11T13:03:03.823751","37.283339999999995","127.04438400000001"
"10214","2026-06-11T13:03:03.825749","37.283358","127.04436600000001"
"10215","2026-06-11T13:03:03.826751","37.283376","127.044348"
"10216","2026-06-11T13:03:03.827749","37.283394","127.04433"
"10217","2026-06-11T13:03:03.827749","37.283412","127.044312"
"10218","2026-06-11T13:03:03.828751","37.283429999999996","127.04429400000001"
"10219","2026-06-11T13:03:03.829756","37.281327999999995","127.04387200000001"
"10220","2026-06-11T13:03:03.830750","37.281346","127.04385400000001"
"10221","2026-06-11T13:03:03.831751","37.281363999999996","127.043836"
"10222","2026-06-11T13:03:03.832750","37.282528","127.043272"
"10223","2026-06-11T13:03:03.834113","37.282546","127.043254"
"10224","2026-06-11T13:03:03.834757","37.282564","127.043236"
"10225","2026-06-11T13:03:03.836267","37.282582000000005","127.043218"
"10226","2026-06-11T13:03:03.837277","37.2826","127.0432"
"10227","2026-06-11T13:03:03.838284","37.282618","127.043182"
"10228","2026-06-11T13:03:03.839279","37.282636000000004","127.043164"
"10229","2026-06-11T13:03:03.840278","37.282654","127.043146"
"10230","2026-06-11T13:03:03.841277","37.282672000000005","127.043128"
"10231","2026-06-11T13:03:03.842789","37.28254","127.043284"
"10232","2026-06-11T13:03:03.843802","37.282728","127.04477200000001"
"10233","2026-06-11T13:03:03.844462","37.282746","127.04475400000001"
"10234","2026-06-11T13:03:03.845474","37.282764","127.044736"
"10235","2026-06-11T13:03:03.846472","37.282782000000005","127.044718"
"10236","2026-06-11T13:03:03.847708","37.2828","127.0447"
"10237","2026-06-11T13:03:03.848717","37.282818","127.04468200000001"
"10238","2026-06-11T13:03:03.849709","37.281727999999994","127.045072"
"10239","2026-06-11T13:03:03.850709","37.281746","127.04505400000001"
"10240","2026-06-11T13:03:03.851707","37.281763999999995","127.045036"
"10241","2026-06-11T13:03:03.853223","37.281782","127.045018"
"10242","2026-06-11T13:03:03.854237","37.2818","127.045"
"10243","2026-06-11T13:03:03.856247","37.281817999999994","127.044982"
"10244","2026-06-11T13:03:03.857256","37.281836","127.04496400000001"
"10245","2026-06-11T13:03:03.858256","37.281853999999996","127.044946"
"10246","2026-06-11T13:03:03.860252","37.281872","127.044928"
"10247","2026-06-11T13:03:03.861250","37.28173999999999","127.045084"
"10248","2026-06-11T13:03:03.862248","37.281757999999996","127.045066"
"10249","2026-06-11T13:03:03.863757","37.281775999999994","127.045048"
"10250","2026-06-11T13:03:03.864768","37.281794","127.04503"
"10251","2026-06-11T13:03:03.865780","37.281811999999995","127.045012"
"10252","2026-06-11T13:03:03.866783","37.28182999999999","127.044994"
"10253","2026-06-11T13:03:03.867784","37.281848","127.044976"
"10254","2026-06-11T13:03:03.869777","37.281865999999994","127.044958"
"10255","2026-06-11T13:03:03.870789","37.281884","127.04494"
"10256","2026-06-11T13:03:03.874330","37.281752","127.045096"
"10257","2026-06-11T13:03:03.875329","37.28177","127.045078"
"10258","2026-06-11T13:03:03.877326","37.281788","127.04505999999999"
"10259","2026-06-11T13:03:03.879336","37.281806","127.045042"
"10260","2026-06-11T13:03:03.880327","37.283027999999995","127.043572"
"10261","2026-06-11T13:03:03.882327","37.283046","127.043554"
"10262","2026-06-11T13:03:03.883843","37.281428","127.044672"
"10263","2026-06-11T13:03:03.884864","37.281446","127.04465400000001"
"10264","2026-06-11T13:03:03.885860","37.281464","127.044636"
"10265","2026-06-11T13:03:03.886858","37.281482000000004","127.044618"
"10266","2026-06-11T13:03:03.888856","37.2815","127.0446"
"10267","2026-06-11T13:03:03.889856","37.281518","127.044582"
"10268","2026-06-11T13:03:03.890860","37.281536","127.04456400000001"
"10269","2026-06-11T13:03:03.891855","37.281554","127.044546"
"10270","2026-06-11T13:03:03.893366","37.281572000000004","127.044528"
"10271","2026-06-11T13:03:03.893366","37.281439999999996","127.044684"
"10272","2026-06-11T13:03:03.894380","37.281458","127.044666"
"10273","2026-06-11T13:03:03.896397","37.281476","127.044648"
"10274","2026-06-11T13:03:03.897396","37.281494","127.04463"
"10275","2026-06-11T13:03:03.898398","37.281512","127.044612"
"10276","2026-06-11T13:03:03.899397","37.28153","127.044594"
"10277","2026-06-11T13:03:03.900396","37.281548","127.044576"
"10278","2026-06-11T13:03:03.901396","37.281566","127.044558"
"10279","2026-06-11T13:03:03.902396","37.281584","127.04454"
"10280","2026-06-11T13:03:03.903396","37.299927999999994","127.100072"
"10281","2026-06-11T13:03:03.904469","37.282328","127.045872"
"10282","2026-06-11T13:03:03.904469","37.282346000000004","127.045854"
"10283","2026-06-11T13:03:03.905480","37.282364","127.045836"
"10284","2026-06-11T13:03:03.906478","37.282382000000005","127.045818"
"10285","2026-06-11T13:03:03.907486","37.2824","127.0458"
"10286","2026-06-11T13:03:03.908484","37.283427999999994","127.045072"
"10287","2026-06-11T13:03:03.909483","37.283446","127.04505400000001"
"10288","2026-06-11T13:03:03.910486","37.283463999999995","127.045036"
"10289","2026-06-11T13:03:03.911482","37.283482","127.045018"
"10290","2026-06-11T13:03:03.912991","37.2835","127.045"
"10291","2026-06-11T13:03:03.912991","37.283517999999994","127.044982"
"10292","2026-06-11T13:03:03.914007","37.283536","127.04496400000001"
"10293","2026-06-11T13:03:03.915008","37.283553999999995","127.044946"
"10294","2026-06-11T13:03:03.916007","37.283572","127.044928"
"10295","2026-06-11T13:03:03.917004","37.28343999999999","127.045084"
"10296","2026-06-11T13:03:03.918006","37.283457999999996","127.045066"
"10297","2026-06-11T13:03:03.919004","37.28347599999999","127.045048"
"10298","2026-06-11T13:03:03.920006","37.281028","127.045472"
"10299","2026-06-11T13:03:03.921008","37.281046","127.045454"
"10300","2026-06-11T13:03:03.922006","37.281064","127.045436"
"10301","2026-06-11T13:03:03.923519","37.281082000000005","127.045418"
"10302","2026-06-11T13:03:03.924534","37.2811","127.0454"
"10303","2026-06-11T13:03:03.925546","37.281118","127.045382"
"10304","2026-06-11T13:03:03.926549","37.281136000000004","127.045364"
"10305","2026-06-11T13:03:03.926549","37.281154","127.045346"
"10306","2026-06-11T13:03:03.927547","37.282928","127.04607200000001"
"10307","2026-06-11T13:03:03.928545","37.282946","127.04605400000001"
"10308","2026-06-11T13:03:03.930350","37.282964","127.046036"
"10309","2026-06-11T13:03:03.931409","37.282982000000004","127.046018"
"10310","2026-06-11T13:03:03.932535","37.283","127.046"
"10311","2026-06-11T13:03:03.933640","37.283018","127.04598200000001"
"10312","2026-06-11T13:03:03.934803","37.283036","127.04596400000001"
"10313","2026-06-11T13:03:03.935904","37.283054","127.045946"
"10314","2026-06-11T13:03:03.937588","37.283072000000004","127.045928"
"10315","2026-06-11T13:03:03.938674","37.282939999999996","127.04608400000001"
"10316","2026-06-11T13:03:03.939776","37.282958","127.04606600000001"
"10317","2026-06-11T13:03:03.940323","37.282976","127.046048"
"10318","2026-06-11T13:03:03.941583","37.282994","127.04603"
"10319","2026-06-11T13:03:03.943250","37.283012","127.046012"
"10320","2026-06-11T13:03:03.944587","37.28303","127.04599400000001"
"10321","2026-06-11T13:03:03.945693","37.281828","127.045972"
"10322","2026-06-11T13:03:03.946848","37.281846","127.04595400000001"
"10323","2026-06-11T13:03:03.947961","37.281864","127.045936"
"10324","2026-06-11T13:03:03.949078","37.283528","127.044072"
"10325","2026-06-11T13:03:03.949644","37.283546","127.044054"
"10326","2026-06-11T13:03:03.950765","37.283564","127.04403599999999"
"10327","2026-06-11T13:03:03.952387","37.283582","127.044018"
"10328","2026-06-11T13:03:03.953516","37.2836","127.044"
"10329","2026-06-11T13:03:03.954663","37.283618","127.043982"
"10330","2026-06-11T13:03:03.955229","37.283636","127.043964"
"10331","2026-06-11T13:03:03.956579","37.283654","127.04394599999999"
"10332","2026-06-11T13:03:03.957295","37.283672","127.043928"
"10333","2026-06-11T13:03:03.957887","37.283539999999995","127.044084"
"10334","2026-06-11T13:03:03.959006","37.282227999999996","127.043172"
"10335","2026-06-11T13:03:03.960034","37.282246","127.043154"
"10336","2026-06-11T13:03:03.960545","37.282264","127.04313599999999"
"10337","2026-06-11T13:03:03.961671","37.282282","127.04311799999999"
"10338","2026-06-11T13:03:03.962232","37.2823","127.0431"
"10339","2026-06-11T13:03:03.963755","37.282318","127.043082"
"10340","2026-06-11T13:03:03.964766","37.283227999999994","127.043772"
"10341","2026-06-11T13:03:03.965780","37.283246","127.043754"
"10342","2026-06-11T13:03:03.966778","37.283263999999996","127.043736"
"10343","2026-06-11T13:03:03.967785","37.283282","127.043718"
"10344","2026-06-11T13:03:03.968296","37.2833","127.0437"
"10345","2026-06-11T13:03:03.969307","37.283317999999994","127.043682"
"10346","2026-06-11T13:03:03.970306","37.283336","127.043664"
"10347","2026-06-11T13:03:03.970306","37.283353999999996","127.043646"
"10348","2026-06-11T13:03:03.971313","37.283372","127.043628"
"10349","2026-06-11T13:03:03.972310","37.28323999999999","127.043784"
"10350","2026-06-11T13:03:03.972310","37.283258","127.043766"
"10351","2026-06-11T13:03:03.973309","37.283275999999994","127.043748"
"10352","2026-06-11T13:03:03.973819","37.283294","127.04373"
"10353","2026-06-11T13:03:03.974835","37.283311999999995","127.043712"
"10354","2026-06-11T13:03:03.975848","37.28332999999999","127.043694"
"10355","2026-06-11T13:03:03.975848","37.283348","127.043676"
"10356","2026-06-11T13:03:03.976847","37.283365999999994","127.043658"
"10357","2026-06-11T13:03:03.977847","37.283384","127.04364"
"10358","2026-06-11T13:03:03.977847","37.283252","127.043796"
"10359","2026-06-11T13:03:03.978846","37.28327","127.043778"
"10360","2026-06-11T13:03:03.979844","37.283288","127.04375999999999"
"10361","2026-06-11T13:03:03.980844","37.283306","127.043742"
"10362","2026-06-11T13:03:03.981843","37.28192799999999","127.046272"
"10363","2026-06-11T13:03:03.981843","37.281946","127.046254"
"10364","2026-06-11T13:03:03.981843","37.281228","127.04347200000001"
"10365","2026-06-11T13:03:03.983918","37.281246","127.04345400000001"
"10366","2026-06-11T13:03:03.984465","37.281264","127.043436"
"10367","2026-06-11T13:03:03.985003","37.281282000000004","127.043418"
"10368","2026-06-11T13:03:03.985546","37.2813","127.0434"
"10369","2026-06-11T13:03:03.986612","37.281318","127.04338200000001"
"10370","2026-06-11T13:03:03.987251","37.281336","127.04336400000001"
"10371","2026-06-11T13:03:03.987808","37.281354","127.043346"
"10372","2026-06-11T13:03:03.988366","37.281372000000005","127.043328"
"10373","2026-06-11T13:03:03.989488","37.28124","127.043484"
"10374","2026-06-11T13:03:03.990048","37.281258","127.04346600000001"
"10375","2026-06-11T13:03:03.991191","37.281276","127.043448"
"10376","2026-06-11T13:03:03.991755","37.281294","127.04343"
"10377","2026-06-11T13:03:03.992909","37.281312","127.043412"
"10378","2026-06-11T13:03:03.993999","37.28133","127.043394"
"10379","2026-06-11T13:03:03.994641","37.281348","127.04337600000001"
"10380","2026-06-11T13:03:03.995263","37.281366","127.043358"
"10381","2026-06-11T13:03:03.995818","37.281384","127.04334"
"10382","2026-06-11T13:03:03.996943","37.282478","127.046422"
"10383","2026-06-11T13:03:03.997489","37.283677999999995","127.045422"
"10384","2026-06-11T13:03:03.999160","37.283696","127.045404"
"10385","2026-06-11T13:03:04.000243","37.283713999999996","127.045386"
"10386","2026-06-11T13:03:04.001339","37.283732","127.045368"
"10387","2026-06-11T13:03:04.001873","37.28375","127.04535"
"10388","2026-06-11T13:03:04.003636","37.281678","127.046522"
"10389","2026-06-11T13:03:04.004167","37.281696000000004","127.046504"
"10390","2026-06-11T13:03:04.005420","37.281714","127.04648599999999"
"10391","2026-06-11T13:03:04.005972","37.281732000000005","127.04646799999999"
"10392","2026-06-11T13:03:04.007070","37.28175","127.04645"
"10393","2026-06-11T13:03:04.007756","37.281768","127.046432"
"10394","2026-06-11T13:03:04.008507","37.281786000000004","127.046414"
"10395","2026-06-11T13:03:04.009057","37.281804","127.04639599999999"
"10396","2026-06-11T13:03:04.010170","37.281822000000005","127.04637799999999"
"10397","2026-06-11T13:03:04.010722","37.28169","127.046534"
"10398","2026-06-11T13:03:04.011270","37.281708","127.046516"
"10399","2026-06-11T13:03:04.011805","37.281726","127.04649799999999"
"10400","2026-06-11T13:03:04.012354","37.281378","127.045922"
"10401","2026-06-11T13:03:04.013400","37.281396","127.04590400000001"
"10402","2026-06-11T13:03:04.013948","37.281414","127.045886"
"10403","2026-06-11T13:03:04.014484","37.281432","127.045868"
"10404","2026-06-11T13:03:04.015025","37.28145","127.04585"
"10405","2026-06-11T13:03:04.015553","37.281468","127.045832"
"10406","2026-06-11T13:03:04.016647","37.281486","127.04581400000001"
"10407","2026-06-11T13:03:04.017243","37.281504","127.045796"
"10408","2026-06-11T13:03:04.017930","37.282078","127.046672"
"10409","2026-06-11T13:03:04.018473","37.282096","127.046654"
"10410","2026-06-11T13:03:04.019575","37.282114","127.04663599999999"
"10411","2026-06-11T13:03:04.020112","37.282132000000004","127.046618"
"10412","2026-06-11T13:03:04.020650","37.28215","127.0466"
"10413","2026-06-11T13:03:04.021196","37.282168","127.046582"
"10414","2026-06-11T13:03:04.021747","37.282186","127.046564"
"10415","2026-06-11T13:03:04.022436","37.282204","127.04654599999999"
"10416","2026-06-11T13:03:04.022436","37.282222000000004","127.046528"
"10417","2026-06-11T13:03:04.023453","37.28209","127.046684"
"10418","2026-06-11T13:03:04.024540","37.282108","127.046666"
"10419","2026-06-11T13:03:04.025079","37.282126","127.04664799999999"
"10420","2026-06-11T13:03:04.025611","37.282144","127.04663"
"10421","2026-06-11T13:03:04.026163","37.282162","127.046612"
"10422","2026-06-11T13:03:04.026751","37.28218","127.046594"
"10423","2026-06-11T13:03:04.027289","37.283077999999996","127.045972"
"10424","2026-06-11T13:03:04.027817","37.283096","127.04595400000001"
"10425","2026-06-11T13:03:04.028350","37.283114","127.045936"
"10426","2026-06-11T13:03:04.028893","37.280877999999994","127.04472200000001"
"10427","2026-06-11T13:03:04.029427","37.280896","127.04470400000001"
"10428","2026-06-11T13:03:04.029972","37.280913999999996","127.044686"
"10429","2026-06-11T13:03:04.031053","37.280932","127.044668"
"10430","2026-06-11T13:03:04.031587","37.28095","127.04465"
"10431","2026-06-11T13:03:04.032129","37.280967999999994","127.04463200000001"
"10432","2026-06-11T13:03:04.032668","37.280986","127.04461400000001"
"10433","2026-06-11T13:03:04.033523","37.281003999999996","127.044596"
"10434","2026-06-11T13:03:04.034084","37.281022","127.044578"
"10435","2026-06-11T13:03:04.034628","37.28088999999999","127.044734"
"10436","2026-06-11T13:03:04.035165","37.283477999999995","127.043322"
"10437","2026-06-11T13:03:04.035705","37.283496","127.043304"
"10438","2026-06-11T13:03:04.036787","37.283514","127.043286"
"10439","2026-06-11T13:03:04.037326","37.283532","127.043268"
"10440","2026-06-11T13:03:04.037862","37.28355","127.04325"
"10441","2026-06-11T13:03:04.038393","37.283567999999995","127.043232"
"10442","2026-06-11T13:03:04.038393","37.281577999999996","127.043322"
"10443","2026-06-11T13:03:04.039402","37.281596","127.043304"
"10444","2026-06-11T13:03:04.039910","37.281614","127.043286"
"10445","2026-06-11T13:03:04.040916","37.281632","127.043268"
"10446","2026-06-11T13:03:04.040916","37.28165","127.04325"
"10447","2026-06-11T13:03:04.041928","37.281667999999996","127.043232"
"10448","2026-06-11T13:03:04.042928","37.281686","127.043214"
"10449","2026-06-11T13:03:04.043433","37.281704","127.043196"
"10450","2026-06-11T13:03:04.043949","37.281722","127.043178"
"10451","2026-06-11T13:03:04.044489","37.281589999999994","127.043334"
"10452","2026-06-11T13:03:04.045022","37.281608","127.043316"
"10453","2026-06-11T13:03:04.045558","37.281625999999996","127.043298"
"10454","2026-06-11T13:03:04.046095","37.281644","127.04328"
"10455","2026-06-11T13:03:04.046642","37.281662","127.043262"
"10456","2026-06-11T13:03:04.047180","37.281679999999994","127.043244"
"10457","2026-06-11T13:03:04.047712","37.281698","127.043226"
"10458","2026-06-11T13:03:04.048246","37.281715999999996","127.04320799999999"
"10459","2026-06-11T13:03:04.048925","37.281734","127.04319"
"10460","2026-06-11T13:03:04.049484","37.281602","127.043346"
"10461","2026-06-11T13:03:04.050186","37.281620000000004","127.043328"
"10462","2026-06-11T13:03:04.051266","37.281638","127.04330999999999"
"10463","2026-06-11T13:03:04.051804","37.281656000000005","127.043292"
"10464","2026-06-11T13:03:04.052339","37.280778","127.045422"
"10465","2026-06-11T13:03:04.052890","37.280796","127.045404"
"10466","2026-06-11T13:03:04.053408","37.283778","127.043822"
"10467","2026-06-11T13:03:04.054494","37.283796","127.04380400000001"
"10468","2026-06-11T13:03:04.055028","37.283814","127.043786"
"10469","2026-06-11T13:03:04.055566","37.283832000000004","127.043768"
"10470","2026-06-11T13:03:04.056104","37.28385","127.04375"
"10471","2026-06-11T13:03:04.056650","37.283868","127.043732"
"10472","2026-06-11T13:03:04.057747","37.283886","127.04371400000001"
"10473","2026-06-11T13:03:04.057747","37.283904","127.043696"
"10474","2026-06-11T13:03:04.059063","37.283922000000004","127.043678"
"10475","2026-06-11T13:03:04.059599","37.283789999999996","127.043834"
"10476","2026-06-11T13:03:04.060129","37.283808","127.043816"
"10477","2026-06-11T13:03:04.060656","37.283826","127.043798"
"10478","2026-06-11T13:03:04.061193","37.283844","127.04378"
"10479","2026-06-11T13:03:04.061739","37.283862","127.043762"
"10480","2026-06-11T13:03:04.062288","37.283879999999996","127.043744"
"10481","2026-06-11T13:03:04.062827","37.283898","127.043726"
"10482","2026-06-11T13:03:04.063350","37.283916","127.043708"
"10483","2026-06-11T13:03:04.063908","37.283934","127.04369"
"10484","2026-06-11T13:03:04.065181","37.280677999999995","127.043822"
"10485","2026-06-11T13:03:04.065722","37.280477999999995","127.04432200000001"
"10486","2026-06-11T13:03:04.066287","37.280496","127.04430400000001"
"10487","2026-06-11T13:03:04.067390","37.280514","127.044286"
"10488","2026-06-11T13:03:04.067937","37.280532","127.044268"
"10489","2026-06-11T13:03:04.068475","37.28055","127.04425"
"10490","2026-06-11T13:03:04.069011","37.282377999999994","127.042522"
"10491","2026-06-11T13:03:04.069555","37.282396","127.04250400000001"
"10492","2026-06-11T13:03:04.070107","37.282413999999996","127.042486"
"10493","2026-06-11T13:03:04.071205","37.282432","127.042468"
"10494","2026-06-11T13:03:04.071745","37.28245","127.04245"
"10495","2026-06-11T13:03:04.072285","37.282467999999994","127.042432"
"10496","2026-06-11T13:03:04.072825","37.282486","127.04241400000001"
"10497","2026-06-11T13:03:04.073348","37.282503999999996","127.042396"
"10498","2026-06-11T13:03:04.073898","37.282522","127.042378"
"10499","2026-06-11T13:03:04.074463","37.28238999999999","127.042534"
"10500","2026-06-11T13:03:04.075192","37.282408","127.042516"
"10501","2026-06-11T13:03:04.075729","37.282425999999994","127.042498"
"10502","2026-06-11T13:03:04.076820","37.280828","127.044122"
"10503","2026-06-11T13:03:04.077365","37.280846000000004","127.044104"
"10504","2026-06-11T13:03:04.078023","37.280864","127.044086"
"10505","2026-06-11T13:03:04.078023","37.280882000000005","127.044068"
"10506","2026-06-11T13:03:04.079034","37.2809","127.04405"
"10507","2026-06-11T13:03:04.080034","37.280918","127.044032"
"10508","2026-06-11T13:03:04.081034","37.280936000000004","127.044014"
"10509","2026-06-11T13:03:04.081034","37.280954","127.04399599999999"
"10510","2026-06-11T13:03:04.082034","37.280578","127.046122"
"10511","2026-06-11T13:03:04.083034","37.280596","127.046104"
"10512","2026-06-11T13:03:04.084105","37.280614","127.04608599999999"
"10513","2026-06-11T13:03:04.084105","37.280632000000004","127.04606799999999"
"10514","2026-06-11T13:03:04.085102","37.28065","127.04605"
"10515","2026-06-11T13:03:04.086103","37.280668","127.046032"
"10516","2026-06-11T13:03:04.086103","37.280686","127.046014"
"10517","2026-06-11T13:03:04.087102","37.280704","127.04599599999999"
"10518","2026-06-11T13:03:04.088104","37.280722000000004","127.04597799999999"
"10519","2026-06-11T13:03:04.089103","37.28059","127.046134"
"10520","2026-06-11T13:03:04.090104","37.280608","127.046116"
"10521","2026-06-11T13:03:04.090104","37.280626","127.04609799999999"
"10522","2026-06-11T13:03:04.091101","37.280644","127.04607999999999"
"10523","2026-06-11T13:03:04.092108","37.280662","127.04606199999999"
"10524","2026-06-11T13:03:04.092108","37.28068","127.046044"
"10525","2026-06-11T13:03:04.093619","37.282678","127.04302200000001"
"10526","2026-06-11T13:03:04.093619","37.282696","127.04300400000001"
"10527","2026-06-11T13:03:04.094626","37.282714","127.042986"
"10528","2026-06-11T14:09:52.629302","37.283128","127.04517200000001"
"10529","2026-06-11T14:09:52.663825","37.282328","127.043972"
"10530","2026-06-11T14:09:52.667227","37.282346000000004","127.043954"
"10531","2026-06-11T14:09:52.669245","37.282364","127.04393599999999"
"10532","2026-06-11T14:09:52.670458","37.282382000000005","127.04391799999999"
"10533","2026-06-11T14:09:52.672477","37.2824","127.0439"
"10534","2026-06-11T14:09:52.673485","37.281628","127.04477200000001"
"10535","2026-06-11T14:09:52.674471","37.281646","127.04475400000001"
"10536","2026-06-11T14:09:52.675498","37.281664","127.044736"
"10537","2026-06-11T14:09:52.676542","37.281682","127.044718"
"10538","2026-06-11T14:09:52.678473","37.2817","127.0447"
"10539","2026-06-11T14:09:52.680750","37.281718","127.04468200000001"
"10540","2026-06-11T14:09:52.682765","37.281736","127.04466400000001"
"10541","2026-06-11T14:09:52.683890","37.281754","127.044646"
"10542","2026-06-11T14:09:52.684821","37.281772000000004","127.044628"
"10543","2026-06-11T14:09:52.687767","37.281639999999996","127.044784"
"10544","2026-06-11T14:09:52.689951","37.281658","127.04476600000001"
"10545","2026-06-11T14:09:52.691947","37.281676","127.044748"
"10546","2026-06-11T14:09:52.693019","37.282928","127.044172"
"10547","2026-06-11T14:09:52.694968","37.282946","127.044154"
"10548","2026-06-11T14:09:52.695949","37.282964","127.044136"
"10549","2026-06-11T14:09:52.696948","37.282982000000004","127.044118"
"10550","2026-06-11T14:09:52.698212","37.283","127.0441"
"10551","2026-06-11T14:09:52.700247","37.283018","127.044082"
"10552","2026-06-11T14:09:52.701226","37.283036","127.044064"
"10553","2026-06-11T14:09:52.703228","37.283054","127.044046"
"10554","2026-06-11T14:09:52.704225","37.282128","127.044972"
"10555","2026-06-11T14:09:52.706226","37.282146000000004","127.044954"
"10556","2026-06-11T14:09:52.707311","37.282164","127.04493599999999"
"10557","2026-06-11T14:09:52.708386","37.282182000000006","127.044918"
"10558","2026-06-11T14:09:52.709397","37.2822","127.0449"
"10559","2026-06-11T14:09:52.710399","37.282218","127.044882"
"10560","2026-06-11T14:09:52.714856","37.282236000000005","127.044864"
"10561","2026-06-11T14:09:52.716856","37.282254","127.04484599999999"
"10562","2026-06-11T14:09:52.718853","37.282272000000006","127.044828"
"10563","2026-06-11T14:09:52.722375","37.28214","127.044984"
"10564","2026-06-11T14:09:52.723940","37.282158","127.044966"
"10565","2026-06-11T14:09:52.725954","37.282176","127.04494799999999"
"10566","2026-06-11T14:09:52.727956","37.282194000000004","127.04493"
"10567","2026-06-11T14:09:52.729001","37.282212","127.044912"
"10568","2026-06-11T14:09:52.729965","37.28223","127.044894"
"10569","2026-06-11T14:09:52.731952","37.281828","127.043672"
"10570","2026-06-11T14:09:52.731952","37.281846","127.043654"
"10571","2026-06-11T14:09:52.732953","37.281864","127.04363599999999"
"10572","2026-06-11T14:09:52.733953","37.282627999999995","127.045472"
"10573","2026-06-11T14:09:52.733953","37.282646","127.045454"
"10574","2026-06-11T14:09:52.735955","37.282664","127.045436"
"10575","2026-06-11T14:09:52.737005","37.282682","127.045418"
"10576","2026-06-11T14:09:52.737954","37.2827","127.0454"
"10577","2026-06-11T14:09:52.738955","37.282717999999996","127.045382"
"10578","2026-06-11T14:09:52.740015","37.282736","127.045364"
"10579","2026-06-11T14:09:52.740015","37.282754","127.045346"
"10580","2026-06-11T14:09:52.740977","37.282772","127.045328"
"10581","2026-06-11T14:09:52.741974","37.282639999999994","127.045484"
"10582","2026-06-11T14:09:52.742954","37.283328","127.04437200000001"
"10583","2026-06-11T14:09:52.745163","37.283346","127.04435400000001"
"10584","2026-06-11T14:09:52.745955","37.283364","127.044336"
"10585","2026-06-11T14:09:52.746959","37.283382","127.044318"
"10586","2026-06-11T14:09:52.748074","37.2834","127.0443"
"10587","2026-06-11T14:09:52.749011","37.283418","127.04428200000001"
"10588","2026-06-11T14:09:52.749975","37.281727999999994","127.045272"
"10589","2026-06-11T14:09:52.749975","37.281746","127.045254"
"10590","2026-06-11T14:09:52.751","37.281763999999995","127.04523599999999"
"10591","2026-06-11T14:09:52.751955","37.281782","127.04521799999999"
"10592","2026-06-11T14:09:52.753952","37.2818","127.0452"
"10593","2026-06-11T14:09:52.754951","37.281817999999994","127.045182"
"10594","2026-06-11T14:09:52.755951","37.281836","127.045164"
"10595","2026-06-11T14:09:52.756953","37.281853999999996","127.04514599999999"
"10596","2026-06-11T14:09:52.757975","37.281872","127.04512799999999"
"10597","2026-06-11T14:09:52.757975","37.28173999999999","127.045284"
"10598","2026-06-11T14:09:52.758960","37.281757999999996","127.045266"
"10599","2026-06-11T14:09:52.759952","37.281775999999994","127.04524799999999"
"10600","2026-06-11T14:09:52.760979","37.281794","127.04522999999999"
"10601","2026-06-11T14:09:52.761952","37.281811999999995","127.04521199999999"
"10602","2026-06-11T14:09:52.762984","37.28182999999999","127.045194"
"10603","2026-06-11T14:09:52.763955","37.281848","127.045176"
"10604","2026-06-11T14:09:52.765017","37.281865999999994","127.04515799999999"
"10605","2026-06-11T14:09:52.765950","37.281884","127.04513999999999"
"10606","2026-06-11T14:09:52.766965","37.281752","127.045296"
"10607","2026-06-11T14:09:52.767953","37.28177","127.045278"
"10608","2026-06-11T14:09:52.769954","37.281788","127.04525999999998"
"10609","2026-06-11T14:09:52.771038","37.281806","127.04524199999999"
"10610","2026-06-11T14:09:52.772956","37.282427999999996","127.043172"
"10611","2026-06-11T14:09:52.774135","37.282446","127.043154"
"10612","2026-06-11T14:09:52.775145","37.283027999999995","127.042972"
"10613","2026-06-11T14:09:52.776149","37.283046","127.04295400000001"
"10614","2026-06-11T14:09:52.778148","37.283063999999996","127.042936"
"10615","2026-06-11T14:09:52.779168","37.283082","127.042918"
"10616","2026-06-11T14:09:52.781147","37.2831","127.0429"
"10617","2026-06-11T14:09:52.782146","37.283117999999995","127.042882"
"10618","2026-06-11T14:09:52.784149","37.283136","127.04286400000001"
"10619","2026-06-11T14:09:52.785435","37.283153999999996","127.042846"
"10620","2026-06-11T14:09:52.787860","37.283172","127.042828"
"10621","2026-06-11T14:09:52.789873","37.28303999999999","127.042984"
"10622","2026-06-11T14:09:52.791872","37.283058","127.042966"
"10623","2026-06-11T14:09:52.792874","37.283075999999994","127.042948"
"10624","2026-06-11T14:09:52.793876","37.283094","127.04293"
"10625","2026-06-11T14:09:52.794872","37.283111999999996","127.042912"
"10626","2026-06-11T14:09:52.795877","37.28312999999999","127.042894"
"10627","2026-06-11T14:09:52.796875","37.283148","127.042876"
"10628","2026-06-11T14:09:52.797931","37.283165999999994","127.042858"
"10629","2026-06-11T14:09:52.798952","37.283184","127.04284"
"10630","2026-06-11T14:09:52.799875","37.281527999999994","127.044072"
"10631","2026-06-11T14:09:52.800872","37.28192799999999","127.042772"
"10632","2026-06-11T14:09:52.800872","37.281946","127.042754"
"10633","2026-06-11T14:09:52.802941","37.281963999999995","127.04273599999999"
"10634","2026-06-11T14:09:52.803872","37.281982","127.042718"
"10635","2026-06-11T14:09:52.806298","37.282","127.0427"
"10636","2026-06-11T14:09:52.808324","37.282928","127.044672"
"10637","2026-06-11T14:09:52.809402","37.282946","127.04465400000001"
"10638","2026-06-11T14:09:52.813494","37.282964","127.044636"
"10639","2026-06-11T14:09:52.814488","37.282982000000004","127.044618"
"10640","2026-06-11T14:09:52.815855","37.283","127.0446"
"10641","2026-06-11T14:09:52.816865","37.283018","127.044582"
"10642","2026-06-11T14:09:52.817867","37.283036","127.04456400000001"
"10643","2026-06-11T14:09:52.819885","37.283054","127.044546"
"10644","2026-06-11T14:09:52.820866","37.283072000000004","127.044528"
"10645","2026-06-11T14:09:52.822038","37.282939999999996","127.044684"
"10646","2026-06-11T14:09:52.824054","37.282958","127.044666"
"10647","2026-06-11T14:09:52.824054","37.282976","127.044648"
"10648","2026-06-11T14:09:52.825334","37.282728","127.043572"
"10649","2026-06-11T14:09:52.827279","37.282746","127.043554"
"10650","2026-06-11T14:09:52.828279","37.282764","127.04353599999999"
"10651","2026-06-11T14:09:52.829278","37.282782000000005","127.04351799999999"
"10652","2026-06-11T14:09:52.830327","37.2828","127.0435"
"10653","2026-06-11T14:09:52.831757","37.282818","127.043482"
"10654","2026-06-11T14:09:52.832776","37.282836","127.043464"
"10655","2026-06-11T14:09:52.832776","37.282854","127.04344599999999"
"10656","2026-06-11T14:09:52.835770","37.281428","127.044872"
"10657","2026-06-11T14:09:52.837285","37.281446","127.044854"
"10658","2026-06-11T14:09:52.839417","37.281464","127.04483599999999"
"10659","2026-06-11T14:09:52.840682","37.281482000000004","127.04481799999999"
"10660","2026-06-11T14:09:52.842088","37.2815","127.0448"
"10661","2026-06-11T14:09:52.843538","37.281518","127.044782"
"10662","2026-06-11T14:09:52.845804","37.281536","127.044764"
"10663","2026-06-11T14:09:52.847914","37.281554","127.04474599999999"
"10664","2026-06-11T14:09:52.849936","37.281572000000004","127.04472799999999"
"10665","2026-06-11T14:09:52.850929","37.281439999999996","127.044884"
"10666","2026-06-11T14:09:52.852925","37.281458","127.044866"
"10667","2026-06-11T14:09:52.854418","37.281476","127.04484799999999"
"10668","2026-06-11T14:09:52.855431","37.281494","127.04482999999999"
"10669","2026-06-11T14:09:52.856434","37.281512","127.044812"
"10670","2026-06-11T14:09:52.857432","37.28153","127.044794"
"10671","2026-06-11T14:09:52.858436","37.282528","127.045772"
"10672","2026-06-11T14:09:52.859431","37.282546","127.045754"
"10673","2026-06-11T14:09:52.860429","37.282564","127.04573599999999"
"10674","2026-06-11T14:09:52.862565","37.283427999999994","127.04387200000001"
"10675","2026-06-11T14:09:52.863611","37.283446","127.04385400000001"
"10676","2026-06-11T14:09:52.864596","37.283463999999995","127.043836"
"10677","2026-06-11T14:09:52.866862","37.283482","127.043818"
"10678","2026-06-11T14:09:52.868871","37.2835","127.0438"
"10679","2026-06-11T14:09:52.870134","37.283517999999994","127.04378200000001"
"10680","2026-06-11T14:09:52.872144","37.283536","127.04376400000001"
"10681","2026-06-11T14:09:52.874147","37.283553999999995","127.043746"
"10682","2026-06-11T14:09:52.875167","37.283572","127.043728"
"10683","2026-06-11T14:09:52.876146","37.28343999999999","127.043884"
"10684","2026-06-11T14:09:52.877145","37.281327999999995","127.04347200000001"
"10685","2026-06-11T14:09:52.878179","37.281346","127.04345400000001"
"10686","2026-06-11T14:09:52.879267","37.281363999999996","127.043436"
"10687","2026-06-11T14:09:52.880268","37.281382","127.043418"
"10688","2026-06-11T14:09:52.881269","37.2814","127.0434"
"10689","2026-06-11T14:09:52.882267","37.281417999999995","127.04338200000001"
"10690","2026-06-11T14:09:52.883268","37.283628","127.044972"
"10691","2026-06-11T14:09:52.883268","37.283646000000005","127.044954"
"10692","2026-06-11T14:09:52.886736","37.283664","127.04493599999999"
"10693","2026-06-11T14:09:52.888629","37.283682000000006","127.044918"
"10694","2026-06-11T14:09:52.889631","37.2837","127.0449"
"10695","2026-06-11T14:09:52.890633","37.283718","127.044882"
"10696","2026-06-11T14:09:52.891633","37.283736000000005","127.044864"
"10697","2026-06-11T14:09:52.892632","37.283754","127.04484599999999"
"10698","2026-06-11T14:09:52.892632","37.283772000000006","127.044828"
"10699","2026-06-11T14:09:52.893671","37.28364","127.044984"
"10700","2026-06-11T14:09:52.894634","37.283658","127.044966"
"10701","2026-06-11T14:09:52.895632","37.283676","127.04494799999999"
"10702","2026-06-11T14:09:52.896629","37.283694000000004","127.04493"
"10703","2026-06-11T14:09:52.897687","37.283712","127.044912"
"10704","2026-06-11T14:09:52.898633","37.28373","127.044894"
"10705","2026-06-11T14:09:52.898633","37.283748","127.044876"
"10706","2026-06-11T14:09:52.899631","37.283766","127.04485799999999"
"10707","2026-06-11T14:09:52.901654","37.283784000000004","127.04484"
"10708","2026-06-11T14:09:52.902667","37.283652000000004","127.044996"
"10709","2026-06-11T14:09:52.904666","37.28367000000001","127.044978"
"10710","2026-06-11T14:09:52.906665","37.283688000000005","127.04495999999999"
"10711","2026-06-11T14:09:52.907664","37.28370600000001","127.04494199999999"
"10712","2026-06-11T14:09:52.909675","37.282028","127.042572"
"10713","2026-06-11T14:09:52.910675","37.282046","127.04255400000001"
"10714","2026-06-11T14:09:52.912673","37.283927999999996","127.044172"
"10715","2026-06-11T14:09:52.913676","37.283946","127.044154"
"10716","2026-06-11T14:09:52.914674","37.283964","127.044136"
"10717","2026-06-11T14:09:52.916138","37.283982","127.044118"
"10718","2026-06-11T14:09:52.917357","37.284","127.0441"
"10719","2026-06-11T14:09:52.918366","37.284017999999996","127.044082"
"10720","2026-06-11T14:09:52.920367","37.284036","127.044064"
"10721","2026-06-11T14:09:52.921366","37.284054","127.044046"
"10722","2026-06-11T14:09:52.922366","37.284072","127.044028"
"10723","2026-06-11T14:09:52.923367","37.283939999999994","127.044184"
"10724","2026-06-11T14:09:52.924366","37.283958","127.044166"
"10725","2026-06-11T14:09:52.924366","37.283975999999996","127.04414799999999"
"10726","2026-06-11T14:09:52.925422","37.283994","127.04413"
"10727","2026-06-11T14:09:52.926425","37.284012","127.044112"
"10728","2026-06-11T14:09:52.927423","37.284029999999994","127.044094"
"10729","2026-06-11T14:09:52.927423","37.284048","127.044076"
"10730","2026-06-11T14:09:52.928421","37.284065999999996","127.04405799999999"
"10731","2026-06-11T14:09:52.929421","37.284084","127.04404"
"10732","2026-06-11T14:09:52.930423","37.281828","127.04607200000001"
"10733","2026-06-11T14:09:52.931418","37.282827999999995","127.046272"
"10734","2026-06-11T14:09:52.932420","37.282846","127.046254"
"10735","2026-06-11T14:09:52.933421","37.282864","127.046236"
"10736","2026-06-11T14:09:52.934421","37.282882","127.046218"
"10737","2026-06-11T14:09:52.934421","37.2829","127.0462"
"10738","2026-06-11T14:09:52.935421","37.281228","127.045672"
"10739","2026-06-11T14:09:52.936420","37.281246","127.045654"
"10740","2026-06-11T14:09:52.936420","37.281264","127.04563599999999"
"10741","2026-06-11T14:09:52.937428","37.281282000000004","127.04561799999999"
"10742","2026-06-11T14:09:52.938420","37.2813","127.0456"
"10743","2026-06-11T14:09:52.938420","37.281318","127.045582"
"10744","2026-06-11T14:09:52.939418","37.281336","127.045564"
"10745","2026-06-11T14:09:52.940424","37.281354","127.04554599999999"
"10746","2026-06-11T14:09:52.941420","37.281372000000005","127.04552799999999"
"10747","2026-06-11T14:09:52.941420","37.28124","127.045684"
"10748","2026-06-11T14:09:52.942420","37.281258","127.045666"
"10749","2026-06-11T14:09:52.942420","37.281276","127.04564799999999"
"10750","2026-06-11T14:09:52.943422","37.284028","127.043272"
"10751","2026-06-11T14:09:52.944422","37.284046000000004","127.043254"
"10752","2026-06-11T14:09:52.945423","37.284064","127.043236"
"10753","2026-06-11T14:09:52.945423","37.284082000000005","127.043218"
"10754","2026-06-11T14:09:52.947422","37.2841","127.0432"
"10755","2026-06-11T14:09:52.947422","37.284118","127.043182"
"10756","2026-06-11T14:09:52.948421","37.284136000000004","127.043164"
"10757","2026-06-11T14:09:52.948421","37.284154","127.043146"
"10758","2026-06-11T14:09:52.949420","37.281028","127.044272"
"10759","2026-06-11T14:09:52.950424","37.281046","127.04425400000001"
"10760","2026-06-11T14:09:52.950424","37.281064","127.044236"
"10761","2026-06-11T14:09:52.951419","37.281082000000005","127.044218"
"10762","2026-06-11T14:09:52.952421","37.2811","127.0442"
"10763","2026-06-11T14:09:52.953421","37.281118","127.044182"
"10764","2026-06-11T14:09:52.954419","37.281136000000004","127.04416400000001"
"10765","2026-06-11T14:09:52.956420","37.281154","127.044146"
"10766","2026-06-11T14:09:52.956420","37.281172000000005","127.044128"
"10767","2026-06-11T14:09:52.957422","37.28104","127.044284"
"10768","2026-06-11T14:09:52.958421","37.281058","127.04426600000001"
"10769","2026-06-11T14:09:52.958421","37.281076","127.044248"
"10770","2026-06-11T14:09:52.959420","37.281094","127.04423"
"10771","2026-06-11T14:09:52.959420","37.281112","127.044212"
"10772","2026-06-11T14:09:52.960422","37.28113","127.044194"
"10773","2026-06-11T14:09:52.960422","37.283828","127.045372"
"10774","2026-06-11T14:09:52.961422","37.283846000000004","127.045354"
"10775","2026-06-11T14:09:52.962420","37.283864","127.04533599999999"
"10776","2026-06-11T14:09:52.963652","37.282227999999996","127.04647200000001"
"10777","2026-06-11T14:09:52.964665","37.282246","127.04645400000001"
"10778","2026-06-11T14:09:52.964665","37.282264","127.046436"
"10779","2026-06-11T14:09:52.965661","37.282282","127.046418"
"10780","2026-06-11T14:09:52.965661","37.2823","127.0464"
"10781","2026-06-11T14:09:52.966662","37.282318","127.04638200000001"
"10782","2026-06-11T14:09:52.966662","37.282336","127.04636400000001"
"10783","2026-06-11T14:09:52.967663","37.282354","127.046346"
"10784","2026-06-11T14:09:52.967663","37.282372","127.046328"
"10785","2026-06-11T14:09:52.968663","37.282239999999994","127.046484"
"10786","2026-06-11T14:09:52.972661","37.280927999999996","127.043772"
"10787","2026-06-11T14:09:52.973665","37.280946","127.043754"
"10788","2026-06-11T14:09:52.974664","37.280964","127.043736"
"10789","2026-06-11T14:09:52.974664","37.280982","127.043718"
"10790","2026-06-11T14:09:52.975666","37.281","127.0437"
"10791","2026-06-11T14:09:52.975666","37.281017999999996","127.043682"
"10792","2026-06-11T14:09:52.976663","37.284127999999995","127.044872"
"10793","2026-06-11T14:09:52.976663","37.284146","127.044854"
"10794","2026-06-11T14:09:52.977663","37.284164","127.04483599999999"
"10795","2026-06-11T14:09:52.978707","37.284182","127.04481799999999"
"10796","2026-06-11T14:09:52.979716","37.2842","127.0448"
"10797","2026-06-11T14:09:52.979716","37.284217999999996","127.044782"
"10798","2026-06-11T14:09:52.980717","37.284236","127.044764"
"10799","2026-06-11T14:09:52.981718","37.284254","127.04474599999999"
"10800","2026-06-11T14:09:52.981718","37.284272","127.04472799999999"
"10801","2026-06-11T14:09:52.982717","37.284139999999994","127.044884"
"10802","2026-06-11T14:09:52.982717","37.284158","127.044866"
"10803","2026-06-11T14:09:52.983727","37.284175999999995","127.04484799999999"
"10804","2026-06-11T14:09:52.983727","37.284194","127.04482999999999"
"10805","2026-06-11T14:09:52.984723","37.284212","127.044812"
"10806","2026-06-11T14:09:52.985719","37.284229999999994","127.044794"
"10807","2026-06-11T14:09:52.986720","37.284248","127.044776"
"10808","2026-06-11T14:09:52.986720","37.284265999999995","127.04475799999999"
"10809","2026-06-11T14:09:52.987719","37.284284","127.04473999999999"
"10810","2026-06-11T14:09:52.987719","37.284152","127.044896"
"10811","2026-06-11T14:09:52.988718","37.28417","127.044878"
"10812","2026-06-11T14:09:52.988718","37.284188","127.04485999999999"
"10813","2026-06-11T14:09:52.989719","37.284206000000005","127.04484199999999"
"10814","2026-06-11T14:09:52.989719","37.283227999999994","127.046672"
"10815","2026-06-11T14:09:52.990717","37.283246","127.046654"
"10816","2026-06-11T14:09:52.990717","37.281127999999995","127.042972"
"10817","2026-06-11T14:09:52.991716","37.281146","127.04295400000001"
"10818","2026-06-11T14:09:52.991716","37.281164","127.042936"
"10819","2026-06-11T14:09:52.992715","37.281182","127.042918"
"10820","2026-06-11T14:09:52.992715","37.2812","127.0429"
"10821","2026-06-11T14:09:52.993716","37.281217999999996","127.042882"
"10822","2026-06-11T14:09:52.993716","37.281236","127.04286400000001"
"10823","2026-06-11T14:09:52.994902","37.281254","127.042846"
"10824","2026-06-11T14:09:52.995912","37.281272","127.042828"
"10825","2026-06-11T14:09:52.995912","37.28113999999999","127.042984"
"10826","2026-06-11T14:09:52.996910","37.281158","127.042966"
"10827","2026-06-11T14:09:52.996910","37.281175999999995","127.042948"
"10828","2026-06-11T14:09:52.997910","37.281194","127.04293"
"10829","2026-06-11T14:09:52.997910","37.281212","127.042912"
"10830","2026-06-11T14:09:52.998910","37.281229999999994","127.042894"
"10831","2026-06-11T14:09:52.998910","37.281248","127.042876"
"10832","2026-06-11T14:09:52.999910","37.281265999999995","127.042858"
"10833","2026-06-11T14:09:52.999910","37.281284","127.04284"
"10834","2026-06-11T14:09:53.000909","37.283128","127.04517200000001"
"10835","2026-06-11T14:09:53.000909","37.282128","127.045572"
"10836","2026-06-11T14:09:53.001913","37.282146000000004","127.04555400000001"
"10837","2026-06-11T14:09:53.002913","37.282164","127.045536"
"10838","2026-06-11T14:09:53.003911","37.282182000000006","127.045518"
"10839","2026-06-11T14:09:53.004912","37.2822","127.0455"
"10840","2026-06-11T14:09:53.004912","37.281628","127.04477200000001"
"10841","2026-06-11T14:09:53.005910","37.281646","127.04475400000001"
"10842","2026-06-11T14:09:53.005910","37.281664","127.044736"
"10843","2026-06-11T14:09:53.006915","37.281682","127.044718"
"10844","2026-06-11T14:09:53.006915","37.2817","127.0447"
"10845","2026-06-11T14:09:53.007913","37.281718","127.04468200000001"
"10846","2026-06-11T14:09:53.007913","37.281736","127.04466400000001"
"10847","2026-06-11T14:09:53.008910","37.281754","127.044646"
"10848","2026-06-11T14:09:53.008910","37.281772000000004","127.044628"
"10849","2026-06-11T14:09:53.010065","37.281639999999996","127.044784"
"10850","2026-06-11T14:09:53.010065","37.281658","127.04476600000001"
"10851","2026-06-11T14:09:53.011074","37.281676","127.044748"
"10852","2026-06-11T14:09:53.012072","37.282128","127.044972"
"10853","2026-06-11T14:09:53.012072","37.282146000000004","127.044954"
"10854","2026-06-11T14:09:53.013074","37.282164","127.04493599999999"
"10855","2026-06-11T14:09:53.013074","37.282182000000006","127.044918"
"10856","2026-06-11T14:09:53.014079","37.2822","127.0449"
"10857","2026-06-11T14:09:53.014079","37.282218","127.044882"
"10858","2026-06-11T14:09:53.015073","37.282236000000005","127.044864"
"10859","2026-06-11T14:09:53.015073","37.282254","127.04484599999999"
"10860","2026-06-11T14:09:53.016073","37.283328","127.04437200000001"
"10861","2026-06-11T14:09:53.016073","37.283346","127.04435400000001"
"10862","2026-06-11T14:09:53.016073","37.283364","127.044336"
"10863","2026-06-11T14:09:53.017074","37.283382","127.044318"
"10864","2026-06-11T14:09:53.018073","37.2834","127.0443"
"10865","2026-06-11T14:09:53.018073","37.283418","127.04428200000001"
"10866","2026-06-11T14:09:53.019074","37.283436","127.04426400000001"
"10867","2026-06-11T14:09:53.020074","37.283454","127.044246"
"10868","2026-06-11T14:09:53.020074","37.283472","127.044228"
"10869","2026-06-11T14:09:53.021075","37.283339999999995","127.04438400000001"
"10870","2026-06-11T14:09:53.022379","37.283358","127.04436600000001"
"10871","2026-06-11T14:09:53.023394","37.283376","127.044348"
"10872","2026-06-11T14:09:53.024397","37.283394","127.04433"
"10873","2026-06-11T14:09:53.024906","37.283412","127.044312"
"10874","2026-06-11T14:09:53.024906","37.283429999999996","127.04429400000001"
"10875","2026-06-11T14:09:53.025922","37.281327999999995","127.04387200000001"
"10876","2026-06-11T14:09:53.026919","37.281346","127.04385400000001"
"10877","2026-06-11T14:09:53.027920","37.281363999999996","127.043836"
"10878","2026-06-11T14:09:53.027920","37.282528","127.043272"
"10879","2026-06-11T14:09:53.028917","37.282546","127.043254"
"10880","2026-06-11T14:09:53.029920","37.282564","127.043236"
"10881","2026-06-11T14:09:53.030918","37.282582000000005","127.043218"
"10882","2026-06-11T14:09:53.030918","37.2826","127.0432"
"10883","2026-06-11T14:09:53.031921","37.282618","127.043182"
"10884","2026-06-11T14:09:53.031921","37.282636000000004","127.043164"
"10885","2026-06-11T14:09:53.032919","37.282654","127.043146"
"10886","2026-06-11T14:09:53.032919","37.282672000000005","127.043128"
"10887","2026-06-11T14:09:53.033919","37.28254","127.043284"
"10888","2026-06-11T14:09:53.033919","37.282728","127.04477200000001"
"10889","2026-06-11T14:09:53.034917","37.282746","127.04475400000001"
"10890","2026-06-11T14:09:53.034917","37.282764","127.044736"
"10891","2026-06-11T14:09:53.035918","37.282782000000005","127.044718"
"10892","2026-06-11T14:09:53.036919","37.2828","127.0447"
"10893","2026-06-11T14:09:53.036919","37.282818","127.04468200000001"
"10894","2026-06-11T14:09:53.038943","37.281727999999994","127.045072"
"10895","2026-06-11T14:09:53.040242","37.281746","127.04505400000001"
"10896","2026-06-11T14:09:53.040242","37.281763999999995","127.045036"
"10897","2026-06-11T14:09:53.041648","37.281782","127.045018"
"10898","2026-06-11T14:09:53.042659","37.2818","127.045"
"10899","2026-06-11T14:09:53.043660","37.281817999999994","127.044982"
"10900","2026-06-11T14:09:53.045165","37.281836","127.04496400000001"
"10901","2026-06-11T14:09:53.046288","37.281853999999996","127.044946"
"10902","2026-06-11T14:09:53.047299","37.281872","127.044928"
"10903","2026-06-11T14:09:53.048300","37.28173999999999","127.045084"
"10904","2026-06-11T14:09:53.049299","37.281757999999996","127.045066"
"10905","2026-06-11T14:09:53.049299","37.281775999999994","127.045048"
"10906","2026-06-11T14:09:53.050300","37.281794","127.04503"
"10907","2026-06-11T14:09:53.051298","37.281811999999995","127.045012"
"10908","2026-06-11T14:09:53.051298","37.28182999999999","127.044994"
"10909","2026-06-11T14:09:53.052299","37.281848","127.044976"
"10910","2026-06-11T14:09:53.053297","37.281865999999994","127.044958"
"10911","2026-06-11T14:09:53.053297","37.281884","127.04494"
"10912","2026-06-11T14:09:53.054298","37.281752","127.045096"
"10913","2026-06-11T14:09:53.055298","37.28177","127.045078"
"10914","2026-06-11T14:09:53.056298","37.281788","127.04505999999999"
"10915","2026-06-11T14:09:53.056298","37.281806","127.045042"
"10916","2026-06-11T14:09:53.057380","37.283027999999995","127.043572"
"10917","2026-06-11T14:09:53.058392","37.283046","127.043554"
"10918","2026-06-11T14:09:53.058392","37.281428","127.044672"
"10919","2026-06-11T14:09:53.059390","37.281446","127.04465400000001"
"10920","2026-06-11T14:09:53.059390","37.281464","127.044636"
"10921","2026-06-11T14:09:53.060389","37.281482000000004","127.044618"
"10922","2026-06-11T14:09:53.061390","37.2815","127.0446"
"10923","2026-06-11T14:09:53.062391","37.281518","127.044582"
"10924","2026-06-11T14:09:53.062391","37.281536","127.04456400000001"
"10925","2026-06-11T14:09:53.063760","37.281554","127.044546"
"10926","2026-06-11T14:09:53.064769","37.281572000000004","127.044528"
"10927","2026-06-11T14:09:53.064769","37.281439999999996","127.044684"
"10928","2026-06-11T14:09:53.065771","37.281458","127.044666"
"10929","2026-06-11T14:09:53.066770","37.281476","127.044648"
"10930","2026-06-11T14:09:53.066770","37.281494","127.04463"
"10931","2026-06-11T14:09:53.067768","37.281512","127.044612"
"10932","2026-06-11T14:09:53.067768","37.28153","127.044594"
"10933","2026-06-11T14:09:53.068771","37.281548","127.044576"
"10934","2026-06-11T14:09:53.069770","37.281566","127.044558"
"10935","2026-06-11T14:09:53.069770","37.281584","127.04454"
"10936","2026-06-11T14:09:53.070772","37.299927999999994","127.100072"
"10937","2026-06-11T14:09:53.070772","37.282328","127.045872"
"10938","2026-06-11T14:09:53.071768","37.282346000000004","127.045854"
"10939","2026-06-11T14:09:53.071768","37.282364","127.045836"
"10940","2026-06-11T14:09:53.072770","37.282382000000005","127.045818"
"10941","2026-06-11T14:09:53.073770","37.2824","127.0458"
"10942","2026-06-11T14:09:53.073770","37.283427999999994","127.045072"
"10943","2026-06-11T14:09:53.074771","37.283446","127.04505400000001"
"10944","2026-06-11T14:09:53.074771","37.283463999999995","127.045036"
"10945","2026-06-11T14:09:53.075770","37.283482","127.045018"
"10946","2026-06-11T14:09:53.075770","37.2835","127.045"
"10947","2026-06-11T14:09:53.075770","37.283517999999994","127.044982"
"10948","2026-06-11T14:09:53.076795","37.283536","127.04496400000001"
"10949","2026-06-11T14:09:53.076795","37.283553999999995","127.044946"
"10950","2026-06-11T14:09:53.076795","37.283572","127.044928"
"10951","2026-06-11T14:09:53.078236","37.28343999999999","127.045084"
"10952","2026-06-11T14:09:53.078236","37.283457999999996","127.045066"
"10953","2026-06-11T14:09:53.079248","37.28347599999999","127.045048"
"10954","2026-06-11T14:09:53.079248","37.281028","127.045472"
"10955","2026-06-11T14:09:53.080245","37.281046","127.045454"
"10956","2026-06-11T14:09:53.080245","37.281064","127.045436"
"10957","2026-06-11T14:09:53.080245","37.281082000000005","127.045418"
"10958","2026-06-11T14:09:53.081249","37.2811","127.0454"
"10959","2026-06-11T14:09:53.081249","37.281118","127.045382"
"10960","2026-06-11T14:09:53.081249","37.281136000000004","127.045364"
"10961","2026-06-11T14:09:53.082250","37.281154","127.045346"
"10962","2026-06-11T14:09:53.082250","37.282928","127.04607200000001"
"10963","2026-06-11T14:09:53.083254","37.282946","127.04605400000001"
"10964","2026-06-11T14:09:53.083254","37.282964","127.046036"
"10965","2026-06-11T14:09:53.084246","37.282982000000004","127.046018"
"10966","2026-06-11T14:09:53.084246","37.283","127.046"
"10967","2026-06-11T14:09:53.084246","37.283018","127.04598200000001"
"10968","2026-06-11T14:09:53.085247","37.283036","127.04596400000001"
"10969","2026-06-11T14:09:53.085247","37.283054","127.045946"
"10970","2026-06-11T14:09:53.086249","37.283072000000004","127.045928"
"10971","2026-06-11T14:09:53.086249","37.282939999999996","127.04608400000001"
"10972","2026-06-11T14:09:53.087249","37.282958","127.04606600000001"
"10973","2026-06-11T14:09:53.087249","37.282976","127.046048"
"10974","2026-06-11T14:09:53.087249","37.282994","127.04603"
"10975","2026-06-11T14:09:53.088378","37.283012","127.046012"
"10976","2026-06-11T14:09:53.088378","37.28303","127.04599400000001"
"10977","2026-06-11T14:09:53.089387","37.281828","127.045972"
"10978","2026-06-11T14:09:53.089387","37.281846","127.04595400000001"
"10979","2026-06-11T14:09:53.090393","37.281864","127.045936"
"10980","2026-06-11T14:09:53.090393","37.283528","127.044072"
"10981","2026-06-11T14:09:53.090393","37.283546","127.044054"
"10982","2026-06-11T14:09:53.091394","37.283564","127.04403599999999"
"10983","2026-06-11T14:09:53.091394","37.283582","127.044018"
"10984","2026-06-11T14:09:53.092394","37.2836","127.044"
"10985","2026-06-11T14:09:53.092394","37.283618","127.043982"
"10986","2026-06-11T14:09:53.093390","37.283636","127.043964"
"10987","2026-06-11T14:09:53.093390","37.283654","127.04394599999999"
"10988","2026-06-11T14:09:53.094387","37.283672","127.043928"
"10989","2026-06-11T14:09:53.094387","37.283539999999995","127.044084"
"10990","2026-06-11T14:09:53.095394","37.282227999999996","127.043172"
"10991","2026-06-11T14:09:53.095394","37.282246","127.043154"
"10992","2026-06-11T14:09:53.095394","37.282264","127.04313599999999"
"10993","2026-06-11T14:09:53.096395","37.282282","127.04311799999999"
"10994","2026-06-11T14:09:53.096395","37.2823","127.0431"
"10995","2026-06-11T14:09:53.097387","37.282318","127.043082"
"10996","2026-06-11T14:09:53.097387","37.283227999999994","127.043772"
"10997","2026-06-11T14:09:53.097387","37.283246","127.043754"
"10998","2026-06-11T14:09:53.098390","37.283263999999996","127.043736"
"10999","2026-06-11T14:09:53.098390","37.283282","127.043718"
"11000","2026-06-11T14:09:53.099391","37.2833","127.0437"
"11001","2026-06-11T14:09:53.099391","37.283317999999994","127.043682"
"11002","2026-06-11T14:09:53.099391","37.283336","127.043664"
"11003","2026-06-11T14:09:53.100389","37.283353999999996","127.043646"
"11004","2026-06-11T14:09:53.100389","37.283372","127.043628"
"11005","2026-06-11T14:09:53.101390","37.28323999999999","127.043784"
"11006","2026-06-11T14:09:53.101390","37.283258","127.043766"
"11007","2026-06-11T14:09:53.102389","37.283275999999994","127.043748"
"11008","2026-06-11T14:09:53.102389","37.283294","127.04373"
"11009","2026-06-11T14:09:53.103387","37.283311999999995","127.043712"
"11010","2026-06-11T14:09:53.104393","37.28332999999999","127.043694"
"11011","2026-06-11T14:09:53.104393","37.283348","127.043676"
"11012","2026-06-11T14:09:53.105395","37.283365999999994","127.043658"
"11013","2026-06-11T14:09:53.105395","37.283384","127.04364"
"11014","2026-06-11T14:09:53.105395","37.283252","127.043796"
"11015","2026-06-11T14:09:53.106390","37.28327","127.043778"
"11016","2026-06-11T14:09:53.106390","37.283288","127.04375999999999"
"11017","2026-06-11T14:09:53.107388","37.283306","127.043742"
"11018","2026-06-11T14:09:53.107388","37.28192799999999","127.046272"
"11019","2026-06-11T14:09:53.107388","37.281946","127.046254"
"11020","2026-06-11T14:09:53.108388","37.281228","127.04347200000001"
"11021","2026-06-11T14:09:53.108388","37.281246","127.04345400000001"
"11022","2026-06-11T14:09:53.109388","37.281264","127.043436"
"11023","2026-06-11T14:09:53.111400","37.281282000000004","127.043418"
"11024","2026-06-11T14:09:53.111400","37.2813","127.0434"
"11025","2026-06-11T14:09:53.112398","37.281318","127.04338200000001"
"11026","2026-06-11T14:09:53.112398","37.281336","127.04336400000001"
"11027","2026-06-11T14:09:53.113397","37.281354","127.043346"
"11028","2026-06-11T14:09:53.113397","37.281372000000005","127.043328"
"11029","2026-06-11T14:09:53.114397","37.28124","127.043484"
"11030","2026-06-11T14:09:53.114397","37.281258","127.04346600000001"
"11031","2026-06-11T14:09:53.115395","37.281276","127.043448"
"11032","2026-06-11T14:09:53.115395","37.281294","127.04343"
"11033","2026-06-11T14:09:53.115395","37.281312","127.043412"
"11034","2026-06-11T14:09:53.116399","37.28133","127.043394"
"11035","2026-06-11T14:09:53.116399","37.281348","127.04337600000001"
"11036","2026-06-11T14:09:53.116399","37.281366","127.043358"
"11037","2026-06-11T14:09:53.117397","37.281384","127.04334"
"11038","2026-06-11T14:09:53.117397","37.282478","127.046422"
"11039","2026-06-11T14:09:53.118405","37.283677999999995","127.045422"
"11040","2026-06-11T14:09:53.120427","37.283696","127.045404"
"11041","2026-06-11T14:09:53.122898","37.283713999999996","127.045386"
"11042","2026-06-11T14:09:53.122898","37.283732","127.045368"
"11043","2026-06-11T14:09:53.122898","37.28375","127.04535"
"11044","2026-06-11T14:09:53.124411","37.281678","127.046522"
"11045","2026-06-11T14:09:53.124411","37.281696000000004","127.046504"
"11046","2026-06-11T14:09:53.125422","37.281714","127.04648599999999"
"11047","2026-06-11T14:09:53.125422","37.281732000000005","127.04646799999999"
"11048","2026-06-11T14:09:53.125422","37.28175","127.04645"
"11049","2026-06-11T14:09:53.126425","37.281768","127.046432"
"11050","2026-06-11T14:09:53.126425","37.281786000000004","127.046414"
"11051","2026-06-11T14:09:53.127421","37.281804","127.04639599999999"
"11052","2026-06-11T14:09:53.127421","37.281822000000005","127.04637799999999"
"11053","2026-06-11T14:09:53.127421","37.28169","127.046534"
"11054","2026-06-11T14:09:53.128887","37.281708","127.046516"
"11055","2026-06-11T14:09:53.128887","37.281726","127.04649799999999"
"11056","2026-06-11T14:09:53.128887","37.281378","127.045922"
"11057","2026-06-11T14:09:53.129925","37.281396","127.04590400000001"
"11058","2026-06-11T14:09:53.129925","37.281414","127.045886"
"11059","2026-06-11T14:09:53.129925","37.281432","127.045868"
"11060","2026-06-11T14:09:53.130922","37.28145","127.04585"
"11061","2026-06-11T14:09:53.130922","37.281468","127.045832"
"11062","2026-06-11T14:09:53.130922","37.281486","127.04581400000001"
"11063","2026-06-11T14:09:53.131923","37.281504","127.045796"
"11064","2026-06-11T14:09:53.131923","37.282078","127.046672"
"11065","2026-06-11T14:09:53.132927","37.282096","127.046654"
"11066","2026-06-11T14:09:53.132927","37.282114","127.04663599999999"
"11067","2026-06-11T14:09:53.132927","37.282132000000004","127.046618"
"11068","2026-06-11T14:09:53.133920","37.28215","127.0466"
"11069","2026-06-11T14:09:53.133920","37.282168","127.046582"
"11070","2026-06-11T14:09:53.133920","37.282186","127.046564"
"11071","2026-06-11T14:09:53.134919","37.282204","127.04654599999999"
"11072","2026-06-11T14:09:53.134919","37.282222000000004","127.046528"
"11073","2026-06-11T14:09:53.135920","37.28209","127.046684"
"11074","2026-06-11T14:09:53.135920","37.282108","127.046666"
"11075","2026-06-11T14:09:53.136923","37.282126","127.04664799999999"
"11076","2026-06-11T14:09:53.136923","37.282144","127.04663"
"11077","2026-06-11T14:09:53.137919","37.282162","127.046612"
"11078","2026-06-11T14:09:53.137919","37.28218","127.046594"
"11079","2026-06-11T14:09:53.138921","37.283077999999996","127.045972"
"11080","2026-06-11T14:09:53.138921","37.283096","127.04595400000001"
"11081","2026-06-11T14:09:53.139923","37.283114","127.045936"
"11082","2026-06-11T14:09:53.139923","37.280877999999994","127.04472200000001"
"11083","2026-06-11T14:09:53.140920","37.280896","127.04470400000001"
"11084","2026-06-11T14:09:53.140920","37.280913999999996","127.044686"
"11085","2026-06-11T14:09:53.140920","37.280932","127.044668"
"11086","2026-06-11T14:09:53.141921","37.28095","127.04465"
"11087","2026-06-11T14:09:53.141921","37.280967999999994","127.04463200000001"
"11088","2026-06-11T14:09:53.141921","37.280986","127.04461400000001"
"11089","2026-06-11T14:09:53.142920","37.281003999999996","127.044596"
"11090","2026-06-11T14:09:53.142920","37.281022","127.044578"
"11091","2026-06-11T14:09:53.143919","37.28088999999999","127.044734"
"11092","2026-06-11T14:09:53.143919","37.283477999999995","127.043322"
"11093","2026-06-11T14:09:53.143919","37.283496","127.043304"
"11094","2026-06-11T14:09:53.145219","37.283514","127.043286"
"11095","2026-06-11T14:09:53.145219","37.283532","127.043268"
"11096","2026-06-11T14:09:53.146227","37.28355","127.04325"
"11097","2026-06-11T14:09:53.146227","37.283567999999995","127.043232"
"11098","2026-06-11T14:09:53.146227","37.281577999999996","127.043322"
"11099","2026-06-11T14:09:53.147227","37.281596","127.043304"
"11100","2026-06-11T14:09:53.147227","37.281614","127.043286"
"11101","2026-06-11T14:09:53.148232","37.281632","127.043268"
"11102","2026-06-11T14:09:53.148232","37.28165","127.04325"
"11103","2026-06-11T14:09:53.148232","37.281667999999996","127.043232"
"11104","2026-06-11T14:09:53.149231","37.281686","127.043214"
"11105","2026-06-11T14:09:53.149231","37.281704","127.043196"
"11106","2026-06-11T14:09:53.150229","37.281722","127.043178"
"11107","2026-06-11T14:09:53.150229","37.281589999999994","127.043334"
"11108","2026-06-11T14:09:53.151232","37.281608","127.043316"
"11109","2026-06-11T14:09:53.151232","37.281625999999996","127.043298"
"11110","2026-06-11T14:09:53.152229","37.281644","127.04328"
"11111","2026-06-11T14:09:53.152229","37.281662","127.043262"
"11112","2026-06-11T14:09:53.153229","37.281679999999994","127.043244"
"11113","2026-06-11T14:09:53.153229","37.281698","127.043226"
"11114","2026-06-11T14:09:53.154229","37.281715999999996","127.04320799999999"
"11115","2026-06-11T14:09:53.154229","37.281734","127.04319"
"11116","2026-06-11T14:09:53.155232","37.281602","127.043346"
"11117","2026-06-11T14:09:53.155232","37.281620000000004","127.043328"
"11118","2026-06-11T14:09:53.155232","37.281638","127.04330999999999"
"11119","2026-06-11T14:09:53.156227","37.281656000000005","127.043292"
"11120","2026-06-11T14:09:53.157228","37.280778","127.045422"
"11121","2026-06-11T14:09:53.157228","37.280796","127.045404"
"11122","2026-06-11T14:09:53.158227","37.283778","127.043822"
"11123","2026-06-11T14:09:53.158227","37.283796","127.04380400000001"
"11124","2026-06-11T14:09:53.159229","37.283814","127.043786"
"11125","2026-06-11T14:09:53.159229","37.283832000000004","127.043768"
"11126","2026-06-11T14:09:53.160228","37.28385","127.04375"
"11127","2026-06-11T14:09:53.160228","37.283868","127.043732"
"11128","2026-06-11T14:09:53.161230","37.283886","127.04371400000001"
"11129","2026-06-11T14:09:53.162230","37.283904","127.043696"
"11130","2026-06-11T14:09:53.162230","37.283922000000004","127.043678"
"11131","2026-06-11T14:09:53.163245","37.283789999999996","127.043834"
"11132","2026-06-11T14:09:53.163754","37.283808","127.043816"
"11133","2026-06-11T14:09:53.164766","37.283826","127.043798"
"11134","2026-06-11T14:09:53.164766","37.283844","127.04378"
"11135","2026-06-11T14:09:53.165766","37.283862","127.043762"
"11136","2026-06-11T14:09:53.165766","37.283879999999996","127.043744"
"11137","2026-06-11T14:09:53.166768","37.283898","127.043726"
"11138","2026-06-11T14:09:53.167765","37.283916","127.043708"
"11139","2026-06-11T14:09:53.167765","37.283934","127.04369"
"11140","2026-06-11T14:09:53.168766","37.280677999999995","127.043822"
"11141","2026-06-11T14:09:53.169767","37.280477999999995","127.04432200000001"
"11142","2026-06-11T14:09:53.169767","37.280496","127.04430400000001"
"11143","2026-06-11T14:09:53.170766","37.280514","127.044286"
"11144","2026-06-11T14:09:53.171766","37.280532","127.044268"
"11145","2026-06-11T14:09:53.171766","37.28055","127.04425"
"11146","2026-06-11T14:09:53.172766","37.282377999999994","127.042522"
"11147","2026-06-11T14:09:53.173771","37.282396","127.04250400000001"
"11148","2026-06-11T14:09:53.173771","37.282413999999996","127.042486"
"11149","2026-06-11T14:09:53.174765","37.282432","127.042468"
"11150","2026-06-11T14:09:53.175765","37.28245","127.04245"
"11151","2026-06-11T14:09:53.175765","37.282467999999994","127.042432"
"11152","2026-06-11T14:09:53.176766","37.282486","127.04241400000001"
"11153","2026-06-11T14:09:53.176766","37.282503999999996","127.042396"
"11154","2026-06-11T14:09:53.177767","37.282522","127.042378"
"11155","2026-06-11T14:09:53.178765","37.28238999999999","127.042534"
"11156","2026-06-11T14:09:53.179764","37.282408","127.042516"
"11157","2026-06-11T14:09:53.179764","37.282425999999994","127.042498"
"11158","2026-06-11T14:09:53.179764","37.280828","127.044122"
"11159","2026-06-11T14:09:53.181252","37.280846000000004","127.044104"
"11160","2026-06-11T14:09:53.182265","37.280864","127.044086"
"11161","2026-06-11T14:09:53.182265","37.280882000000005","127.044068"
"11162","2026-06-11T14:09:53.183628","37.2809","127.04405"
"11163","2026-06-11T14:09:53.183628","37.280918","127.044032"
"11164","2026-06-11T14:09:53.184816","37.280936000000004","127.044014"
"11165","2026-06-11T14:09:53.185994","37.280954","127.04399599999999"
"11166","2026-06-11T14:09:53.185994","37.280578","127.046122"
"11167","2026-06-11T14:09:53.187132","37.280596","127.046104"
"11168","2026-06-11T14:09:53.188404","37.280614","127.04608599999999"
"11169","2026-06-11T14:09:53.189398","37.280632000000004","127.04606799999999"
"11170","2026-06-11T14:09:53.189398","37.28065","127.04605"
"11171","2026-06-11T14:09:53.190402","37.280668","127.046032"
"11172","2026-06-11T14:09:53.191399","37.280686","127.046014"
"11173","2026-06-11T14:09:53.191399","37.280704","127.04599599999999"
"11174","2026-06-11T14:09:53.192668","37.280722000000004","127.04597799999999"
"11175","2026-06-11T14:09:53.192668","37.28059","127.046134"
"11176","2026-06-11T14:09:53.193920","37.280608","127.046116"
"11177","2026-06-11T14:09:53.194934","37.280626","127.04609799999999"
"11178","2026-06-11T14:09:53.196148","37.280644","127.04607999999999"
"11179","2026-06-11T14:09:53.196148","37.280662","127.04606199999999"
"11180","2026-06-11T14:09:53.197537","37.28068","127.046044"
"11181","2026-06-11T14:09:53.197537","37.282678","127.04302200000001"
"11182","2026-06-11T14:09:53.198548","37.282696","127.04300400000001"
"11183","2026-06-11T14:09:53.199550","37.282714","127.042986"
"11184","2026-06-11T15:48:57.246258","37.283128","127.04517200000001"
"11185","2026-06-11T15:48:57.265960","37.282328","127.043972"
"11186","2026-06-11T15:48:57.267989","37.282346000000004","127.043954"
"11187","2026-06-11T15:48:57.268996","37.282364","127.04393599999999"
"11188","2026-06-11T15:48:57.269996","37.282382000000005","127.04391799999999"
"11189","2026-06-11T15:48:57.271095","37.2824","127.0439"
"11190","2026-06-11T15:48:57.272101","37.281628","127.04477200000001"
"11191","2026-06-11T15:48:57.273101","37.281646","127.04475400000001"
"11192","2026-06-11T15:48:57.273935","37.281664","127.044736"
"11193","2026-06-11T15:48:57.275400","37.281682","127.044718"
"11194","2026-06-11T15:48:57.275400","37.2817","127.0447"
"11195","2026-06-11T15:48:57.276405","37.281718","127.04468200000001"
"11196","2026-06-11T15:48:57.277412","37.281736","127.04466400000001"
"11197","2026-06-11T15:48:57.277412","37.281754","127.044646"
"11198","2026-06-11T15:48:57.278418","37.281772000000004","127.044628"
"11199","2026-06-11T15:48:57.279418","37.281639999999996","127.044784"
"11200","2026-06-11T15:48:57.279418","37.281658","127.04476600000001"
"11201","2026-06-11T15:48:57.280418","37.281676","127.044748"
"11202","2026-06-11T15:48:57.281417","37.282928","127.044172"
"11203","2026-06-11T15:48:57.282482","37.282946","127.044154"
"11204","2026-06-11T15:48:57.284488","37.282964","127.044136"
"11205","2026-06-11T15:48:57.284488","37.282982000000004","127.044118"
"11206","2026-06-11T15:48:57.284488","37.283","127.0441"
"11207","2026-06-11T15:48:57.285995","37.283018","127.044082"
"11208","2026-06-11T15:48:57.287005","37.283036","127.044064"
"11209","2026-06-11T15:48:57.289541","37.283054","127.044046"
"11210","2026-06-11T15:48:57.289541","37.282128","127.044972"
"11211","2026-06-11T15:48:57.291975","37.282146000000004","127.044954"
"11212","2026-06-11T15:48:57.292974","37.282164","127.04493599999999"
"11213","2026-06-11T15:48:57.292974","37.282182000000006","127.044918"
"11214","2026-06-11T15:48:57.293974","37.2822","127.0449"
"11215","2026-06-11T15:48:57.294975","37.282218","127.044882"
"11216","2026-06-11T15:48:57.296478","37.282236000000005","127.044864"
"11217","2026-06-11T15:48:57.296478","37.282254","127.04484599999999"
"11218","2026-06-11T15:48:57.297829","37.282272000000006","127.044828"
"11219","2026-06-11T15:48:57.297829","37.28214","127.044984"
"11220","2026-06-11T15:48:57.299332","37.282158","127.044966"
"11221","2026-06-11T15:48:57.299332","37.282176","127.04494799999999"
"11222","2026-06-11T15:48:57.300380","37.282194000000004","127.04493"
"11223","2026-06-11T15:48:57.301606","37.282212","127.044912"
"11224","2026-06-11T15:48:57.302610","37.28223","127.044894"
"11225","2026-06-11T15:48:57.302610","37.281828","127.043672"
"11226","2026-06-11T15:48:57.304614","37.281846","127.043654"
"11227","2026-06-11T15:48:57.304614","37.281864","127.04363599999999"
"11228","2026-06-11T15:48:57.306127","37.282627999999995","127.045472"
"11229","2026-06-11T15:48:57.308547","37.282646","127.045454"
"11230","2026-06-11T15:48:57.309546","37.282664","127.045436"
"11231","2026-06-11T15:48:57.310623","37.282682","127.045418"
"11232","2026-06-11T15:48:57.310623","37.2827","127.0454"
"11233","2026-06-11T15:48:57.311634","37.282717999999996","127.045382"
"11234","2026-06-11T15:48:57.311634","37.282736","127.045364"
"11235","2026-06-11T15:48:57.312641","37.282754","127.045346"
"11236","2026-06-11T15:48:57.312641","37.282772","127.045328"
"11237","2026-06-11T15:48:57.313637","37.282639999999994","127.045484"
"11238","2026-06-11T15:48:57.313637","37.283328","127.04437200000001"
"11239","2026-06-11T15:48:57.315128","37.283346","127.04435400000001"
"11240","2026-06-11T15:48:57.316134","37.283364","127.044336"
"11241","2026-06-11T15:48:57.316134","37.283382","127.044318"
"11242","2026-06-11T15:48:57.317156","37.2834","127.0443"
"11243","2026-06-11T15:48:57.318158","37.283418","127.04428200000001"
"11244","2026-06-11T15:48:57.318158","37.281727999999994","127.045272"
"11245","2026-06-11T15:48:57.319156","37.281746","127.045254"
"11246","2026-06-11T15:48:57.319156","37.281763999999995","127.04523599999999"
"11247","2026-06-11T15:48:57.320164","37.281782","127.04521799999999"
"11248","2026-06-11T15:48:57.320164","37.2818","127.0452"
"11249","2026-06-11T15:48:57.321158","37.281817999999994","127.045182"
"11250","2026-06-11T15:48:57.321158","37.281836","127.045164"
"11251","2026-06-11T15:48:57.322162","37.281853999999996","127.04514599999999"
"11252","2026-06-11T15:48:57.322162","37.281872","127.04512799999999"
"11253","2026-06-11T15:48:57.323613","37.28173999999999","127.045284"
"11254","2026-06-11T15:48:57.324619","37.281757999999996","127.045266"
"11255","2026-06-11T15:48:57.324619","37.281775999999994","127.04524799999999"
"11256","2026-06-11T15:48:57.324619","37.281794","127.04522999999999"
"11257","2026-06-11T15:48:57.326124","37.281811999999995","127.04521199999999"
"11258","2026-06-11T15:48:57.326124","37.28182999999999","127.045194"
"11259","2026-06-11T15:48:57.327129","37.281848","127.045176"
"11260","2026-06-11T15:48:57.327129","37.281865999999994","127.04515799999999"
"11261","2026-06-11T15:48:57.328129","37.281884","127.04513999999999"
"11262","2026-06-11T15:48:57.328129","37.281752","127.045296"
"11263","2026-06-11T15:48:57.329156","37.28177","127.045278"
"11264","2026-06-11T15:48:57.329156","37.281788","127.04525999999998"
"11265","2026-06-11T15:48:57.330163","37.281806","127.04524199999999"
"11266","2026-06-11T15:48:57.330163","37.282427999999996","127.043172"
"11267","2026-06-11T15:48:57.331162","37.282446","127.043154"
"11268","2026-06-11T15:48:57.331162","37.283027999999995","127.042972"
"11269","2026-06-11T15:48:57.332576","37.283046","127.04295400000001"
"11270","2026-06-11T15:48:57.333582","37.283063999999996","127.042936"
"11271","2026-06-11T15:48:57.334087","37.283082","127.042918"
"11272","2026-06-11T15:48:57.334087","37.2831","127.0429"
"11273","2026-06-11T15:48:57.335094","37.283117999999995","127.042882"
"11274","2026-06-11T15:48:57.336094","37.283136","127.04286400000001"
"11275","2026-06-11T15:48:57.336599","37.283153999999996","127.042846"
"11276","2026-06-11T15:48:57.337103","37.283172","127.042828"
"11277","2026-06-11T15:48:57.338116","37.28303999999999","127.042984"
"11278","2026-06-11T15:48:57.338116","37.283058","127.042966"
"11279","2026-06-11T15:48:57.338116","37.283075999999994","127.042948"
"11280","2026-06-11T15:48:57.339483","37.283094","127.04293"
"11281","2026-06-11T15:48:57.339987","37.283111999999996","127.042912"
"11282","2026-06-11T15:48:57.339987","37.28312999999999","127.042894"
"11283","2026-06-11T15:48:57.340998","37.283148","127.042876"
"11284","2026-06-11T15:48:57.340998","37.283165999999994","127.042858"
"11285","2026-06-11T15:48:57.341999","37.283184","127.04284"
"11286","2026-06-11T15:48:57.341999","37.281527999999994","127.044072"
"11287","2026-06-11T15:48:57.342998","37.28192799999999","127.042772"
"11288","2026-06-11T15:48:57.342998","37.281946","127.042754"
"11289","2026-06-11T15:48:57.343999","37.281963999999995","127.04273599999999"
"11290","2026-06-11T15:48:57.343999","37.281982","127.042718"
"11291","2026-06-11T15:48:57.344999","37.282","127.0427"
"11292","2026-06-11T15:48:57.346","37.282928","127.044672"
"11293","2026-06-11T15:48:57.346506","37.282946","127.04465400000001"
"11294","2026-06-11T15:48:57.346506","37.282964","127.044636"
"11295","2026-06-11T15:48:57.348012","37.282982000000004","127.044618"
"11296","2026-06-11T15:48:57.349136","37.283","127.0446"
"11297","2026-06-11T15:48:57.349136","37.283018","127.044582"
"11298","2026-06-11T15:48:57.350143","37.283036","127.04456400000001"
"11299","2026-06-11T15:48:57.350143","37.283054","127.044546"
"11300","2026-06-11T15:48:57.351141","37.283072000000004","127.044528"
"11301","2026-06-11T15:48:57.351141","37.282939999999996","127.044684"
"11302","2026-06-11T15:48:57.352529","37.282958","127.044666"
"11303","2026-06-11T15:48:57.352529","37.282976","127.044648"
"11304","2026-06-11T15:48:57.353905","37.282728","127.043572"
"11305","2026-06-11T15:48:57.354920","37.282746","127.043554"
"11306","2026-06-11T15:48:57.355623","37.282764","127.04353599999999"
"11307","2026-06-11T15:48:57.356127","37.282782000000005","127.04351799999999"
"11308","2026-06-11T15:48:57.357481","37.2828","127.0435"
"11309","2026-06-11T15:48:57.357481","37.282818","127.043482"
"11310","2026-06-11T15:48:57.358461","37.282836","127.043464"
"11311","2026-06-11T15:48:57.358461","37.282854","127.04344599999999"
"11312","2026-06-11T15:48:57.360677","37.281428","127.044872"
"11313","2026-06-11T15:48:57.361216","37.281446","127.044854"
"11314","2026-06-11T15:48:57.361216","37.281464","127.04483599999999"
"11315","2026-06-11T15:48:57.362224","37.281482000000004","127.04481799999999"
"11316","2026-06-11T15:48:57.362733","37.2815","127.0448"
"11317","2026-06-11T15:48:57.363747","37.281518","127.044782"
"11318","2026-06-11T15:48:57.363747","37.281536","127.044764"
"11319","2026-06-11T15:48:57.367254","37.281554","127.04474599999999"
"11320","2026-06-11T15:48:57.368255","37.281572000000004","127.04472799999999"
"11321","2026-06-11T15:48:57.369266","37.281439999999996","127.044884"
"11322","2026-06-11T15:48:57.370269","37.281458","127.044866"
"11323","2026-06-11T15:48:57.371268","37.281476","127.04484799999999"
"11324","2026-06-11T15:48:57.371268","37.281494","127.04482999999999"
"11325","2026-06-11T15:48:57.371268","37.281512","127.044812"
"11326","2026-06-11T15:48:57.372268","37.28153","127.044794"
"11327","2026-06-11T15:48:57.372268","37.282528","127.045772"
"11328","2026-06-11T15:48:57.373543","37.282546","127.045754"
"11329","2026-06-11T15:48:57.375261","37.282564","127.04573599999999"
"11330","2026-06-11T15:48:57.375768","37.283427999999994","127.04387200000001"
"11331","2026-06-11T15:48:57.376273","37.283446","127.04385400000001"
"11332","2026-06-11T15:48:57.377702","37.283463999999995","127.043836"
"11333","2026-06-11T15:48:57.377702","37.283482","127.043818"
"11334","2026-06-11T15:48:57.377702","37.2835","127.0438"
"11335","2026-06-11T15:48:57.379132","37.283517999999994","127.04378200000001"
"11336","2026-06-11T15:48:57.379132","37.283536","127.04376400000001"
"11337","2026-06-11T15:48:57.379132","37.283553999999995","127.043746"
"11338","2026-06-11T15:48:57.380606","37.283572","127.043728"
"11339","2026-06-11T15:48:57.380606","37.28343999999999","127.043884"
"11340","2026-06-11T15:48:57.381612","37.281327999999995","127.04347200000001"
"11341","2026-06-11T15:48:57.382611","37.281346","127.04345400000001"
"11342","2026-06-11T15:48:57.382611","37.281363999999996","127.043436"
"11343","2026-06-11T15:48:57.383612","37.281382","127.043418"
"11344","2026-06-11T15:48:57.384612","37.2814","127.0434"
"11345","2026-06-11T15:48:57.384612","37.281417999999995","127.04338200000001"
"11346","2026-06-11T15:48:57.386118","37.283628","127.044972"
"11347","2026-06-11T15:48:57.387124","37.283646000000005","127.044954"
"11348","2026-06-11T15:48:57.387124","37.283664","127.04493599999999"
"11349","2026-06-11T15:48:57.388124","37.283682000000006","127.044918"
"11350","2026-06-11T15:48:57.389136","37.2837","127.0449"
"11351","2026-06-11T15:48:57.389136","37.283718","127.044882"
"11352","2026-06-11T15:48:57.390547","37.283736000000005","127.044864"
"11353","2026-06-11T15:48:57.390547","37.283754","127.04484599999999"
"11354","2026-06-11T15:48:57.390547","37.283772000000006","127.044828"
"11355","2026-06-11T15:48:57.391969","37.28364","127.044984"
"11356","2026-06-11T15:48:57.392975","37.283658","127.044966"
"11357","2026-06-11T15:48:57.392975","37.283676","127.04494799999999"
"11358","2026-06-11T15:48:57.393975","37.283694000000004","127.04493"
"11359","2026-06-11T15:48:57.393975","37.283712","127.044912"
"11360","2026-06-11T15:48:57.394982","37.28373","127.044894"
"11361","2026-06-11T15:48:57.395974","37.283748","127.044876"
"11362","2026-06-11T15:48:57.395974","37.283766","127.04485799999999"
"11363","2026-06-11T15:48:57.397026","37.283784000000004","127.04484"
"11364","2026-06-11T15:48:57.397026","37.283652000000004","127.044996"
"11365","2026-06-11T15:48:57.398505","37.28367000000001","127.044978"
"11366","2026-06-11T15:48:57.399009","37.283688000000005","127.04495999999999"
"11367","2026-06-11T15:48:57.400220","37.28370600000001","127.04494199999999"
"11368","2026-06-11T15:48:57.400740","37.282028","127.042572"
"11369","2026-06-11T15:48:57.401314","37.282046","127.04255400000001"
"11370","2026-06-11T15:48:57.401834","37.283927999999996","127.044172"
"11371","2026-06-11T15:48:57.402359","37.283946","127.044154"
"11372","2026-06-11T15:48:57.402359","37.283964","127.044136"
"11373","2026-06-11T15:48:57.402880","37.283982","127.044118"
"11374","2026-06-11T15:48:57.403402","37.284","127.0441"
"11375","2026-06-11T15:48:57.403933","37.284017999999996","127.044082"
"11376","2026-06-11T15:48:57.404455","37.284036","127.044064"
"11377","2026-06-11T15:48:57.404971","37.284054","127.044046"
"11378","2026-06-11T15:48:57.405491","37.284072","127.044028"
"11379","2026-06-11T15:48:57.405491","37.283939999999994","127.044184"
"11380","2026-06-11T15:48:57.406004","37.283958","127.044166"
"11381","2026-06-11T15:48:57.406531","37.283975999999996","127.04414799999999"
"11382","2026-06-11T15:48:57.408972","37.283994","127.04413"
"11383","2026-06-11T15:48:57.409512","37.284012","127.044112"
"11384","2026-06-11T15:48:57.410557","37.284029999999994","127.044094"
"11385","2026-06-11T15:48:57.411736","37.284048","127.044076"
"11386","2026-06-11T15:48:57.412874","37.284065999999996","127.04405799999999"
"11387","2026-06-11T15:48:57.412874","37.284084","127.04404"
"11388","2026-06-11T15:48:57.413503","37.281828","127.04607200000001"
"11389","2026-06-11T15:48:57.414517","37.282827999999995","127.046272"
"11390","2026-06-11T15:48:57.414939","37.282846","127.046254"
"11391","2026-06-11T15:48:57.415444","37.282864","127.046236"
"11392","2026-06-11T15:48:57.415958","37.282882","127.046218"
"11393","2026-06-11T15:48:57.417007","37.2829","127.0462"
"11394","2026-06-11T15:48:57.417007","37.281228","127.045672"
"11395","2026-06-11T15:48:57.418018","37.281246","127.045654"
"11396","2026-06-11T15:48:57.418724","37.281264","127.04563599999999"
"11397","2026-06-11T15:48:57.419233","37.281282000000004","127.04561799999999"
"11398","2026-06-11T15:48:57.419753","37.2813","127.0456"
"11399","2026-06-11T15:48:57.420273","37.281318","127.045582"
"11400","2026-06-11T15:48:57.420800","37.281336","127.045564"
"11401","2026-06-11T15:48:57.421911","37.281354","127.04554599999999"
"11402","2026-06-11T15:48:57.421911","37.281372000000005","127.04552799999999"
"11403","2026-06-11T15:48:57.422943","37.28124","127.045684"
"11404","2026-06-11T15:48:57.424141","37.281258","127.045666"
"11405","2026-06-11T15:48:57.424646","37.281276","127.04564799999999"
"11406","2026-06-11T15:48:57.424646","37.284028","127.043272"
"11407","2026-06-11T15:48:57.425178","37.284046000000004","127.043254"
"11408","2026-06-11T15:48:57.425698","37.284064","127.043236"
"11409","2026-06-11T15:48:57.426209","37.284082000000005","127.043218"
"11410","2026-06-11T15:48:57.426733","37.2841","127.0432"
"11411","2026-06-11T15:48:57.427581","37.284118","127.043182"
"11412","2026-06-11T15:48:57.428086","37.284136000000004","127.043164"
"11413","2026-06-11T15:48:57.428607","37.284154","127.043146"
"11414","2026-06-11T15:48:57.429127","37.281028","127.044272"
"11415","2026-06-11T15:48:57.429127","37.281046","127.04425400000001"
"11416","2026-06-11T15:48:57.430134","37.281064","127.044236"
"11417","2026-06-11T15:48:57.435357","37.281082000000005","127.044218"
"11418","2026-06-11T15:48:57.436378","37.2811","127.0442"
"11419","2026-06-11T15:48:57.436901","37.281118","127.044182"
"11420","2026-06-11T15:48:57.437992","37.281136000000004","127.04416400000001"
"11421","2026-06-11T15:48:57.438583","37.281154","127.044146"
"11422","2026-06-11T15:48:57.439109","37.281172000000005","127.044128"
"11423","2026-06-11T15:48:57.439734","37.28104","127.044284"
"11424","2026-06-11T15:48:57.440644","37.281058","127.04426600000001"
"11425","2026-06-11T15:48:57.441917","37.281076","127.044248"
"11426","2026-06-11T15:48:57.442557","37.281094","127.04423"
"11427","2026-06-11T15:48:57.442975","37.281112","127.044212"
"11428","2026-06-11T15:48:57.443480","37.28113","127.044194"
"11429","2026-06-11T15:48:57.444003","37.283828","127.045372"
"11430","2026-06-11T15:48:57.444523","37.283846000000004","127.045354"
"11431","2026-06-11T15:48:57.444860","37.283864","127.04533599999999"
"11432","2026-06-11T15:48:57.445364","37.282227999999996","127.04647200000001"
"11433","2026-06-11T15:48:57.445364","37.282246","127.04645400000001"
"11434","2026-06-11T15:48:57.446370","37.282264","127.046436"
"11435","2026-06-11T15:48:57.446875","37.282282","127.046418"
"11436","2026-06-11T15:48:57.447396","37.2823","127.0464"
"11437","2026-06-11T15:48:57.447396","37.282318","127.04638200000001"
"11438","2026-06-11T15:48:57.447910","37.282336","127.04636400000001"
"11439","2026-06-11T15:48:57.449063","37.282354","127.046346"
"11440","2026-06-11T15:48:57.449063","37.282372","127.046328"
"11441","2026-06-11T15:48:57.450414","37.282239999999994","127.046484"
"11442","2026-06-11T15:48:57.451773","37.280927999999996","127.043772"
"11443","2026-06-11T15:48:57.451773","37.280946","127.043754"
"11444","2026-06-11T15:48:57.453044","37.280964","127.043736"
"11445","2026-06-11T15:48:57.453044","37.280982","127.043718"
"11446","2026-06-11T15:48:57.454154","37.281","127.0437"
"11447","2026-06-11T15:48:57.454154","37.281017999999996","127.043682"
"11448","2026-06-11T15:48:57.454154","37.284127999999995","127.044872"
"11449","2026-06-11T15:48:57.455153","37.284146","127.044854"
"11450","2026-06-11T15:48:57.455153","37.284164","127.04483599999999"
"11451","2026-06-11T15:48:57.455153","37.284182","127.04481799999999"
"11452","2026-06-11T15:48:57.455153","37.2842","127.0448"
"11453","2026-06-11T15:48:57.456154","37.284217999999996","127.044782"
"11454","2026-06-11T15:48:57.456154","37.284236","127.044764"
"11455","2026-06-11T15:48:57.457223","37.284254","127.04474599999999"
"11456","2026-06-11T15:48:57.457223","37.284272","127.04472799999999"
"11457","2026-06-11T15:48:57.458400","37.284139999999994","127.044884"
"11458","2026-06-11T15:48:57.458400","37.284158","127.044866"
"11459","2026-06-11T15:48:57.458400","37.284175999999995","127.04484799999999"
"11460","2026-06-11T15:48:57.459405","37.284194","127.04482999999999"
"11461","2026-06-11T15:48:57.459405","37.284212","127.044812"
"11462","2026-06-11T15:48:57.459405","37.284229999999994","127.044794"
"11463","2026-06-11T15:48:57.460406","37.284248","127.044776"
"11464","2026-06-11T15:48:57.460406","37.284265999999995","127.04475799999999"
"11465","2026-06-11T15:48:57.460406","37.284284","127.04473999999999"
"11466","2026-06-11T15:48:57.460406","37.284152","127.044896"
"11467","2026-06-11T15:48:57.461711","37.28417","127.044878"
"11468","2026-06-11T15:48:57.461711","37.284188","127.04485999999999"
"11469","2026-06-11T15:48:57.461711","37.284206000000005","127.04484199999999"
"11470","2026-06-11T15:48:57.461711","37.283227999999994","127.046672"
"11471","2026-06-11T15:48:57.463187","37.283246","127.046654"
"11472","2026-06-11T15:48:57.463698","37.281127999999995","127.042972"
"11473","2026-06-11T15:48:57.463698","37.281146","127.04295400000001"
"11474","2026-06-11T15:48:57.465128","37.281164","127.042936"
"11475","2026-06-11T15:48:57.465128","37.281182","127.042918"
"11476","2026-06-11T15:48:57.466133","37.2812","127.0429"
"11477","2026-06-11T15:48:57.466133","37.281217999999996","127.042882"
"11478","2026-06-11T15:48:57.466133","37.281236","127.04286400000001"
"11479","2026-06-11T15:48:57.467452","37.281254","127.042846"
"11480","2026-06-11T15:48:57.467452","37.281272","127.042828"
"11481","2026-06-11T15:48:57.467452","37.28113999999999","127.042984"
"11482","2026-06-11T15:48:57.468451","37.281158","127.042966"
"11483","2026-06-11T15:48:57.468451","37.281175999999995","127.042948"
"11484","2026-06-11T15:48:57.468451","37.281194","127.04293"
"11485","2026-06-11T15:48:57.469452","37.281212","127.042912"
"11486","2026-06-11T15:48:57.469452","37.281229999999994","127.042894"
"11487","2026-06-11T15:48:57.469452","37.281248","127.042876"
"11488","2026-06-11T15:48:57.470453","37.281265999999995","127.042858"
"11489","2026-06-11T15:48:57.470453","37.281284","127.04284"
"11490","2026-06-11T15:48:57.470453","37.283128","127.04517200000001"
"11491","2026-06-11T15:48:57.470453","37.282128","127.045572"
"11492","2026-06-11T15:48:57.471452","37.282146000000004","127.04555400000001"
"11493","2026-06-11T15:48:57.471452","37.282164","127.045536"
"11494","2026-06-11T15:48:57.472452","37.282182000000006","127.045518"
"11495","2026-06-11T15:48:57.472452","37.2822","127.0455"
"11496","2026-06-11T15:48:57.473451","37.281628","127.04477200000001"
"11497","2026-06-11T15:48:57.473451","37.281646","127.04475400000001"
"11498","2026-06-11T15:48:57.473451","37.281664","127.044736"
"11499","2026-06-11T15:48:57.474452","37.281682","127.044718"
"11500","2026-06-11T15:48:57.474452","37.2817","127.0447"
"11501","2026-06-11T15:48:57.474452","37.281718","127.04468200000001"
"11502","2026-06-11T15:48:57.475960","37.281736","127.04466400000001"
"11503","2026-06-11T15:48:57.475960","37.281754","127.044646"
"11504","2026-06-11T15:48:57.475960","37.281772000000004","127.044628"
"11505","2026-06-11T15:48:57.477440","37.281639999999996","127.044784"
"11506","2026-06-11T15:48:57.477440","37.281658","127.04476600000001"
"11507","2026-06-11T15:48:57.477440","37.281676","127.044748"
"11508","2026-06-11T15:48:57.478444","37.282128","127.044972"
"11509","2026-06-11T15:48:57.478444","37.282146000000004","127.044954"
"11510","2026-06-11T15:48:57.478444","37.282164","127.04493599999999"
"11511","2026-06-11T15:48:57.479445","37.282182000000006","127.044918"
"11512","2026-06-11T15:48:57.479445","37.2822","127.0449"
"11513","2026-06-11T15:48:57.479445","37.282218","127.044882"
"11514","2026-06-11T15:48:57.480446","37.282236000000005","127.044864"
"11515","2026-06-11T15:48:57.481447","37.282254","127.04484599999999"
"11516","2026-06-11T15:48:57.481447","37.283328","127.04437200000001"
"11517","2026-06-11T15:48:57.481447","37.283346","127.04435400000001"
"11518","2026-06-11T15:48:57.482445","37.283364","127.044336"
"11519","2026-06-11T15:48:57.482445","37.283382","127.044318"
"11520","2026-06-11T15:48:57.482445","37.2834","127.0443"
"11521","2026-06-11T15:48:57.483466","37.283418","127.04428200000001"
"11522","2026-06-11T15:48:57.483466","37.283436","127.04426400000001"
"11523","2026-06-11T15:48:57.483466","37.283454","127.044246"
"11524","2026-06-11T15:48:57.484464","37.283472","127.044228"
"11525","2026-06-11T15:48:57.484464","37.283339999999995","127.04438400000001"
"11526","2026-06-11T15:48:57.484464","37.283358","127.04436600000001"
"11527","2026-06-11T15:48:57.485969","37.283376","127.044348"
"11528","2026-06-11T15:48:57.485969","37.283394","127.04433"
"11529","2026-06-11T15:48:57.485969","37.283412","127.044312"
"11530","2026-06-11T15:48:57.485969","37.283429999999996","127.04429400000001"
"11531","2026-06-11T15:48:57.486975","37.281327999999995","127.04387200000001"
"11532","2026-06-11T15:48:57.486975","37.281346","127.04385400000001"
"11533","2026-06-11T15:48:57.487976","37.281363999999996","127.043836"
"11534","2026-06-11T15:48:57.487976","37.282528","127.043272"
"11535","2026-06-11T15:48:57.488980","37.282546","127.043254"
"11536","2026-06-11T15:48:57.488980","37.282564","127.043236"
"11537","2026-06-11T15:48:57.489976","37.282582000000005","127.043218"
"11538","2026-06-11T15:48:57.489976","37.2826","127.0432"
"11539","2026-06-11T15:48:57.489976","37.282618","127.043182"
"11540","2026-06-11T15:48:57.491418","37.282636000000004","127.043164"
"11541","2026-06-11T15:48:57.491922","37.282654","127.043146"
"11542","2026-06-11T15:48:57.491922","37.282672000000005","127.043128"
"11543","2026-06-11T15:48:57.492435","37.28254","127.043284"
"11544","2026-06-11T15:48:57.492435","37.282728","127.04477200000001"
"11545","2026-06-11T15:48:57.493440","37.282746","127.04475400000001"
"11546","2026-06-11T15:48:57.493440","37.282764","127.044736"
"11547","2026-06-11T15:48:57.493440","37.282782000000005","127.044718"
"11548","2026-06-11T15:48:57.494442","37.2828","127.0447"
"11549","2026-06-11T15:48:57.494442","37.282818","127.04468200000001"
"11550","2026-06-11T15:48:57.494442","37.281727999999994","127.045072"
"11551","2026-06-11T15:48:57.495947","37.281746","127.04505400000001"
"11552","2026-06-11T15:48:57.497955","37.281763999999995","127.045036"
"11553","2026-06-11T15:48:57.497955","37.281782","127.045018"
"11554","2026-06-11T15:48:57.499183","37.2818","127.045"
"11555","2026-06-11T15:48:57.499183","37.281817999999994","127.044982"
"11556","2026-06-11T15:48:57.499183","37.281836","127.04496400000001"
"11557","2026-06-11T15:48:57.500664","37.281853999999996","127.044946"
"11558","2026-06-11T15:48:57.500664","37.281872","127.044928"
"11559","2026-06-11T15:48:57.501665","37.28173999999999","127.045084"
"11560","2026-06-11T15:48:57.501665","37.281757999999996","127.045066"
"11561","2026-06-11T15:48:57.501665","37.281775999999994","127.045048"
"11562","2026-06-11T15:48:57.502663","37.281794","127.04503"
"11563","2026-06-11T15:48:57.502663","37.281811999999995","127.045012"
"11564","2026-06-11T15:48:57.502663","37.28182999999999","127.044994"
"11565","2026-06-11T15:48:57.503663","37.281848","127.044976"
"11566","2026-06-11T15:48:57.503663","37.281865999999994","127.044958"
"11567","2026-06-11T15:48:57.504667","37.281884","127.04494"
"11568","2026-06-11T15:48:57.504667","37.281752","127.045096"
"11569","2026-06-11T15:48:57.504667","37.28177","127.045078"
"11570","2026-06-11T15:48:57.506022","37.281788","127.04505999999999"
"11571","2026-06-11T15:48:57.506022","37.281806","127.045042"
"11572","2026-06-11T15:48:57.506022","37.283027999999995","127.043572"
"11573","2026-06-11T15:48:57.507028","37.283046","127.043554"
"11574","2026-06-11T15:48:57.508488","37.281428","127.044672"
"11575","2026-06-11T15:48:57.508999","37.281446","127.04465400000001"
"11576","2026-06-11T15:48:57.508999","37.281464","127.044636"
"11577","2026-06-11T15:48:57.508999","37.281482000000004","127.044618"
"11578","2026-06-11T15:48:57.510291","37.2815","127.0446"
"11579","2026-06-11T15:48:57.510291","37.281518","127.044582"
"11580","2026-06-11T15:48:57.511304","37.281536","127.04456400000001"
"11581","2026-06-11T15:48:57.511304","37.281554","127.044546"
"11582","2026-06-11T15:48:57.511304","37.281572000000004","127.044528"
"11583","2026-06-11T15:48:57.511304","37.281439999999996","127.044684"
"11584","2026-06-11T15:48:57.512535","37.281458","127.044666"
"11585","2026-06-11T15:48:57.512535","37.281476","127.044648"
"11586","2026-06-11T15:48:57.512535","37.281494","127.04463"
"11587","2026-06-11T15:48:57.513536","37.281512","127.044612"
"11588","2026-06-11T15:48:57.513536","37.28153","127.044594"
"11589","2026-06-11T15:48:57.513536","37.281548","127.044576"
"11590","2026-06-11T15:48:57.514537","37.281566","127.044558"
"11591","2026-06-11T15:48:57.514537","37.281584","127.04454"
"11592","2026-06-11T15:48:57.514537","37.299927999999994","127.100072"
"11593","2026-06-11T15:48:57.515911","37.282328","127.045872"
"11594","2026-06-11T15:48:57.515911","37.282346000000004","127.045854"
"11595","2026-06-11T15:48:57.515911","37.282364","127.045836"
"11596","2026-06-11T15:48:57.516979","37.282382000000005","127.045818"
"11597","2026-06-11T15:48:57.516979","37.2824","127.0458"
"11598","2026-06-11T15:48:57.516979","37.283427999999994","127.045072"
"11599","2026-06-11T15:48:57.517980","37.283446","127.04505400000001"
"11600","2026-06-11T15:48:57.517980","37.283463999999995","127.045036"
"11601","2026-06-11T15:48:57.517980","37.283482","127.045018"
"11602","2026-06-11T15:48:57.517980","37.2835","127.045"
"11603","2026-06-11T15:48:57.518979","37.283517999999994","127.044982"
"11604","2026-06-11T15:48:57.518979","37.283536","127.04496400000001"
"11605","2026-06-11T15:48:57.518979","37.283553999999995","127.044946"
"11606","2026-06-11T15:48:57.518979","37.283572","127.044928"
"11607","2026-06-11T15:48:57.519979","37.28343999999999","127.045084"
"11608","2026-06-11T15:48:57.519979","37.283457999999996","127.045066"
"11609","2026-06-11T15:48:57.519979","37.28347599999999","127.045048"
"11610","2026-06-11T15:48:57.519979","37.281028","127.045472"
"11611","2026-06-11T15:48:57.520980","37.281046","127.045454"
"11612","2026-06-11T15:48:57.520980","37.281064","127.045436"
"11613","2026-06-11T15:48:57.520980","37.281082000000005","127.045418"
"11614","2026-06-11T15:48:57.520980","37.2811","127.0454"
"11615","2026-06-11T15:48:57.520980","37.281118","127.045382"
"11616","2026-06-11T15:48:57.521979","37.281136000000004","127.045364"
"11617","2026-06-11T15:48:57.521979","37.281154","127.045346"
"11618","2026-06-11T15:48:57.521979","37.282928","127.04607200000001"
"11619","2026-06-11T15:48:57.521979","37.282946","127.04605400000001"
"11620","2026-06-11T15:48:57.522979","37.282964","127.046036"
"11621","2026-06-11T15:48:57.522979","37.282982000000004","127.046018"
"11622","2026-06-11T15:48:57.522979","37.283","127.046"
"11623","2026-06-11T15:48:57.522979","37.283018","127.04598200000001"
"11624","2026-06-11T15:48:57.524172","37.283036","127.04596400000001"
"11625","2026-06-11T15:48:57.524681","37.283054","127.045946"
"11626","2026-06-11T15:48:57.524681","37.283072000000004","127.045928"
"11627","2026-06-11T15:48:57.524681","37.282939999999996","127.04608400000001"
"11628","2026-06-11T15:48:57.524681","37.282958","127.04606600000001"
"11629","2026-06-11T15:48:57.526191","37.282976","127.046048"
"11630","2026-06-11T15:48:57.526191","37.282994","127.04603"
"11631","2026-06-11T15:48:57.526711","37.283012","127.046012"
"11632","2026-06-11T15:48:57.526711","37.28303","127.04599400000001"
"11633","2026-06-11T15:48:57.526711","37.281828","127.045972"
"11634","2026-06-11T15:48:57.526711","37.281846","127.04595400000001"
"11635","2026-06-11T15:48:57.528176","37.281864","127.045936"
"11636","2026-06-11T15:48:57.528176","37.283528","127.044072"
"11637","2026-06-11T15:48:57.528176","37.283546","127.044054"
"11638","2026-06-11T15:48:57.528176","37.283564","127.04403599999999"
"11639","2026-06-11T15:48:57.529182","37.283582","127.044018"
"11640","2026-06-11T15:48:57.529182","37.2836","127.044"
"11641","2026-06-11T15:48:57.529182","37.283618","127.043982"
"11642","2026-06-11T15:48:57.530183","37.283636","127.043964"
"11643","2026-06-11T15:48:57.530183","37.283654","127.04394599999999"
"11644","2026-06-11T15:48:57.530183","37.283672","127.043928"
"11645","2026-06-11T15:48:57.530183","37.283539999999995","127.044084"
"11646","2026-06-11T15:48:57.531182","37.282227999999996","127.043172"
"11647","2026-06-11T15:48:57.531182","37.282246","127.043154"
"11648","2026-06-11T15:48:57.531182","37.282264","127.04313599999999"
"11649","2026-06-11T15:48:57.531182","37.282282","127.04311799999999"
"11650","2026-06-11T15:48:57.532181","37.2823","127.0431"
"11651","2026-06-11T15:48:57.532181","37.282318","127.043082"
"11652","2026-06-11T15:48:57.533182","37.283227999999994","127.043772"
"11653","2026-06-11T15:48:57.533182","37.283246","127.043754"
"11654","2026-06-11T15:48:57.533182","37.283263999999996","127.043736"
"11655","2026-06-11T15:48:57.534235","37.283282","127.043718"
"11656","2026-06-11T15:48:57.534741","37.2833","127.0437"
"11657","2026-06-11T15:48:57.534741","37.283317999999994","127.043682"
"11658","2026-06-11T15:48:57.534741","37.283336","127.043664"
"11659","2026-06-11T15:48:57.534741","37.283353999999996","127.043646"
"11660","2026-06-11T15:48:57.534741","37.283372","127.043628"
"11661","2026-06-11T15:48:57.536247","37.28323999999999","127.043784"
"11662","2026-06-11T15:48:57.536247","37.283258","127.043766"
"11663","2026-06-11T15:48:57.537260","37.283275999999994","127.043748"
"11664","2026-06-11T15:48:57.537260","37.283294","127.04373"
"11665","2026-06-11T15:48:57.537260","37.283311999999995","127.043712"
"11666","2026-06-11T15:48:57.537260","37.28332999999999","127.043694"
"11667","2026-06-11T15:48:57.538256","37.283348","127.043676"
"11668","2026-06-11T15:48:57.538256","37.283365999999994","127.043658"
"11669","2026-06-11T15:48:57.539262","37.283384","127.04364"
"11670","2026-06-11T15:48:57.539262","37.283252","127.043796"
"11671","2026-06-11T15:48:57.539262","37.28327","127.043778"
"11672","2026-06-11T15:48:57.540261","37.283288","127.04375999999999"
"11673","2026-06-11T15:48:57.541325","37.283306","127.043742"
"11674","2026-06-11T15:48:57.541325","37.28192799999999","127.046272"
"11675","2026-06-11T15:48:57.541325","37.281946","127.046254"
"11676","2026-06-11T15:48:57.541325","37.281228","127.04347200000001"
"11677","2026-06-11T15:48:57.541325","37.281246","127.04345400000001"
"11678","2026-06-11T15:48:57.542592","37.281264","127.043436"
"11679","2026-06-11T15:48:57.544106","37.281282000000004","127.043418"
"11680","2026-06-11T15:48:57.544106","37.2813","127.0434"
"11681","2026-06-11T15:48:57.545186","37.281318","127.04338200000001"
"11682","2026-06-11T15:48:57.545186","37.281336","127.04336400000001"
"11683","2026-06-11T15:48:57.546192","37.281354","127.043346"
"11684","2026-06-11T15:48:57.546710","37.281372000000005","127.043328"
"11685","2026-06-11T15:48:57.546710","37.28124","127.043484"
"11686","2026-06-11T15:48:57.546710","37.281258","127.04346600000001"
"11687","2026-06-11T15:48:57.546710","37.281276","127.043448"
"11688","2026-06-11T15:48:57.546710","37.281294","127.04343"
"11689","2026-06-11T15:48:57.546710","37.281312","127.043412"
"11690","2026-06-11T15:48:57.548217","37.28133","127.043394"
"11691","2026-06-11T15:48:57.549225","37.281348","127.04337600000001"
"11692","2026-06-11T15:48:57.549225","37.281366","127.043358"
"11693","2026-06-11T15:48:57.549225","37.281384","127.04334"
"11694","2026-06-11T15:48:57.550224","37.282478","127.046422"
"11695","2026-06-11T15:48:57.550224","37.283677999999995","127.045422"
"11696","2026-06-11T15:48:57.551224","37.283696","127.045404"
"11697","2026-06-11T15:48:57.551224","37.283713999999996","127.045386"
"11698","2026-06-11T15:48:57.551224","37.283732","127.045368"
"11699","2026-06-11T15:48:57.552409","37.28375","127.04535"
"11700","2026-06-11T15:48:57.553406","37.281678","127.046522"
"11701","2026-06-11T15:48:57.553406","37.281696000000004","127.046504"
"11702","2026-06-11T15:48:57.554408","37.281714","127.04648599999999"
"11703","2026-06-11T15:48:57.555413","37.281732000000005","127.04646799999999"
"11704","2026-06-11T15:48:57.555413","37.28175","127.04645"
"11705","2026-06-11T15:48:57.555413","37.281768","127.046432"
"11706","2026-06-11T15:48:57.557921","37.281786000000004","127.046414"
"11707","2026-06-11T15:48:57.557921","37.281804","127.04639599999999"
"11708","2026-06-11T15:48:57.559377","37.281822000000005","127.04637799999999"
"11709","2026-06-11T15:48:57.559377","37.28169","127.046534"
"11710","2026-06-11T15:48:57.560348","37.281708","127.046516"
"11711","2026-06-11T15:48:57.560348","37.281726","127.04649799999999"
"11712","2026-06-11T15:48:57.560348","37.281378","127.045922"
"11713","2026-06-11T15:48:57.561579","37.281396","127.04590400000001"
"11714","2026-06-11T15:48:57.561579","37.281414","127.045886"
"11715","2026-06-11T15:48:57.561579","37.281432","127.045868"
"11716","2026-06-11T15:48:57.562582","37.28145","127.04585"
"11717","2026-06-11T15:48:57.562582","37.281468","127.045832"
"11718","2026-06-11T15:48:57.562582","37.281486","127.04581400000001"
"11719","2026-06-11T15:48:57.563582","37.281504","127.045796"
"11720","2026-06-11T15:48:57.563582","37.282078","127.046672"
"11721","2026-06-11T15:48:57.563582","37.282096","127.046654"
"11722","2026-06-11T15:48:57.564585","37.282114","127.04663599999999"
"11723","2026-06-11T15:48:57.564585","37.282132000000004","127.046618"
"11724","2026-06-11T15:48:57.564585","37.28215","127.0466"
"11725","2026-06-11T15:48:57.566090","37.282168","127.046582"
"11726","2026-06-11T15:48:57.566090","37.282186","127.046564"
"11727","2026-06-11T15:48:57.567187","37.282204","127.04654599999999"
"11728","2026-06-11T15:48:57.567187","37.282222000000004","127.046528"
"11729","2026-06-11T15:48:57.567187","37.28209","127.046684"
"11730","2026-06-11T15:48:57.567187","37.282108","127.046666"
"11731","2026-06-11T15:48:57.568193","37.282126","127.04664799999999"
"11732","2026-06-11T15:48:57.568193","37.282144","127.04663"
"11733","2026-06-11T15:48:57.568193","37.282162","127.046612"
"11734","2026-06-11T15:48:57.569192","37.28218","127.046594"
"11735","2026-06-11T15:48:57.569192","37.283077999999996","127.045972"
"11736","2026-06-11T15:48:57.569192","37.283096","127.04595400000001"
"11737","2026-06-11T15:48:57.569192","37.283114","127.045936"
"11738","2026-06-11T15:48:57.570428","37.280877999999994","127.04472200000001"
"11739","2026-06-11T15:48:57.570428","37.280896","127.04470400000001"
"11740","2026-06-11T15:48:57.570428","37.280913999999996","127.044686"
"11741","2026-06-11T15:48:57.570428","37.280932","127.044668"
"11742","2026-06-11T15:48:57.571742","37.28095","127.04465"
"11743","2026-06-11T15:48:57.571742","37.280967999999994","127.04463200000001"
"11744","2026-06-11T15:48:57.571742","37.280986","127.04461400000001"
"11745","2026-06-11T15:48:57.571742","37.281003999999996","127.044596"
"11746","2026-06-11T15:48:57.573169","37.281022","127.044578"
"11747","2026-06-11T15:48:57.573169","37.28088999999999","127.044734"
"11748","2026-06-11T15:48:57.575213","37.283477999999995","127.043322"
"11749","2026-06-11T15:48:57.576213","37.283496","127.043304"
"11750","2026-06-11T15:48:57.576717","37.283514","127.043286"
"11751","2026-06-11T15:48:57.576717","37.283532","127.043268"
"11752","2026-06-11T15:48:57.576717","37.28355","127.04325"
"11753","2026-06-11T15:48:57.577723","37.283567999999995","127.043232"
"11754","2026-06-11T15:48:57.577723","37.281577999999996","127.043322"
"11755","2026-06-11T15:48:57.577723","37.281596","127.043304"
"11756","2026-06-11T15:48:57.578725","37.281614","127.043286"
"11757","2026-06-11T15:48:57.578725","37.281632","127.043268"
"11758","2026-06-11T15:48:57.578725","37.28165","127.04325"
"11759","2026-06-11T15:48:57.578725","37.281667999999996","127.043232"
"11760","2026-06-11T15:48:57.579724","37.281686","127.043214"
"11761","2026-06-11T15:48:57.579724","37.281704","127.043196"
"11762","2026-06-11T15:48:57.579724","37.281722","127.043178"
"11763","2026-06-11T15:48:57.579724","37.281589999999994","127.043334"
"11764","2026-06-11T15:48:57.579724","37.281608","127.043316"
"11765","2026-06-11T15:48:57.580725","37.281625999999996","127.043298"
"11766","2026-06-11T15:48:57.580725","37.281644","127.04328"
"11767","2026-06-11T15:48:57.580725","37.281662","127.043262"
"11768","2026-06-11T15:48:57.580725","37.281679999999994","127.043244"
"11769","2026-06-11T15:48:57.580725","37.281698","127.043226"
"11770","2026-06-11T15:48:57.581726","37.281715999999996","127.04320799999999"
"11771","2026-06-11T15:48:57.582871","37.281734","127.04319"
"11772","2026-06-11T15:48:57.582871","37.281602","127.043346"
"11773","2026-06-11T15:48:57.583879","37.281620000000004","127.043328"
"11774","2026-06-11T15:48:57.583879","37.281638","127.04330999999999"
"11775","2026-06-11T15:48:57.583879","37.281656000000005","127.043292"
"11776","2026-06-11T15:48:57.584962","37.280778","127.045422"
"11777","2026-06-11T15:48:57.584962","37.280796","127.045404"
"11778","2026-06-11T15:48:57.585962","37.283778","127.043822"
"11779","2026-06-11T15:48:57.585962","37.283796","127.04380400000001"
"11780","2026-06-11T15:48:57.586473","37.283814","127.043786"
"11781","2026-06-11T15:48:57.586473","37.283832000000004","127.043768"
"11782","2026-06-11T15:48:57.586473","37.28385","127.04375"
"11783","2026-06-11T15:48:57.586473","37.283868","127.043732"
"11784","2026-06-11T15:48:57.587482","37.283886","127.04371400000001"
"11785","2026-06-11T15:48:57.587482","37.283904","127.043696"
"11786","2026-06-11T15:48:57.587482","37.283922000000004","127.043678"
"11787","2026-06-11T15:48:57.588497","37.283789999999996","127.043834"
"11788","2026-06-11T15:48:57.588497","37.283808","127.043816"
"11789","2026-06-11T15:48:57.588497","37.283826","127.043798"
"11790","2026-06-11T15:48:57.588497","37.283844","127.04378"
"11791","2026-06-11T15:48:57.588497","37.283862","127.043762"
"11792","2026-06-11T15:48:57.589489","37.283879999999996","127.043744"
"11793","2026-06-11T15:48:57.589489","37.283898","127.043726"
"11794","2026-06-11T15:48:57.589489","37.283916","127.043708"
"11795","2026-06-11T15:48:57.589489","37.283934","127.04369"
"11796","2026-06-11T15:48:57.591487","37.280677999999995","127.043822"
"11797","2026-06-11T15:48:57.591487","37.280477999999995","127.04432200000001"
"11798","2026-06-11T15:48:57.591487","37.280496","127.04430400000001"
"11799","2026-06-11T15:48:57.592488","37.280514","127.044286"
"11800","2026-06-11T15:48:57.592488","37.280532","127.044268"
"11801","2026-06-11T15:48:57.592488","37.28055","127.04425"
"11802","2026-06-11T15:48:57.593488","37.282377999999994","127.042522"
"11803","2026-06-11T15:48:57.593488","37.282396","127.04250400000001"
"11804","2026-06-11T15:48:57.593488","37.282413999999996","127.042486"
"11805","2026-06-11T15:48:57.593488","37.282432","127.042468"
"11806","2026-06-11T15:48:57.593488","37.28245","127.04245"
"11807","2026-06-11T15:48:57.594486","37.282467999999994","127.042432"
"11808","2026-06-11T15:48:57.594486","37.282486","127.04241400000001"
"11809","2026-06-11T15:48:57.594486","37.282503999999996","127.042396"
"11810","2026-06-11T15:48:57.594486","37.282522","127.042378"
"11811","2026-06-11T15:48:57.594486","37.28238999999999","127.042534"
"11812","2026-06-11T15:48:57.594486","37.282408","127.042516"
"11813","2026-06-11T15:48:57.594486","37.282425999999994","127.042498"
"11814","2026-06-11T15:48:57.594486","37.280828","127.044122"
"11815","2026-06-11T15:48:57.594486","37.280846000000004","127.044104"
"11816","2026-06-11T15:48:57.595993","37.280864","127.044086"
"11817","2026-06-11T15:48:57.595993","37.280882000000005","127.044068"
"11818","2026-06-11T15:48:57.595993","37.2809","127.04405"
"11819","2026-06-11T15:48:57.597003","37.280918","127.044032"
"11820","2026-06-11T15:48:57.597003","37.280936000000004","127.044014"
"11821","2026-06-11T15:48:57.597003","37.280954","127.04399599999999"
"11822","2026-06-11T15:48:57.597999","37.280578","127.046122"
"11823","2026-06-11T15:48:57.597999","37.280596","127.046104"
"11824","2026-06-11T15:48:57.597999","37.280614","127.04608599999999"
"11825","2026-06-11T15:48:57.599109","37.280632000000004","127.04606799999999"
"11826","2026-06-11T15:48:57.599109","37.28065","127.04605"
"11827","2026-06-11T15:48:57.599109","37.280668","127.046032"
"11828","2026-06-11T15:48:57.600364","37.280686","127.046014"
"11829","2026-06-11T15:48:57.600364","37.280704","127.04599599999999"
"11830","2026-06-11T15:48:57.600364","37.280722000000004","127.04597799999999"
"11831","2026-06-11T15:48:57.600364","37.28059","127.046134"
"11832","2026-06-11T15:48:57.601800","37.280608","127.046116"
"11833","2026-06-11T15:48:57.601800","37.280626","127.04609799999999"
"11834","2026-06-11T15:48:57.602311","37.280644","127.04607999999999"
"11835","2026-06-11T15:48:57.602311","37.280662","127.04606199999999"
"11836","2026-06-11T15:48:57.602311","37.28068","127.046044"
"11837","2026-06-11T15:48:57.602311","37.282678","127.04302200000001"
"11838","2026-06-11T15:48:57.603321","37.282696","127.04300400000001"
"11839","2026-06-11T15:48:57.603321","37.282714","127.042986"
"11840","2026-06-11T16:20:24.031913","37.283128","127.04517200000001"
"11841","2026-06-11T16:20:24.201970","37.282328","127.043972"
"11842","2026-06-11T16:20:24.205982","37.282346000000004","127.043954"
"11843","2026-06-11T16:20:24.207984","37.282364","127.04393599999999"
"11844","2026-06-11T16:20:24.211517","37.282382000000005","127.04391799999999"
"11845","2026-06-11T16:20:24.214514","37.2824","127.0439"
"11846","2026-06-11T16:20:24.217514","37.281628","127.04477200000001"
"11847","2026-06-11T16:20:24.219518","37.281646","127.04475400000001"
"11848","2026-06-11T16:20:24.251150","37.281664","127.044736"
"11849","2026-06-11T16:20:24.255148","37.281682","127.044718"
"11850","2026-06-11T16:20:24.257145","37.2817","127.0447"
"11851","2026-06-11T16:20:24.259659","37.281718","127.04468200000001"
"11852","2026-06-11T16:20:24.261669","37.281736","127.04466400000001"
"11853","2026-06-11T16:20:24.264683","37.281754","127.044646"
"11854","2026-06-11T16:20:24.266680","37.281772000000004","127.044628"
"11855","2026-06-11T16:20:24.271204","37.281639999999996","127.044784"
"11856","2026-06-11T16:20:24.275204","37.281658","127.04476600000001"
"11857","2026-06-11T16:20:24.278204","37.281676","127.044748"
"11858","2026-06-11T16:20:24.280730","37.282928","127.044172"
"11859","2026-06-11T16:20:24.283728","37.282946","127.044154"
"11860","2026-06-11T16:20:24.286727","37.282964","127.044136"
"11861","2026-06-11T16:20:24.288730","37.282982000000004","127.044118"
"11862","2026-06-11T16:20:24.291814","37.283","127.0441"
"11863","2026-06-11T16:20:24.293820","37.283018","127.044082"
"11864","2026-06-11T16:20:24.296814","37.283036","127.044064"
"11865","2026-06-11T16:20:24.299327","37.283054","127.044046"
"11866","2026-06-11T16:20:24.301342","37.282128","127.044972"
"11867","2026-06-11T16:20:24.303353","37.282146000000004","127.044954"
"11868","2026-06-11T16:20:24.307353","37.282164","127.04493599999999"
"11869","2026-06-11T16:20:24.309357","37.282182000000006","127.044918"
"11870","2026-06-11T16:20:24.311599","37.2822","127.0449"
"11871","2026-06-11T16:20:24.314599","37.282218","127.044882"
"11872","2026-06-11T16:20:24.318599","37.282236000000005","127.044864"
"11873","2026-06-11T16:20:24.323954","37.282254","127.04484599999999"
"11874","2026-06-11T16:20:24.326952","37.282272000000006","127.044828"
"11875","2026-06-11T16:20:24.329469","37.28214","127.044984"
"11876","2026-06-11T16:20:24.332489","37.282158","127.044966"
"11877","2026-06-11T16:20:24.335489","37.282176","127.04494799999999"
"11878","2026-06-11T16:20:24.337491","37.282194000000004","127.04493"
"11879","2026-06-11T16:20:24.339484","37.282212","127.044912"
"11880","2026-06-11T16:20:24.341737","37.28223","127.044894"
"11881","2026-06-11T16:20:24.345752","37.281828","127.043672"
"11882","2026-06-11T16:20:24.348750","37.281846","127.043654"
"11883","2026-06-11T16:20:24.351272","37.281864","127.04363599999999"
"11884","2026-06-11T16:20:24.353273","37.282627999999995","127.045472"
"11885","2026-06-11T16:20:24.355281","37.282646","127.045454"
"11886","2026-06-11T16:20:24.357275","37.282664","127.045436"
"11887","2026-06-11T16:20:24.359275","37.282682","127.045418"
"11888","2026-06-11T16:20:24.362566","37.2827","127.0454"
"11889","2026-06-11T16:20:24.365570","37.282717999999996","127.045382"
"11890","2026-06-11T16:20:24.367570","37.282736","127.045364"
"11891","2026-06-11T16:20:24.371676","37.282754","127.045346"
"11892","2026-06-11T16:20:24.374690","37.282772","127.045328"
"11893","2026-06-11T16:20:24.376688","37.282639999999994","127.045484"
"11894","2026-06-11T16:20:24.380801","37.283328","127.04437200000001"
"11895","2026-06-11T16:20:24.384811","37.283346","127.04435400000001"
"11896","2026-06-11T16:20:24.387809","37.283364","127.044336"
"11897","2026-06-11T16:20:24.391355","37.283382","127.044318"
"11898","2026-06-11T16:20:24.394337","37.2834","127.0443"
"11899","2026-06-11T16:20:24.398339","37.283418","127.04428200000001"
"11900","2026-06-11T16:20:24.401863","37.281727999999994","127.045272"
"11901","2026-06-11T16:20:24.406869","37.281746","127.045254"
"11902","2026-06-11T16:20:24.410390","37.281763999999995","127.04523599999999"
"11903","2026-06-11T16:20:24.418388","37.281782","127.04521799999999"
"11904","2026-06-11T16:20:24.423917","37.2818","127.0452"
"11905","2026-06-11T16:20:24.426919","37.281817999999994","127.045182"
"11906","2026-06-11T16:20:24.430451","37.281836","127.045164"
"11907","2026-06-11T16:20:24.435464","37.281853999999996","127.04514599999999"
"11908","2026-06-11T16:20:24.439976","37.281872","127.04512799999999"
"11909","2026-06-11T16:20:24.444","37.28173999999999","127.045284"
"11910","2026-06-11T16:20:24.446004","37.281757999999996","127.045266"
"11911","2026-06-11T16:20:24.447999","37.281775999999994","127.04524799999999"
"11912","2026-06-11T16:20:24.451532","37.281794","127.04522999999999"
"11913","2026-06-11T16:20:24.453544","37.281811999999995","127.04521199999999"
"11914","2026-06-11T16:20:24.456547","37.28182999999999","127.045194"
"11915","2026-06-11T16:20:24.459546","37.281848","127.045176"
"11916","2026-06-11T16:20:24.462086","37.281865999999994","127.04515799999999"
"11917","2026-06-11T16:20:24.465087","37.281884","127.04513999999999"
"11918","2026-06-11T16:20:24.470610","37.281752","127.045296"
"11919","2026-06-11T16:20:24.474622","37.28177","127.045278"
"11920","2026-06-11T16:20:24.477609","37.281788","127.04525999999998"
"11921","2026-06-11T16:20:24.484145","37.281806","127.04524199999999"
"11922","2026-06-11T16:20:24.486144","37.282427999999996","127.043172"
"11923","2026-06-11T16:20:24.489658","37.282446","127.043154"
"11924","2026-06-11T16:20:24.492079","37.283027999999995","127.042972"
"11925","2026-06-11T16:20:24.495094","37.283046","127.04295400000001"
"11926","2026-06-11T16:20:24.497107","37.283063999999996","127.042936"
"11927","2026-06-11T16:20:24.500834","37.283082","127.042918"
"11928","2026-06-11T16:20:24.502850","37.2831","127.0429"
"11929","2026-06-11T16:20:24.506275","37.283117999999995","127.042882"
"11930","2026-06-11T16:20:24.508276","37.283136","127.04286400000001"
"11931","2026-06-11T16:20:24.510802","37.283153999999996","127.042846"
"11932","2026-06-11T16:20:24.512807","37.283172","127.042828"
"11933","2026-06-11T16:20:24.513800","37.28303999999999","127.042984"
"11934","2026-06-11T16:20:24.515803","37.283058","127.042966"
"11935","2026-06-11T16:20:24.517802","37.283075999999994","127.042948"
"11936","2026-06-11T16:20:24.519314","37.283094","127.04293"
"11937","2026-06-11T16:20:24.522331","37.283111999999996","127.042912"
"11938","2026-06-11T16:20:24.524331","37.28312999999999","127.042894"
"11939","2026-06-11T16:20:24.526330","37.283148","127.042876"
"11940","2026-06-11T16:20:24.528336","37.283165999999994","127.042858"
"11941","2026-06-11T16:20:24.529847","37.283184","127.04284"
"11942","2026-06-11T16:20:24.531861","37.281527999999994","127.044072"
"11943","2026-06-11T16:20:24.533871","37.28192799999999","127.042772"
"11944","2026-06-11T16:20:24.535874","37.281946","127.042754"
"11945","2026-06-11T16:20:24.537876","37.281963999999995","127.04273599999999"
"11946","2026-06-11T16:20:24.540414","37.281982","127.042718"
"11947","2026-06-11T16:20:24.543421","37.282","127.0427"
"11948","2026-06-11T16:20:24.545419","37.282928","127.044672"
"11949","2026-06-11T16:20:24.547420","37.282946","127.04465400000001"
"11950","2026-06-11T16:20:24.549417","37.282964","127.044636"
"11951","2026-06-11T16:20:24.552465","37.282982000000004","127.044618"
"11952","2026-06-11T16:20:24.555467","37.283","127.0446"
"11953","2026-06-11T16:20:24.559464","37.283018","127.044582"
"11954","2026-06-11T16:20:24.562860","37.283036","127.04456400000001"
"11955","2026-06-11T16:20:24.566843","37.283054","127.044546"
"11956","2026-06-11T16:20:24.570373","37.283072000000004","127.044528"
"11957","2026-06-11T16:20:24.572375","37.282939999999996","127.044684"
"11958","2026-06-11T16:20:24.575373","37.282958","127.044666"
"11959","2026-06-11T16:20:24.577373","37.282976","127.044648"
"11960","2026-06-11T16:20:24.579886","37.282728","127.043572"
"11961","2026-06-11T16:20:24.581900","37.282746","127.043554"
"11962","2026-06-11T16:20:24.584915","37.282764","127.04353599999999"
"11963","2026-06-11T16:20:24.587912","37.282782000000005","127.04351799999999"
"11964","2026-06-11T16:20:24.590446","37.2828","127.0435"
"11965","2026-06-11T16:20:24.592457","37.282818","127.043482"
"11966","2026-06-11T16:20:24.595454","37.282836","127.043464"
"11967","2026-06-11T16:20:24.598454","37.282854","127.04344599999999"
"11968","2026-06-11T16:20:24.605006","37.281428","127.044872"
"11969","2026-06-11T16:20:24.608008","37.281446","127.044854"
"11970","2026-06-11T16:20:24.610532","37.281464","127.04483599999999"
"11971","2026-06-11T16:20:24.613535","37.281482000000004","127.04481799999999"
"11972","2026-06-11T16:20:24.615535","37.2815","127.0448"
"11973","2026-06-11T16:20:24.617534","37.281518","127.044782"
"11974","2026-06-11T16:20:24.619533","37.281536","127.044764"
"11975","2026-06-11T16:20:24.627646","37.281554","127.04474599999999"
"11976","2026-06-11T16:20:24.630970","37.281572000000004","127.04472799999999"
"11977","2026-06-11T16:20:24.633985","37.281439999999996","127.044884"
"11978","2026-06-11T16:20:24.646511","37.281458","127.044866"
"11979","2026-06-11T16:20:24.648509","37.281476","127.04484799999999"
"11980","2026-06-11T16:20:24.650664","37.281494","127.04482999999999"
"11981","2026-06-11T16:20:24.653665","37.281512","127.044812"
"11982","2026-06-11T16:20:24.656667","37.28153","127.044794"
"11983","2026-06-11T16:20:24.658665","37.282528","127.045772"
"11984","2026-06-11T16:20:24.662019","37.282546","127.045754"
"11985","2026-06-11T16:20:24.666018","37.282564","127.04573599999999"
"11986","2026-06-11T16:20:24.668022","37.283427999999994","127.04387200000001"
"11987","2026-06-11T16:20:24.671555","37.283446","127.04385400000001"
"11988","2026-06-11T16:20:24.672569","37.283463999999995","127.043836"
"11989","2026-06-11T16:20:24.674566","37.283482","127.043818"
"11990","2026-06-11T16:20:24.677566","37.2835","127.0438"
"11991","2026-06-11T16:20:24.679569","37.283517999999994","127.04378200000001"
"11992","2026-06-11T16:20:24.681093","37.283536","127.04376400000001"
"11993","2026-06-11T16:20:24.683107","37.283553999999995","127.043746"
"11994","2026-06-11T16:20:24.687105","37.283572","127.043728"
"11995","2026-06-11T16:20:24.689623","37.28343999999999","127.043884"
"11996","2026-06-11T16:20:24.692638","37.281327999999995","127.04347200000001"
"11997","2026-06-11T16:20:24.695643","37.281346","127.04345400000001"
"11998","2026-06-11T16:20:24.697644","37.281363999999996","127.043436"
"11999","2026-06-11T16:20:24.699643","37.281382","127.043418"
"12000","2026-06-11T16:20:24.701166","37.2814","127.0434"
"12001","2026-06-11T16:20:24.702176","37.281417999999995","127.04338200000001"
"12002","2026-06-11T16:20:24.704178","37.283628","127.044972"
"12003","2026-06-11T16:20:24.705180","37.283646000000005","127.044954"
"12004","2026-06-11T16:20:24.707185","37.283664","127.04493599999999"
"12005","2026-06-11T16:20:24.708182","37.283682000000006","127.044918"
"12006","2026-06-11T16:20:24.709693","37.2837","127.0449"
"12007","2026-06-11T16:20:24.712710","37.283718","127.044882"
"12008","2026-06-11T16:20:24.714713","37.283736000000005","127.044864"
"12009","2026-06-11T16:20:24.717710","37.283754","127.04484599999999"
"12010","2026-06-11T16:20:24.720221","37.283772000000006","127.044828"
"12011","2026-06-11T16:20:24.723245","37.28364","127.044984"
"12012","2026-06-11T16:20:24.725245","37.283658","127.044966"
"12013","2026-06-11T16:20:24.728247","37.283676","127.04494799999999"
"12014","2026-06-11T16:20:24.729757","37.283694000000004","127.04493"
"12015","2026-06-11T16:20:24.731770","37.283712","127.044912"
"12016","2026-06-11T16:20:24.733771","37.28373","127.044894"
"12017","2026-06-11T16:20:24.737771","37.283748","127.044876"
"12018","2026-06-11T16:20:24.743300","37.283766","127.04485799999999"
"12019","2026-06-11T16:20:24.750552","37.283784000000004","127.04484"
"12020","2026-06-11T16:20:24.753554","37.283652000000004","127.044996"
"12021","2026-06-11T16:20:24.756551","37.28367000000001","127.044978"
"12022","2026-06-11T16:20:24.758554","37.283688000000005","127.04495999999999"
"12023","2026-06-11T16:20:24.760664","37.28370600000001","127.04494199999999"
"12024","2026-06-11T16:20:24.763681","37.282028","127.042572"
"12025","2026-06-11T16:20:24.765678","37.282046","127.04255400000001"
"12026","2026-06-11T16:20:24.768678","37.283927999999996","127.044172"
"12027","2026-06-11T16:20:24.771199","37.283946","127.044154"
"12028","2026-06-11T16:20:24.773200","37.283964","127.044136"
"12029","2026-06-11T16:20:24.775200","37.283982","127.044118"
"12030","2026-06-11T16:20:24.778204","37.284","127.0441"
"12031","2026-06-11T16:20:24.781736","37.284017999999996","127.044082"
"12032","2026-06-11T16:20:24.789747","37.284036","127.044064"
"12033","2026-06-11T16:20:24.793274","37.284054","127.044046"
"12034","2026-06-11T16:20:24.797274","37.284072","127.044028"
"12035","2026-06-11T16:20:24.838415","37.283939999999994","127.044184"
"12036","2026-06-11T16:20:24.843935","37.283958","127.044166"
"12037","2026-06-11T16:20:24.846935","37.283975999999996","127.04414799999999"
"12038","2026-06-11T16:20:24.849448","37.283994","127.04413"
"12039","2026-06-11T16:20:24.854481","37.284012","127.044112"
"12040","2026-06-11T16:20:24.872546","37.284029999999994","127.044094"
"12041","2026-06-11T16:20:24.876546","37.284048","127.044076"
"12042","2026-06-11T16:20:24.878545","37.284065999999996","127.04405799999999"
"12043","2026-06-11T16:20:24.882067","37.284084","127.04404"
"12044","2026-06-11T16:20:24.887070","37.281828","127.04607200000001"
"12045","2026-06-11T16:20:24.890590","37.282827999999995","127.046272"
"12046","2026-06-11T16:20:24.892590","37.282846","127.046254"
"12047","2026-06-11T16:20:24.897588","37.282864","127.046236"
"12048","2026-06-11T16:20:24.906114","37.282882","127.046218"
"12049","2026-06-11T16:20:24.912637","37.2829","127.0462"
"12050","2026-06-11T16:20:24.922182","37.281228","127.045672"
"12051","2026-06-11T16:20:24.925178","37.281246","127.045654"
"12052","2026-06-11T16:20:24.928180","37.281264","127.04563599999999"
"12053","2026-06-11T16:20:24.932703","37.281282000000004","127.04561799999999"
"12054","2026-06-11T16:20:24.938706","37.2813","127.0456"
"12055","2026-06-11T16:20:24.943233","37.281318","127.045582"
"12056","2026-06-11T16:20:24.946242","37.281336","127.045564"
"12057","2026-06-11T16:20:24.950761","37.281354","127.04554599999999"
"12058","2026-06-11T16:20:24.953774","37.281372000000005","127.04552799999999"
"12059","2026-06-11T16:20:24.956772","37.28124","127.045684"
"12060","2026-06-11T16:20:24.958772","37.281258","127.045666"
"12061","2026-06-11T16:20:24.961301","37.281276","127.04564799999999"
"12062","2026-06-11T16:20:24.963319","37.284028","127.043272"
"12063","2026-06-11T16:20:24.965315","37.284046000000004","127.043254"
"12064","2026-06-11T16:20:24.967311","37.284064","127.043236"
"12065","2026-06-11T16:20:24.969313","37.284082000000005","127.043218"
"12066","2026-06-11T16:20:24.971469","37.2841","127.0432"
"12067","2026-06-11T16:20:24.974469","37.284118","127.043182"
"12068","2026-06-11T16:20:24.976472","37.284136000000004","127.043164"
"12069","2026-06-11T16:20:24.977472","37.284154","127.043146"
"12070","2026-06-11T16:20:24.979470","37.281028","127.044272"
"12071","2026-06-11T16:20:24.981566","37.281046","127.04425400000001"
"12072","2026-06-11T16:20:24.984579","37.281064","127.044236"
"12073","2026-06-11T16:20:24.987581","37.281082000000005","127.044218"
"12074","2026-06-11T16:20:24.992012","37.2811","127.0442"
"12075","2026-06-11T16:20:24.994012","37.281118","127.044182"
"12076","2026-06-11T16:20:24.998012","37.281136000000004","127.04416400000001"
"12077","2026-06-11T16:20:25.000539","37.281154","127.044146"
"12078","2026-06-11T16:20:25.001539","37.281172000000005","127.044128"
"12079","2026-06-11T16:20:25.003538","37.28104","127.044284"
"12080","2026-06-11T16:20:25.005539","37.281058","127.04426600000001"
"12081","2026-06-11T16:20:25.007537","37.281076","127.044248"
"12082","2026-06-11T16:20:25.008540","37.281094","127.04423"
"12083","2026-06-11T16:20:25.010791","37.281112","127.044212"
"12084","2026-06-11T16:20:25.013789","37.28113","127.044194"
"12085","2026-06-11T16:20:25.014796","37.283828","127.045372"
"12086","2026-06-11T16:20:25.018788","37.283846000000004","127.045354"
"12087","2026-06-11T16:20:25.020880","37.283864","127.04533599999999"
"12088","2026-06-11T16:20:25.023884","37.282227999999996","127.04647200000001"
"12089","2026-06-11T16:20:25.025883","37.282246","127.04645400000001"
"12090","2026-06-11T16:20:25.027882","37.282264","127.046436"
"12091","2026-06-11T16:20:25.030407","37.282282","127.046418"
"12092","2026-06-11T16:20:25.032408","37.2823","127.0464"
"12093","2026-06-11T16:20:25.034410","37.282318","127.04638200000001"
"12094","2026-06-11T16:20:25.035408","37.282336","127.04636400000001"
"12095","2026-06-11T16:20:25.037408","37.282354","127.046346"
"12096","2026-06-11T16:20:25.039921","37.282372","127.046328"
"12097","2026-06-11T16:20:25.041449","37.282239999999994","127.046484"
"12098","2026-06-11T16:20:25.049956","37.280927999999996","127.043772"
"12099","2026-06-11T16:20:25.050971","37.280946","127.043754"
"12100","2026-06-11T16:20:25.051985","37.280964","127.043736"
"12101","2026-06-11T16:20:25.053985","37.280982","127.043718"
"12102","2026-06-11T16:20:25.054983","37.281","127.0437"
"12103","2026-06-11T16:20:25.055996","37.281017999999996","127.043682"
"12104","2026-06-11T16:20:25.056986","37.284127999999995","127.044872"
"12105","2026-06-11T16:20:25.057985","37.284146","127.044854"
"12106","2026-06-11T16:20:25.059498","37.284164","127.04483599999999"
"12107","2026-06-11T16:20:25.060513","37.284182","127.04481799999999"
"12108","2026-06-11T16:20:25.062513","37.2842","127.0448"
"12109","2026-06-11T16:20:25.063518","37.284217999999996","127.044782"
"12110","2026-06-11T16:20:25.064514","37.284236","127.044764"
"12111","2026-06-11T16:20:25.066511","37.284254","127.04474599999999"
"12112","2026-06-11T16:20:25.067512","37.284272","127.04472799999999"
"12113","2026-06-11T16:20:25.068510","37.284139999999994","127.044884"
"12114","2026-06-11T16:20:25.069516","37.284158","127.044866"
"12115","2026-06-11T16:20:25.070679","37.284175999999995","127.04484799999999"
"12116","2026-06-11T16:20:25.071682","37.284194","127.04482999999999"
"12117","2026-06-11T16:20:25.072680","37.284212","127.044812"
"12118","2026-06-11T16:20:25.074674","37.284229999999994","127.044794"
"12119","2026-06-11T16:20:25.075674","37.284248","127.044776"
"12120","2026-06-11T16:20:25.076674","37.284265999999995","127.04475799999999"
"12121","2026-06-11T16:20:25.078677","37.284284","127.04473999999999"
"12122","2026-06-11T16:20:25.080189","37.284152","127.044896"
"12123","2026-06-11T16:20:25.082220","37.28417","127.044878"
"12124","2026-06-11T16:20:25.083220","37.284188","127.04485999999999"
"12125","2026-06-11T16:20:25.084223","37.284206000000005","127.04484199999999"
"12126","2026-06-11T16:20:25.086217","37.283227999999994","127.046672"
"12127","2026-06-11T16:20:25.087219","37.283246","127.046654"
"12128","2026-06-11T16:20:25.088219","37.281127999999995","127.042972"
"12129","2026-06-11T16:20:25.090750","37.281146","127.04295400000001"
"12130","2026-06-11T16:20:25.092762","37.281164","127.042936"
"12131","2026-06-11T16:20:25.095761","37.281182","127.042918"
"12132","2026-06-11T16:20:25.097760","37.2812","127.0429"
"12133","2026-06-11T16:20:25.100274","37.281217999999996","127.042882"
"12134","2026-06-11T16:20:25.101276","37.281236","127.04286400000001"
"12135","2026-06-11T16:20:25.103278","37.281254","127.042846"
"12136","2026-06-11T16:20:25.107280","37.281272","127.042828"
"12137","2026-06-11T16:20:25.117812","37.28113999999999","127.042984"
"12138","2026-06-11T16:20:25.122338","37.281158","127.042966"
"12139","2026-06-11T16:20:25.126335","37.281175999999995","127.042948"
"12140","2026-06-11T16:20:25.133720","37.281194","127.04293"
"12141","2026-06-11T16:20:25.140822","37.281212","127.042912"
"12142","2026-06-11T16:20:25.143841","37.281229999999994","127.042894"
"12143","2026-06-11T16:20:25.145845","37.281248","127.042876"
"12144","2026-06-11T16:20:25.146838","37.281265999999995","127.042858"
"12145","2026-06-11T16:20:25.147843","37.281284","127.04284"
"12146","2026-06-11T16:20:25.149352","37.283128","127.04517200000001"
"12147","2026-06-11T16:20:25.151362","37.282128","127.045572"
"12148","2026-06-11T16:20:25.152369","37.282146000000004","127.04555400000001"
"12149","2026-06-11T16:20:25.154374","37.282164","127.045536"
"12150","2026-06-11T16:20:25.155373","37.282182000000006","127.045518"
"12151","2026-06-11T16:20:25.157370","37.2822","127.0455"
"12152","2026-06-11T16:20:25.158371","37.281628","127.04477200000001"
"12153","2026-06-11T16:20:25.159372","37.281646","127.04475400000001"
"12154","2026-06-11T16:20:25.162630","37.281664","127.044736"
"12155","2026-06-11T16:20:25.166898","37.281682","127.044718"
"12156","2026-06-11T16:20:25.167897","37.2817","127.0447"
"12157","2026-06-11T16:20:25.170632","37.281718","127.04468200000001"
"12158","2026-06-11T16:20:25.173814","37.281736","127.04466400000001"
"12159","2026-06-11T16:20:25.175824","37.281754","127.044646"
"12160","2026-06-11T16:20:25.176826","37.281772000000004","127.044628"
"12161","2026-06-11T16:20:25.181356","37.281639999999996","127.044784"
"12162","2026-06-11T16:20:25.189355","37.281658","127.04476600000001"
"12163","2026-06-11T16:20:25.192887","37.281676","127.044748"
"12164","2026-06-11T16:20:25.194892","37.282128","127.044972"
"12165","2026-06-11T16:20:25.196894","37.282146000000004","127.044954"
"12166","2026-06-11T16:20:25.200419","37.282164","127.04493599999999"
"12167","2026-06-11T16:20:25.206416","37.282182000000006","127.044918"
"12168","2026-06-11T16:20:25.209413","37.2822","127.0449"
"12169","2026-06-11T16:20:25.210939","37.282218","127.044882"
"12170","2026-06-11T16:20:25.216953","37.282236000000005","127.044864"
"12171","2026-06-11T16:20:25.219465","37.282254","127.04484599999999"
"12172","2026-06-11T16:20:25.242098","37.283328","127.04437200000001"
"12173","2026-06-11T16:20:25.245101","37.283346","127.04435400000001"
"12174","2026-06-11T16:20:25.249607","37.283364","127.044336"
"12175","2026-06-11T16:20:25.258633","37.283382","127.044318"
"12176","2026-06-11T16:20:25.260852","37.2834","127.0443"
"12177","2026-06-11T16:20:25.262852","37.283418","127.04428200000001"
"12178","2026-06-11T16:20:25.263852","37.283436","127.04426400000001"
"12179","2026-06-11T16:20:25.265857","37.283454","127.044246"
"12180","2026-06-11T16:20:25.266855","37.283472","127.044228"
"12181","2026-06-11T16:20:25.267854","37.283339999999995","127.04438400000001"
"12182","2026-06-11T16:20:25.270377","37.283358","127.04436600000001"
"12183","2026-06-11T16:20:25.272377","37.283376","127.044348"
"12184","2026-06-11T16:20:25.274373","37.283394","127.04433"
"12185","2026-06-11T16:20:25.279707","37.283412","127.044312"
"12186","2026-06-11T16:20:25.281729","37.283429999999996","127.04429400000001"
"12187","2026-06-11T16:20:25.288723","37.281327999999995","127.04387200000001"
"12188","2026-06-11T16:20:25.290233","37.281346","127.04385400000001"
"12189","2026-06-11T16:20:25.292262","37.281363999999996","127.043836"
"12190","2026-06-11T16:20:25.295258","37.282528","127.043272"
"12191","2026-06-11T16:20:25.298263","37.282546","127.043254"
"12192","2026-06-11T16:20:25.300792","37.282564","127.043236"
"12193","2026-06-11T16:20:25.301792","37.282582000000005","127.043218"
"12194","2026-06-11T16:20:25.303802","37.2826","127.0432"
"12195","2026-06-11T16:20:25.304801","37.282618","127.043182"
"12196","2026-06-11T16:20:25.306800","37.282636000000004","127.043164"
"12197","2026-06-11T16:20:25.307800","37.282654","127.043146"
"12198","2026-06-11T16:20:25.309309","37.282672000000005","127.043128"
"12199","2026-06-11T16:20:25.311320","37.28254","127.043284"
"12200","2026-06-11T16:20:25.313333","37.282728","127.04477200000001"
"12201","2026-06-11T16:20:25.314333","37.282746","127.04475400000001"
"12202","2026-06-11T16:20:25.316331","37.282764","127.044736"
"12203","2026-06-11T16:20:25.317333","37.282782000000005","127.044718"
"12204","2026-06-11T16:20:25.318333","37.2828","127.0447"
"12205","2026-06-11T16:20:25.324868","37.282818","127.04468200000001"
"12206","2026-06-11T16:20:25.331396","37.281727999999994","127.045072"
"12207","2026-06-11T16:20:25.333408","37.281746","127.04505400000001"
"12208","2026-06-11T16:20:25.335408","37.281763999999995","127.045036"
"12209","2026-06-11T16:20:25.337656","37.281782","127.045018"
"12210","2026-06-11T16:20:25.339505","37.2818","127.045"
"12211","2026-06-11T16:20:25.342058","37.281817999999994","127.044982"
"12212","2026-06-11T16:20:25.344061","37.281836","127.04496400000001"
"12213","2026-06-11T16:20:25.345061","37.281853999999996","127.044946"
"12214","2026-06-11T16:20:25.346320","37.281872","127.044928"
"12215","2026-06-11T16:20:25.352505","37.28173999999999","127.045084"
"12216","2026-06-11T16:20:25.354505","37.281757999999996","127.045066"
"12217","2026-06-11T16:20:25.356013","37.281775999999994","127.045048"
"12218","2026-06-11T16:20:25.357023","37.281794","127.04503"
"12219","2026-06-11T16:20:25.360552","37.281811999999995","127.045012"
"12220","2026-06-11T16:20:25.361552","37.28182999999999","127.044994"
"12221","2026-06-11T16:20:25.363564","37.281848","127.044976"
"12222","2026-06-11T16:20:25.368835","37.281865999999994","127.044958"
"12223","2026-06-11T16:20:25.371359","37.281884","127.04494"
"12224","2026-06-11T16:20:25.373160","37.281752","127.045096"
"12225","2026-06-11T16:20:25.375650","37.28177","127.045078"
"12226","2026-06-11T16:20:25.381349","37.281788","127.04505999999999"
"12227","2026-06-11T16:20:25.383508","37.281806","127.045042"
"12228","2026-06-11T16:20:25.386404","37.283027999999995","127.043572"
"12229","2026-06-11T16:20:25.388405","37.283046","127.043554"
"12230","2026-06-11T16:20:25.389916","37.281428","127.044672"
"12231","2026-06-11T16:20:25.392097","37.281446","127.04465400000001"
"12232","2026-06-11T16:20:25.393100","37.281464","127.044636"
"12233","2026-06-11T16:20:25.394098","37.281482000000004","127.044618"
"12234","2026-06-11T16:20:25.396098","37.2815","127.0446"
"12235","2026-06-11T16:20:25.397100","37.281518","127.044582"
"12236","2026-06-11T16:20:25.416157","37.281536","127.04456400000001"
"12237","2026-06-11T16:20:25.436216","37.281554","127.044546"
"12238","2026-06-11T16:20:25.438217","37.281572000000004","127.044528"
"12239","2026-06-11T16:20:25.439735","37.281439999999996","127.044684"
"12240","2026-06-11T16:20:25.441308","37.281458","127.044666"
"12241","2026-06-11T16:20:25.442328","37.281476","127.044648"
"12242","2026-06-11T16:20:25.444324","37.281494","127.04463"
"12243","2026-06-11T16:20:25.446322","37.281512","127.044612"
"12244","2026-06-11T16:20:25.447325","37.28153","127.044594"
"12245","2026-06-11T16:20:25.448322","37.281548","127.044576"
"12246","2026-06-11T16:20:25.450854","37.281566","127.044558"
"12247","2026-06-11T16:20:25.452869","37.281584","127.04454"
"12248","2026-06-11T16:20:25.455868","37.299927999999994","127.100072"
"12249","2026-06-11T16:20:25.457869","37.282328","127.045872"
"12250","2026-06-11T16:20:25.459382","37.282346000000004","127.045854"
"12251","2026-06-11T16:20:25.462407","37.282364","127.045836"
"12252","2026-06-11T16:20:25.464408","37.282382000000005","127.045818"
"12253","2026-06-11T16:20:25.465408","37.2824","127.0458"
"12254","2026-06-11T16:20:25.467409","37.283427999999994","127.045072"
"12255","2026-06-11T16:20:25.468410","37.283446","127.04505400000001"
"12256","2026-06-11T16:20:25.473952","37.283463999999995","127.045036"
"12257","2026-06-11T16:20:25.475952","37.283482","127.045018"
"12258","2026-06-11T16:20:25.477949","37.2835","127.045"
"12259","2026-06-11T16:20:25.482494","37.283517999999994","127.044982"
"12260","2026-06-11T16:20:25.484493","37.283536","127.04496400000001"
"12261","2026-06-11T16:20:25.486494","37.283553999999995","127.044946"
"12262","2026-06-11T16:20:25.491012","37.283572","127.044928"
"12263","2026-06-11T16:20:25.494029","37.28343999999999","127.045084"
"12264","2026-06-11T16:20:25.498028","37.283457999999996","127.045066"
"12265","2026-06-11T16:20:25.503569","37.28347599999999","127.045048"
"12266","2026-06-11T16:20:25.509568","37.281028","127.045472"
"12267","2026-06-11T16:20:25.512111","37.281046","127.045454"
"12268","2026-06-11T16:20:25.514110","37.281064","127.045436"
"12269","2026-06-11T16:20:25.516107","37.281082000000005","127.045418"
"12270","2026-06-11T16:20:25.517109","37.2811","127.0454"
"12271","2026-06-11T16:20:25.518108","37.281118","127.045382"
"12272","2026-06-11T16:20:25.520636","37.281136000000004","127.045364"
"12273","2026-06-11T16:20:25.522647","37.281154","127.045346"
"12274","2026-06-11T16:20:25.523647","37.282928","127.04607200000001"
"12275","2026-06-11T16:20:25.525646","37.282946","127.04605400000001"
"12276","2026-06-11T16:20:25.526654","37.282964","127.046036"
"12277","2026-06-11T16:20:25.528647","37.282982000000004","127.046018"
"12278","2026-06-11T16:20:25.530160","37.283","127.046"
"12279","2026-06-11T16:20:25.532189","37.283018","127.04598200000001"
"12280","2026-06-11T16:20:25.534188","37.283036","127.04596400000001"
"12281","2026-06-11T16:20:25.535187","37.283054","127.045946"
"12282","2026-06-11T16:20:25.537192","37.283072000000004","127.045928"
"12283","2026-06-11T16:20:25.538191","37.282939999999996","127.04608400000001"
"12284","2026-06-11T16:20:25.539703","37.282958","127.04606600000001"
"12285","2026-06-11T16:20:25.541257","37.282976","127.046048"
"12286","2026-06-11T16:20:25.542269","37.282994","127.04603"
"12287","2026-06-11T16:20:25.544268","37.283012","127.046012"
"12288","2026-06-11T16:20:25.546271","37.28303","127.04599400000001"
"12289","2026-06-11T16:20:25.547272","37.281828","127.045972"
"12290","2026-06-11T16:20:25.548268","37.281846","127.04595400000001"
"12291","2026-06-11T16:20:25.550799","37.281864","127.045936"
"12292","2026-06-11T16:20:25.551800","37.283528","127.044072"
"12293","2026-06-11T16:20:25.553813","37.283546","127.044054"
"12294","2026-06-11T16:20:25.555813","37.283564","127.04403599999999"
"12295","2026-06-11T16:20:25.556816","37.283582","127.044018"
"12296","2026-06-11T16:20:25.557812","37.2836","127.044"
"12297","2026-06-11T16:20:25.560335","37.283618","127.043982"
"12298","2026-06-11T16:20:25.562349","37.283636","127.043964"
"12299","2026-06-11T16:20:25.563345","37.283654","127.04394599999999"
"12300","2026-06-11T16:20:25.565345","37.283672","127.043928"
"12301","2026-06-11T16:20:25.567349","37.283539999999995","127.044084"
"12302","2026-06-11T16:20:25.568347","37.282227999999996","127.043172"
"12303","2026-06-11T16:20:25.569369","37.282246","127.043154"
"12304","2026-06-11T16:20:25.571771","37.282264","127.04313599999999"
"12305","2026-06-11T16:20:25.573782","37.282282","127.04311799999999"
"12306","2026-06-11T16:20:25.574788","37.2823","127.0431"
"12307","2026-06-11T16:20:25.576783","37.282318","127.043082"
"12308","2026-06-11T16:20:25.578784","37.283227999999994","127.043772"
"12309","2026-06-11T16:20:25.581306","37.283246","127.043754"
"12310","2026-06-11T16:20:25.584318","37.283263999999996","127.043736"
"12311","2026-06-11T16:20:25.585315","37.283282","127.043718"
"12312","2026-06-11T16:20:25.587317","37.2833","127.0437"
"12313","2026-06-11T16:20:25.589315","37.283317999999994","127.043682"
"12314","2026-06-11T16:20:25.590833","37.283336","127.043664"
"12315","2026-06-11T16:20:25.591832","37.283353999999996","127.043646"
"12316","2026-06-11T16:20:25.593842","37.283372","127.043628"
"12317","2026-06-11T16:20:25.594842","37.28323999999999","127.043784"
"12318","2026-06-11T16:20:25.596841","37.283258","127.043766"
"12319","2026-06-11T16:20:25.597841","37.283275999999994","127.043748"
"12320","2026-06-11T16:20:25.599352","37.283294","127.04373"
"12321","2026-06-11T16:20:25.601366","37.283311999999995","127.043712"
"12322","2026-06-11T16:20:25.603377","37.28332999999999","127.043694"
"12323","2026-06-11T16:20:25.604379","37.283348","127.043676"
"12324","2026-06-11T16:20:25.606377","37.283365999999994","127.043658"
"12325","2026-06-11T16:20:25.607377","37.283384","127.04364"
"12326","2026-06-11T16:20:25.608377","37.283252","127.043796"
"12327","2026-06-11T16:20:25.610896","37.28327","127.043778"
"12328","2026-06-11T16:20:25.612908","37.283288","127.04375999999999"
"12329","2026-06-11T16:20:25.614906","37.283306","127.043742"
"12330","2026-06-11T16:20:25.615906","37.28192799999999","127.046272"
"12331","2026-06-11T16:20:25.617906","37.281946","127.046254"
"12332","2026-06-11T16:20:25.619417","37.281228","127.04347200000001"
"12333","2026-06-11T16:20:25.624440","37.281246","127.04345400000001"
"12334","2026-06-11T16:20:25.627440","37.281264","127.043436"
"12335","2026-06-11T16:20:25.628439","37.281282000000004","127.043418"
"12336","2026-06-11T16:20:25.630966","37.2813","127.0434"
"12337","2026-06-11T16:20:25.632978","37.281318","127.04338200000001"
"12338","2026-06-11T16:20:25.633977","37.281336","127.04336400000001"
"12339","2026-06-11T16:20:25.635977","37.281354","127.043346"
"12340","2026-06-11T16:20:25.636975","37.281372000000005","127.043328"
"12341","2026-06-11T16:20:25.637977","37.28124","127.043484"
"12342","2026-06-11T16:20:25.639487","37.281258","127.04346600000001"
"12343","2026-06-11T16:20:25.641501","37.281276","127.043448"
"12344","2026-06-11T16:20:25.642935","37.281294","127.04343"
"12345","2026-06-11T16:20:25.643933","37.281312","127.043412"
"12346","2026-06-11T16:20:25.645934","37.28133","127.043394"
"12347","2026-06-11T16:20:25.646935","37.281348","127.04337600000001"
"12348","2026-06-11T16:20:25.647933","37.281366","127.043358"
"12349","2026-06-11T16:20:25.650457","37.281384","127.04334"
"12350","2026-06-11T16:20:25.651456","37.282478","127.046422"
"12351","2026-06-11T16:20:25.652466","37.283677999999995","127.045422"
"12352","2026-06-11T16:20:25.659980","37.283696","127.045404"
"12353","2026-06-11T16:20:25.665002","37.283713999999996","127.045386"
"12354","2026-06-11T16:20:25.679545","37.283732","127.045368"
"12355","2026-06-11T16:20:25.682078","37.28375","127.04535"
"12356","2026-06-11T16:20:25.685079","37.281678","127.046522"
"12357","2026-06-11T16:20:25.689592","37.281696000000004","127.046504"
"12358","2026-06-11T16:20:25.692603","37.281714","127.04648599999999"
"12359","2026-06-11T16:20:25.693605","37.281732000000005","127.04646799999999"
"12360","2026-06-11T16:20:25.694605","37.28175","127.04645"
"12361","2026-06-11T16:20:25.702124","37.281768","127.046432"
"12362","2026-06-11T16:20:25.704122","37.281786000000004","127.046414"
"12363","2026-06-11T16:20:25.706121","37.281804","127.04639599999999"
"12364","2026-06-11T16:20:25.707122","37.281822000000005","127.04637799999999"
"12365","2026-06-11T16:20:25.708122","37.28169","127.046534"
"12366","2026-06-11T16:20:25.709631","37.281708","127.046516"
"12367","2026-06-11T16:20:25.710642","37.281726","127.04649799999999"
"12368","2026-06-11T16:20:25.711644","37.281378","127.045922"
"12369","2026-06-11T16:20:25.712645","37.281396","127.04590400000001"
"12370","2026-06-11T16:20:25.714646","37.281414","127.045886"
"12371","2026-06-11T16:20:25.715646","37.281432","127.045868"
"12372","2026-06-11T16:20:25.716646","37.28145","127.04585"
"12373","2026-06-11T16:20:25.718645","37.281468","127.045832"
"12374","2026-06-11T16:20:25.719645","37.281486","127.04581400000001"
"12375","2026-06-11T16:20:25.722757","37.281504","127.045796"
"12376","2026-06-11T16:20:25.723755","37.282078","127.046672"
"12377","2026-06-11T16:20:25.724759","37.282096","127.046654"
"12378","2026-06-11T16:20:25.726762","37.282114","127.04663599999999"
"12379","2026-06-11T16:20:25.727757","37.282132000000004","127.046618"
"12380","2026-06-11T16:20:25.728758","37.28215","127.0466"
"12381","2026-06-11T16:20:25.730267","37.282168","127.046582"
"12382","2026-06-11T16:20:25.731278","37.282186","127.046564"
"12383","2026-06-11T16:20:25.732286","37.282204","127.04654599999999"
"12384","2026-06-11T16:20:25.733288","37.282222000000004","127.046528"
"12385","2026-06-11T16:20:25.734291","37.28209","127.046684"
"12386","2026-06-11T16:20:25.736291","37.282108","127.046666"
"12387","2026-06-11T16:20:25.738290","37.282126","127.04664799999999"
"12388","2026-06-11T16:20:25.740813","37.282144","127.04663"
"12389","2026-06-11T16:20:25.741814","37.282162","127.046612"
"12390","2026-06-11T16:20:25.742963","37.28218","127.046594"
"12391","2026-06-11T16:20:25.744964","37.283077999999996","127.045972"
"12392","2026-06-11T16:20:25.747967","37.283096","127.04595400000001"
"12393","2026-06-11T16:20:25.749482","37.283114","127.045936"
"12394","2026-06-11T16:20:25.750499","37.280877999999994","127.04472200000001"
"12395","2026-06-11T16:20:25.752511","37.280896","127.04470400000001"
"12396","2026-06-11T16:20:25.754510","37.280913999999996","127.044686"
"12397","2026-06-11T16:20:25.756511","37.280932","127.044668"
"12398","2026-06-11T16:20:25.758505","37.28095","127.04465"
"12399","2026-06-11T16:20:25.760019","37.280967999999994","127.04463200000001"
"12400","2026-06-11T16:20:25.761030","37.280986","127.04461400000001"
"12401","2026-06-11T16:20:25.763040","37.281003999999996","127.044596"
"12402","2026-06-11T16:20:25.764041","37.281022","127.044578"
"12403","2026-06-11T16:20:25.765043","37.28088999999999","127.044734"
"12404","2026-06-11T16:20:25.766041","37.283477999999995","127.043322"
"12405","2026-06-11T16:20:25.767038","37.283496","127.043304"
"12406","2026-06-11T16:20:25.768039","37.283514","127.043286"
"12407","2026-06-11T16:20:25.768039","37.283532","127.043268"
"12408","2026-06-11T16:20:25.769548","37.28355","127.04325"
"12409","2026-06-11T16:20:25.771564","37.283567999999995","127.043232"
"12410","2026-06-11T16:20:25.772564","37.281577999999996","127.043322"
"12411","2026-06-11T16:20:25.773565","37.281596","127.043304"
"12412","2026-06-11T16:20:25.774563","37.281614","127.043286"
"12413","2026-06-11T16:20:25.775563","37.281632","127.043268"
"12414","2026-06-11T16:20:25.776564","37.28165","127.04325"
"12415","2026-06-11T16:20:25.777562","37.281667999999996","127.043232"
"12416","2026-06-11T16:20:25.778562","37.281686","127.043214"
"12417","2026-06-11T16:20:25.779563","37.281704","127.043196"
"12418","2026-06-11T16:20:25.780075","37.281722","127.043178"
"12419","2026-06-11T16:20:25.781089","37.281589999999994","127.043334"
"12420","2026-06-11T16:20:25.782091","37.281608","127.043316"
"12421","2026-06-11T16:20:25.783106","37.281625999999996","127.043298"
"12422","2026-06-11T16:20:25.785105","37.281644","127.04328"
"12423","2026-06-11T16:20:25.786106","37.281662","127.043262"
"12424","2026-06-11T16:20:25.787107","37.281679999999994","127.043244"
"12425","2026-06-11T16:20:25.788108","37.281698","127.043226"
"12426","2026-06-11T16:20:25.788108","37.281715999999996","127.04320799999999"
"12427","2026-06-11T16:20:25.789625","37.281734","127.04319"
"12428","2026-06-11T16:20:25.790646","37.281602","127.043346"
"12429","2026-06-11T16:20:25.791641","37.281620000000004","127.043328"
"12430","2026-06-11T16:20:25.792660","37.281638","127.04330999999999"
"12431","2026-06-11T16:20:25.793658","37.281656000000005","127.043292"
"12432","2026-06-11T16:20:25.794659","37.280778","127.045422"
"12433","2026-06-11T16:20:25.796656","37.280796","127.045404"
"12434","2026-06-11T16:20:25.801172","37.283778","127.043822"
"12435","2026-06-11T16:20:25.802183","37.283796","127.04380400000001"
"12436","2026-06-11T16:20:25.803179","37.283814","127.043786"
"12437","2026-06-11T16:20:25.805186","37.283832000000004","127.043768"
"12438","2026-06-11T16:20:25.806181","37.28385","127.04375"
"12439","2026-06-11T16:20:25.806181","37.283868","127.043732"
"12440","2026-06-11T16:20:25.807182","37.283886","127.04371400000001"
"12441","2026-06-11T16:20:25.808184","37.283904","127.043696"
"12442","2026-06-11T16:20:25.808184","37.283922000000004","127.043678"
"12443","2026-06-11T16:20:25.810709","37.283789999999996","127.043834"
"12444","2026-06-11T16:20:25.811709","37.283808","127.043816"
"12445","2026-06-11T16:20:25.812722","37.283826","127.043798"
"12446","2026-06-11T16:20:25.813718","37.283844","127.04378"
"12447","2026-06-11T16:20:25.814721","37.283862","127.043762"
"12448","2026-06-11T16:20:25.815719","37.283879999999996","127.043744"
"12449","2026-06-11T16:20:25.816719","37.283898","127.043726"
"12450","2026-06-11T16:20:25.817719","37.283916","127.043708"
"12451","2026-06-11T16:20:25.818721","37.283934","127.04369"
"12452","2026-06-11T16:20:25.819724","37.280677999999995","127.043822"
"12453","2026-06-11T16:20:25.820233","37.280477999999995","127.04432200000001"
"12454","2026-06-11T16:20:25.821244","37.280496","127.04430400000001"
"12455","2026-06-11T16:20:25.823249","37.280514","127.044286"
"12456","2026-06-11T16:20:25.824244","37.280532","127.044268"
"12457","2026-06-11T16:20:25.824244","37.28055","127.04425"
"12458","2026-06-11T16:20:25.826243","37.282377999999994","127.042522"
"12459","2026-06-11T16:20:25.828245","37.282396","127.04250400000001"
"12460","2026-06-11T16:20:25.829760","37.282413999999996","127.042486"
"12461","2026-06-11T16:20:25.830773","37.282432","127.042468"
"12462","2026-06-11T16:20:25.831774","37.28245","127.04245"
"12463","2026-06-11T16:20:25.831774","37.282467999999994","127.042432"
"12464","2026-06-11T16:20:25.832777","37.282486","127.04241400000001"
"12465","2026-06-11T16:20:25.833775","37.282503999999996","127.042396"
"12466","2026-06-11T16:20:25.834774","37.282522","127.042378"
"12467","2026-06-11T16:20:25.835773","37.28238999999999","127.042534"
"12468","2026-06-11T16:20:25.837777","37.282408","127.042516"
"12469","2026-06-11T16:20:25.838778","37.282425999999994","127.042498"
"12470","2026-06-11T16:20:25.839783","37.280828","127.044122"
"12471","2026-06-11T16:20:25.839783","37.280846000000004","127.044104"
"12472","2026-06-11T16:20:25.841805","37.280864","127.044086"
"12473","2026-06-11T16:20:25.841805","37.280882000000005","127.044068"
"12474","2026-06-11T16:20:25.843821","37.2809","127.04405"
"12475","2026-06-11T16:20:25.844824","37.280918","127.044032"
"12476","2026-06-11T16:20:25.845818","37.280936000000004","127.044014"
"12477","2026-06-11T16:20:25.846824","37.280954","127.04399599999999"
"12478","2026-06-11T16:20:25.847829","37.280578","127.046122"
"12479","2026-06-11T16:20:25.848817","37.280596","127.046104"
"12480","2026-06-11T16:20:25.852343","37.280614","127.04608599999999"
"12481","2026-06-11T16:20:25.853346","37.280632000000004","127.04606799999999"
"12482","2026-06-11T16:20:25.854343","37.28065","127.04605"
"12483","2026-06-11T16:20:25.855342","37.280668","127.046032"
"12484","2026-06-11T16:20:25.856344","37.280686","127.046014"
"12485","2026-06-11T16:20:25.857344","37.280704","127.04599599999999"
"12486","2026-06-11T16:20:25.858344","37.280722000000004","127.04597799999999"
"12487","2026-06-11T16:20:25.859857","37.28059","127.046134"
"12488","2026-06-11T16:20:25.860874","37.280608","127.046116"
"12489","2026-06-11T16:20:25.860874","37.280626","127.04609799999999"
"12490","2026-06-11T16:20:25.861872","37.280644","127.04607999999999"
"12491","2026-06-11T16:20:25.862873","37.280662","127.04606199999999"
"12492","2026-06-11T16:20:25.863873","37.28068","127.046044"
"12493","2026-06-11T16:20:25.864872","37.282678","127.04302200000001"
"12494","2026-06-11T16:20:25.865871","37.282696","127.04300400000001"
"12495","2026-06-11T16:20:25.866874","37.282714","127.042986"
"12496","2026-06-11T17:07:55.221006","37.283128","127.04517200000001"
"12497","2026-06-11T17:07:55.266629","37.282328","127.043972"
"12498","2026-06-11T17:07:55.268629","37.282346000000004","127.043954"
"12499","2026-06-11T17:07:55.270629","37.282364","127.04393599999999"
"12500","2026-06-11T17:07:55.272631","37.282382000000005","127.04391799999999"
"12501","2026-06-11T17:07:55.275158","37.2824","127.0439"
"12502","2026-06-11T17:07:55.276159","37.281628","127.04477200000001"
"12503","2026-06-11T17:07:55.277164","37.281646","127.04475400000001"
"12504","2026-06-11T17:07:55.278155","37.281664","127.044736"
"12505","2026-06-11T17:07:55.279167","37.281682","127.044718"
"12506","2026-06-11T17:07:55.280167","37.2817","127.0447"
"12507","2026-06-11T17:07:55.280167","37.281718","127.04468200000001"
"12508","2026-06-11T17:07:55.282160","37.281736","127.04466400000001"
"12509","2026-06-11T17:07:55.282160","37.281754","127.044646"
"12510","2026-06-11T17:07:55.283157","37.281772000000004","127.044628"
"12511","2026-06-11T17:07:55.285675","37.281639999999996","127.044784"
"12512","2026-06-11T17:07:55.286678","37.281658","127.04476600000001"
"12513","2026-06-11T17:07:55.286678","37.281676","127.044748"
"12514","2026-06-11T17:07:55.288683","37.282928","127.044172"
"12515","2026-06-11T17:07:55.289684","37.282946","127.044154"
"12516","2026-06-11T17:07:55.290683","37.282964","127.044136"
"12517","2026-06-11T17:07:55.290683","37.282982000000004","127.044118"
"12518","2026-06-11T17:07:55.290683","37.283","127.0441"
"12519","2026-06-11T17:07:55.292194","37.283018","127.044082"
"12520","2026-06-11T17:07:55.293201","37.283036","127.044064"
"12521","2026-06-11T17:07:55.294724","37.283054","127.044046"
"12522","2026-06-11T17:07:55.295731","37.282128","127.044972"
"12523","2026-06-11T17:07:55.296735","37.282146000000004","127.044954"
"12524","2026-06-11T17:07:55.297731","37.282164","127.04493599999999"
"12525","2026-06-11T17:07:55.298736","37.282182000000006","127.044918"
"12526","2026-06-11T17:07:55.299735","37.2822","127.0449"
"12527","2026-06-11T17:07:55.300734","37.282218","127.044882"
"12528","2026-06-11T17:07:55.301733","37.282236000000005","127.044864"
"12529","2026-06-11T17:07:55.302740","37.282254","127.04484599999999"
"12530","2026-06-11T17:07:55.302740","37.282272000000006","127.044828"
"12531","2026-06-11T17:07:55.304263","37.28214","127.044984"
"12532","2026-06-11T17:07:55.306279","37.282158","127.044966"
"12533","2026-06-11T17:07:55.307281","37.282176","127.04494799999999"
"12534","2026-06-11T17:07:55.308277","37.282194000000004","127.04493"
"12535","2026-06-11T17:07:55.309276","37.282212","127.044912"
"12536","2026-06-11T17:07:55.310273","37.28223","127.044894"
"12537","2026-06-11T17:07:55.311278","37.281828","127.043672"
"12538","2026-06-11T17:07:55.312282","37.281846","127.043654"
"12539","2026-06-11T17:07:55.313278","37.281864","127.04363599999999"
"12540","2026-06-11T17:07:55.314801","37.282627999999995","127.045472"
"12541","2026-06-11T17:07:55.314801","37.282646","127.045454"
"12542","2026-06-11T17:07:55.316824","37.282664","127.045436"
"12543","2026-06-11T17:07:55.316824","37.282682","127.045418"
"12544","2026-06-11T17:07:55.317812","37.2827","127.0454"
"12545","2026-06-11T17:07:55.318808","37.282717999999996","127.045382"
"12546","2026-06-11T17:07:55.319810","37.282736","127.045364"
"12547","2026-06-11T17:07:55.320808","37.282754","127.045346"
"12548","2026-06-11T17:07:55.321817","37.282772","127.045328"
"12549","2026-06-11T17:07:55.321817","37.282639999999994","127.045484"
"12550","2026-06-11T17:07:55.322810","37.283328","127.04437200000001"
"12551","2026-06-11T17:07:55.324336","37.283346","127.04435400000001"
"12552","2026-06-11T17:07:55.325348","37.283364","127.044336"
"12553","2026-06-11T17:07:55.327352","37.283382","127.044318"
"12554","2026-06-11T17:07:55.328366","37.2834","127.0443"
"12555","2026-06-11T17:07:55.328366","37.283418","127.04428200000001"
"12556","2026-06-11T17:07:55.329352","37.281727999999994","127.045272"
"12557","2026-06-11T17:07:55.330348","37.281746","127.045254"
"12558","2026-06-11T17:07:55.331348","37.281763999999995","127.04523599999999"
"12559","2026-06-11T17:07:55.333367","37.281782","127.04521799999999"
"12560","2026-06-11T17:07:55.334361","37.2818","127.0452"
"12561","2026-06-11T17:07:55.334876","37.281817999999994","127.045182"
"12562","2026-06-11T17:07:55.335882","37.281836","127.045164"
"12563","2026-06-11T17:07:55.336887","37.281853999999996","127.04514599999999"
"12564","2026-06-11T17:07:55.337890","37.281872","127.04512799999999"
"12565","2026-06-11T17:07:55.339887","37.28173999999999","127.045284"
"12566","2026-06-11T17:07:55.340893","37.281757999999996","127.045266"
"12567","2026-06-11T17:07:55.341885","37.281775999999994","127.04524799999999"
"12568","2026-06-11T17:07:55.342883","37.281794","127.04522999999999"
"12569","2026-06-11T17:07:55.344399","37.281811999999995","127.04521199999999"
"12570","2026-06-11T17:07:55.345413","37.28182999999999","127.045194"
"12571","2026-06-11T17:07:55.346411","37.281848","127.045176"
"12572","2026-06-11T17:07:55.347415","37.281865999999994","127.04515799999999"
"12573","2026-06-11T17:07:55.349414","37.281884","127.04513999999999"
"12574","2026-06-11T17:07:55.350415","37.281752","127.045296"
"12575","2026-06-11T17:07:55.351417","37.28177","127.045278"
"12576","2026-06-11T17:07:55.352417","37.281788","127.04525999999998"
"12577","2026-06-11T17:07:55.354426","37.281806","127.04524199999999"
"12578","2026-06-11T17:07:55.354943","37.282427999999996","127.043172"
"12579","2026-06-11T17:07:55.355956","37.282446","127.043154"
"12580","2026-06-11T17:07:55.357953","37.283027999999995","127.042972"
"12581","2026-06-11T17:07:55.359957","37.283046","127.04295400000001"
"12582","2026-06-11T17:07:55.361953","37.283063999999996","127.042936"
"12583","2026-06-11T17:07:55.362954","37.283082","127.042918"
"12584","2026-06-11T17:07:55.362954","37.2831","127.0429"
"12585","2026-06-11T17:07:55.364467","37.283117999999995","127.042882"
"12586","2026-06-11T17:07:55.366493","37.283136","127.04286400000001"
"12587","2026-06-11T17:07:55.367482","37.283153999999996","127.042846"
"12588","2026-06-11T17:07:55.368483","37.283172","127.042828"
"12589","2026-06-11T17:07:55.370483","37.28303999999999","127.042984"
"12590","2026-06-11T17:07:55.370483","37.283058","127.042966"
"12591","2026-06-11T17:07:55.371481","37.283075999999994","127.042948"
"12592","2026-06-11T17:07:55.373481","37.283094","127.04293"
"12593","2026-06-11T17:07:55.374474","37.283111999999996","127.042912"
"12594","2026-06-11T17:07:55.374980","37.28312999999999","127.042894"
"12595","2026-06-11T17:07:55.376997","37.283148","127.042876"
"12596","2026-06-11T17:07:55.377996","37.283165999999994","127.042858"
"12597","2026-06-11T17:07:55.377996","37.283184","127.04284"
"12598","2026-06-11T17:07:55.378994","37.281527999999994","127.044072"
"12599","2026-06-11T17:07:55.379993","37.28192799999999","127.042772"
"12600","2026-06-11T17:07:55.379993","37.281946","127.042754"
"12601","2026-06-11T17:07:55.381996","37.281963999999995","127.04273599999999"
"12602","2026-06-11T17:07:55.382998","37.281982","127.042718"
"12603","2026-06-11T17:07:55.384581","37.282","127.0427"
"12604","2026-06-11T17:07:55.385596","37.282928","127.044672"
"12605","2026-06-11T17:07:55.386598","37.282946","127.04465400000001"
"12606","2026-06-11T17:07:55.387599","37.282964","127.044636"
"12607","2026-06-11T17:07:55.388599","37.282982000000004","127.044618"
"12608","2026-06-11T17:07:55.389597","37.283","127.0446"
"12609","2026-06-11T17:07:55.390598","37.283018","127.044582"
"12610","2026-06-11T17:07:55.390598","37.283036","127.04456400000001"
"12611","2026-06-11T17:07:55.392112","37.283054","127.044546"
"12612","2026-06-11T17:07:55.393124","37.283072000000004","127.044528"
"12613","2026-06-11T17:07:55.394637","37.282939999999996","127.044684"
"12614","2026-06-11T17:07:55.395648","37.282958","127.044666"
"12615","2026-06-11T17:07:55.396654","37.282976","127.044648"
"12616","2026-06-11T17:07:55.396654","37.282728","127.043572"
"12617","2026-06-11T17:07:55.397649","37.282746","127.043554"
"12618","2026-06-11T17:07:55.399648","37.282764","127.04353599999999"
"12619","2026-06-11T17:07:55.400648","37.282782000000005","127.04351799999999"
"12620","2026-06-11T17:07:55.401648","37.2828","127.0435"
"12621","2026-06-11T17:07:55.402647","37.282818","127.043482"
"12622","2026-06-11T17:07:55.404163","37.282836","127.043464"
"12623","2026-06-11T17:07:55.407174","37.282854","127.04344599999999"
"12624","2026-06-11T17:07:55.409176","37.281428","127.044872"
"12625","2026-06-11T17:07:55.410170","37.281446","127.044854"
"12626","2026-06-11T17:07:55.411175","37.281464","127.04483599999999"
"12627","2026-06-11T17:07:55.412178","37.281482000000004","127.04481799999999"
"12628","2026-06-11T17:07:55.413179","37.2815","127.0448"
"12629","2026-06-11T17:07:55.413179","37.281518","127.044782"
"12630","2026-06-11T17:07:55.414694","37.281536","127.044764"
"12631","2026-06-11T17:07:55.415697","37.281554","127.04474599999999"
"12632","2026-06-11T17:07:55.416704","37.281572000000004","127.04472799999999"
"12633","2026-06-11T17:07:55.416704","37.281439999999996","127.044884"
"12634","2026-06-11T17:07:55.418736","37.281458","127.044866"
"12635","2026-06-11T17:07:55.419731","37.281476","127.04484799999999"
"12636","2026-06-11T17:07:55.420728","37.281494","127.04482999999999"
"12637","2026-06-11T17:07:55.421725","37.281512","127.044812"
"12638","2026-06-11T17:07:55.422707","37.28153","127.044794"
"12639","2026-06-11T17:07:55.424227","37.282528","127.045772"
"12640","2026-06-11T17:07:55.425250","37.282546","127.045754"
"12641","2026-06-11T17:07:55.426236","37.282564","127.04573599999999"
"12642","2026-06-11T17:07:55.427239","37.283427999999994","127.04387200000001"
"12643","2026-06-11T17:07:55.428237","37.283446","127.04385400000001"
"12644","2026-06-11T17:07:55.429245","37.283463999999995","127.043836"
"12645","2026-06-11T17:07:55.430236","37.283482","127.043818"
"12646","2026-06-11T17:07:55.432244","37.2835","127.0438"
"12647","2026-06-11T17:07:55.433234","37.283517999999994","127.04378200000001"
"12648","2026-06-11T17:07:55.434235","37.283536","127.04376400000001"
"12649","2026-06-11T17:07:55.436675","37.283553999999995","127.043746"
"12650","2026-06-11T17:07:55.437676","37.283572","127.043728"
"12651","2026-06-11T17:07:55.438676","37.28343999999999","127.043884"
"12652","2026-06-11T17:07:55.439676","37.281327999999995","127.04347200000001"
"12653","2026-06-11T17:07:55.440676","37.281346","127.04345400000001"
"12654","2026-06-11T17:07:55.442679","37.281363999999996","127.043436"
"12655","2026-06-11T17:07:55.442679","37.281382","127.043418"
"12656","2026-06-11T17:07:55.444199","37.2814","127.0434"
"12657","2026-06-11T17:07:55.445208","37.281417999999995","127.04338200000001"
"12658","2026-06-11T17:07:55.447212","37.283628","127.044972"
"12659","2026-06-11T17:07:55.448213","37.283646000000005","127.044954"
"12660","2026-06-11T17:07:55.449213","37.283664","127.04493599999999"
"12661","2026-06-11T17:07:55.451212","37.283682000000006","127.044918"
"12662","2026-06-11T17:07:55.452213","37.2837","127.0449"
"12663","2026-06-11T17:07:55.454212","37.283718","127.044882"
"12664","2026-06-11T17:07:55.455582","37.283736000000005","127.044864"
"12665","2026-06-11T17:07:55.457574","37.283754","127.04484599999999"
"12666","2026-06-11T17:07:55.459574","37.283772000000006","127.044828"
"12667","2026-06-11T17:07:55.460583","37.28364","127.044984"
"12668","2026-06-11T17:07:55.462580","37.283658","127.044966"
"12669","2026-06-11T17:07:55.462580","37.283676","127.04494799999999"
"12670","2026-06-11T17:07:55.464096","37.283694000000004","127.04493"
"12671","2026-06-11T17:07:55.466111","37.283712","127.044912"
"12672","2026-06-11T17:07:55.467111","37.28373","127.044894"
"12673","2026-06-11T17:07:55.469110","37.283748","127.044876"
"12674","2026-06-11T17:07:55.470114","37.283766","127.04485799999999"
"12675","2026-06-11T17:07:55.472113","37.283784000000004","127.04484"
"12676","2026-06-11T17:07:55.473104","37.283652000000004","127.044996"
"12677","2026-06-11T17:07:55.474621","37.28367000000001","127.044978"
"12678","2026-06-11T17:07:55.475629","37.283688000000005","127.04495999999999"
"12679","2026-06-11T17:07:55.477623","37.28370600000001","127.04494199999999"
"12680","2026-06-11T17:07:55.478630","37.282028","127.042572"
"12681","2026-06-11T17:07:55.480627","37.282046","127.04255400000001"
"12682","2026-06-11T17:07:55.481631","37.283927999999996","127.044172"
"12683","2026-06-11T17:07:55.482846","37.283946","127.044154"
"12684","2026-06-11T17:07:55.485390","37.283964","127.044136"
"12685","2026-06-11T17:07:55.486382","37.283982","127.044118"
"12686","2026-06-11T17:07:55.487374","37.284","127.0441"
"12687","2026-06-11T17:07:55.489371","37.284017999999996","127.044082"
"12688","2026-06-11T17:07:55.492881","37.284036","127.044064"
"12689","2026-06-11T17:07:55.494387","37.284054","127.044046"
"12690","2026-06-11T17:07:55.496400","37.284072","127.044028"
"12691","2026-06-11T17:07:55.498396","37.283939999999994","127.044184"
"12692","2026-06-11T17:07:55.501401","37.283958","127.044166"
"12693","2026-06-11T17:07:55.503397","37.283975999999996","127.04414799999999"
"12694","2026-06-11T17:07:55.504899","37.283994","127.04413"
"12695","2026-06-11T17:07:55.505906","37.284012","127.044112"
"12696","2026-06-11T17:07:55.506914","37.284029999999994","127.044094"
"12697","2026-06-11T17:07:55.508927","37.284048","127.044076"
"12698","2026-06-11T17:07:55.510924","37.284065999999996","127.04405799999999"
"12699","2026-06-11T17:07:55.512923","37.284084","127.04404"
"12700","2026-06-11T17:07:55.515437","37.281828","127.04607200000001"
"12701","2026-06-11T17:07:55.517438","37.282827999999995","127.046272"
"12702","2026-06-11T17:07:55.519442","37.282846","127.046254"
"12703","2026-06-11T17:07:55.520439","37.282864","127.046236"
"12704","2026-06-11T17:07:55.522440","37.282882","127.046218"
"12705","2026-06-11T17:07:55.523439","37.2829","127.0462"
"12706","2026-06-11T17:07:55.524438","37.281228","127.045672"
"12707","2026-06-11T17:07:55.525606","37.281246","127.045654"
"12708","2026-06-11T17:07:55.527607","37.281264","127.04563599999999"
"12709","2026-06-11T17:07:55.528614","37.281282000000004","127.04561799999999"
"12710","2026-06-11T17:07:55.528614","37.2813","127.0456"
"12711","2026-06-11T17:07:55.529606","37.281318","127.045582"
"12712","2026-06-11T17:07:55.530616","37.281336","127.045564"
"12713","2026-06-11T17:07:55.532615","37.281354","127.04554599999999"
"12714","2026-06-11T17:07:55.532615","37.281372000000005","127.04552799999999"
"12715","2026-06-11T17:07:55.534132","37.28124","127.045684"
"12716","2026-06-11T17:07:55.536152","37.281258","127.045666"
"12717","2026-06-11T17:07:55.537140","37.281276","127.04564799999999"
"12718","2026-06-11T17:07:55.538138","37.284028","127.043272"
"12719","2026-06-11T17:07:55.539139","37.284046000000004","127.043254"
"12720","2026-06-11T17:07:55.541139","37.284064","127.043236"
"12721","2026-06-11T17:07:55.542144","37.284082000000005","127.043218"
"12722","2026-06-11T17:07:55.543139","37.2841","127.0432"
"12723","2026-06-11T17:07:55.544146","37.284118","127.043182"
"12724","2026-06-11T17:07:55.544146","37.284136000000004","127.043164"
"12725","2026-06-11T17:07:55.545334","37.284154","127.043146"
"12726","2026-06-11T17:07:55.552336","37.281028","127.044272"
"12727","2026-06-11T17:07:55.559859","37.281046","127.04425400000001"
"12728","2026-06-11T17:07:55.561857","37.281064","127.044236"
"12729","2026-06-11T17:07:55.562850","37.281082000000005","127.044218"
"12730","2026-06-11T17:07:55.567369","37.2811","127.0442"
"12731","2026-06-11T17:07:55.570375","37.281118","127.044182"
"12732","2026-06-11T17:07:55.572376","37.281136000000004","127.04416400000001"
"12733","2026-06-11T17:07:55.576506","37.281154","127.044146"
"12734","2026-06-11T17:07:55.578506","37.281172000000005","127.044128"
"12735","2026-06-11T17:07:55.580510","37.28104","127.044284"
"12736","2026-06-11T17:07:55.582516","37.281058","127.04426600000001"
"12737","2026-06-11T17:07:55.584518","37.281076","127.044248"
"12738","2026-06-11T17:07:55.586012","37.281094","127.04423"
"12739","2026-06-11T17:07:55.588003","37.281112","127.044212"
"12740","2026-06-11T17:07:55.589003","37.28113","127.044194"
"12741","2026-06-11T17:07:55.593534","37.283828","127.045372"
"12742","2026-06-11T17:07:55.595885","37.283846000000004","127.045354"
"12743","2026-06-11T17:07:55.602885","37.283864","127.04533599999999"
"12744","2026-06-11T17:07:55.609407","37.282227999999996","127.04647200000001"
"12745","2026-06-11T17:07:55.616917","37.282246","127.04645400000001"
"12746","2026-06-11T17:07:55.621917","37.282264","127.046436"
"12747","2026-06-11T17:07:55.622909","37.282282","127.046418"
"12748","2026-06-11T17:07:55.626436","37.2823","127.0464"
"12749","2026-06-11T17:07:55.628448","37.282318","127.04638200000001"
"12750","2026-06-11T17:07:55.629452","37.282336","127.04636400000001"
"12751","2026-06-11T17:07:55.634449","37.282354","127.046346"
"12752","2026-06-11T17:07:55.636592","37.282372","127.046328"
"12753","2026-06-11T17:07:55.640592","37.282239999999994","127.046484"
"12754","2026-06-11T17:07:55.644108","37.280927999999996","127.043772"
"12755","2026-06-11T17:07:55.646115","37.280946","127.043754"
"12756","2026-06-11T17:07:55.647124","37.280964","127.043736"
"12757","2026-06-11T17:07:55.648115","37.280982","127.043718"
"12758","2026-06-11T17:07:55.649115","37.281","127.0437"
"12759","2026-06-11T17:07:55.650116","37.281017999999996","127.043682"
"12760","2026-06-11T17:07:55.651121","37.284127999999995","127.044872"
"12761","2026-06-11T17:07:55.652126","37.284146","127.044854"
"12762","2026-06-11T17:07:55.653116","37.284164","127.04483599999999"
"12763","2026-06-11T17:07:55.653116","37.284182","127.04481799999999"
"12764","2026-06-11T17:07:55.654120","37.2842","127.0448"
"12765","2026-06-11T17:07:55.654120","37.284217999999996","127.044782"
"12766","2026-06-11T17:07:55.654120","37.284236","127.044764"
"12767","2026-06-11T17:07:55.656512","37.284254","127.04474599999999"
"12768","2026-06-11T17:07:55.658512","37.284272","127.04472799999999"
"12769","2026-06-11T17:07:55.659512","37.284139999999994","127.044884"
"12770","2026-06-11T17:07:55.660513","37.284158","127.044866"
"12771","2026-06-11T17:07:55.660513","37.284175999999995","127.04484799999999"
"12772","2026-06-11T17:07:55.661514","37.284194","127.04482999999999"
"12773","2026-06-11T17:07:55.662512","37.284212","127.044812"
"12774","2026-06-11T17:07:55.663517","37.284229999999994","127.044794"
"12775","2026-06-11T17:07:55.664519","37.284248","127.044776"
"12776","2026-06-11T17:07:55.665588","37.284265999999995","127.04475799999999"
"12777","2026-06-11T17:07:55.666592","37.284284","127.04473999999999"
"12778","2026-06-11T17:07:55.667589","37.284152","127.044896"
"12779","2026-06-11T17:07:55.668596","37.28417","127.044878"
"12780","2026-06-11T17:07:55.668596","37.284188","127.04485999999999"
"12781","2026-06-11T17:07:55.669592","37.284206000000005","127.04484199999999"
"12782","2026-06-11T17:07:55.670588","37.283227999999994","127.046672"
"12783","2026-06-11T17:07:55.670588","37.283246","127.046654"
"12784","2026-06-11T17:07:55.671591","37.281127999999995","127.042972"
"12785","2026-06-11T17:07:55.672588","37.281146","127.04295400000001"
"12786","2026-06-11T17:07:55.672588","37.281164","127.042936"
"12787","2026-06-11T17:07:55.674096","37.281182","127.042918"
"12788","2026-06-11T17:07:55.675105","37.2812","127.0429"
"12789","2026-06-11T17:07:55.676112","37.281217999999996","127.042882"
"12790","2026-06-11T17:07:55.677104","37.281236","127.04286400000001"
"12791","2026-06-11T17:07:55.678104","37.281254","127.042846"
"12792","2026-06-11T17:07:55.678104","37.281272","127.042828"
"12793","2026-06-11T17:07:55.679105","37.28113999999999","127.042984"
"12794","2026-06-11T17:07:55.680104","37.281158","127.042966"
"12795","2026-06-11T17:07:55.680104","37.281175999999995","127.042948"
"12796","2026-06-11T17:07:55.681106","37.281194","127.04293"
"12797","2026-06-11T17:07:55.682110","37.281212","127.042912"
"12798","2026-06-11T17:07:55.683104","37.281229999999994","127.042894"
"12799","2026-06-11T17:07:55.684104","37.281248","127.042876"
"12800","2026-06-11T17:07:55.685167","37.281265999999995","127.042858"
"12801","2026-06-11T17:07:55.685167","37.281284","127.04284"
"12802","2026-06-11T17:07:55.686175","37.283128","127.04517200000001"
"12803","2026-06-11T17:07:55.687168","37.282128","127.045572"
"12804","2026-06-11T17:07:55.688168","37.282146000000004","127.04555400000001"
"12805","2026-06-11T17:07:55.689169","37.282164","127.045536"
"12806","2026-06-11T17:07:55.691167","37.282182000000006","127.045518"
"12807","2026-06-11T17:07:55.691167","37.2822","127.0455"
"12808","2026-06-11T17:07:55.692673","37.281628","127.04477200000001"
"12809","2026-06-11T17:07:55.692673","37.281646","127.04475400000001"
"12810","2026-06-11T17:07:55.694304","37.281664","127.044736"
"12811","2026-06-11T17:07:55.695314","37.281682","127.044718"
"12812","2026-06-11T17:07:55.696312","37.2817","127.0447"
"12813","2026-06-11T17:07:55.699317","37.281718","127.04468200000001"
"12814","2026-06-11T17:07:55.700318","37.281736","127.04466400000001"
"12815","2026-06-11T17:07:55.701317","37.281754","127.044646"
"12816","2026-06-11T17:07:55.702313","37.281772000000004","127.044628"
"12817","2026-06-11T17:07:55.702313","37.281639999999996","127.044784"
"12818","2026-06-11T17:07:55.703312","37.281658","127.04476600000001"
"12819","2026-06-11T17:07:55.704310","37.281676","127.044748"
"12820","2026-06-11T17:07:55.704814","37.282128","127.044972"
"12821","2026-06-11T17:07:55.705819","37.282146000000004","127.044954"
"12822","2026-06-11T17:07:55.706825","37.282164","127.04493599999999"
"12823","2026-06-11T17:07:55.707824","37.282182000000006","127.044918"
"12824","2026-06-11T17:07:55.708823","37.2822","127.0449"
"12825","2026-06-11T17:07:55.708823","37.282218","127.044882"
"12826","2026-06-11T17:07:55.709823","37.282236000000005","127.044864"
"12827","2026-06-11T17:07:55.710823","37.282254","127.04484599999999"
"12828","2026-06-11T17:07:55.710823","37.283328","127.04437200000001"
"12829","2026-06-11T17:07:55.712823","37.283346","127.04435400000001"
"12830","2026-06-11T17:07:55.712823","37.283364","127.044336"
"12831","2026-06-11T17:07:55.714330","37.283382","127.044318"
"12832","2026-06-11T17:07:55.715347","37.2834","127.0443"
"12833","2026-06-11T17:07:55.716353","37.283418","127.04428200000001"
"12834","2026-06-11T17:07:55.717342","37.283436","127.04426400000001"
"12835","2026-06-11T17:07:55.717342","37.283454","127.044246"
"12836","2026-06-11T17:07:55.717342","37.283472","127.044228"
"12837","2026-06-11T17:07:55.719338","37.283339999999995","127.04438400000001"
"12838","2026-06-11T17:07:55.720340","37.283358","127.04436600000001"
"12839","2026-06-11T17:07:55.728580","37.283376","127.044348"
"12840","2026-06-11T17:07:55.730586","37.283394","127.04433"
"12841","2026-06-11T17:07:55.732580","37.283412","127.044312"
"12842","2026-06-11T17:07:55.732580","37.283429999999996","127.04429400000001"
"12843","2026-06-11T17:07:55.734086","37.281327999999995","127.04387200000001"
"12844","2026-06-11T17:07:55.735096","37.281346","127.04385400000001"
"12845","2026-06-11T17:07:55.736096","37.281363999999996","127.043836"
"12846","2026-06-11T17:07:55.737094","37.282528","127.043272"
"12847","2026-06-11T17:07:55.737094","37.282546","127.043254"
"12848","2026-06-11T17:07:55.738102","37.282564","127.043236"
"12849","2026-06-11T17:07:55.739093","37.282582000000005","127.043218"
"12850","2026-06-11T17:07:55.740092","37.2826","127.0432"
"12851","2026-06-11T17:07:55.741091","37.282618","127.043182"
"12852","2026-06-11T17:07:55.742097","37.282636000000004","127.043164"
"12853","2026-06-11T17:07:55.742097","37.282654","127.043146"
"12854","2026-06-11T17:07:55.742097","37.282672000000005","127.043128"
"12855","2026-06-11T17:07:55.743091","37.28254","127.043284"
"12856","2026-06-11T17:07:55.744090","37.282728","127.04477200000001"
"12857","2026-06-11T17:07:55.744090","37.282746","127.04475400000001"
"12858","2026-06-11T17:07:55.745345","37.282764","127.044736"
"12859","2026-06-11T17:07:55.745345","37.282782000000005","127.044718"
"12860","2026-06-11T17:07:55.746342","37.2828","127.0447"
"12861","2026-06-11T17:07:55.746342","37.282818","127.04468200000001"
"12862","2026-06-11T17:07:55.747340","37.281727999999994","127.045072"
"12863","2026-06-11T17:07:55.747340","37.281746","127.04505400000001"
"12864","2026-06-11T17:07:55.747340","37.281763999999995","127.045036"
"12865","2026-06-11T17:07:55.748346","37.281782","127.045018"
"12866","2026-06-11T17:07:55.749340","37.2818","127.045"
"12867","2026-06-11T17:07:55.750341","37.281817999999994","127.044982"
"12868","2026-06-11T17:07:55.751343","37.281836","127.04496400000001"
"12869","2026-06-11T17:07:55.752340","37.281853999999996","127.044946"
"12870","2026-06-11T17:07:55.752340","37.281872","127.044928"
"12871","2026-06-11T17:07:55.753340","37.28173999999999","127.045084"
"12872","2026-06-11T17:07:55.753340","37.281757999999996","127.045066"
"12873","2026-06-11T17:07:55.754358","37.281775999999994","127.045048"
"12874","2026-06-11T17:07:55.754358","37.281794","127.04503"
"12875","2026-06-11T17:07:55.755569","37.281811999999995","127.045012"
"12876","2026-06-11T17:07:55.756571","37.28182999999999","127.044994"
"12877","2026-06-11T17:07:55.757569","37.281848","127.044976"
"12878","2026-06-11T17:07:55.758569","37.281865999999994","127.044958"
"12879","2026-06-11T17:07:55.759569","37.281884","127.04494"
"12880","2026-06-11T17:07:55.761569","37.281752","127.045096"
"12881","2026-06-11T17:07:55.762568","37.28177","127.045078"
"12882","2026-06-11T17:07:55.768098","37.281788","127.04505999999999"
"12883","2026-06-11T17:07:55.769087","37.281806","127.045042"
"12884","2026-06-11T17:07:55.770086","37.283027999999995","127.043572"
"12885","2026-06-11T17:07:55.772088","37.283046","127.043554"
"12886","2026-06-11T17:07:55.773087","37.281428","127.044672"
"12887","2026-06-11T17:07:55.774093","37.281446","127.04465400000001"
"12888","2026-06-11T17:07:55.775142","37.281464","127.044636"
"12889","2026-06-11T17:07:55.776148","37.281482000000004","127.044618"
"12890","2026-06-11T17:07:55.776148","37.2815","127.0446"
"12891","2026-06-11T17:07:55.777144","37.281518","127.044582"
"12892","2026-06-11T17:07:55.778141","37.281536","127.04456400000001"
"12893","2026-06-11T17:07:55.778141","37.281554","127.044546"
"12894","2026-06-11T17:07:55.778141","37.281572000000004","127.044528"
"12895","2026-06-11T17:07:55.779150","37.281439999999996","127.044684"
"12896","2026-06-11T17:07:55.779150","37.281458","127.044666"
"12897","2026-06-11T17:07:55.779150","37.281476","127.044648"
"12898","2026-06-11T17:07:55.780144","37.281494","127.04463"
"12899","2026-06-11T17:07:55.780144","37.281512","127.044612"
"12900","2026-06-11T17:07:55.780144","37.28153","127.044594"
"12901","2026-06-11T17:07:55.781141","37.281548","127.044576"
"12902","2026-06-11T17:07:55.782141","37.281566","127.044558"
"12903","2026-06-11T17:07:55.782141","37.281584","127.04454"
"12904","2026-06-11T17:07:55.782141","37.299927999999994","127.100072"
"12905","2026-06-11T17:07:55.783149","37.282328","127.045872"
"12906","2026-06-11T17:07:55.783149","37.282346000000004","127.045854"
"12907","2026-06-11T17:07:55.784150","37.282364","127.045836"
"12908","2026-06-11T17:07:55.784150","37.282382000000005","127.045818"
"12909","2026-06-11T17:07:55.784150","37.2824","127.0458"
"12910","2026-06-11T17:07:55.785288","37.283427999999994","127.045072"
"12911","2026-06-11T17:07:55.786290","37.283446","127.04505400000001"
"12912","2026-06-11T17:07:55.786290","37.283463999999995","127.045036"
"12913","2026-06-11T17:07:55.786290","37.283482","127.045018"
"12914","2026-06-11T17:07:55.787287","37.2835","127.045"
"12915","2026-06-11T17:07:55.787287","37.283517999999994","127.044982"
"12916","2026-06-11T17:07:55.787287","37.283536","127.04496400000001"
"12917","2026-06-11T17:07:55.788288","37.283553999999995","127.044946"
"12918","2026-06-11T17:07:55.788288","37.283572","127.044928"
"12919","2026-06-11T17:07:55.788288","37.28343999999999","127.045084"
"12920","2026-06-11T17:07:55.788288","37.283457999999996","127.045066"
"12921","2026-06-11T17:07:55.792791","37.28347599999999","127.045048"
"12922","2026-06-11T17:07:55.794335","37.281028","127.045472"
"12923","2026-06-11T17:07:55.794335","37.281046","127.045454"
"12924","2026-06-11T17:07:55.795339","37.281064","127.045436"
"12925","2026-06-11T17:07:55.795339","37.281082000000005","127.045418"
"12926","2026-06-11T17:07:55.795339","37.2811","127.0454"
"12927","2026-06-11T17:07:55.796346","37.281118","127.045382"
"12928","2026-06-11T17:07:55.796346","37.281136000000004","127.045364"
"12929","2026-06-11T17:07:55.796346","37.281154","127.045346"
"12930","2026-06-11T17:07:55.797346","37.282928","127.04607200000001"
"12931","2026-06-11T17:07:55.797346","37.282946","127.04605400000001"
"12932","2026-06-11T17:07:55.798344","37.282964","127.046036"
"12933","2026-06-11T17:07:55.798344","37.282982000000004","127.046018"
"12934","2026-06-11T17:07:55.799349","37.283","127.046"
"12935","2026-06-11T17:07:55.799349","37.283018","127.04598200000001"
"12936","2026-06-11T17:07:55.799349","37.283036","127.04596400000001"
"12937","2026-06-11T17:07:55.800342","37.283054","127.045946"
"12938","2026-06-11T17:07:55.800342","37.283072000000004","127.045928"
"12939","2026-06-11T17:07:55.801341","37.282939999999996","127.04608400000001"
"12940","2026-06-11T17:07:55.809867","37.282958","127.04606600000001"
"12941","2026-06-11T17:07:55.810864","37.282976","127.046048"
"12942","2026-06-11T17:07:55.810864","37.282994","127.04603"
"12943","2026-06-11T17:07:55.810864","37.283012","127.046012"
"12944","2026-06-11T17:07:55.810864","37.28303","127.04599400000001"
"12945","2026-06-11T17:07:55.811868","37.281828","127.045972"
"12946","2026-06-11T17:07:55.811868","37.281846","127.04595400000001"
"12947","2026-06-11T17:07:55.811868","37.281864","127.045936"
"12948","2026-06-11T17:07:55.812867","37.283528","127.044072"
"12949","2026-06-11T17:07:55.812867","37.283546","127.044054"
"12950","2026-06-11T17:07:55.812867","37.283564","127.04403599999999"
"12951","2026-06-11T17:07:55.812867","37.283582","127.044018"
"12952","2026-06-11T17:07:55.812867","37.2836","127.044"
"12953","2026-06-11T17:07:55.814372","37.283618","127.043982"
"12954","2026-06-11T17:07:55.814372","37.283636","127.043964"
"12955","2026-06-11T17:07:55.815379","37.283654","127.04394599999999"
"12956","2026-06-11T17:07:55.815379","37.283672","127.043928"
"12957","2026-06-11T17:07:55.816384","37.283539999999995","127.044084"
"12958","2026-06-11T17:07:55.816384","37.282227999999996","127.043172"
"12959","2026-06-11T17:07:55.821382","37.282246","127.043154"
"12960","2026-06-11T17:07:55.822383","37.282264","127.04313599999999"
"12961","2026-06-11T17:07:55.822383","37.282282","127.04311799999999"
"12962","2026-06-11T17:07:55.823386","37.2823","127.0431"
"12963","2026-06-11T17:07:55.823386","37.282318","127.043082"
"12964","2026-06-11T17:07:55.824383","37.283227999999994","127.043772"
"12965","2026-06-11T17:07:55.824898","37.283246","127.043754"
"12966","2026-06-11T17:07:55.825904","37.283263999999996","127.043736"
"12967","2026-06-11T17:07:55.825904","37.283282","127.043718"
"12968","2026-06-11T17:07:55.826904","37.2833","127.0437"
"12969","2026-06-11T17:07:55.826904","37.283317999999994","127.043682"
"12970","2026-06-11T17:07:55.827900","37.283336","127.043664"
"12971","2026-06-11T17:07:55.828911","37.283353999999996","127.043646"
"12972","2026-06-11T17:07:55.829906","37.283372","127.043628"
"12973","2026-06-11T17:07:55.829906","37.28323999999999","127.043784"
"12974","2026-06-11T17:07:55.830901","37.283258","127.043766"
"12975","2026-06-11T17:07:55.830901","37.283275999999994","127.043748"
"12976","2026-06-11T17:07:55.831904","37.283294","127.04373"
"12977","2026-06-11T17:07:55.831904","37.283311999999995","127.043712"
"12978","2026-06-11T17:07:55.843431","37.28332999999999","127.043694"
"12979","2026-06-11T17:07:55.844950","37.283348","127.043676"
"12980","2026-06-11T17:07:55.845951","37.283365999999994","127.043658"
"12981","2026-06-11T17:07:55.846957","37.283384","127.04364"
"12982","2026-06-11T17:07:55.847957","37.283252","127.043796"
"12983","2026-06-11T17:07:55.848964","37.28327","127.043778"
"12984","2026-06-11T17:07:55.850048","37.283288","127.04375999999999"
"12985","2026-06-11T17:07:55.850951","37.283306","127.043742"
"12986","2026-06-11T17:07:55.850951","37.28192799999999","127.046272"
"12987","2026-06-11T17:07:55.852208","37.281946","127.046254"
"12988","2026-06-11T17:07:55.852208","37.281228","127.04347200000001"
"12989","2026-06-11T17:07:55.852985","37.281246","127.04345400000001"
"12990","2026-06-11T17:07:55.852985","37.281264","127.043436"
"12991","2026-06-11T17:07:55.854519","37.281282000000004","127.043418"
"12992","2026-06-11T17:07:55.854519","37.2813","127.0434"
"12993","2026-06-11T17:07:55.855563","37.281318","127.04338200000001"
"12994","2026-06-11T17:07:55.856529","37.281336","127.04336400000001"
"12995","2026-06-11T17:07:55.857538","37.281354","127.043346"
"12996","2026-06-11T17:07:55.857538","37.281372000000005","127.043328"
"12997","2026-06-11T17:07:55.862532","37.28124","127.043484"
"12998","2026-06-11T17:07:55.862532","37.281258","127.04346600000001"
"12999","2026-06-11T17:07:55.863533","37.281276","127.043448"
"13000","2026-06-11T17:07:55.863533","37.281294","127.04343"
"13001","2026-06-11T17:07:55.864586","37.281312","127.043412"
"13002","2026-06-11T17:07:55.866019","37.28133","127.043394"
"13003","2026-06-11T17:07:55.866817","37.281348","127.04337600000001"
"13004","2026-06-11T17:07:55.867819","37.281366","127.043358"
"13005","2026-06-11T17:07:55.868830","37.281384","127.04334"
"13006","2026-06-11T17:07:55.869862","37.282478","127.046422"
"13007","2026-06-11T17:07:55.870837","37.283677999999995","127.045422"
"13008","2026-06-11T17:07:55.874319","37.283696","127.045404"
"13009","2026-06-11T17:07:55.875354","37.283713999999996","127.045386"
"13010","2026-06-11T17:07:55.876329","37.283732","127.045368"
"13011","2026-06-11T17:07:55.877329","37.28375","127.04535"
"13012","2026-06-11T17:07:55.878331","37.281678","127.046522"
"13013","2026-06-11T17:07:55.879383","37.281696000000004","127.046504"
"13014","2026-06-11T17:07:55.881329","37.281714","127.04648599999999"
"13015","2026-06-11T17:07:55.882339","37.281732000000005","127.04646799999999"
"13016","2026-06-11T17:07:55.883326","37.28175","127.04645"
"13017","2026-06-11T17:07:55.883326","37.281768","127.046432"
"13018","2026-06-11T17:07:55.884337","37.281786000000004","127.046414"
"13019","2026-06-11T17:07:55.884858","37.281804","127.04639599999999"
"13020","2026-06-11T17:07:55.885871","37.281822000000005","127.04637799999999"
"13021","2026-06-11T17:07:55.886886","37.28169","127.046534"
"13022","2026-06-11T17:07:55.886886","37.281708","127.046516"
"13023","2026-06-11T17:07:55.887870","37.281726","127.04649799999999"
"13024","2026-06-11T17:07:55.887870","37.281378","127.045922"
"13025","2026-06-11T17:07:55.888862","37.281396","127.04590400000001"
"13026","2026-06-11T17:07:55.889872","37.281414","127.045886"
"13027","2026-06-11T17:07:55.890870","37.281432","127.045868"
"13028","2026-06-11T17:07:55.890870","37.28145","127.04585"
"13029","2026-06-11T17:07:55.891912","37.281468","127.045832"
"13030","2026-06-11T17:07:55.892868","37.281486","127.04581400000001"
"13031","2026-06-11T17:07:55.893384","37.281504","127.045796"
"13032","2026-06-11T17:07:55.893384","37.282078","127.046672"
"13033","2026-06-11T17:07:55.894456","37.282096","127.046654"
"13034","2026-06-11T17:07:55.909041","37.282114","127.04663599999999"
"13035","2026-06-11T17:07:55.910032","37.282132000000004","127.046618"
"13036","2026-06-11T17:07:55.910032","37.28215","127.0466"
"13037","2026-06-11T17:07:55.911061","37.282168","127.046582"
"13038","2026-06-11T17:07:55.911061","37.282186","127.046564"
"13039","2026-06-11T17:07:55.912027","37.282204","127.04654599999999"
"13040","2026-06-11T17:07:55.913028","37.282222000000004","127.046528"
"13041","2026-06-11T17:07:55.913028","37.28209","127.046684"
"13042","2026-06-11T17:07:55.913028","37.282108","127.046666"
"13043","2026-06-11T17:07:55.914549","37.282126","127.04664799999999"
"13044","2026-06-11T17:07:55.920568","37.282144","127.04663"
"13045","2026-06-11T17:07:55.921581","37.282162","127.046612"
"13046","2026-06-11T17:07:55.922557","37.28218","127.046594"
"13047","2026-06-11T17:07:55.922557","37.283077999999996","127.045972"
"13048","2026-06-11T17:07:55.923559","37.283096","127.04595400000001"
"13049","2026-06-11T17:07:55.923559","37.283114","127.045936"
"13050","2026-06-11T17:07:55.925112","37.280877999999994","127.04472200000001"
"13051","2026-06-11T17:07:55.925112","37.280896","127.04470400000001"
"13052","2026-06-11T17:07:55.926107","37.280913999999996","127.044686"
"13053","2026-06-11T17:07:55.927201","37.280932","127.044668"
"13054","2026-06-11T17:07:55.927201","37.28095","127.04465"
"13055","2026-06-11T17:07:55.927201","37.280967999999994","127.04463200000001"
"13056","2026-06-11T17:07:55.928116","37.280986","127.04461400000001"
"13057","2026-06-11T17:07:55.929137","37.281003999999996","127.044596"
"13058","2026-06-11T17:07:55.929137","37.281022","127.044578"
"13059","2026-06-11T17:07:55.930134","37.28088999999999","127.044734"
"13060","2026-06-11T17:07:55.931106","37.283477999999995","127.043322"
"13061","2026-06-11T17:07:55.931106","37.283496","127.043304"
"13062","2026-06-11T17:07:55.932112","37.283514","127.043286"
"13063","2026-06-11T17:07:55.933117","37.283532","127.043268"
"13064","2026-06-11T17:07:55.933117","37.28355","127.04325"
"13065","2026-06-11T17:07:55.934107","37.283567999999995","127.043232"
"13066","2026-06-11T17:07:55.934615","37.281577999999996","127.043322"
"13067","2026-06-11T17:07:55.935721","37.281596","127.043304"
"13068","2026-06-11T17:07:55.935721","37.281614","127.043286"
"13069","2026-06-11T17:07:55.935721","37.281632","127.043268"
"13070","2026-06-11T17:07:55.936671","37.28165","127.04325"
"13071","2026-06-11T17:07:55.936671","37.281667999999996","127.043232"
"13072","2026-06-11T17:07:55.937650","37.281686","127.043214"
"13073","2026-06-11T17:07:55.938645","37.281704","127.043196"
"13074","2026-06-11T17:07:55.938645","37.281722","127.043178"
"13075","2026-06-11T17:07:55.939624","37.281589999999994","127.043334"
"13076","2026-06-11T17:07:55.939624","37.281608","127.043316"
"13077","2026-06-11T17:07:55.941636","37.281625999999996","127.043298"
"13078","2026-06-11T17:07:55.941636","37.281644","127.04328"
"13079","2026-06-11T17:07:55.942633","37.281662","127.043262"
"13080","2026-06-11T17:07:55.942633","37.281679999999994","127.043244"
"13081","2026-06-11T17:07:55.944167","37.281698","127.043226"
"13082","2026-06-11T17:07:55.944167","37.281715999999996","127.04320799999999"
"13083","2026-06-11T17:07:55.945178","37.281734","127.04319"
"13084","2026-06-11T17:07:55.945178","37.281602","127.043346"
"13085","2026-06-11T17:07:55.946230","37.281620000000004","127.043328"
"13086","2026-06-11T17:07:55.947178","37.281638","127.04330999999999"
"13087","2026-06-11T17:07:55.947178","37.281656000000005","127.043292"
"13088","2026-06-11T17:07:55.948221","37.280778","127.045422"
"13089","2026-06-11T17:07:55.948221","37.280796","127.045404"
"13090","2026-06-11T17:07:55.949186","37.283778","127.043822"
"13091","2026-06-11T17:07:55.950194","37.283796","127.04380400000001"
"13092","2026-06-11T17:07:55.951186","37.283814","127.043786"
"13093","2026-06-11T17:07:55.952181","37.283832000000004","127.043768"
"13094","2026-06-11T17:07:55.952181","37.28385","127.04375"
"13095","2026-06-11T17:07:55.953178","37.283868","127.043732"
"13096","2026-06-11T17:07:55.955281","37.283886","127.04371400000001"
"13097","2026-06-11T17:07:55.956273","37.283904","127.043696"
"13098","2026-06-11T17:07:55.958262","37.283922000000004","127.043678"
"13099","2026-06-11T17:07:55.959261","37.283789999999996","127.043834"
"13100","2026-06-11T17:07:55.959261","37.283808","127.043816"
"13101","2026-06-11T17:07:55.960263","37.283826","127.043798"
"13102","2026-06-11T17:07:55.961280","37.283844","127.04378"
"13103","2026-06-11T17:07:55.962260","37.283862","127.043762"
"13104","2026-06-11T17:07:55.962260","37.283879999999996","127.043744"
"13105","2026-06-11T17:07:55.963279","37.283898","127.043726"
"13106","2026-06-11T17:07:55.964262","37.283916","127.043708"
"13107","2026-06-11T17:07:55.964771","37.283934","127.04369"
"13108","2026-06-11T17:07:55.965781","37.280677999999995","127.043822"
"13109","2026-06-11T17:07:55.965781","37.280477999999995","127.04432200000001"
"13110","2026-06-11T17:07:55.966782","37.280496","127.04430400000001"
"13111","2026-06-11T17:07:55.966782","37.280514","127.044286"
"13112","2026-06-11T17:07:55.966782","37.280532","127.044268"
"13113","2026-06-11T17:07:55.967798","37.28055","127.04425"
"13114","2026-06-11T17:07:55.967798","37.282377999999994","127.042522"
"13115","2026-06-11T17:07:55.980076","37.282396","127.04250400000001"
"13116","2026-06-11T17:07:55.981077","37.282413999999996","127.042486"
"13117","2026-06-11T17:07:55.982496","37.282432","127.042468"
"13118","2026-06-11T17:07:55.982496","37.28245","127.04245"
"13119","2026-06-11T17:07:55.983506","37.282467999999994","127.042432"
"13120","2026-06-11T17:07:55.983506","37.282486","127.04241400000001"
"13121","2026-06-11T17:07:55.984529","37.282503999999996","127.042396"
"13122","2026-06-11T17:07:55.984529","37.282522","127.042378"
"13123","2026-06-11T17:07:55.985581","37.28238999999999","127.042534"
"13124","2026-06-11T17:07:55.985581","37.282408","127.042516"
"13125","2026-06-11T17:07:55.986652","37.282425999999994","127.042498"
"13126","2026-06-11T17:07:55.986652","37.280828","127.044122"
"13127","2026-06-11T17:07:55.987600","37.280846000000004","127.044104"
"13128","2026-06-11T17:07:55.987600","37.280864","127.044086"
"13129","2026-06-11T17:07:55.988637","37.280882000000005","127.044068"
"13130","2026-06-11T17:07:55.988637","37.2809","127.04405"
"13131","2026-06-11T17:07:55.989580","37.280918","127.044032"
"13132","2026-06-11T17:07:55.990575","37.280936000000004","127.044014"
"13133","2026-06-11T17:07:55.991583","37.280954","127.04399599999999"
"13134","2026-06-11T17:07:55.991583","37.280578","127.046122"
"13135","2026-06-11T17:07:55.993090","37.280596","127.046104"
"13136","2026-06-11T17:07:55.993090","37.280614","127.04608599999999"
"13137","2026-06-11T17:07:55.993090","37.280632000000004","127.04606799999999"
"13138","2026-06-11T17:07:55.994704","37.28065","127.04605"
"13139","2026-06-11T17:07:55.994704","37.280668","127.046032"
"13140","2026-06-11T17:07:55.995720","37.280686","127.046014"
"13141","2026-06-11T17:07:55.996752","37.280704","127.04599599999999"
"13142","2026-06-11T17:07:55.996752","37.280722000000004","127.04597799999999"
"13143","2026-06-11T17:07:55.997723","37.28059","127.046134"
"13144","2026-06-11T17:07:55.997723","37.280608","127.046116"
"13145","2026-06-11T17:07:55.998720","37.280626","127.04609799999999"
"13146","2026-06-11T17:07:55.999727","37.280644","127.04607999999999"
"13147","2026-06-11T17:07:55.999727","37.280662","127.04606199999999"
"13148","2026-06-11T17:07:56.000711","37.28068","127.046044"
"13149","2026-06-11T17:07:56.000711","37.282678","127.04302200000001"
"13150","2026-06-11T17:07:56.001754","37.282696","127.04300400000001"
"13151","2026-06-11T17:07:56.001754","37.282714","127.042986"
"13152","2026-06-11T17:44:59.294531","37.283128","127.04517200000001"
"13153","2026-06-11T17:44:59.310549","37.282328","127.043972"
"13154","2026-06-11T17:44:59.311530","37.282346000000004","127.043954"
"13155","2026-06-11T17:44:59.313533","37.282364","127.04393599999999"
"13156","2026-06-11T17:44:59.316529","37.282382000000005","127.04391799999999"
"13157","2026-06-11T17:44:59.318528","37.2824","127.0439"
"13158","2026-06-11T17:44:59.319528","37.281628","127.04477200000001"
"13159","2026-06-11T17:44:59.320531","37.281646","127.04475400000001"
"13160","2026-06-11T17:44:59.322530","37.281664","127.044736"
"13161","2026-06-11T17:44:59.323528","37.281682","127.044718"
"13162","2026-06-11T17:44:59.324528","37.2817","127.0447"
"13163","2026-06-11T17:44:59.325531","37.281718","127.04468200000001"
"13164","2026-06-11T17:44:59.328528","37.281736","127.04466400000001"
"13165","2026-06-11T17:44:59.330528","37.281754","127.044646"
"13166","2026-06-11T17:44:59.333282","37.281772000000004","127.044628"
"13167","2026-06-11T17:44:59.335281","37.281639999999996","127.044784"
"13168","2026-06-11T17:44:59.337291","37.281658","127.04476600000001"
"13169","2026-06-11T17:44:59.338288","37.281676","127.044748"
"13170","2026-06-11T17:44:59.340281","37.282928","127.044172"
"13171","2026-06-11T17:44:59.341282","37.282946","127.044154"
"13172","2026-06-11T17:44:59.342281","37.282964","127.044136"
"13173","2026-06-11T17:44:59.343282","37.282982000000004","127.044118"
"13174","2026-06-11T17:44:59.344291","37.283","127.0441"
"13175","2026-06-11T17:44:59.345282","37.283018","127.044082"
"13176","2026-06-11T17:44:59.346282","37.283036","127.044064"
"13177","2026-06-11T17:44:59.347282","37.283054","127.044046"
"13178","2026-06-11T17:44:59.348727","37.282128","127.044972"
"13179","2026-06-11T17:44:59.349727","37.282146000000004","127.044954"
"13180","2026-06-11T17:44:59.350728","37.282164","127.04493599999999"
"13181","2026-06-11T17:44:59.354727","37.282182000000006","127.044918"
"13182","2026-06-11T17:44:59.357727","37.2822","127.0449"
"13183","2026-06-11T17:44:59.359728","37.282218","127.044882"
"13184","2026-06-11T17:44:59.360727","37.282236000000005","127.044864"
"13185","2026-06-11T17:44:59.361729","37.282254","127.04484599999999"
"13186","2026-06-11T17:44:59.362728","37.282272000000006","127.044828"
"13187","2026-06-11T17:44:59.363728","37.28214","127.044984"
"13188","2026-06-11T17:44:59.364728","37.282158","127.044966"
"13189","2026-06-11T17:44:59.365728","37.282176","127.04494799999999"
"13190","2026-06-11T17:44:59.366727","37.282194000000004","127.04493"
"13191","2026-06-11T17:44:59.367727","37.282212","127.044912"
"13192","2026-06-11T17:44:59.368727","37.28223","127.044894"
"13193","2026-06-11T17:44:59.369727","37.281828","127.043672"
"13194","2026-06-11T17:44:59.370729","37.281846","127.043654"
"13195","2026-06-11T17:44:59.372976","37.281864","127.04363599999999"
"13196","2026-06-11T17:44:59.374624","37.282627999999995","127.045472"
"13197","2026-06-11T17:44:59.375683","37.282646","127.045454"
"13198","2026-06-11T17:44:59.376790","37.282664","127.045436"
"13199","2026-06-11T17:44:59.377914","37.282682","127.045418"
"13200","2026-06-11T17:44:59.378450","37.2827","127.0454"
"13201","2026-06-11T17:44:59.379701","37.282717999999996","127.045382"
"13202","2026-06-11T17:44:59.380414","37.282736","127.045364"
"13203","2026-06-11T17:44:59.381564","37.282754","127.045346"
"13204","2026-06-11T17:44:59.382632","37.282772","127.045328"
"13205","2026-06-11T17:44:59.383974","37.282639999999994","127.045484"
"13206","2026-06-11T17:44:59.384504","37.283328","127.04437200000001"
"13207","2026-06-11T17:44:59.385548","37.283346","127.04435400000001"
"13208","2026-06-11T17:44:59.386726","37.283364","127.044336"
"13209","2026-06-11T17:44:59.387335","37.283382","127.044318"
"13210","2026-06-11T17:44:59.388663","37.2834","127.0443"
"13211","2026-06-11T17:44:59.390227","37.283418","127.04428200000001"
"13212","2026-06-11T17:44:59.391303","37.281727999999994","127.045272"
"13213","2026-06-11T17:44:59.392422","37.281746","127.045254"
"13214","2026-06-11T17:44:59.394291","37.281763999999995","127.04523599999999"
"13215","2026-06-11T17:44:59.394823","37.281782","127.04521799999999"
"13216","2026-06-11T17:44:59.396434","37.2818","127.0452"
"13217","2026-06-11T17:44:59.397607","37.281817999999994","127.045182"
"13218","2026-06-11T17:44:59.399202","37.281836","127.045164"
"13219","2026-06-11T17:44:59.400805","37.281853999999996","127.04514599999999"
"13220","2026-06-11T17:44:59.401902","37.281872","127.04512799999999"
"13221","2026-06-11T17:44:59.402439","37.28173999999999","127.045284"
"13222","2026-06-11T17:44:59.403818","37.281757999999996","127.045266"
"13223","2026-06-11T17:44:59.404865","37.281775999999994","127.04524799999999"
"13224","2026-06-11T17:44:59.406516","37.281794","127.04522999999999"
"13225","2026-06-11T17:44:59.407687","37.281811999999995","127.04521199999999"
"13226","2026-06-11T17:44:59.408227","37.28182999999999","127.045194"
"13227","2026-06-11T17:44:59.409384","37.281848","127.045176"
"13228","2026-06-11T17:44:59.410010","37.281865999999994","127.04515799999999"
"13229","2026-06-11T17:44:59.410562","37.281884","127.04513999999999"
"13230","2026-06-11T17:44:59.411645","37.281752","127.045296"
"13231","2026-06-11T17:44:59.412172","37.28177","127.045278"
"13232","2026-06-11T17:44:59.412744","37.281788","127.04525999999998"
"13233","2026-06-11T17:44:59.413422","37.281806","127.04524199999999"
"13234","2026-06-11T17:44:59.414529","37.282427999999996","127.043172"
"13235","2026-06-11T17:44:59.415715","37.282446","127.043154"
"13236","2026-06-11T17:44:59.416764","37.283027999999995","127.042972"
"13237","2026-06-11T17:44:59.418067","37.283046","127.04295400000001"
"13238","2026-06-11T17:44:59.419728","37.283063999999996","127.042936"
"13239","2026-06-11T17:44:59.421417","37.283082","127.042918"
"13240","2026-06-11T17:44:59.422615","37.2831","127.0429"
"13241","2026-06-11T17:44:59.424276","37.283117999999995","127.042882"
"13242","2026-06-11T17:44:59.425337","37.283136","127.04286400000001"
"13243","2026-06-11T17:44:59.426466","37.283153999999996","127.042846"
"13244","2026-06-11T17:44:59.427663","37.283172","127.042828"
"13245","2026-06-11T17:44:59.429271","37.28303999999999","127.042984"
"13246","2026-06-11T17:44:59.430877","37.283058","127.042966"
"13247","2026-06-11T17:44:59.432478","37.283075999999994","127.042948"
"13248","2026-06-11T17:44:59.433691","37.283094","127.04293"
"13249","2026-06-11T17:44:59.435842","37.283111999999996","127.042912"
"13250","2026-06-11T17:44:59.436431","37.28312999999999","127.042894"
"13251","2026-06-11T17:44:59.436977","37.283148","127.042876"
"13252","2026-06-11T17:44:59.438109","37.283165999999994","127.042858"
"13253","2026-06-11T17:44:59.438631","37.283184","127.04284"
"13254","2026-06-11T17:44:59.439793","37.281527999999994","127.044072"
"13255","2026-06-11T17:44:59.440316","37.28192799999999","127.042772"
"13256","2026-06-11T17:44:59.441415","37.281946","127.042754"
"13257","2026-06-11T17:44:59.441975","37.281963999999995","127.04273599999999"
"13258","2026-06-11T17:44:59.443027","37.281982","127.042718"
"13259","2026-06-11T17:44:59.443561","37.282","127.0427"
"13260","2026-06-11T17:44:59.444090","37.282928","127.044672"
"13261","2026-06-11T17:44:59.444623","37.282946","127.04465400000001"
"13262","2026-06-11T17:44:59.445224","37.282964","127.044636"
"13263","2026-06-11T17:44:59.446318","37.282982000000004","127.044618"
"13264","2026-06-11T17:44:59.447355","37.283","127.0446"
"13265","2026-06-11T17:44:59.448191","37.283018","127.044582"
"13266","2026-06-11T17:44:59.448745","37.283036","127.04456400000001"
"13267","2026-06-11T17:44:59.449815","37.283054","127.044546"
"13268","2026-06-11T17:44:59.449815","37.283072000000004","127.044528"
"13269","2026-06-11T17:44:59.450821","37.282939999999996","127.044684"
"13270","2026-06-11T17:44:59.450821","37.282958","127.044666"
"13271","2026-06-11T17:44:59.451822","37.282976","127.044648"
"13272","2026-06-11T17:44:59.452824","37.282728","127.043572"
"13273","2026-06-11T17:44:59.452824","37.282746","127.043554"
"13274","2026-06-11T17:44:59.453824","37.282764","127.04353599999999"
"13275","2026-06-11T17:44:59.453824","37.282782000000005","127.04351799999999"
"13276","2026-06-11T17:44:59.455823","37.2828","127.0435"
"13277","2026-06-11T17:44:59.456826","37.282818","127.043482"
"13278","2026-06-11T17:44:59.456826","37.282836","127.043464"
"13279","2026-06-11T17:44:59.457820","37.282854","127.04344599999999"
"13280","2026-06-11T17:44:59.458823","37.281428","127.044872"
"13281","2026-06-11T17:44:59.459820","37.281446","127.044854"
"13282","2026-06-11T17:44:59.459820","37.281464","127.04483599999999"
"13283","2026-06-11T17:44:59.460822","37.281482000000004","127.04481799999999"
"13284","2026-06-11T17:44:59.461823","37.2815","127.0448"
"13285","2026-06-11T17:44:59.461823","37.281518","127.044782"
"13286","2026-06-11T17:44:59.462820","37.281536","127.044764"
"13287","2026-06-11T17:44:59.463819","37.281554","127.04474599999999"
"13288","2026-06-11T17:44:59.464819","37.281572000000004","127.04472799999999"
"13289","2026-06-11T17:44:59.465820","37.281439999999996","127.044884"
"13290","2026-06-11T17:44:59.466821","37.281458","127.044866"
"13291","2026-06-11T17:44:59.466821","37.281476","127.04484799999999"
"13292","2026-06-11T17:44:59.468819","37.281494","127.04482999999999"
"13293","2026-06-11T17:44:59.469821","37.281512","127.044812"
"13294","2026-06-11T17:44:59.469821","37.28153","127.044794"
"13295","2026-06-11T17:44:59.470820","37.282528","127.045772"
"13296","2026-06-11T17:44:59.471821","37.282546","127.045754"
"13297","2026-06-11T17:44:59.472821","37.282564","127.04573599999999"
"13298","2026-06-11T17:44:59.472821","37.283427999999994","127.04387200000001"
"13299","2026-06-11T17:44:59.473819","37.283446","127.04385400000001"
"13300","2026-06-11T17:44:59.473819","37.283463999999995","127.043836"
"13301","2026-06-11T17:44:59.474819","37.283482","127.043818"
"13302","2026-06-11T17:44:59.474819","37.2835","127.0438"
"13303","2026-06-11T17:44:59.475822","37.283517999999994","127.04378200000001"
"13304","2026-06-11T17:44:59.476820","37.283536","127.04376400000001"
"13305","2026-06-11T17:44:59.476820","37.283553999999995","127.043746"
"13306","2026-06-11T17:44:59.477820","37.283572","127.043728"
"13307","2026-06-11T17:44:59.477820","37.28343999999999","127.043884"
"13308","2026-06-11T17:44:59.479507","37.281327999999995","127.04347200000001"
"13309","2026-06-11T17:44:59.480513","37.281346","127.04345400000001"
"13310","2026-06-11T17:44:59.481513","37.281363999999996","127.043436"
"13311","2026-06-11T17:44:59.481513","37.281382","127.043418"
"13312","2026-06-11T17:44:59.482521","37.2814","127.0434"
"13313","2026-06-11T17:44:59.483516","37.281417999999995","127.04338200000001"
"13314","2026-06-11T17:44:59.483516","37.283628","127.044972"
"13315","2026-06-11T17:44:59.484513","37.283646000000005","127.044954"
"13316","2026-06-11T17:44:59.484513","37.283664","127.04493599999999"
"13317","2026-06-11T17:44:59.485513","37.283682000000006","127.044918"
"13318","2026-06-11T17:44:59.485513","37.2837","127.0449"
"13319","2026-06-11T17:44:59.486514","37.283718","127.044882"
"13320","2026-06-11T17:44:59.487513","37.283736000000005","127.044864"
"13321","2026-06-11T17:44:59.487513","37.283754","127.04484599999999"
"13322","2026-06-11T17:44:59.488512","37.283772000000006","127.044828"
"13323","2026-06-11T17:44:59.489513","37.28364","127.044984"
"13324","2026-06-11T17:44:59.490516","37.283658","127.044966"
"13325","2026-06-11T17:44:59.490516","37.283676","127.04494799999999"
"13326","2026-06-11T17:44:59.491512","37.283694000000004","127.04493"
"13327","2026-06-11T17:44:59.492511","37.283712","127.044912"
"13328","2026-06-11T17:44:59.492511","37.28373","127.044894"
"13329","2026-06-11T17:44:59.493514","37.283748","127.044876"
"13330","2026-06-11T17:44:59.494513","37.283766","127.04485799999999"
"13331","2026-06-11T17:44:59.495513","37.283784000000004","127.04484"
"13332","2026-06-11T17:44:59.496514","37.283652000000004","127.044996"
"13333","2026-06-11T17:44:59.498513","37.28367000000001","127.044978"
"13334","2026-06-11T17:44:59.499513","37.283688000000005","127.04495999999999"
"13335","2026-06-11T17:44:59.500514","37.28370600000001","127.04494199999999"
"13336","2026-06-11T17:44:59.500514","37.282028","127.042572"
"13337","2026-06-11T17:44:59.501512","37.282046","127.04255400000001"
"13338","2026-06-11T17:44:59.501512","37.283927999999996","127.044172"
"13339","2026-06-11T17:44:59.502516","37.283946","127.044154"
"13340","2026-06-11T17:44:59.503512","37.283964","127.044136"
"13341","2026-06-11T17:44:59.503512","37.283982","127.044118"
"13342","2026-06-11T17:44:59.504513","37.284","127.0441"
"13343","2026-06-11T17:44:59.505514","37.284017999999996","127.044082"
"13344","2026-06-11T17:44:59.506513","37.284036","127.044064"
"13345","2026-06-11T17:44:59.507515","37.284054","127.044046"
"13346","2026-06-11T17:44:59.508512","37.284072","127.044028"
"13347","2026-06-11T17:44:59.509513","37.283939999999994","127.044184"
"13348","2026-06-11T17:44:59.510513","37.283958","127.044166"
"13349","2026-06-11T17:44:59.511512","37.283975999999996","127.04414799999999"
"13350","2026-06-11T17:44:59.511512","37.283994","127.04413"
"13351","2026-06-11T17:44:59.512512","37.284012","127.044112"
"13352","2026-06-11T17:44:59.512512","37.284029999999994","127.044094"
"13353","2026-06-11T17:44:59.513512","37.284048","127.044076"
"13354","2026-06-11T17:44:59.514512","37.284065999999996","127.04405799999999"
"13355","2026-06-11T17:44:59.515520","37.284084","127.04404"
"13356","2026-06-11T17:44:59.516513","37.281828","127.04607200000001"
"13357","2026-06-11T17:44:59.517512","37.282827999999995","127.046272"
"13358","2026-06-11T17:44:59.517512","37.282846","127.046254"
"13359","2026-06-11T17:44:59.518513","37.282864","127.046236"
"13360","2026-06-11T17:44:59.519513","37.282882","127.046218"
"13361","2026-06-11T17:44:59.519513","37.2829","127.0462"
"13362","2026-06-11T17:44:59.520513","37.281228","127.045672"
"13363","2026-06-11T17:44:59.520513","37.281246","127.045654"
"13364","2026-06-11T17:44:59.521513","37.281264","127.04563599999999"
"13365","2026-06-11T17:44:59.522512","37.281282000000004","127.04561799999999"
"13366","2026-06-11T17:44:59.523513","37.2813","127.0456"
"13367","2026-06-11T17:44:59.524512","37.281318","127.045582"
"13368","2026-06-11T17:44:59.525513","37.281336","127.045564"
"13369","2026-06-11T17:44:59.526512","37.281354","127.04554599999999"
"13370","2026-06-11T17:44:59.527512","37.281372000000005","127.04552799999999"
"13371","2026-06-11T17:44:59.527512","37.28124","127.045684"
"13372","2026-06-11T17:44:59.528511","37.281258","127.045666"
"13373","2026-06-11T17:44:59.529511","37.281276","127.04564799999999"
"13374","2026-06-11T17:44:59.529511","37.284028","127.043272"
"13375","2026-06-11T17:44:59.531513","37.284046000000004","127.043254"
"13376","2026-06-11T17:44:59.532512","37.284064","127.043236"
"13377","2026-06-11T17:44:59.532512","37.284082000000005","127.043218"
"13378","2026-06-11T17:44:59.533515","37.2841","127.0432"
"13379","2026-06-11T17:44:59.534515","37.284118","127.043182"
"13380","2026-06-11T17:44:59.534515","37.284136000000004","127.043164"
"13381","2026-06-11T17:44:59.535515","37.284154","127.043146"
"13382","2026-06-11T17:44:59.536515","37.281028","127.044272"
"13383","2026-06-11T17:44:59.536515","37.281046","127.04425400000001"
"13384","2026-06-11T17:44:59.537515","37.281064","127.044236"
"13385","2026-06-11T17:44:59.539518","37.281082000000005","127.044218"
"13386","2026-06-11T17:44:59.541144","37.2811","127.0442"
"13387","2026-06-11T17:44:59.542150","37.281118","127.044182"
"13388","2026-06-11T17:44:59.543152","37.281136000000004","127.04416400000001"
"13389","2026-06-11T17:44:59.544149","37.281154","127.044146"
"13390","2026-06-11T17:44:59.544149","37.281172000000005","127.044128"
"13391","2026-06-11T17:44:59.545163","37.28104","127.044284"
"13392","2026-06-11T17:44:59.545163","37.281058","127.04426600000001"
"13393","2026-06-11T17:44:59.546149","37.281076","127.044248"
"13394","2026-06-11T17:44:59.546149","37.281094","127.04423"
"13395","2026-06-11T17:44:59.547654","37.281112","127.044212"
"13396","2026-06-11T17:44:59.548660","37.28113","127.044194"
"13397","2026-06-11T17:44:59.548660","37.283828","127.045372"
"13398","2026-06-11T17:44:59.549659","37.283846000000004","127.045354"
"13399","2026-06-11T17:44:59.550659","37.283864","127.04533599999999"
"13400","2026-06-11T17:44:59.550659","37.282227999999996","127.04647200000001"
"13401","2026-06-11T17:44:59.551661","37.282246","127.04645400000001"
"13402","2026-06-11T17:44:59.552660","37.282264","127.046436"
"13403","2026-06-11T17:44:59.552660","37.282282","127.046418"
"13404","2026-06-11T17:44:59.553659","37.2823","127.0464"
"13405","2026-06-11T17:44:59.554661","37.282318","127.04638200000001"
"13406","2026-06-11T17:44:59.555660","37.282336","127.04636400000001"
"13407","2026-06-11T17:44:59.557660","37.282354","127.046346"
"13408","2026-06-11T17:44:59.558660","37.282372","127.046328"
"13409","2026-06-11T17:44:59.558660","37.282239999999994","127.046484"
"13410","2026-06-11T17:44:59.561660","37.280927999999996","127.043772"
"13411","2026-06-11T17:44:59.562659","37.280946","127.043754"
"13412","2026-06-11T17:44:59.562659","37.280964","127.043736"
"13413","2026-06-11T17:44:59.563665","37.280982","127.043718"
"13414","2026-06-11T17:44:59.563665","37.281","127.0437"
"13415","2026-06-11T17:44:59.564661","37.281017999999996","127.043682"
"13416","2026-06-11T17:44:59.564661","37.284127999999995","127.044872"
"13417","2026-06-11T17:44:59.565663","37.284146","127.044854"
"13418","2026-06-11T17:44:59.565663","37.284164","127.04483599999999"
"13419","2026-06-11T17:44:59.566661","37.284182","127.04481799999999"
"13420","2026-06-11T17:44:59.566959","37.2842","127.0448"
"13421","2026-06-11T17:44:59.566959","37.284217999999996","127.044782"
"13422","2026-06-11T17:44:59.568022","37.284236","127.044764"
"13423","2026-06-11T17:44:59.568022","37.284254","127.04474599999999"
"13424","2026-06-11T17:44:59.568978","37.284272","127.04472799999999"
"13425","2026-06-11T17:44:59.568978","37.284139999999994","127.044884"
"13426","2026-06-11T17:44:59.568978","37.284158","127.044866"
"13427","2026-06-11T17:44:59.569979","37.284175999999995","127.04484799999999"
"13428","2026-06-11T17:44:59.569979","37.284194","127.04482999999999"
"13429","2026-06-11T17:44:59.569979","37.284212","127.044812"
"13430","2026-06-11T17:44:59.570982","37.284229999999994","127.044794"
"13431","2026-06-11T17:44:59.570982","37.284248","127.044776"
"13432","2026-06-11T17:44:59.572057","37.284265999999995","127.04475799999999"
"13433","2026-06-11T17:44:59.572057","37.284284","127.04473999999999"
"13434","2026-06-11T17:44:59.573203","37.284152","127.044896"
"13435","2026-06-11T17:44:59.574075","37.28417","127.044878"
"13436","2026-06-11T17:44:59.574075","37.284188","127.04485999999999"
"13437","2026-06-11T17:44:59.574075","37.284206000000005","127.04484199999999"
"13438","2026-06-11T17:44:59.575071","37.283227999999994","127.046672"
"13439","2026-06-11T17:44:59.575071","37.283246","127.046654"
"13440","2026-06-11T17:44:59.576076","37.281127999999995","127.042972"
"13441","2026-06-11T17:44:59.576076","37.281146","127.04295400000001"
"13442","2026-06-11T17:44:59.576076","37.281164","127.042936"
"13443","2026-06-11T17:44:59.577083","37.281182","127.042918"
"13444","2026-06-11T17:44:59.578101","37.2812","127.0429"
"13445","2026-06-11T17:44:59.578101","37.281217999999996","127.042882"
"13446","2026-06-11T17:44:59.578101","37.281236","127.04286400000001"
"13447","2026-06-11T17:44:59.579086","37.281254","127.042846"
"13448","2026-06-11T17:44:59.579086","37.281272","127.042828"
"13449","2026-06-11T17:44:59.579086","37.28113999999999","127.042984"
"13450","2026-06-11T17:44:59.580064","37.281158","127.042966"
"13451","2026-06-11T17:44:59.580064","37.281175999999995","127.042948"
"13452","2026-06-11T17:44:59.581065","37.281194","127.04293"
"13453","2026-06-11T17:44:59.581065","37.281212","127.042912"
"13454","2026-06-11T17:44:59.582070","37.281229999999994","127.042894"
"13455","2026-06-11T17:44:59.583072","37.281248","127.042876"
"13456","2026-06-11T17:44:59.583072","37.281265999999995","127.042858"
"13457","2026-06-11T17:44:59.583072","37.281284","127.04284"
"13458","2026-06-11T17:44:59.584095","37.283128","127.04517200000001"
"13459","2026-06-11T17:44:59.584095","37.282128","127.045572"
"13460","2026-06-11T17:44:59.584095","37.282146000000004","127.04555400000001"
"13461","2026-06-11T17:44:59.585080","37.282164","127.045536"
"13462","2026-06-11T17:44:59.585080","37.282182000000006","127.045518"
"13463","2026-06-11T17:44:59.586065","37.2822","127.0455"
"13464","2026-06-11T17:44:59.587069","37.281628","127.04477200000001"
"13465","2026-06-11T17:44:59.588083","37.281646","127.04475400000001"
"13466","2026-06-11T17:44:59.589237","37.281664","127.044736"
"13467","2026-06-11T17:44:59.589237","37.281682","127.044718"
"13468","2026-06-11T17:44:59.590243","37.2817","127.0447"
"13469","2026-06-11T17:44:59.590243","37.281718","127.04468200000001"
"13470","2026-06-11T17:44:59.591239","37.281736","127.04466400000001"
"13471","2026-06-11T17:44:59.591239","37.281754","127.044646"
"13472","2026-06-11T17:44:59.592239","37.281772000000004","127.044628"
"13473","2026-06-11T17:44:59.592239","37.281639999999996","127.044784"
"13474","2026-06-11T17:44:59.592239","37.281658","127.04476600000001"
"13475","2026-06-11T17:44:59.593240","37.281676","127.044748"
"13476","2026-06-11T17:44:59.593240","37.282128","127.044972"
"13477","2026-06-11T17:44:59.594240","37.282146000000004","127.044954"
"13478","2026-06-11T17:44:59.594240","37.282164","127.04493599999999"
"13479","2026-06-11T17:44:59.595241","37.282182000000006","127.044918"
"13480","2026-06-11T17:44:59.595241","37.2822","127.0449"
"13481","2026-06-11T17:44:59.596238","37.282218","127.044882"
"13482","2026-06-11T17:44:59.596238","37.282236000000005","127.044864"
"13483","2026-06-11T17:44:59.597275","37.282254","127.04484599999999"
"13484","2026-06-11T17:44:59.597275","37.283328","127.04437200000001"
"13485","2026-06-11T17:44:59.598287","37.283346","127.04435400000001"
"13486","2026-06-11T17:44:59.599275","37.283364","127.044336"
"13487","2026-06-11T17:44:59.599275","37.283382","127.044318"
"13488","2026-06-11T17:44:59.600279","37.2834","127.0443"
"13489","2026-06-11T17:44:59.600279","37.283418","127.04428200000001"
"13490","2026-06-11T17:44:59.600279","37.283436","127.04426400000001"
"13491","2026-06-11T17:44:59.601266","37.283454","127.044246"
"13492","2026-06-11T17:44:59.601266","37.283472","127.044228"
"13493","2026-06-11T17:44:59.602240","37.283339999999995","127.04438400000001"
"13494","2026-06-11T17:44:59.603255","37.283358","127.04436600000001"
"13495","2026-06-11T17:44:59.604256","37.283376","127.044348"
"13496","2026-06-11T17:44:59.605486","37.283394","127.04433"
"13497","2026-06-11T17:44:59.606238","37.283412","127.044312"
"13498","2026-06-11T17:44:59.606238","37.283429999999996","127.04429400000001"
"13499","2026-06-11T17:44:59.607320","37.281327999999995","127.04387200000001"
"13500","2026-06-11T17:44:59.607320","37.281346","127.04385400000001"
"13501","2026-06-11T17:44:59.608271","37.281363999999996","127.043836"
"13502","2026-06-11T17:44:59.608271","37.282528","127.043272"
"13503","2026-06-11T17:44:59.609316","37.282546","127.043254"
"13504","2026-06-11T17:44:59.609316","37.282564","127.043236"
"13505","2026-06-11T17:44:59.609316","37.282582000000005","127.043218"
"13506","2026-06-11T17:44:59.610298","37.2826","127.0432"
"13507","2026-06-11T17:44:59.611278","37.282618","127.043182"
"13508","2026-06-11T17:44:59.611278","37.282636000000004","127.043164"
"13509","2026-06-11T17:44:59.612323","37.282654","127.043146"
"13510","2026-06-11T17:44:59.612323","37.282672000000005","127.043128"
"13511","2026-06-11T17:44:59.612323","37.28254","127.043284"
"13512","2026-06-11T17:44:59.613278","37.282728","127.04477200000001"
"13513","2026-06-11T17:44:59.613278","37.282746","127.04475400000001"
"13514","2026-06-11T17:44:59.614484","37.282764","127.044736"
"13515","2026-06-11T17:44:59.614484","37.282782000000005","127.044718"
"13516","2026-06-11T17:44:59.615264","37.2828","127.0447"
"13517","2026-06-11T17:44:59.616257","37.282818","127.04468200000001"
"13518","2026-06-11T17:44:59.616257","37.281727999999994","127.045072"
"13519","2026-06-11T17:44:59.616257","37.281746","127.04505400000001"
"13520","2026-06-11T17:44:59.617294","37.281763999999995","127.045036"
"13521","2026-06-11T17:44:59.618321","37.281782","127.045018"
"13522","2026-06-11T17:44:59.619348","37.2818","127.045"
"13523","2026-06-11T17:44:59.619348","37.281817999999994","127.044982"
"13524","2026-06-11T17:44:59.620373","37.281836","127.04496400000001"
"13525","2026-06-11T17:44:59.620373","37.281853999999996","127.044946"
"13526","2026-06-11T17:44:59.621333","37.281872","127.044928"
"13527","2026-06-11T17:44:59.621333","37.28173999999999","127.045084"
"13528","2026-06-11T17:44:59.622336","37.281757999999996","127.045066"
"13529","2026-06-11T17:44:59.623337","37.281775999999994","127.045048"
"13530","2026-06-11T17:44:59.623337","37.281794","127.04503"
"13531","2026-06-11T17:44:59.624346","37.281811999999995","127.045012"
"13532","2026-06-11T17:44:59.624346","37.28182999999999","127.044994"
"13533","2026-06-11T17:44:59.625373","37.281848","127.044976"
"13534","2026-06-11T17:44:59.626344","37.281865999999994","127.044958"
"13535","2026-06-11T17:44:59.629344","37.281884","127.04494"
"13536","2026-06-11T17:44:59.631338","37.281752","127.045096"
"13537","2026-06-11T17:44:59.632435","37.28177","127.045078"
"13538","2026-06-11T17:44:59.633673","37.281788","127.04505999999999"
"13539","2026-06-11T17:44:59.634682","37.281806","127.045042"
"13540","2026-06-11T17:44:59.634682","37.283027999999995","127.043572"
"13541","2026-06-11T17:44:59.635705","37.283046","127.043554"
"13542","2026-06-11T17:44:59.636729","37.281428","127.044672"
"13543","2026-06-11T17:44:59.636729","37.281446","127.04465400000001"
"13544","2026-06-11T17:44:59.638683","37.281464","127.044636"
"13545","2026-06-11T17:44:59.638683","37.281482000000004","127.044618"
"13546","2026-06-11T17:44:59.639685","37.2815","127.0446"
"13547","2026-06-11T17:44:59.639685","37.281518","127.044582"
"13548","2026-06-11T17:44:59.640681","37.281536","127.04456400000001"
"13549","2026-06-11T17:44:59.640681","37.281554","127.044546"
"13550","2026-06-11T17:44:59.641706","37.281572000000004","127.044528"
"13551","2026-06-11T17:44:59.641706","37.281439999999996","127.044684"
"13552","2026-06-11T17:44:59.641706","37.281458","127.044666"
"13553","2026-06-11T17:44:59.642716","37.281476","127.044648"
"13554","2026-06-11T17:44:59.642716","37.281494","127.04463"
"13555","2026-06-11T17:44:59.643774","37.281512","127.044612"
"13556","2026-06-11T17:44:59.643774","37.28153","127.044594"
"13557","2026-06-11T17:44:59.643774","37.281548","127.044576"
"13558","2026-06-11T17:44:59.644787","37.281566","127.044558"
"13559","2026-06-11T17:44:59.644787","37.281584","127.04454"
"13560","2026-06-11T17:44:59.645712","37.299927999999994","127.100072"
"13561","2026-06-11T17:44:59.645712","37.282328","127.045872"
"13562","2026-06-11T17:44:59.646689","37.282346000000004","127.045854"
"13563","2026-06-11T17:44:59.647710","37.282364","127.045836"
"13564","2026-06-11T17:44:59.648217","37.282382000000005","127.045818"
"13565","2026-06-11T17:44:59.649409","37.2824","127.0458"
"13566","2026-06-11T17:44:59.649409","37.283427999999994","127.045072"
"13567","2026-06-11T17:44:59.650469","37.283446","127.04505400000001"
"13568","2026-06-11T17:44:59.650469","37.283463999999995","127.045036"
"13569","2026-06-11T17:44:59.651386","37.283482","127.045018"
"13570","2026-06-11T17:44:59.651386","37.2835","127.045"
"13571","2026-06-11T17:44:59.651386","37.283517999999994","127.044982"
"13572","2026-06-11T17:44:59.652404","37.283536","127.04496400000001"
"13573","2026-06-11T17:44:59.652404","37.283553999999995","127.044946"
"13574","2026-06-11T17:44:59.653498","37.283572","127.044928"
"13575","2026-06-11T17:44:59.653498","37.28343999999999","127.045084"
"13576","2026-06-11T17:44:59.653498","37.283457999999996","127.045066"
"13577","2026-06-11T17:44:59.654406","37.28347599999999","127.045048"
"13578","2026-06-11T17:44:59.655421","37.281028","127.045472"
"13579","2026-06-11T17:44:59.655421","37.281046","127.045454"
"13580","2026-06-11T17:44:59.656389","37.281064","127.045436"
"13581","2026-06-11T17:44:59.656389","37.281082000000005","127.045418"
"13582","2026-06-11T17:44:59.657411","37.2811","127.0454"
"13583","2026-06-11T17:44:59.657411","37.281118","127.045382"
"13584","2026-06-11T17:44:59.657411","37.281136000000004","127.045364"
"13585","2026-06-11T17:44:59.658405","37.281154","127.045346"
"13586","2026-06-11T17:44:59.658405","37.282928","127.04607200000001"
"13587","2026-06-11T17:44:59.658405","37.282946","127.04605400000001"
"13588","2026-06-11T17:44:59.659439","37.282964","127.046036"
"13589","2026-06-11T17:44:59.659439","37.282982000000004","127.046018"
"13590","2026-06-11T17:44:59.659439","37.283","127.046"
"13591","2026-06-11T17:44:59.660381","37.283018","127.04598200000001"
"13592","2026-06-11T17:44:59.660381","37.283036","127.04596400000001"
"13593","2026-06-11T17:44:59.660381","37.283054","127.045946"
"13594","2026-06-11T17:44:59.661383","37.283072000000004","127.045928"
"13595","2026-06-11T17:44:59.661383","37.282939999999996","127.04608400000001"
"13596","2026-06-11T17:44:59.662423","37.282958","127.04606600000001"
"13597","2026-06-11T17:44:59.662423","37.282976","127.046048"
"13598","2026-06-11T17:44:59.663447","37.282994","127.04603"
"13599","2026-06-11T17:44:59.664376","37.283012","127.046012"
"13600","2026-06-11T17:44:59.664376","37.28303","127.04599400000001"
"13601","2026-06-11T17:44:59.665413","37.281828","127.045972"
"13602","2026-06-11T17:44:59.665413","37.281846","127.04595400000001"
"13603","2026-06-11T17:44:59.665413","37.281864","127.045936"
"13604","2026-06-11T17:44:59.666407","37.283528","127.044072"
"13605","2026-06-11T17:44:59.666407","37.283546","127.044054"
"13606","2026-06-11T17:44:59.667386","37.283564","127.04403599999999"
"13607","2026-06-11T17:44:59.667386","37.283582","127.044018"
"13608","2026-06-11T17:44:59.668405","37.2836","127.044"
"13609","2026-06-11T17:44:59.668405","37.283618","127.043982"
"13610","2026-06-11T17:44:59.668405","37.283636","127.043964"
"13611","2026-06-11T17:44:59.669413","37.283654","127.04394599999999"
"13612","2026-06-11T17:44:59.669413","37.283672","127.043928"
"13613","2026-06-11T17:44:59.669413","37.283539999999995","127.044084"
"13614","2026-06-11T17:44:59.670425","37.282227999999996","127.043172"
"13615","2026-06-11T17:44:59.670425","37.282246","127.043154"
"13616","2026-06-11T17:44:59.671459","37.282264","127.04313599999999"
"13617","2026-06-11T17:44:59.671459","37.282282","127.04311799999999"
"13618","2026-06-11T17:44:59.672391","37.2823","127.0431"
"13619","2026-06-11T17:44:59.672391","37.282318","127.043082"
"13620","2026-06-11T17:44:59.672391","37.283227999999994","127.043772"
"13621","2026-06-11T17:44:59.673398","37.283246","127.043754"
"13622","2026-06-11T17:44:59.673398","37.283263999999996","127.043736"
"13623","2026-06-11T17:44:59.673398","37.283282","127.043718"
"13624","2026-06-11T17:44:59.674394","37.2833","127.0437"
"13625","2026-06-11T17:44:59.674394","37.283317999999994","127.043682"
"13626","2026-06-11T17:44:59.674394","37.283336","127.043664"
"13627","2026-06-11T17:44:59.675384","37.283353999999996","127.043646"
"13628","2026-06-11T17:44:59.675384","37.283372","127.043628"
"13629","2026-06-11T17:44:59.675384","37.28323999999999","127.043784"
"13630","2026-06-11T17:44:59.676384","37.283258","127.043766"
"13631","2026-06-11T17:44:59.676384","37.283275999999994","127.043748"
"13632","2026-06-11T17:44:59.676384","37.283294","127.04373"
"13633","2026-06-11T17:44:59.677447","37.283311999999995","127.043712"
"13634","2026-06-11T17:44:59.677447","37.28332999999999","127.043694"
"13635","2026-06-11T17:44:59.678389","37.283348","127.043676"
"13636","2026-06-11T17:44:59.678389","37.283365999999994","127.043658"
"13637","2026-06-11T17:44:59.678389","37.283384","127.04364"
"13638","2026-06-11T17:44:59.679766","37.283252","127.043796"
"13639","2026-06-11T17:44:59.680784","37.28327","127.043778"
"13640","2026-06-11T17:44:59.681781","37.283288","127.04375999999999"
"13641","2026-06-11T17:44:59.681781","37.283306","127.043742"
"13642","2026-06-11T17:44:59.682786","37.28192799999999","127.046272"
"13643","2026-06-11T17:44:59.682786","37.281946","127.046254"
"13644","2026-06-11T17:44:59.683795","37.281228","127.04347200000001"
"13645","2026-06-11T17:44:59.683795","37.281246","127.04345400000001"
"13646","2026-06-11T17:44:59.684796","37.281264","127.043436"
"13647","2026-06-11T17:44:59.684796","37.281282000000004","127.043418"
"13648","2026-06-11T17:44:59.684796","37.2813","127.0434"
"13649","2026-06-11T17:44:59.685802","37.281318","127.04338200000001"
"13650","2026-06-11T17:44:59.685802","37.281336","127.04336400000001"
"13651","2026-06-11T17:44:59.686823","37.281354","127.043346"
"13652","2026-06-11T17:44:59.686823","37.281372000000005","127.043328"
"13653","2026-06-11T17:44:59.686823","37.28124","127.043484"
"13654","2026-06-11T17:44:59.687854","37.281258","127.04346600000001"
"13655","2026-06-11T17:44:59.688784","37.281276","127.043448"
"13656","2026-06-11T17:44:59.688784","37.281294","127.04343"
"13657","2026-06-11T17:44:59.689781","37.281312","127.043412"
"13658","2026-06-11T17:44:59.689781","37.28133","127.043394"
"13659","2026-06-11T17:44:59.690793","37.281348","127.04337600000001"
"13660","2026-06-11T17:44:59.690793","37.281366","127.043358"
"13661","2026-06-11T17:44:59.691789","37.281384","127.04334"
"13662","2026-06-11T17:44:59.691789","37.282478","127.046422"
"13663","2026-06-11T17:44:59.692778","37.283677999999995","127.045422"
"13664","2026-06-11T17:44:59.693789","37.283696","127.045404"
"13665","2026-06-11T17:44:59.694864","37.283713999999996","127.045386"
"13666","2026-06-11T17:44:59.695879","37.283732","127.045368"
"13667","2026-06-11T17:44:59.696950","37.28375","127.04535"
"13668","2026-06-11T17:44:59.697879","37.281678","127.046522"
"13669","2026-06-11T17:44:59.698889","37.281696000000004","127.046504"
"13670","2026-06-11T17:44:59.698889","37.281714","127.04648599999999"
"13671","2026-06-11T17:44:59.699918","37.281732000000005","127.04646799999999"
"13672","2026-06-11T17:44:59.700900","37.28175","127.04645"
"13673","2026-06-11T17:44:59.700900","37.281768","127.046432"
"13674","2026-06-11T17:44:59.701913","37.281786000000004","127.046414"
"13675","2026-06-11T17:44:59.701913","37.281804","127.04639599999999"
"13676","2026-06-11T17:44:59.702899","37.281822000000005","127.04637799999999"
"13677","2026-06-11T17:44:59.703896","37.28169","127.046534"
"13678","2026-06-11T17:44:59.703896","37.281708","127.046516"
"13679","2026-06-11T17:44:59.704878","37.281726","127.04649799999999"
"13680","2026-06-11T17:44:59.704878","37.281378","127.045922"
"13681","2026-06-11T17:44:59.705877","37.281396","127.04590400000001"
"13682","2026-06-11T17:44:59.706951","37.281414","127.045886"
"13683","2026-06-11T17:44:59.706951","37.281432","127.045868"
"13684","2026-06-11T17:44:59.707902","37.28145","127.04585"
"13685","2026-06-11T17:44:59.707902","37.281468","127.045832"
"13686","2026-06-11T17:44:59.708897","37.281486","127.04581400000001"
"13687","2026-06-11T17:44:59.708897","37.281504","127.045796"
"13688","2026-06-11T17:44:59.709903","37.282078","127.046672"
"13689","2026-06-11T17:44:59.709903","37.282096","127.046654"
"13690","2026-06-11T17:44:59.710951","37.282114","127.04663599999999"
"13691","2026-06-11T17:44:59.710951","37.282132000000004","127.046618"
"13692","2026-06-11T17:44:59.710951","37.28215","127.0466"
"13693","2026-06-11T17:44:59.711892","37.282168","127.046582"
"13694","2026-06-11T17:44:59.712898","37.282186","127.046564"
"13695","2026-06-11T17:44:59.712898","37.282204","127.04654599999999"
"13696","2026-06-11T17:44:59.713900","37.282222000000004","127.046528"
"13697","2026-06-11T17:44:59.713900","37.28209","127.046684"
"13698","2026-06-11T17:44:59.713900","37.282108","127.046666"
"13699","2026-06-11T17:44:59.714885","37.282126","127.04664799999999"
"13700","2026-06-11T17:44:59.714885","37.282144","127.04663"
"13701","2026-06-11T17:44:59.714885","37.282162","127.046612"
"13702","2026-06-11T17:44:59.714885","37.28218","127.046594"
"13703","2026-06-11T17:44:59.715884","37.283077999999996","127.045972"
"13704","2026-06-11T17:44:59.715884","37.283096","127.04595400000001"
"13705","2026-06-11T17:44:59.716903","37.283114","127.045936"
"13706","2026-06-11T17:44:59.716903","37.280877999999994","127.04472200000001"
"13707","2026-06-11T17:44:59.716903","37.280896","127.04470400000001"
"13708","2026-06-11T17:44:59.717878","37.280913999999996","127.044686"
"13709","2026-06-11T17:44:59.717878","37.280932","127.044668"
"13710","2026-06-11T17:44:59.717878","37.28095","127.04465"
"13711","2026-06-11T17:44:59.718948","37.280967999999994","127.04463200000001"
"13712","2026-06-11T17:44:59.718948","37.280986","127.04461400000001"
"13713","2026-06-11T17:44:59.718948","37.281003999999996","127.044596"
"13714","2026-06-11T17:44:59.719891","37.281022","127.044578"
"13715","2026-06-11T17:44:59.719891","37.28088999999999","127.044734"
"13716","2026-06-11T17:44:59.720885","37.283477999999995","127.043322"
"13717","2026-06-11T17:44:59.720885","37.283496","127.043304"
"13718","2026-06-11T17:44:59.720885","37.283514","127.043286"
"13719","2026-06-11T17:44:59.721962","37.283532","127.043268"
"13720","2026-06-11T17:44:59.721962","37.28355","127.04325"
"13721","2026-06-11T17:44:59.722888","37.283567999999995","127.043232"
"13722","2026-06-11T17:44:59.722888","37.281577999999996","127.043322"
"13723","2026-06-11T17:44:59.722888","37.281596","127.043304"
"13724","2026-06-11T17:44:59.722888","37.281614","127.043286"
"13725","2026-06-11T17:44:59.723897","37.281632","127.043268"
"13726","2026-06-11T17:44:59.723897","37.28165","127.04325"
"13727","2026-06-11T17:44:59.723897","37.281667999999996","127.043232"
"13728","2026-06-11T17:44:59.724893","37.281686","127.043214"
"13729","2026-06-11T17:44:59.724893","37.281704","127.043196"
"13730","2026-06-11T17:44:59.725882","37.281722","127.043178"
"13731","2026-06-11T17:44:59.725882","37.281589999999994","127.043334"
"13732","2026-06-11T17:44:59.726899","37.281608","127.043316"
"13733","2026-06-11T17:44:59.726899","37.281625999999996","127.043298"
"13734","2026-06-11T17:44:59.726899","37.281644","127.04328"
"13735","2026-06-11T17:44:59.727877","37.281662","127.043262"
"13736","2026-06-11T17:44:59.727877","37.281679999999994","127.043244"
"13737","2026-06-11T17:44:59.728916","37.281698","127.043226"
"13738","2026-06-11T17:44:59.728916","37.281715999999996","127.04320799999999"
"13739","2026-06-11T17:44:59.729897","37.281734","127.04319"
"13740","2026-06-11T17:44:59.729897","37.281602","127.043346"
"13741","2026-06-11T17:44:59.730878","37.281620000000004","127.043328"
"13742","2026-06-11T17:44:59.730878","37.281638","127.04330999999999"
"13743","2026-06-11T17:44:59.730878","37.281656000000005","127.043292"
"13744","2026-06-11T17:44:59.731910","37.280778","127.045422"
"13745","2026-06-11T17:44:59.731910","37.280796","127.045404"
"13746","2026-06-11T17:44:59.731910","37.283778","127.043822"
"13747","2026-06-11T17:44:59.732907","37.283796","127.04380400000001"
"13748","2026-06-11T17:44:59.732907","37.283814","127.043786"
"13749","2026-06-11T17:44:59.732907","37.283832000000004","127.043768"
"13750","2026-06-11T17:44:59.733911","37.28385","127.04375"
"13751","2026-06-11T17:44:59.733911","37.283868","127.043732"
"13752","2026-06-11T17:44:59.733911","37.283886","127.04371400000001"
"13753","2026-06-11T17:44:59.734924","37.283904","127.043696"
"13754","2026-06-11T17:44:59.734924","37.283922000000004","127.043678"
"13755","2026-06-11T17:44:59.735996","37.283789999999996","127.043834"
"13756","2026-06-11T17:44:59.735996","37.283808","127.043816"
"13757","2026-06-11T17:44:59.735996","37.283826","127.043798"
"13758","2026-06-11T17:44:59.736920","37.283844","127.04378"
"13759","2026-06-11T17:44:59.736920","37.283862","127.043762"
"13760","2026-06-11T17:44:59.736920","37.283879999999996","127.043744"
"13761","2026-06-11T17:44:59.737912","37.283898","127.043726"
"13762","2026-06-11T17:44:59.737912","37.283916","127.043708"
"13763","2026-06-11T17:44:59.737912","37.283934","127.04369"
"13764","2026-06-11T17:44:59.738913","37.280677999999995","127.043822"
"13765","2026-06-11T17:44:59.738913","37.280477999999995","127.04432200000001"
"13766","2026-06-11T17:44:59.739942","37.280496","127.04430400000001"
"13767","2026-06-11T17:44:59.739942","37.280514","127.044286"
"13768","2026-06-11T17:44:59.739942","37.280532","127.044268"
"13769","2026-06-11T17:44:59.740957","37.28055","127.04425"
"13770","2026-06-11T17:44:59.740957","37.282377999999994","127.042522"
"13771","2026-06-11T17:44:59.740957","37.282396","127.04250400000001"
"13772","2026-06-11T17:44:59.741913","37.282413999999996","127.042486"
"13773","2026-06-11T17:44:59.741913","37.282432","127.042468"
"13774","2026-06-11T17:44:59.741913","37.28245","127.04245"
"13775","2026-06-11T17:44:59.742917","37.282467999999994","127.042432"
"13776","2026-06-11T17:44:59.742917","37.282486","127.04241400000001"
"13777","2026-06-11T17:44:59.742917","37.282503999999996","127.042396"
"13778","2026-06-11T17:44:59.743942","37.282522","127.042378"
"13779","2026-06-11T17:44:59.743942","37.28238999999999","127.042534"
"13780","2026-06-11T17:44:59.743942","37.282408","127.042516"
"13781","2026-06-11T17:44:59.744915","37.282425999999994","127.042498"
"13782","2026-06-11T17:44:59.744915","37.280828","127.044122"
"13783","2026-06-11T17:44:59.745917","37.280846000000004","127.044104"
"13784","2026-06-11T17:44:59.745917","37.280864","127.044086"
"13785","2026-06-11T17:44:59.745917","37.280882000000005","127.044068"
"13786","2026-06-11T17:44:59.746930","37.2809","127.04405"
"13787","2026-06-11T17:44:59.746930","37.280918","127.044032"
"13788","2026-06-11T17:44:59.747941","37.280936000000004","127.044014"
"13789","2026-06-11T17:44:59.747941","37.280954","127.04399599999999"
"13790","2026-06-11T17:44:59.748492","37.280578","127.046122"
"13791","2026-06-11T17:44:59.748492","37.280596","127.046104"
"13792","2026-06-11T17:44:59.748492","37.280614","127.04608599999999"
"13793","2026-06-11T17:44:59.749541","37.280632000000004","127.04606799999999"
"13794","2026-06-11T17:44:59.749541","37.28065","127.04605"
"13795","2026-06-11T17:44:59.749541","37.280668","127.046032"
"13796","2026-06-11T17:44:59.750549","37.280686","127.046014"
"13797","2026-06-11T17:44:59.750549","37.280704","127.04599599999999"
"13798","2026-06-11T17:44:59.750549","37.280722000000004","127.04597799999999"
"13799","2026-06-11T17:44:59.751603","37.28059","127.046134"
"13800","2026-06-11T17:44:59.751603","37.280608","127.046116"
"13801","2026-06-11T17:44:59.751603","37.280626","127.04609799999999"
"13802","2026-06-11T17:44:59.752585","37.280644","127.04607999999999"
"13803","2026-06-11T17:44:59.752585","37.280662","127.04606199999999"
"13804","2026-06-11T17:44:59.752585","37.28068","127.046044"
"13805","2026-06-11T17:44:59.753516","37.282678","127.04302200000001"
"13806","2026-06-11T17:44:59.753516","37.282696","127.04300400000001"
"13807","2026-06-11T17:44:59.753516","37.282714","127.042986"
"13808","2026-06-11T20:18:10.147252","37.283128","127.04517200000001"
"13809","2026-06-11T20:18:10.161772","37.282328","127.043972"
"13810","2026-06-11T20:18:10.162783","37.282346000000004","127.043954"
"13811","2026-06-11T20:18:10.164292","37.282364","127.04393599999999"
"13812","2026-06-11T20:18:10.165305","37.282382000000005","127.04391799999999"
"13813","2026-06-11T20:18:10.166305","37.2824","127.0439"
"13814","2026-06-11T20:18:10.167298","37.281628","127.04477200000001"
"13815","2026-06-11T20:18:10.168303","37.281646","127.04475400000001"
"13816","2026-06-11T20:18:10.168303","37.281664","127.044736"
"13817","2026-06-11T20:18:10.169297","37.281682","127.044718"
"13818","2026-06-11T20:18:10.169297","37.2817","127.0447"
"13819","2026-06-11T20:18:10.170298","37.281718","127.04468200000001"
"13820","2026-06-11T20:18:10.171297","37.281736","127.04466400000001"
"13821","2026-06-11T20:18:10.171297","37.281754","127.044646"
"13822","2026-06-11T20:18:10.172298","37.281772000000004","127.044628"
"13823","2026-06-11T20:18:10.173299","37.281639999999996","127.044784"
"13824","2026-06-11T20:18:10.174303","37.281658","127.04476600000001"
"13825","2026-06-11T20:18:10.174822","37.281676","127.044748"
"13826","2026-06-11T20:18:10.174822","37.282928","127.044172"
"13827","2026-06-11T20:18:10.175827","37.282946","127.044154"
"13828","2026-06-11T20:18:10.175827","37.282964","127.044136"
"13829","2026-06-11T20:18:10.176825","37.282982000000004","127.044118"
"13830","2026-06-11T20:18:10.176825","37.283","127.0441"
"13831","2026-06-11T20:18:10.177825","37.283018","127.044082"
"13832","2026-06-11T20:18:10.178839","37.283036","127.044064"
"13833","2026-06-11T20:18:10.179827","37.283054","127.044046"
"13834","2026-06-11T20:18:10.180831","37.282128","127.044972"
"13835","2026-06-11T20:18:10.181828","37.282146000000004","127.044954"
"13836","2026-06-11T20:18:10.181828","37.282164","127.04493599999999"
"13837","2026-06-11T20:18:10.182820","37.282182000000006","127.044918"
"13838","2026-06-11T20:18:10.182820","37.2822","127.0449"
"13839","2026-06-11T20:18:10.184327","37.282218","127.044882"
"13840","2026-06-11T20:18:10.184327","37.282236000000005","127.044864"
"13841","2026-06-11T20:18:10.185339","37.282254","127.04484599999999"
"13842","2026-06-11T20:18:10.185339","37.282272000000006","127.044828"
"13843","2026-06-11T20:18:10.186338","37.28214","127.044984"
"13844","2026-06-11T20:18:10.187332","37.282158","127.044966"
"13845","2026-06-11T20:18:10.187332","37.282176","127.04494799999999"
"13846","2026-06-11T20:18:10.188332","37.282194000000004","127.04493"
"13847","2026-06-11T20:18:10.189334","37.282212","127.044912"
"13848","2026-06-11T20:18:10.189334","37.28223","127.044894"
"13849","2026-06-11T20:18:10.190333","37.281828","127.043672"
"13850","2026-06-11T20:18:10.191332","37.281846","127.043654"
"13851","2026-06-11T20:18:10.191332","37.281864","127.04363599999999"
"13852","2026-06-11T20:18:10.192332","37.282627999999995","127.045472"
"13853","2026-06-11T20:18:10.192332","37.282646","127.045454"
"13854","2026-06-11T20:18:10.193337","37.282664","127.045436"
"13855","2026-06-11T20:18:10.193337","37.282682","127.045418"
"13856","2026-06-11T20:18:10.194854","37.2827","127.0454"
"13857","2026-06-11T20:18:10.194854","37.282717999999996","127.045382"
"13858","2026-06-11T20:18:10.195862","37.282736","127.045364"
"13859","2026-06-11T20:18:10.195862","37.282754","127.045346"
"13860","2026-06-11T20:18:10.196856","37.282772","127.045328"
"13861","2026-06-11T20:18:10.197858","37.282639999999994","127.045484"
"13862","2026-06-11T20:18:10.197858","37.283328","127.04437200000001"
"13863","2026-06-11T20:18:10.198869","37.283346","127.04435400000001"
"13864","2026-06-11T20:18:10.198869","37.283364","127.044336"
"13865","2026-06-11T20:18:10.199856","37.283382","127.044318"
"13866","2026-06-11T20:18:10.199856","37.2834","127.0443"
"13867","2026-06-11T20:18:10.200856","37.283418","127.04428200000001"
"13868","2026-06-11T20:18:10.200856","37.281727999999994","127.045272"
"13869","2026-06-11T20:18:10.201856","37.281746","127.045254"
"13870","2026-06-11T20:18:10.201856","37.281763999999995","127.04523599999999"
"13871","2026-06-11T20:18:10.202856","37.281782","127.04521799999999"
"13872","2026-06-11T20:18:10.202856","37.2818","127.0452"
"13873","2026-06-11T20:18:10.202856","37.281817999999994","127.045182"
"13874","2026-06-11T20:18:10.204366","37.281836","127.045164"
"13875","2026-06-11T20:18:10.204366","37.281853999999996","127.04514599999999"
"13876","2026-06-11T20:18:10.205381","37.281872","127.04512799999999"
"13877","2026-06-11T20:18:10.206377","37.28173999999999","127.045284"
"13878","2026-06-11T20:18:10.206377","37.281757999999996","127.045266"
"13879","2026-06-11T20:18:10.207380","37.281775999999994","127.04524799999999"
"13880","2026-06-11T20:18:10.207380","37.281794","127.04522999999999"
"13881","2026-06-11T20:18:10.208375","37.281811999999995","127.04521199999999"
"13882","2026-06-11T20:18:10.208375","37.28182999999999","127.045194"
"13883","2026-06-11T20:18:10.209390","37.281848","127.045176"
"13884","2026-06-11T20:18:10.209390","37.281865999999994","127.04515799999999"
"13885","2026-06-11T20:18:10.210383","37.281884","127.04513999999999"
"13886","2026-06-11T20:18:10.210383","37.281752","127.045296"
"13887","2026-06-11T20:18:10.211375","37.28177","127.045278"
"13888","2026-06-11T20:18:10.211375","37.281788","127.04525999999998"
"13889","2026-06-11T20:18:10.212380","37.281806","127.04524199999999"
"13890","2026-06-11T20:18:10.212380","37.282427999999996","127.043172"
"13891","2026-06-11T20:18:10.213374","37.282446","127.043154"
"13892","2026-06-11T20:18:10.214376","37.283027999999995","127.042972"
"13893","2026-06-11T20:18:10.214887","37.283046","127.04295400000001"
"13894","2026-06-11T20:18:10.215894","37.283063999999996","127.042936"
"13895","2026-06-11T20:18:10.216893","37.283082","127.042918"
"13896","2026-06-11T20:18:10.217892","37.2831","127.0429"
"13897","2026-06-11T20:18:10.218265","37.283117999999995","127.042882"
"13898","2026-06-11T20:18:10.219293","37.283136","127.04286400000001"
"13899","2026-06-11T20:18:10.220288","37.283153999999996","127.042846"
"13900","2026-06-11T20:18:10.220288","37.283172","127.042828"
"13901","2026-06-11T20:18:10.220288","37.28303999999999","127.042984"
"13902","2026-06-11T20:18:10.221288","37.283058","127.042966"
"13903","2026-06-11T20:18:10.222283","37.283075999999994","127.042948"
"13904","2026-06-11T20:18:10.222283","37.283094","127.04293"
"13905","2026-06-11T20:18:10.223800","37.283111999999996","127.042912"
"13906","2026-06-11T20:18:10.223800","37.28312999999999","127.042894"
"13907","2026-06-11T20:18:10.224815","37.283148","127.042876"
"13908","2026-06-11T20:18:10.225329","37.283165999999994","127.042858"
"13909","2026-06-11T20:18:10.225329","37.283184","127.04284"
"13910","2026-06-11T20:18:10.226343","37.281527999999994","127.044072"
"13911","2026-06-11T20:18:10.226343","37.28192799999999","127.042772"
"13912","2026-06-11T20:18:10.227337","37.281946","127.042754"
"13913","2026-06-11T20:18:10.227337","37.281963999999995","127.04273599999999"
"13914","2026-06-11T20:18:10.228334","37.281982","127.042718"
"13915","2026-06-11T20:18:10.228334","37.282","127.0427"
"13916","2026-06-11T20:18:10.229343","37.282928","127.044672"
"13917","2026-06-11T20:18:10.229343","37.282946","127.04465400000001"
"13918","2026-06-11T20:18:10.229343","37.282964","127.044636"
"13919","2026-06-11T20:18:10.230343","37.282982000000004","127.044618"
"13920","2026-06-11T20:18:10.230343","37.283","127.0446"
"13921","2026-06-11T20:18:10.231332","37.283018","127.044582"
"13922","2026-06-11T20:18:10.231332","37.283036","127.04456400000001"
"13923","2026-06-11T20:18:10.232337","37.283054","127.044546"
"13924","2026-06-11T20:18:10.232337","37.283072000000004","127.044528"
"13925","2026-06-11T20:18:10.232337","37.282939999999996","127.044684"
"13926","2026-06-11T20:18:10.233334","37.282958","127.044666"
"13927","2026-06-11T20:18:10.233334","37.282976","127.044648"
"13928","2026-06-11T20:18:10.234342","37.282728","127.043572"
"13929","2026-06-11T20:18:10.234865","37.282746","127.043554"
"13930","2026-06-11T20:18:10.234865","37.282764","127.04353599999999"
"13931","2026-06-11T20:18:10.235876","37.282782000000005","127.04351799999999"
"13932","2026-06-11T20:18:10.235876","37.2828","127.0435"
"13933","2026-06-11T20:18:10.236870","37.282818","127.043482"
"13934","2026-06-11T20:18:10.237868","37.282836","127.043464"
"13935","2026-06-11T20:18:10.238865","37.282854","127.04344599999999"
"13936","2026-06-11T20:18:10.239865","37.281428","127.044872"
"13937","2026-06-11T20:18:10.239865","37.281446","127.044854"
"13938","2026-06-11T20:18:10.241324","37.281464","127.04483599999999"
"13939","2026-06-11T20:18:10.241324","37.281482000000004","127.04481799999999"
"13940","2026-06-11T20:18:10.242335","37.2815","127.0448"
"13941","2026-06-11T20:18:10.242335","37.281518","127.044782"
"13942","2026-06-11T20:18:10.243337","37.281536","127.044764"
"13943","2026-06-11T20:18:10.243337","37.281554","127.04474599999999"
"13944","2026-06-11T20:18:10.244334","37.281572000000004","127.04472799999999"
"13945","2026-06-11T20:18:10.244845","37.281439999999996","127.044884"
"13946","2026-06-11T20:18:10.245861","37.281458","127.044866"
"13947","2026-06-11T20:18:10.245861","37.281476","127.04484799999999"
"13948","2026-06-11T20:18:10.246859","37.281494","127.04482999999999"
"13949","2026-06-11T20:18:10.246859","37.281512","127.044812"
"13950","2026-06-11T20:18:10.248256","37.28153","127.044794"
"13951","2026-06-11T20:18:10.248764","37.282528","127.045772"
"13952","2026-06-11T20:18:10.248764","37.282546","127.045754"
"13953","2026-06-11T20:18:10.248764","37.282564","127.04573599999999"
"13954","2026-06-11T20:18:10.249773","37.283427999999994","127.04387200000001"
"13955","2026-06-11T20:18:10.249773","37.283446","127.04385400000001"
"13956","2026-06-11T20:18:10.250772","37.283463999999995","127.043836"
"13957","2026-06-11T20:18:10.250772","37.283482","127.043818"
"13958","2026-06-11T20:18:10.250772","37.2835","127.0438"
"13959","2026-06-11T20:18:10.251777","37.283517999999994","127.04378200000001"
"13960","2026-06-11T20:18:10.251777","37.283536","127.04376400000001"
"13961","2026-06-11T20:18:10.252772","37.283553999999995","127.043746"
"13962","2026-06-11T20:18:10.253278","37.283572","127.043728"
"13963","2026-06-11T20:18:10.254288","37.28343999999999","127.043884"
"13964","2026-06-11T20:18:10.254288","37.281327999999995","127.04347200000001"
"13965","2026-06-11T20:18:10.254288","37.281346","127.04345400000001"
"13966","2026-06-11T20:18:10.255304","37.281363999999996","127.043436"
"13967","2026-06-11T20:18:10.256473","37.281382","127.043418"
"13968","2026-06-11T20:18:10.256473","37.2814","127.0434"
"13969","2026-06-11T20:18:10.257483","37.281417999999995","127.04338200000001"
"13970","2026-06-11T20:18:10.257483","37.283628","127.044972"
"13971","2026-06-11T20:18:10.258483","37.283646000000005","127.044954"
"13972","2026-06-11T20:18:10.258483","37.283664","127.04493599999999"
"13973","2026-06-11T20:18:10.259483","37.283682000000006","127.044918"
"13974","2026-06-11T20:18:10.260771","37.2837","127.0449"
"13975","2026-06-11T20:18:10.260771","37.283718","127.044882"
"13976","2026-06-11T20:18:10.261782","37.283736000000005","127.044864"
"13977","2026-06-11T20:18:10.262785","37.283754","127.04484599999999"
"13978","2026-06-11T20:18:10.262785","37.283772000000006","127.044828"
"13979","2026-06-11T20:18:10.262785","37.28364","127.044984"
"13980","2026-06-11T20:18:10.264302","37.283658","127.044966"
"13981","2026-06-11T20:18:10.265318","37.283676","127.04494799999999"
"13982","2026-06-11T20:18:10.265318","37.283694000000004","127.04493"
"13983","2026-06-11T20:18:10.266317","37.283712","127.044912"
"13984","2026-06-11T20:18:10.267312","37.28373","127.044894"
"13985","2026-06-11T20:18:10.268319","37.283748","127.044876"
"13986","2026-06-11T20:18:10.269325","37.283766","127.04485799999999"
"13987","2026-06-11T20:18:10.269325","37.283784000000004","127.04484"
"13988","2026-06-11T20:18:10.270327","37.283652000000004","127.044996"
"13989","2026-06-11T20:18:10.271318","37.28367000000001","127.044978"
"13990","2026-06-11T20:18:10.271318","37.283688000000005","127.04495999999999"
"13991","2026-06-11T20:18:10.272598","37.28370600000001","127.04494199999999"
"13992","2026-06-11T20:18:10.272598","37.282028","127.042572"
"13993","2026-06-11T20:18:10.272598","37.282046","127.04255400000001"
"13994","2026-06-11T20:18:10.274115","37.283927999999996","127.044172"
"13995","2026-06-11T20:18:10.274115","37.283946","127.044154"
"13996","2026-06-11T20:18:10.274115","37.283964","127.044136"
"13997","2026-06-11T20:18:10.275551","37.283982","127.044118"
"13998","2026-06-11T20:18:10.276564","37.284","127.0441"
"13999","2026-06-11T20:18:10.276564","37.284017999999996","127.044082"
"14000","2026-06-11T20:18:10.277565","37.284036","127.044064"
"14001","2026-06-11T20:18:10.278559","37.284054","127.044046"
"14002","2026-06-11T20:18:10.278559","37.284072","127.044028"
"14003","2026-06-11T20:18:10.279564","37.283939999999994","127.044184"
"14004","2026-06-11T20:18:10.280563","37.283958","127.044166"
"14005","2026-06-11T20:18:10.280563","37.283975999999996","127.04414799999999"
"14006","2026-06-11T20:18:10.281560","37.283994","127.04413"
"14007","2026-06-11T20:18:10.281560","37.284012","127.044112"
"14008","2026-06-11T20:18:10.282572","37.284029999999994","127.044094"
"14009","2026-06-11T20:18:10.282572","37.284048","127.044076"
"14010","2026-06-11T20:18:10.283565","37.284065999999996","127.04405799999999"
"14011","2026-06-11T20:18:10.283565","37.284084","127.04404"
"14012","2026-06-11T20:18:10.284562","37.281828","127.04607200000001"
"14013","2026-06-11T20:18:10.284562","37.282827999999995","127.046272"
"14014","2026-06-11T20:18:10.285643","37.282846","127.046254"
"14015","2026-06-11T20:18:10.285643","37.282864","127.046236"
"14016","2026-06-11T20:18:10.286639","37.282882","127.046218"
"14017","2026-06-11T20:18:10.286639","37.2829","127.0462"
"14018","2026-06-11T20:18:10.288045","37.281228","127.045672"
"14019","2026-06-11T20:18:10.288045","37.281246","127.045654"
"14020","2026-06-11T20:18:10.289059","37.281264","127.04563599999999"
"14021","2026-06-11T20:18:10.289059","37.281282000000004","127.04561799999999"
"14022","2026-06-11T20:18:10.290056","37.2813","127.0456"
"14023","2026-06-11T20:18:10.291058","37.281318","127.045582"
"14024","2026-06-11T20:18:10.292058","37.281336","127.045564"
"14025","2026-06-11T20:18:10.292058","37.281354","127.04554599999999"
"14026","2026-06-11T20:18:10.293071","37.281372000000005","127.04552799999999"
"14027","2026-06-11T20:18:10.293071","37.28124","127.045684"
"14028","2026-06-11T20:18:10.293071","37.281258","127.045666"
"14029","2026-06-11T20:18:10.294586","37.281276","127.04564799999999"
"14030","2026-06-11T20:18:10.294586","37.284028","127.043272"
"14031","2026-06-11T20:18:10.295853","37.284046000000004","127.043254"
"14032","2026-06-11T20:18:10.295853","37.284064","127.043236"
"14033","2026-06-11T20:18:10.296865","37.284082000000005","127.043218"
"14034","2026-06-11T20:18:10.296865","37.2841","127.0432"
"14035","2026-06-11T20:18:10.297861","37.284118","127.043182"
"14036","2026-06-11T20:18:10.297861","37.284136000000004","127.043164"
"14037","2026-06-11T20:18:10.298866","37.284154","127.043146"
"14038","2026-06-11T20:18:10.298866","37.281028","127.044272"
"14039","2026-06-11T20:18:10.299874","37.281046","127.04425400000001"
"14040","2026-06-11T20:18:10.299874","37.281064","127.044236"
"14041","2026-06-11T20:18:10.300864","37.281082000000005","127.044218"
"14042","2026-06-11T20:18:10.300864","37.2811","127.0442"
"14043","2026-06-11T20:18:10.301867","37.281118","127.044182"
"14044","2026-06-11T20:18:10.302860","37.281136000000004","127.04416400000001"
"14045","2026-06-11T20:18:10.302860","37.281154","127.044146"
"14046","2026-06-11T20:18:10.302860","37.281172000000005","127.044128"
"14047","2026-06-11T20:18:10.304551","37.28104","127.044284"
"14048","2026-06-11T20:18:10.305565","37.281058","127.04426600000001"
"14049","2026-06-11T20:18:10.305565","37.281076","127.044248"
"14050","2026-06-11T20:18:10.306580","37.281094","127.04423"
"14051","2026-06-11T20:18:10.306580","37.281112","127.044212"
"14052","2026-06-11T20:18:10.307578","37.28113","127.044194"
"14053","2026-06-11T20:18:10.307578","37.283828","127.045372"
"14054","2026-06-11T20:18:10.308581","37.283846000000004","127.045354"
"14055","2026-06-11T20:18:10.308581","37.283864","127.04533599999999"
"14056","2026-06-11T20:18:10.309579","37.282227999999996","127.04647200000001"
"14057","2026-06-11T20:18:10.309579","37.282246","127.04645400000001"
"14058","2026-06-11T20:18:10.310572","37.282264","127.046436"
"14059","2026-06-11T20:18:10.310572","37.282282","127.046418"
"14060","2026-06-11T20:18:10.311573","37.2823","127.0464"
"14061","2026-06-11T20:18:10.312571","37.282318","127.04638200000001"
"14062","2026-06-11T20:18:10.312571","37.282336","127.04636400000001"
"14063","2026-06-11T20:18:10.313572","37.282354","127.046346"
"14064","2026-06-11T20:18:10.314574","37.282372","127.046328"
"14065","2026-06-11T20:18:10.314574","37.282239999999994","127.046484"
"14066","2026-06-11T20:18:10.316972","37.280927999999996","127.043772"
"14067","2026-06-11T20:18:10.317977","37.280946","127.043754"
"14068","2026-06-11T20:18:10.317977","37.280964","127.043736"
"14069","2026-06-11T20:18:10.318972","37.280982","127.043718"
"14070","2026-06-11T20:18:10.318972","37.281","127.0437"
"14071","2026-06-11T20:18:10.318972","37.281017999999996","127.043682"
"14072","2026-06-11T20:18:10.319972","37.284127999999995","127.044872"
"14073","2026-06-11T20:18:10.319972","37.284146","127.044854"
"14074","2026-06-11T20:18:10.319972","37.284164","127.04483599999999"
"14075","2026-06-11T20:18:10.320970","37.284182","127.04481799999999"
"14076","2026-06-11T20:18:10.320970","37.2842","127.0448"
"14077","2026-06-11T20:18:10.320970","37.284217999999996","127.044782"
"14078","2026-06-11T20:18:10.321981","37.284236","127.044764"
"14079","2026-06-11T20:18:10.321981","37.284254","127.04474599999999"
"14080","2026-06-11T20:18:10.322980","37.284272","127.04472799999999"
"14081","2026-06-11T20:18:10.322980","37.284139999999994","127.044884"
"14082","2026-06-11T20:18:10.323982","37.284158","127.044866"
"14083","2026-06-11T20:18:10.324497","37.284175999999995","127.04484799999999"
"14084","2026-06-11T20:18:10.324497","37.284194","127.04482999999999"
"14085","2026-06-11T20:18:10.324497","37.284212","127.044812"
"14086","2026-06-11T20:18:10.325513","37.284229999999994","127.044794"
"14087","2026-06-11T20:18:10.325513","37.284248","127.044776"
"14088","2026-06-11T20:18:10.325513","37.284265999999995","127.04475799999999"
"14089","2026-06-11T20:18:10.326513","37.284284","127.04473999999999"
"14090","2026-06-11T20:18:10.326513","37.284152","127.044896"
"14091","2026-06-11T20:18:10.326513","37.28417","127.044878"
"14092","2026-06-11T20:18:10.327512","37.284188","127.04485999999999"
"14093","2026-06-11T20:18:10.327512","37.284206000000005","127.04484199999999"
"14094","2026-06-11T20:18:10.327512","37.283227999999994","127.046672"
"14095","2026-06-11T20:18:10.328515","37.283246","127.046654"
"14096","2026-06-11T20:18:10.328515","37.281127999999995","127.042972"
"14097","2026-06-11T20:18:10.329513","37.281146","127.04295400000001"
"14098","2026-06-11T20:18:10.329513","37.281164","127.042936"
"14099","2026-06-11T20:18:10.330507","37.281182","127.042918"
"14100","2026-06-11T20:18:10.330507","37.2812","127.0429"
"14101","2026-06-11T20:18:10.331516","37.281217999999996","127.042882"
"14102","2026-06-11T20:18:10.331516","37.281236","127.04286400000001"
"14103","2026-06-11T20:18:10.332516","37.281254","127.042846"
"14104","2026-06-11T20:18:10.333513","37.281272","127.042828"
"14105","2026-06-11T20:18:10.333513","37.28113999999999","127.042984"
"14106","2026-06-11T20:18:10.334511","37.281158","127.042966"
"14107","2026-06-11T20:18:10.334511","37.281175999999995","127.042948"
"14108","2026-06-11T20:18:10.335021","37.281194","127.04293"
"14109","2026-06-11T20:18:10.335021","37.281212","127.042912"
"14110","2026-06-11T20:18:10.335021","37.281229999999994","127.042894"
"14111","2026-06-11T20:18:10.336038","37.281248","127.042876"
"14112","2026-06-11T20:18:10.337045","37.281265999999995","127.042858"
"14113","2026-06-11T20:18:10.337045","37.281284","127.04284"
"14114","2026-06-11T20:18:10.338053","37.283128","127.04517200000001"
"14115","2026-06-11T20:18:10.338053","37.282128","127.045572"
"14116","2026-06-11T20:18:10.339051","37.282146000000004","127.04555400000001"
"14117","2026-06-11T20:18:10.339051","37.282164","127.045536"
"14118","2026-06-11T20:18:10.340059","37.282182000000006","127.045518"
"14119","2026-06-11T20:18:10.340059","37.2822","127.0455"
"14120","2026-06-11T20:18:10.340059","37.281628","127.04477200000001"
"14121","2026-06-11T20:18:10.341052","37.281646","127.04475400000001"
"14122","2026-06-11T20:18:10.341052","37.281664","127.044736"
"14123","2026-06-11T20:18:10.341052","37.281682","127.044718"
"14124","2026-06-11T20:18:10.341052","37.2817","127.0447"
"14125","2026-06-11T20:18:10.342050","37.281718","127.04468200000001"
"14126","2026-06-11T20:18:10.342050","37.281736","127.04466400000001"
"14127","2026-06-11T20:18:10.343055","37.281754","127.044646"
"14128","2026-06-11T20:18:10.343055","37.281772000000004","127.044628"
"14129","2026-06-11T20:18:10.343055","37.281639999999996","127.044784"
"14130","2026-06-11T20:18:10.343055","37.281658","127.04476600000001"
"14131","2026-06-11T20:18:10.343055","37.281676","127.044748"
"14132","2026-06-11T20:18:10.344567","37.282128","127.044972"
"14133","2026-06-11T20:18:10.344567","37.282146000000004","127.044954"
"14134","2026-06-11T20:18:10.344567","37.282164","127.04493599999999"
"14135","2026-06-11T20:18:10.344567","37.282182000000006","127.044918"
"14136","2026-06-11T20:18:10.345581","37.2822","127.0449"
"14137","2026-06-11T20:18:10.345581","37.282218","127.044882"
"14138","2026-06-11T20:18:10.345581","37.282236000000005","127.044864"
"14139","2026-06-11T20:18:10.346592","37.282254","127.04484599999999"
"14140","2026-06-11T20:18:10.346592","37.283328","127.04437200000001"
"14141","2026-06-11T20:18:10.347580","37.283346","127.04435400000001"
"14142","2026-06-11T20:18:10.347580","37.283364","127.044336"
"14143","2026-06-11T20:18:10.347580","37.283382","127.044318"
"14144","2026-06-11T20:18:10.348583","37.2834","127.0443"
"14145","2026-06-11T20:18:10.348583","37.283418","127.04428200000001"
"14146","2026-06-11T20:18:10.349584","37.283436","127.04426400000001"
"14147","2026-06-11T20:18:10.349584","37.283454","127.044246"
"14148","2026-06-11T20:18:10.349584","37.283472","127.044228"
"14149","2026-06-11T20:18:10.350581","37.283339999999995","127.04438400000001"
"14150","2026-06-11T20:18:10.350581","37.283358","127.04436600000001"
"14151","2026-06-11T20:18:10.351831","37.283376","127.044348"
"14152","2026-06-11T20:18:10.351831","37.283394","127.04433"
"14153","2026-06-11T20:18:10.352338","37.283412","127.044312"
"14154","2026-06-11T20:18:10.352338","37.283429999999996","127.04429400000001"
"14155","2026-06-11T20:18:10.353353","37.281327999999995","127.04387200000001"
"14156","2026-06-11T20:18:10.353353","37.281346","127.04385400000001"
"14157","2026-06-11T20:18:10.353353","37.281363999999996","127.043836"
"14158","2026-06-11T20:18:10.354349","37.282528","127.043272"
"14159","2026-06-11T20:18:10.354349","37.282546","127.043254"
"14160","2026-06-11T20:18:10.354857","37.282564","127.043236"
"14161","2026-06-11T20:18:10.354857","37.282582000000005","127.043218"
"14162","2026-06-11T20:18:10.355879","37.2826","127.0432"
"14163","2026-06-11T20:18:10.355879","37.282618","127.043182"
"14164","2026-06-11T20:18:10.355879","37.282636000000004","127.043164"
"14165","2026-06-11T20:18:10.356869","37.282654","127.043146"
"14166","2026-06-11T20:18:10.356869","37.282672000000005","127.043128"
"14167","2026-06-11T20:18:10.357871","37.28254","127.043284"
"14168","2026-06-11T20:18:10.357871","37.282728","127.04477200000001"
"14169","2026-06-11T20:18:10.357871","37.282746","127.04475400000001"
"14170","2026-06-11T20:18:10.358873","37.282764","127.044736"
"14171","2026-06-11T20:18:10.358873","37.282782000000005","127.044718"
"14172","2026-06-11T20:18:10.358873","37.2828","127.0447"
"14173","2026-06-11T20:18:10.358873","37.282818","127.04468200000001"
"14174","2026-06-11T20:18:10.359873","37.281727999999994","127.045072"
"14175","2026-06-11T20:18:10.359873","37.281746","127.04505400000001"
"14176","2026-06-11T20:18:10.359873","37.281763999999995","127.045036"
"14177","2026-06-11T20:18:10.359873","37.281782","127.045018"
"14178","2026-06-11T20:18:10.360873","37.2818","127.045"
"14179","2026-06-11T20:18:10.360873","37.281817999999994","127.044982"
"14180","2026-06-11T20:18:10.360873","37.281836","127.04496400000001"
"14181","2026-06-11T20:18:10.361873","37.281853999999996","127.044946"
"14182","2026-06-11T20:18:10.361873","37.281872","127.044928"
"14183","2026-06-11T20:18:10.361873","37.28173999999999","127.045084"
"14184","2026-06-11T20:18:10.361873","37.281757999999996","127.045066"
"14185","2026-06-11T20:18:10.362874","37.281775999999994","127.045048"
"14186","2026-06-11T20:18:10.362874","37.281794","127.04503"
"14187","2026-06-11T20:18:10.362874","37.281811999999995","127.045012"
"14188","2026-06-11T20:18:10.362874","37.28182999999999","127.044994"
"14189","2026-06-11T20:18:10.364390","37.281848","127.044976"
"14190","2026-06-11T20:18:10.364390","37.281865999999994","127.044958"
"14191","2026-06-11T20:18:10.366403","37.281884","127.04494"
"14192","2026-06-11T20:18:10.368595","37.281752","127.045096"
"14193","2026-06-11T20:18:10.368595","37.28177","127.045078"
"14194","2026-06-11T20:18:10.369603","37.281788","127.04505999999999"
"14195","2026-06-11T20:18:10.370606","37.281806","127.045042"
"14196","2026-06-11T20:18:10.370606","37.283027999999995","127.043572"
"14197","2026-06-11T20:18:10.370606","37.283046","127.043554"
"14198","2026-06-11T20:18:10.371608","37.281428","127.044672"
"14199","2026-06-11T20:18:10.372603","37.281446","127.04465400000001"
"14200","2026-06-11T20:18:10.372603","37.281464","127.044636"
"14201","2026-06-11T20:18:10.373418","37.281482000000004","127.044618"
"14202","2026-06-11T20:18:10.373418","37.2815","127.0446"
"14203","2026-06-11T20:18:10.374430","37.281518","127.044582"
"14204","2026-06-11T20:18:10.374430","37.281536","127.04456400000001"
"14205","2026-06-11T20:18:10.375444","37.281554","127.044546"
"14206","2026-06-11T20:18:10.375444","37.281572000000004","127.044528"
"14207","2026-06-11T20:18:10.375444","37.281439999999996","127.044684"
"14208","2026-06-11T20:18:10.376443","37.281458","127.044666"
"14209","2026-06-11T20:18:10.376443","37.281476","127.044648"
"14210","2026-06-11T20:18:10.376443","37.281494","127.04463"
"14211","2026-06-11T20:18:10.377451","37.281512","127.044612"
"14212","2026-06-11T20:18:10.377451","37.28153","127.044594"
"14213","2026-06-11T20:18:10.377451","37.281548","127.044576"
"14214","2026-06-11T20:18:10.378452","37.281566","127.044558"
"14215","2026-06-11T20:18:10.378452","37.281584","127.04454"
"14216","2026-06-11T20:18:10.378452","37.299927999999994","127.100072"
"14217","2026-06-11T20:18:10.378452","37.282328","127.045872"
"14218","2026-06-11T20:18:10.379451","37.282346000000004","127.045854"
"14219","2026-06-11T20:18:10.379451","37.282364","127.045836"
"14220","2026-06-11T20:18:10.380453","37.282382000000005","127.045818"
"14221","2026-06-11T20:18:10.380453","37.2824","127.0458"
"14222","2026-06-11T20:18:10.381450","37.283427999999994","127.045072"
"14223","2026-06-11T20:18:10.381450","37.283446","127.04505400000001"
"14224","2026-06-11T20:18:10.381958","37.283463999999995","127.045036"
"14225","2026-06-11T20:18:10.381958","37.283482","127.045018"
"14226","2026-06-11T20:18:10.381958","37.2835","127.045"
"14227","2026-06-11T20:18:10.382969","37.283517999999994","127.044982"
"14228","2026-06-11T20:18:10.382969","37.283536","127.04496400000001"
"14229","2026-06-11T20:18:10.382969","37.283553999999995","127.044946"
"14230","2026-06-11T20:18:10.382969","37.283572","127.044928"
"14231","2026-06-11T20:18:10.382969","37.28343999999999","127.045084"
"14232","2026-06-11T20:18:10.384476","37.283457999999996","127.045066"
"14233","2026-06-11T20:18:10.384476","37.28347599999999","127.045048"
"14234","2026-06-11T20:18:10.384476","37.281028","127.045472"
"14235","2026-06-11T20:18:10.385487","37.281046","127.045454"
"14236","2026-06-11T20:18:10.385487","37.281064","127.045436"
"14237","2026-06-11T20:18:10.385487","37.281082000000005","127.045418"
"14238","2026-06-11T20:18:10.386486","37.2811","127.0454"
"14239","2026-06-11T20:18:10.386486","37.281118","127.045382"
"14240","2026-06-11T20:18:10.386486","37.281136000000004","127.045364"
"14241","2026-06-11T20:18:10.387495","37.281154","127.045346"
"14242","2026-06-11T20:18:10.387495","37.282928","127.04607200000001"
"14243","2026-06-11T20:18:10.387495","37.282946","127.04605400000001"
"14244","2026-06-11T20:18:10.387495","37.282964","127.046036"
"14245","2026-06-11T20:18:10.388494","37.282982000000004","127.046018"
"14246","2026-06-11T20:18:10.388494","37.283","127.046"
"14247","2026-06-11T20:18:10.388494","37.283018","127.04598200000001"
"14248","2026-06-11T20:18:10.388494","37.283036","127.04596400000001"
"14249","2026-06-11T20:18:10.389792","37.283054","127.045946"
"14250","2026-06-11T20:18:10.389792","37.283072000000004","127.045928"
"14251","2026-06-11T20:18:10.390519","37.282939999999996","127.04608400000001"
"14252","2026-06-11T20:18:10.390519","37.282958","127.04606600000001"
"14253","2026-06-11T20:18:10.390519","37.282976","127.046048"
"14254","2026-06-11T20:18:10.391499","37.282994","127.04603"
"14255","2026-06-11T20:18:10.391499","37.283012","127.046012"
"14256","2026-06-11T20:18:10.391499","37.28303","127.04599400000001"
"14257","2026-06-11T20:18:10.391499","37.281828","127.045972"
"14258","2026-06-11T20:18:10.391499","37.281846","127.04595400000001"
"14259","2026-06-11T20:18:10.392496","37.281864","127.045936"
"14260","2026-06-11T20:18:10.392496","37.283528","127.044072"
"14261","2026-06-11T20:18:10.392496","37.283546","127.044054"
"14262","2026-06-11T20:18:10.392496","37.283564","127.04403599999999"
"14263","2026-06-11T20:18:10.393499","37.283582","127.044018"
"14264","2026-06-11T20:18:10.393499","37.2836","127.044"
"14265","2026-06-11T20:18:10.393499","37.283618","127.043982"
"14266","2026-06-11T20:18:10.393499","37.283636","127.043964"
"14267","2026-06-11T20:18:10.393499","37.283654","127.04394599999999"
"14268","2026-06-11T20:18:10.394498","37.283672","127.043928"
"14269","2026-06-11T20:18:10.394498","37.283539999999995","127.044084"
"14270","2026-06-11T20:18:10.395010","37.282227999999996","127.043172"
"14271","2026-06-11T20:18:10.395010","37.282246","127.043154"
"14272","2026-06-11T20:18:10.396046","37.282264","127.04313599999999"
"14273","2026-06-11T20:18:10.396046","37.282282","127.04311799999999"
"14274","2026-06-11T20:18:10.396046","37.2823","127.0431"
"14275","2026-06-11T20:18:10.396046","37.282318","127.043082"
"14276","2026-06-11T20:18:10.397292","37.283227999999994","127.043772"
"14277","2026-06-11T20:18:10.397292","37.283246","127.043754"
"14278","2026-06-11T20:18:10.398028","37.283263999999996","127.043736"
"14279","2026-06-11T20:18:10.398028","37.283282","127.043718"
"14280","2026-06-11T20:18:10.398028","37.2833","127.0437"
"14281","2026-06-11T20:18:10.399023","37.283317999999994","127.043682"
"14282","2026-06-11T20:18:10.399023","37.283336","127.043664"
"14283","2026-06-11T20:18:10.399023","37.283353999999996","127.043646"
"14284","2026-06-11T20:18:10.399023","37.283372","127.043628"
"14285","2026-06-11T20:18:10.400022","37.28323999999999","127.043784"
"14286","2026-06-11T20:18:10.400022","37.283258","127.043766"
"14287","2026-06-11T20:18:10.400022","37.283275999999994","127.043748"
"14288","2026-06-11T20:18:10.401022","37.283294","127.04373"
"14289","2026-06-11T20:18:10.401022","37.283311999999995","127.043712"
"14290","2026-06-11T20:18:10.401022","37.28332999999999","127.043694"
"14291","2026-06-11T20:18:10.401022","37.283348","127.043676"
"14292","2026-06-11T20:18:10.401022","37.283365999999994","127.043658"
"14293","2026-06-11T20:18:10.402021","37.283384","127.04364"
"14294","2026-06-11T20:18:10.402021","37.283252","127.043796"
"14295","2026-06-11T20:18:10.402021","37.28327","127.043778"
"14296","2026-06-11T20:18:10.402021","37.283288","127.04375999999999"
"14297","2026-06-11T20:18:10.403021","37.283306","127.043742"
"14298","2026-06-11T20:18:10.403021","37.28192799999999","127.046272"
"14299","2026-06-11T20:18:10.403021","37.281946","127.046254"
"14300","2026-06-11T20:18:10.403021","37.281228","127.04347200000001"
"14301","2026-06-11T20:18:10.403021","37.281246","127.04345400000001"
"14302","2026-06-11T20:18:10.403021","37.281264","127.043436"
"14303","2026-06-11T20:18:10.404529","37.281282000000004","127.043418"
"14304","2026-06-11T20:18:10.404529","37.2813","127.0434"
"14305","2026-06-11T20:18:10.404529","37.281318","127.04338200000001"
"14306","2026-06-11T20:18:10.405542","37.281336","127.04336400000001"
"14307","2026-06-11T20:18:10.405542","37.281354","127.043346"
"14308","2026-06-11T20:18:10.405542","37.281372000000005","127.043328"
"14309","2026-06-11T20:18:10.406591","37.28124","127.043484"
"14310","2026-06-11T20:18:10.406591","37.281258","127.04346600000001"
"14311","2026-06-11T20:18:10.406591","37.281276","127.043448"
"14312","2026-06-11T20:18:10.406591","37.281294","127.04343"
"14313","2026-06-11T20:18:10.407556","37.281312","127.043412"
"14314","2026-06-11T20:18:10.407556","37.28133","127.043394"
"14315","2026-06-11T20:18:10.407556","37.281348","127.04337600000001"
"14316","2026-06-11T20:18:10.408556","37.281366","127.043358"
"14317","2026-06-11T20:18:10.408556","37.281384","127.04334"
"14318","2026-06-11T20:18:10.408556","37.282478","127.046422"
"14319","2026-06-11T20:18:10.409557","37.283677999999995","127.045422"
"14320","2026-06-11T20:18:10.410775","37.283696","127.045404"
"14321","2026-06-11T20:18:10.410775","37.283713999999996","127.045386"
"14322","2026-06-11T20:18:10.411839","37.283732","127.045368"
"14323","2026-06-11T20:18:10.412554","37.28375","127.04535"
"14324","2026-06-11T20:18:10.412554","37.281678","127.046522"
"14325","2026-06-11T20:18:10.413550","37.281696000000004","127.046504"
"14326","2026-06-11T20:18:10.413550","37.281714","127.04648599999999"
"14327","2026-06-11T20:18:10.414551","37.281732000000005","127.04646799999999"
"14328","2026-06-11T20:18:10.415074","37.28175","127.04645"
"14329","2026-06-11T20:18:10.415074","37.281768","127.046432"
"14330","2026-06-11T20:18:10.415074","37.281786000000004","127.046414"
"14331","2026-06-11T20:18:10.416557","37.281804","127.04639599999999"
"14332","2026-06-11T20:18:10.416557","37.281822000000005","127.04637799999999"
"14333","2026-06-11T20:18:10.417571","37.28169","127.046534"
"14334","2026-06-11T20:18:10.417571","37.281708","127.046516"
"14335","2026-06-11T20:18:10.417571","37.281726","127.04649799999999"
"14336","2026-06-11T20:18:10.418574","37.281378","127.045922"
"14337","2026-06-11T20:18:10.418574","37.281396","127.04590400000001"
"14338","2026-06-11T20:18:10.419570","37.281414","127.045886"
"14339","2026-06-11T20:18:10.420571","37.281432","127.045868"
"14340","2026-06-11T20:18:10.420571","37.28145","127.04585"
"14341","2026-06-11T20:18:10.421572","37.281468","127.045832"
"14342","2026-06-11T20:18:10.421572","37.281486","127.04581400000001"
"14343","2026-06-11T20:18:10.421572","37.281504","127.045796"
"14344","2026-06-11T20:18:10.422574","37.282078","127.046672"
"14345","2026-06-11T20:18:10.422574","37.282096","127.046654"
"14346","2026-06-11T20:18:10.424090","37.282114","127.04663599999999"
"14347","2026-06-11T20:18:10.424090","37.282132000000004","127.046618"
"14348","2026-06-11T20:18:10.424090","37.28215","127.0466"
"14349","2026-06-11T20:18:10.425111","37.282168","127.046582"
"14350","2026-06-11T20:18:10.425111","37.282186","127.046564"
"14351","2026-06-11T20:18:10.425111","37.282204","127.04654599999999"
"14352","2026-06-11T20:18:10.426109","37.282222000000004","127.046528"
"14353","2026-06-11T20:18:10.426109","37.28209","127.046684"
"14354","2026-06-11T20:18:10.426109","37.282108","127.046666"
"14355","2026-06-11T20:18:10.427127","37.282126","127.04664799999999"
"14356","2026-06-11T20:18:10.427127","37.282144","127.04663"
"14357","2026-06-11T20:18:10.427127","37.282162","127.046612"
"14358","2026-06-11T20:18:10.428126","37.28218","127.046594"
"14359","2026-06-11T20:18:10.428126","37.283077999999996","127.045972"
"14360","2026-06-11T20:18:10.428126","37.283096","127.04595400000001"
"14361","2026-06-11T20:18:10.428126","37.283114","127.045936"
"14362","2026-06-11T20:18:10.428126","37.280877999999994","127.04472200000001"
"14363","2026-06-11T20:18:10.429125","37.280896","127.04470400000001"
"14364","2026-06-11T20:18:10.429125","37.280913999999996","127.044686"
"14365","2026-06-11T20:18:10.429125","37.280932","127.044668"
"14366","2026-06-11T20:18:10.429125","37.28095","127.04465"
"14367","2026-06-11T20:18:10.430125","37.280967999999994","127.04463200000001"
"14368","2026-06-11T20:18:10.430125","37.280986","127.04461400000001"
"14369","2026-06-11T20:18:10.431123","37.281003999999996","127.044596"
"14370","2026-06-11T20:18:10.431123","37.281022","127.044578"
"14371","2026-06-11T20:18:10.431123","37.28088999999999","127.044734"
"14372","2026-06-11T20:18:10.432121","37.283477999999995","127.043322"
"14373","2026-06-11T20:18:10.432121","37.283496","127.043304"
"14374","2026-06-11T20:18:10.432121","37.283514","127.043286"
"14375","2026-06-11T20:18:10.432121","37.283532","127.043268"
"14376","2026-06-11T20:18:10.432121","37.28355","127.04325"
"14377","2026-06-11T20:18:10.433120","37.283567999999995","127.043232"
"14378","2026-06-11T20:18:10.433120","37.281577999999996","127.043322"
"14379","2026-06-11T20:18:10.433120","37.281596","127.043304"
"14380","2026-06-11T20:18:10.433120","37.281614","127.043286"
"14381","2026-06-11T20:18:10.433120","37.281632","127.043268"
"14382","2026-06-11T20:18:10.433120","37.28165","127.04325"
"14383","2026-06-11T20:18:10.434126","37.281667999999996","127.043232"
"14384","2026-06-11T20:18:10.434126","37.281686","127.043214"
"14385","2026-06-11T20:18:10.434126","37.281704","127.043196"
"14386","2026-06-11T20:18:10.434639","37.281722","127.043178"
"14387","2026-06-11T20:18:10.434639","37.281589999999994","127.043334"
"14388","2026-06-11T20:18:10.435656","37.281608","127.043316"
"14389","2026-06-11T20:18:10.435656","37.281625999999996","127.043298"
"14390","2026-06-11T20:18:10.435656","37.281644","127.04328"
"14391","2026-06-11T20:18:10.435656","37.281662","127.043262"
"14392","2026-06-11T20:18:10.435656","37.281679999999994","127.043244"
"14393","2026-06-11T20:18:10.435656","37.281698","127.043226"
"14394","2026-06-11T20:18:10.436668","37.281715999999996","127.04320799999999"
"14395","2026-06-11T20:18:10.436668","37.281734","127.04319"
"14396","2026-06-11T20:18:10.436668","37.281602","127.043346"
"14397","2026-06-11T20:18:10.436668","37.281620000000004","127.043328"
"14398","2026-06-11T20:18:10.436668","37.281638","127.04330999999999"
"14399","2026-06-11T20:18:10.436668","37.281656000000005","127.043292"
"14400","2026-06-11T20:18:10.437667","37.280778","127.045422"
"14401","2026-06-11T20:18:10.437667","37.280796","127.045404"
"14402","2026-06-11T20:18:10.437667","37.283778","127.043822"
"14403","2026-06-11T20:18:10.437667","37.283796","127.04380400000001"
"14404","2026-06-11T20:18:10.437667","37.283814","127.043786"
"14405","2026-06-11T20:18:10.438668","37.283832000000004","127.043768"
"14406","2026-06-11T20:18:10.438668","37.28385","127.04375"
"14407","2026-06-11T20:18:10.438668","37.283868","127.043732"
"14408","2026-06-11T20:18:10.439670","37.283886","127.04371400000001"
"14409","2026-06-11T20:18:10.439670","37.283904","127.043696"
"14410","2026-06-11T20:18:10.439670","37.283922000000004","127.043678"
"14411","2026-06-11T20:18:10.439670","37.283789999999996","127.043834"
"14412","2026-06-11T20:18:10.440668","37.283808","127.043816"
"14413","2026-06-11T20:18:10.440668","37.283826","127.043798"
"14414","2026-06-11T20:18:10.440668","37.283844","127.04378"
"14415","2026-06-11T20:18:10.440668","37.283862","127.043762"
"14416","2026-06-11T20:18:10.440668","37.283879999999996","127.043744"
"14417","2026-06-11T20:18:10.441669","37.283898","127.043726"
"14418","2026-06-11T20:18:10.441669","37.283916","127.043708"
"14419","2026-06-11T20:18:10.442667","37.283934","127.04369"
"14420","2026-06-11T20:18:10.442667","37.280677999999995","127.043822"
"14421","2026-06-11T20:18:10.442667","37.280477999999995","127.04432200000001"
"14422","2026-06-11T20:18:10.442667","37.280496","127.04430400000001"
"14423","2026-06-11T20:18:10.444180","37.280514","127.044286"
"14424","2026-06-11T20:18:10.444180","37.280532","127.044268"
"14425","2026-06-11T20:18:10.444180","37.28055","127.04425"
"14426","2026-06-11T20:18:10.444180","37.282377999999994","127.042522"
"14427","2026-06-11T20:18:10.444180","37.282396","127.04250400000001"
"14428","2026-06-11T20:18:10.445198","37.282413999999996","127.042486"
"14429","2026-06-11T20:18:10.445198","37.282432","127.042468"
"14430","2026-06-11T20:18:10.445198","37.28245","127.04245"
"14431","2026-06-11T20:18:10.445198","37.282467999999994","127.042432"
"14432","2026-06-11T20:18:10.445198","37.282486","127.04241400000001"
"14433","2026-06-11T20:18:10.446194","37.282503999999996","127.042396"
"14434","2026-06-11T20:18:10.446194","37.282522","127.042378"
"14435","2026-06-11T20:18:10.446194","37.28238999999999","127.042534"
"14436","2026-06-11T20:18:10.446194","37.282408","127.042516"
"14437","2026-06-11T20:18:10.446194","37.282425999999994","127.042498"
"14438","2026-06-11T20:18:10.447654","37.280828","127.044122"
"14439","2026-06-11T20:18:10.447654","37.280846000000004","127.044104"
"14440","2026-06-11T20:18:10.447654","37.280864","127.044086"
"14441","2026-06-11T20:18:10.448518","37.280882000000005","127.044068"
"14442","2026-06-11T20:18:10.448518","37.2809","127.04405"
"14443","2026-06-11T20:18:10.448518","37.280918","127.044032"
"14444","2026-06-11T20:18:10.449208","37.280936000000004","127.044014"
"14445","2026-06-11T20:18:10.449208","37.280954","127.04399599999999"
"14446","2026-06-11T20:18:10.449208","37.280578","127.046122"
"14447","2026-06-11T20:18:10.449208","37.280596","127.046104"
"14448","2026-06-11T20:18:10.450211","37.280614","127.04608599999999"
"14449","2026-06-11T20:18:10.450211","37.280632000000004","127.04606799999999"
"14450","2026-06-11T20:18:10.450211","37.28065","127.04605"
"14451","2026-06-11T20:18:10.450211","37.280668","127.046032"
"14452","2026-06-11T20:18:10.450211","37.280686","127.046014"
"14453","2026-06-11T20:18:10.451208","37.280704","127.04599599999999"
"14454","2026-06-11T20:18:10.451208","37.280722000000004","127.04597799999999"
"14455","2026-06-11T20:18:10.451208","37.28059","127.046134"
"14456","2026-06-11T20:18:10.451208","37.280608","127.046116"
"14457","2026-06-11T20:18:10.451208","37.280626","127.04609799999999"
"14458","2026-06-11T20:18:10.451208","37.280644","127.04607999999999"
"14459","2026-06-11T20:18:10.452210","37.280662","127.04606199999999"
"14460","2026-06-11T20:18:10.452210","37.28068","127.046044"
"14461","2026-06-11T20:18:10.452210","37.282678","127.04302200000001"
"14462","2026-06-11T20:18:10.452210","37.282696","127.04300400000001"
"14463","2026-06-11T20:18:10.452210","37.282714","127.042986"
"14464","2026-06-12T00:11:25.413250","37.27360805736251","127.0434752300414"
