
C:\Users\jk636\OneDrive\문서\GitHub\Whims-of-Wonder\Whims-of-Wonder\MetaverseProgramming\My project\Assets\FestFlow\backend>if "Windows_NT" == "Windows_NT" setlocal

C:\Users\jk636\OneDrive\문서\GitHub\Whims-of-Wonder\Whims-of-Wonder\MetaverseProgramming\My project\Assets\FestFlow\backend>set DIRNAME=C:\Users\jk636\OneDrive\문서\GitHub\Whims-of-Wonder\Whims-of-Wonder\MetaverseProgramming\My project\Assets\FestFlow\backend\ 

C:\Users\jk636\OneDrive\문서\GitHub\Whims-of-Wonder\Whims-of-Wonder\MetaverseProgramming\My project\Assets\FestFlow\backend>if "C:\Users\jk636\OneDrive\문서\GitHub\Whims-of-Wonder\Whims-of-Wonder\MetaverseProgramming\My project\Assets\FestFlow\backend\" == "" set DIRNAME=. 

C:\Users\jk636\OneDrive\문서\GitHub\Whims-of-Wonder\Whims-of-Wonder\MetaverseProgramming\My project\Assets\FestFlow\backend>set APP_BASE_NAME=gradlew 

C:\Users\jk636\OneDrive\문서\GitHub\Whims-of-Wonder\Whims-of-Wonder\MetaverseProgramming\My project\Assets\FestFlow\backend>set APP_HOME=C:\Users\jk636\OneDrive\문서\GitHub\Whims-of-Wonder\Whims-of-Wonder\MetaverseProgramming\My project\Assets\FestFlow\backend\ 

C:\Users\jk636\OneDrive\문서\GitHub\Whims-of-Wonder\Whims-of-Wonder\MetaverseProgramming\My project\Assets\FestFlow\backend>for %i in ("C:\Users\jk636\OneDrive\문서\GitHub\Whims-of-Wonder\Whims-of-Wonder\MetaverseProgramming\My project\Assets\FestFlow\backend\") do set APP_HOME=%~fi 

C:\Users\jk636\OneDrive\문서\GitHub\Whims-of-Wonder\Whims-of-Wonder\MetaverseProgramming\My project\Assets\FestFlow\backend>set APP_HOME=C:\Users\jk636\OneDrive\문서\GitHub\Whims-of-Wonder\Whims-of-Wonder\MetaverseProgramming\My project\Assets\FestFlow\backend\ 

C:\Users\jk636\OneDrive\문서\GitHub\Whims-of-Wonder\Whims-of-Wonder\MetaverseProgramming\My project\Assets\FestFlow\backend>set DEFAULT_JVM_OPTS="-Xmx64m" "-Xms64m" 

C:\Users\jk636\OneDrive\문서\GitHub\Whims-of-Wonder\Whims-of-Wonder\MetaverseProgramming\My project\Assets\FestFlow\backend>if defined JAVA_HOME goto findJavaFromJavaHome 

C:\Users\jk636\OneDrive\문서\GitHub\Whims-of-Wonder\Whims-of-Wonder\MetaverseProgramming\My project\Assets\FestFlow\backend>set JAVA_HOME=C:\Program Files\Eclipse Adoptium\jdk-17.0.18.8-hotspot\ 

C:\Users\jk636\OneDrive\문서\GitHub\Whims-of-Wonder\Whims-of-Wonder\MetaverseProgramming\My project\Assets\FestFlow\backend>set JAVA_EXE=C:\Program Files\Eclipse Adoptium\jdk-17.0.18.8-hotspot\/bin/java.exe 

C:\Users\jk636\OneDrive\문서\GitHub\Whims-of-Wonder\Whims-of-Wonder\MetaverseProgramming\My project\Assets\FestFlow\backend>if exist "C:\Program Files\Eclipse Adoptium\jdk-17.0.18.8-hotspot\/bin/java.exe" goto execute 

C:\Users\jk636\OneDrive\문서\GitHub\Whims-of-Wonder\Whims-of-Wonder\MetaverseProgramming\My project\Assets\FestFlow\backend>"C:\Program Files\Eclipse Adoptium\jdk-17.0.18.8-hotspot\/bin/java.exe" "-Xmx64m" "-Xms64m"   "-Dorg.gradle.appname=gradlew" -jar "C:\Users\jk636\OneDrive\문서\GitHub\Whims-of-Wonder\Whims-of-Wonder\MetaverseProgramming\My project\Assets\FestFlow\backend\\gradle\wrapper\gradle-wrapper.jar" bootRun --args=--spring.profiles.active=local 
> Task :compileJava UP-TO-DATE
> Task :processResources UP-TO-DATE
> Task :classes UP-TO-DATE
> Task :resolveMainClassName

> Task :bootRun
Standard Commons Logging discovery in action with spring-jcl: please remove commons-logging.jar from classpath in order to avoid potential conflicts

  .   ____          _            __ _ _
 /\\ / ___'_ __ _ _(_)_ __  __ _ \ \ \ \
( ( )\___ | '_ | '_| | '_ \/ _` | \ \ \ \
 \\/  ___)| |_)| | | | | || (_| |  ) ) ) )
  '  |____| .__|_| |_|_| |_\__, | / / / /
 =========|_|==============|___/=/_/_/_/

 :: Spring Boot ::                (v3.3.5)

2026-05-21T15:57:08.332+09:00  INFO 65488 --- [           main] c.festflow.backend.BackendApplication    : Starting BackendApplication using Java 17.0.18 with PID 65488 (C:\Users\jk636\OneDrive\문서\GitHub\Whims-of-Wonder\Whims-of-Wonder\MetaverseProgramming\My project\Assets\FestFlow\backend\build\classes\java\main started by jk636 in C:\Users\jk636\OneDrive\문서\GitHub\Whims-of-Wonder\Whims-of-Wonder\MetaverseProgramming\My project\Assets\FestFlow\backend)
2026-05-21T15:57:08.335+09:00  INFO 65488 --- [           main] c.festflow.backend.BackendApplication    : The following 1 profile is active: "local"
2026-05-21T15:57:08.335+09:00 DEBUG 65488 --- [           main] o.s.boot.SpringApplication               : Loading source class com.festflow.backend.BackendApplication
2026-05-21T15:57:08.387+09:00 DEBUG 65488 --- [           main] ConfigServletWebServerApplicationContext : Refreshing org.springframework.boot.web.servlet.context.AnnotationConfigServletWebServerApplicationContext@50313382
2026-05-21T15:57:09.580+09:00  INFO 65488 --- [           main] .s.d.r.c.RepositoryConfigurationDelegate : Bootstrapping Spring Data JPA repositories in DEFAULT mode.
2026-05-21T15:57:09.603+09:00 DEBUG 65488 --- [           main] o.s.b.a.AutoConfigurationPackages        : @EnableAutoConfiguration was declared on a class in the package 'com.festflow.backend'. Automatic @Repository and @Entity scanning is enabled.
2026-05-21T15:57:09.760+09:00  INFO 65488 --- [           main] .s.d.r.c.RepositoryConfigurationDelegate : Finished Spring Data repository scanning in 171 ms. Found 20 JPA repository interfaces.
2026-05-21T15:57:10.560+09:00 DEBUG 65488 --- [           main] .s.b.w.e.t.TomcatServletWebServerFactory : Code archive: C:\Users\jk636\.gradle\caches\modules-2\files-2.1\org.springframework.boot\spring-boot\3.3.5\1a0d1dc425d445503bd01c9aa3683aaebc524e3b\spring-boot-3.3.5.jar
2026-05-21T15:57:10.561+09:00 DEBUG 65488 --- [           main] .s.b.w.e.t.TomcatServletWebServerFactory : Code archive: C:\Users\jk636\.gradle\caches\modules-2\files-2.1\org.springframework.boot\spring-boot\3.3.5\1a0d1dc425d445503bd01c9aa3683aaebc524e3b\spring-boot-3.3.5.jar
2026-05-21T15:57:10.562+09:00 DEBUG 65488 --- [           main] .s.b.w.e.t.TomcatServletWebServerFactory : None of the document roots [src/main/webapp, public, static] point to a directory and will be ignored.
2026-05-21T15:57:10.591+09:00  INFO 65488 --- [           main] o.s.b.w.embedded.tomcat.TomcatWebServer  : Tomcat initialized with port 8080 (http)
2026-05-21T15:57:10.608+09:00  INFO 65488 --- [           main] o.apache.catalina.core.StandardService   : Starting service [Tomcat]
2026-05-21T15:57:10.608+09:00  INFO 65488 --- [           main] o.apache.catalina.core.StandardEngine    : Starting Servlet engine: [Apache Tomcat/10.1.31]
2026-05-21T15:57:10.725+09:00  INFO 65488 --- [           main] o.a.c.c.C.[Tomcat].[localhost].[/]       : Initializing Spring embedded WebApplicationContext
2026-05-21T15:57:10.725+09:00 DEBUG 65488 --- [           main] w.s.c.ServletWebServerApplicationContext : Published root WebApplicationContext as ServletContext attribute with name [org.springframework.web.context.WebApplicationContext.ROOT]
2026-05-21T15:57:10.726+09:00  INFO 65488 --- [           main] w.s.c.ServletWebServerApplicationContext : Root WebApplicationContext: initialization completed in 2339 ms
Standard Commons Logging discovery in action with spring-jcl: please remove commons-logging.jar from classpath in order to avoid potential conflicts
2026-05-21T15:57:10.776+09:00 DEBUG 65488 --- [           main] o.s.b.w.s.ServletContextInitializerBeans : Mapping filters: springSecurityFilterChain urls=[/*] order=-100, characterEncodingFilter urls=[/*] order=-2147483648, formContentFilter urls=[/*] order=-9900, requestContextFilter urls=[/*] order=-105, jwtAuthenticationFilter urls=[/*] order=2147483647, opsKeyAuthenticationFilter urls=[/*] order=2147483647, publicApiRateLimitFilter urls=[/*] order=2147483647
2026-05-21T15:57:10.777+09:00 DEBUG 65488 --- [           main] o.s.b.w.s.ServletContextInitializerBeans : Mapping servlets: dispatcherServlet urls=[/]
2026-05-21T15:57:10.808+09:00 DEBUG 65488 --- [           main] o.s.b.w.s.f.OrderedRequestContextFilter  : Filter 'requestContextFilter' configured for use
2026-05-21T15:57:10.811+09:00 DEBUG 65488 --- [           main] s.b.w.s.f.OrderedCharacterEncodingFilter : Filter 'characterEncodingFilter' configured for use
2026-05-21T15:57:10.812+09:00 DEBUG 65488 --- [           main] .DelegatingFilterProxyRegistrationBean$1 : Filter 'springSecurityFilterChain' configured for use
2026-05-21T15:57:10.812+09:00 DEBUG 65488 --- [           main] o.s.b.w.s.f.OrderedFormContentFilter     : Filter 'formContentFilter' configured for use
2026-05-21T15:57:10.942+09:00  INFO 65488 --- [           main] o.hibernate.jpa.internal.util.LogHelper  : HHH000204: Processing PersistenceUnitInfo [name: default]
2026-05-21T15:57:11.020+09:00  INFO 65488 --- [           main] org.hibernate.Version                    : HHH000412: Hibernate ORM core version 6.5.3.Final
2026-05-21T15:57:11.066+09:00  INFO 65488 --- [           main] o.h.c.internal.RegionFactoryInitiator    : HHH000026: Second-level cache disabled
2026-05-21T15:57:11.475+09:00  INFO 65488 --- [           main] o.s.o.j.p.SpringPersistenceUnitInfo      : No LoadTimeWeaver setup: ignoring JPA class transformer
2026-05-21T15:57:11.515+09:00  INFO 65488 --- [           main] com.zaxxer.hikari.HikariDataSource       : HikariPool-1 - Starting...
2026-05-21T15:57:11.705+09:00  INFO 65488 --- [           main] com.zaxxer.hikari.pool.HikariPool        : HikariPool-1 - Added connection com.mysql.cj.jdbc.ConnectionImpl@6463da36
2026-05-21T15:57:11.707+09:00  INFO 65488 --- [           main] com.zaxxer.hikari.HikariDataSource       : HikariPool-1 - Start completed.
2026-05-21T15:57:12.019+09:00  WARN 65488 --- [           main] o.h.boot.model.internal.ToOneBinder      : HHH000491: 'com.festflow.backend.entity.AiMatchRequest.requesterProfile' uses both @NotFound and FetchType.LAZY. @ManyToOne and @OneToOne associations mapped with @NotFound are forced to EAGER fetching.
2026-05-21T15:57:13.196+09:00  INFO 65488 --- [           main] o.h.e.t.j.p.i.JtaPlatformInitiator       : HHH000489: No JTA platform available (set 'hibernate.transaction.jta.platform' to enable JTA platform integration)
2026-05-21T15:57:13.253+09:00 DEBUG 65488 --- [           main] org.hibernate.SQL                        : 
    alter table booth_reservations 
       modify column status enum ('CANCELLED','CHECKED_IN','COMPLETED','EXPIRED','RESERVED') not null
2026-05-21T15:57:13.272+09:00 DEBUG 65488 --- [           main] org.hibernate.SQL                        : 
    alter table staff_members 
       modify column status enum ('MOVING','ON_DUTY','STANDBY','URGENT') not null
2026-05-21T15:57:13.358+09:00  INFO 65488 --- [           main] j.LocalContainerEntityManagerFactoryBean : Initialized JPA EntityManagerFactory for persistence unit 'default'
2026-05-21T15:57:13.722+09:00  INFO 65488 --- [           main] o.s.d.j.r.query.QueryEnhancerFactory     : Hibernate is in classpath; If applicable, HQL parser will be used.
2026-05-21T15:57:14.983+09:00  WARN 65488 --- [           main] .s.s.UserDetailsServiceAutoConfiguration : 

Using generated security password: 7a20b61b-744b-4323-a9b7-b12d8afa2ac8

This generated password is for development use only. Your security configuration must be updated before running your application in production.

2026-05-21T15:57:14.991+09:00  INFO 65488 --- [           main] r$InitializeUserDetailsManagerConfigurer : Global AuthenticationManager configured with UserDetailsService bean with name inMemoryUserDetailsManager
2026-05-21T15:57:15.186+09:00 DEBUG 65488 --- [           main] s.w.s.m.m.a.RequestMappingHandlerMapping : 109 mappings in 'requestMappingHandlerMapping'
2026-05-21T15:57:15.206+09:00 DEBUG 65488 --- [           main] o.s.w.s.handler.SimpleUrlHandlerMapping  : Patterns [/webjars/**, /**, /uploads/**] in 'resourceHandlerMapping'
2026-05-21T15:57:15.331+09:00 DEBUG 65488 --- [           main] s.w.s.m.m.a.RequestMappingHandlerAdapter : ControllerAdvice beans: 0 @ModelAttribute, 0 @InitBinder, 1 RequestBodyAdvice, 1 ResponseBodyAdvice
2026-05-21T15:57:15.380+09:00 DEBUG 65488 --- [           main] .m.m.a.ExceptionHandlerExceptionResolver : ControllerAdvice beans: 0 @ExceptionHandler, 1 ResponseBodyAdvice
2026-05-21T15:57:15.470+09:00  INFO 65488 --- [           main] o.s.b.w.embedded.tomcat.TomcatWebServer  : Tomcat started on port 8080 (http) with context path '/'
2026-05-21T15:57:15.482+09:00 DEBUG 65488 --- [           main] .s.b.a.l.ConditionEvaluationReportLogger : 


============================
CONDITIONS EVALUATION REPORT
============================


Positive matches:
-----------------

   AopAutoConfiguration matched:
      - @ConditionalOnProperty (spring.aop.auto=true) matched (OnPropertyCondition)

   AopAutoConfiguration.AspectJAutoProxyingConfiguration matched:
      - @ConditionalOnClass found required class 'org.aspectj.weaver.Advice' (OnClassCondition)

   AopAutoConfiguration.AspectJAutoProxyingConfiguration.CglibAutoProxyConfiguration matched:
      - @ConditionalOnProperty (spring.aop.proxy-target-class=true) matched (OnPropertyCondition)

   ApplicationAvailabilityAutoConfiguration#applicationAvailability matched:
      - @ConditionalOnMissingBean (types: org.springframework.boot.availability.ApplicationAvailability; SearchStrategy: all) did not find any beans (OnBeanCondition)

   DataSourceAutoConfiguration matched:
      - @ConditionalOnClass found required classes 'javax.sql.DataSource', 'org.springframework.jdbc.datasource.embedded.EmbeddedDatabaseType' (OnClassCondition)
      - @ConditionalOnMissingBean (types: io.r2dbc.spi.ConnectionFactory; SearchStrategy: all) did not find any beans (OnBeanCondition)

   DataSourceAutoConfiguration.PooledDataSourceConfiguration matched:
      - AnyNestedCondition 1 matched 1 did not; NestedCondition on DataSourceAutoConfiguration.PooledDataSourceCondition.PooledDataSourceAvailable PooledDataSource found supported DataSource; NestedCondition on DataSourceAutoConfiguration.PooledDataSourceCondition.ExplicitType @ConditionalOnProperty (spring.datasource.type) did not find property 'type' (DataSourceAutoConfiguration.PooledDataSourceCondition)
      - @ConditionalOnMissingBean (types: javax.sql.DataSource,javax.sql.XADataSource; SearchStrategy: all) did not find any beans (OnBeanCondition)

   DataSourceAutoConfiguration.PooledDataSourceConfiguration#jdbcConnectionDetails matched:
      - @ConditionalOnMissingBean (types: org.springframework.boot.autoconfigure.jdbc.JdbcConnectionDetails; SearchStrategy: all) did not find any beans (OnBeanCondition)

   DataSourceConfiguration.Hikari matched:
      - @ConditionalOnClass found required class 'com.zaxxer.hikari.HikariDataSource' (OnClassCondition)
      - @ConditionalOnProperty (spring.datasource.type=com.zaxxer.hikari.HikariDataSource) matched (OnPropertyCondition)
      - @ConditionalOnMissingBean (types: javax.sql.DataSource; SearchStrategy: all) did not find any beans (OnBeanCondition)

   DataSourceInitializationConfiguration matched:
      - @ConditionalOnClass found required class 'org.springframework.jdbc.datasource.init.DatabasePopulator' (OnClassCondition)
      - @ConditionalOnSingleCandidate (types: javax.sql.DataSource; SearchStrategy: all) found a single bean 'dataSource'; @ConditionalOnMissingBean (types: org.springframework.boot.autoconfigure.sql.init.SqlDataSourceScriptDatabaseInitializer,org.springframework.boot.autoconfigure.sql.init.SqlR2dbcScriptDatabaseInitializer; SearchStrategy: all) did not find any beans (OnBeanCondition)

   DataSourceJmxConfiguration matched:
      - @ConditionalOnProperty (spring.jmx.enabled=true) matched (OnPropertyCondition)

   DataSourceJmxConfiguration.Hikari matched:
      - @ConditionalOnClass found required class 'com.zaxxer.hikari.HikariDataSource' (OnClassCondition)
      - @ConditionalOnSingleCandidate (types: javax.sql.DataSource; SearchStrategy: all) found a single bean 'dataSource' (OnBeanCondition)

   DataSourcePoolMetadataProvidersConfiguration.HikariPoolDataSourceMetadataProviderConfiguration matched:
      - @ConditionalOnClass found required class 'com.zaxxer.hikari.HikariDataSource' (OnClassCondition)

   DataSourceTransactionManagerAutoConfiguration matched:
      - @ConditionalOnClass found required classes 'javax.sql.DataSource', 'org.springframework.jdbc.core.JdbcTemplate', 'org.springframework.transaction.TransactionManager' (OnClassCondition)

   DataSourceTransactionManagerAutoConfiguration.JdbcTransactionManagerConfiguration matched:
      - @ConditionalOnSingleCandidate (types: javax.sql.DataSource; SearchStrategy: all) found a single bean 'dataSource' (OnBeanCondition)

   DispatcherServletAutoConfiguration matched:
      - @ConditionalOnClass found required class 'org.springframework.web.servlet.DispatcherServlet' (OnClassCondition)
      - found 'session' scope (OnWebApplicationCondition)

   DispatcherServletAutoConfiguration.DispatcherServletConfiguration matched:
      - @ConditionalOnClass found required class 'jakarta.servlet.ServletRegistration' (OnClassCondition)
      - Default DispatcherServlet did not find dispatcher servlet beans (DispatcherServletAutoConfiguration.DefaultDispatcherServletCondition)

   DispatcherServletAutoConfiguration.DispatcherServletRegistrationConfiguration matched:
      - @ConditionalOnClass found required class 'jakarta.servlet.ServletRegistration' (OnClassCondition)
      - DispatcherServlet Registration did not find servlet registration bean (DispatcherServletAutoConfiguration.DispatcherServletRegistrationCondition)

   DispatcherServletAutoConfiguration.DispatcherServletRegistrationConfiguration#dispatcherServletRegistration matched:
      - @ConditionalOnBean (names: dispatcherServlet types: org.springframework.web.servlet.DispatcherServlet; SearchStrategy: all) found bean 'dispatcherServlet' (OnBeanCondition)

   EmbeddedWebServerFactoryCustomizerAutoConfiguration matched:
      - @ConditionalOnWebApplication (required) found 'session' scope (OnWebApplicationCondition)
      - @ConditionalOnWarDeployment the application is not deployed as a WAR file. (OnWarDeploymentCondition)

   EmbeddedWebServerFactoryCustomizerAutoConfiguration.TomcatWebServerFactoryCustomizerConfiguration matched:
      - @ConditionalOnClass found required classes 'org.apache.catalina.startup.Tomcat', 'org.apache.coyote.UpgradeProtocol' (OnClassCondition)

   ErrorMvcAutoConfiguration matched:
      - @ConditionalOnClass found required classes 'jakarta.servlet.Servlet', 'org.springframework.web.servlet.DispatcherServlet' (OnClassCondition)
      - found 'session' scope (OnWebApplicationCondition)

   ErrorMvcAutoConfiguration#basicErrorController matched:
      - @ConditionalOnMissingBean (types: org.springframework.boot.web.servlet.error.ErrorController; SearchStrategy: current) did not find any beans (OnBeanCondition)

   ErrorMvcAutoConfiguration#errorAttributes matched:
      - @ConditionalOnMissingBean (types: org.springframework.boot.web.servlet.error.ErrorAttributes; SearchStrategy: current) did not find any beans (OnBeanCondition)

   ErrorMvcAutoConfiguration.DefaultErrorViewResolverConfiguration#conventionErrorViewResolver matched:
      - @ConditionalOnBean (types: org.springframework.web.servlet.DispatcherServlet; SearchStrategy: all) found bean 'dispatcherServlet'; @ConditionalOnMissingBean (types: org.springframework.boot.autoconfigure.web.servlet.error.ErrorViewResolver; SearchStrategy: all) did not find any beans (OnBeanCondition)

   ErrorMvcAutoConfiguration.WhitelabelErrorViewConfiguration matched:
      - @ConditionalOnProperty (server.error.whitelabel.enabled) matched (OnPropertyCondition)
      - ErrorTemplate Missing did not find error template view (ErrorMvcAutoConfiguration.ErrorTemplateMissingCondition)

   ErrorMvcAutoConfiguration.WhitelabelErrorViewConfiguration#beanNameViewResolver matched:
      - @ConditionalOnMissingBean (types: org.springframework.web.servlet.view.BeanNameViewResolver; SearchStrategy: all) did not find any beans (OnBeanCondition)

   ErrorMvcAutoConfiguration.WhitelabelErrorViewConfiguration#defaultErrorView matched:
      - @ConditionalOnMissingBean (names: error; SearchStrategy: all) did not find any beans (OnBeanCondition)

   GenericCacheConfiguration matched:
      - Cache org.springframework.boot.autoconfigure.cache.GenericCacheConfiguration automatic cache type (CacheCondition)

   HibernateJpaAutoConfiguration matched:
      - @ConditionalOnClass found required classes 'org.springframework.orm.jpa.LocalContainerEntityManagerFactoryBean', 'jakarta.persistence.EntityManager', 'org.hibernate.engine.spi.SessionImplementor' (OnClassCondition)

   HibernateJpaConfiguration matched:
      - @ConditionalOnSingleCandidate (types: javax.sql.DataSource; SearchStrategy: all) found a single bean 'dataSource' (OnBeanCondition)

   HttpEncodingAutoConfiguration matched:
      - @ConditionalOnClass found required class 'org.springframework.web.filter.CharacterEncodingFilter' (OnClassCondition)
      - found 'session' scope (OnWebApplicationCondition)
      - @ConditionalOnProperty (server.servlet.encoding.enabled) matched (OnPropertyCondition)

   HttpEncodingAutoConfiguration#characterEncodingFilter matched:
      - @ConditionalOnMissingBean (types: org.springframework.web.filter.CharacterEncodingFilter; SearchStrategy: all) did not find any beans (OnBeanCondition)

   HttpMessageConvertersAutoConfiguration matched:
      - @ConditionalOnClass found required class 'org.springframework.http.converter.HttpMessageConverter' (OnClassCondition)
      - NoneNestedConditions 0 matched 1 did not; NestedCondition on HttpMessageConvertersAutoConfiguration.NotReactiveWebApplicationCondition.ReactiveWebApplication did not find reactive web application classes (HttpMessageConvertersAutoConfiguration.NotReactiveWebApplicationCondition)

   HttpMessageConvertersAutoConfiguration#messageConverters matched:
      - @ConditionalOnMissingBean (types: org.springframework.boot.autoconfigure.http.HttpMessageConverters; SearchStrategy: all) did not find any beans (OnBeanCondition)

   HttpMessageConvertersAutoConfiguration.StringHttpMessageConverterConfiguration matched:
      - @ConditionalOnClass found required class 'org.springframework.http.converter.StringHttpMessageConverter' (OnClassCondition)

   HttpMessageConvertersAutoConfiguration.StringHttpMessageConverterConfiguration#stringHttpMessageConverter matched:
      - @ConditionalOnMissingBean (types: org.springframework.http.converter.StringHttpMessageConverter; SearchStrategy: all) did not find any beans (OnBeanCondition)

   JacksonAutoConfiguration matched:
      - @ConditionalOnClass found required class 'com.fasterxml.jackson.databind.ObjectMapper' (OnClassCondition)

   JacksonAutoConfiguration.Jackson2ObjectMapperBuilderCustomizerConfiguration matched:
      - @ConditionalOnClass found required class 'org.springframework.http.converter.json.Jackson2ObjectMapperBuilder' (OnClassCondition)

   JacksonAutoConfiguration.JacksonObjectMapperBuilderConfiguration matched:
      - @ConditionalOnClass found required class 'org.springframework.http.converter.json.Jackson2ObjectMapperBuilder' (OnClassCondition)

   JacksonAutoConfiguration.JacksonObjectMapperBuilderConfiguration#jacksonObjectMapperBuilder matched:
      - @ConditionalOnMissingBean (types: org.springframework.http.converter.json.Jackson2ObjectMapperBuilder; SearchStrategy: all) did not find any beans (OnBeanCondition)

   JacksonAutoConfiguration.JacksonObjectMapperConfiguration matched:
      - @ConditionalOnClass found required class 'org.springframework.http.converter.json.Jackson2ObjectMapperBuilder' (OnClassCondition)

   JacksonAutoConfiguration.JacksonObjectMapperConfiguration#jacksonObjectMapper matched:
      - @ConditionalOnMissingBean (types: com.fasterxml.jackson.databind.ObjectMapper; SearchStrategy: all) did not find any beans (OnBeanCondition)

   JacksonAutoConfiguration.ParameterNamesModuleConfiguration matched:
      - @ConditionalOnClass found required class 'com.fasterxml.jackson.module.paramnames.ParameterNamesModule' (OnClassCondition)

   JacksonAutoConfiguration.ParameterNamesModuleConfiguration#parameterNamesModule matched:
      - @ConditionalOnMissingBean (types: com.fasterxml.jackson.module.paramnames.ParameterNamesModule; SearchStrategy: all) did not find any beans (OnBeanCondition)

   JacksonHttpMessageConvertersConfiguration.MappingJackson2HttpMessageConverterConfiguration matched:
      - @ConditionalOnClass found required class 'com.fasterxml.jackson.databind.ObjectMapper' (OnClassCondition)
      - @ConditionalOnProperty (spring.mvc.converters.preferred-json-mapper=jackson) matched (OnPropertyCondition)
      - @ConditionalOnBean (types: com.fasterxml.jackson.databind.ObjectMapper; SearchStrategy: all) found bean 'jacksonObjectMapper' (OnBeanCondition)

   JacksonHttpMessageConvertersConfiguration.MappingJackson2HttpMessageConverterConfiguration#mappingJackson2HttpMessageConverter matched:
      - @ConditionalOnMissingBean (types: org.springframework.http.converter.json.MappingJackson2HttpMessageConverter ignored: org.springframework.hateoas.server.mvc.TypeConstrainedMappingJackson2HttpMessageConverter,org.springframework.data.rest.webmvc.alps.AlpsJsonHttpMessageConverter; SearchStrategy: all) did not find any beans (OnBeanCondition)

   JacksonHttpMessageConvertersConfiguration.MappingJackson2XmlHttpMessageConverterConfiguration matched:
      - @ConditionalOnClass found required class 'com.fasterxml.jackson.dataformat.xml.XmlMapper' (OnClassCondition)
      - @ConditionalOnBean (types: org.springframework.http.converter.json.Jackson2ObjectMapperBuilder; SearchStrategy: all) found bean 'jacksonObjectMapperBuilder' (OnBeanCondition)

   JacksonHttpMessageConvertersConfiguration.MappingJackson2XmlHttpMessageConverterConfiguration#mappingJackson2XmlHttpMessageConverter matched:
      - @ConditionalOnMissingBean (types: org.springframework.http.converter.xml.MappingJackson2XmlHttpMessageConverter; SearchStrategy: all) did not find any beans (OnBeanCondition)

   JdbcClientAutoConfiguration matched:
      - @ConditionalOnSingleCandidate (types: org.springframework.jdbc.core.namedparam.NamedParameterJdbcTemplate; SearchStrategy: all) found a single bean 'namedParameterJdbcTemplate'; @ConditionalOnMissingBean (types: org.springframework.jdbc.core.simple.JdbcClient; SearchStrategy: all) did not find any beans (OnBeanCondition)

   JdbcTemplateAutoConfiguration matched:
      - @ConditionalOnClass found required classes 'javax.sql.DataSource', 'org.springframework.jdbc.core.JdbcTemplate' (OnClassCondition)
      - @ConditionalOnSingleCandidate (types: javax.sql.DataSource; SearchStrategy: all) found a single bean 'dataSource' (OnBeanCondition)

   JdbcTemplateConfiguration matched:
      - @ConditionalOnMissingBean (types: org.springframework.jdbc.core.JdbcOperations; SearchStrategy: all) did not find any beans (OnBeanCondition)

   JpaBaseConfiguration#entityManagerFactory matched:
      - @ConditionalOnMissingBean (types: org.springframework.orm.jpa.LocalContainerEntityManagerFactoryBean,jakarta.persistence.EntityManagerFactory; SearchStrategy: all) did not find any beans (OnBeanCondition)

   JpaBaseConfiguration#entityManagerFactoryBuilder matched:
      - @ConditionalOnMissingBean (types: org.springframework.boot.orm.jpa.EntityManagerFactoryBuilder; SearchStrategy: all) did not find any beans (OnBeanCondition)

   JpaBaseConfiguration#jpaVendorAdapter matched:
      - @ConditionalOnMissingBean (types: org.springframework.orm.jpa.JpaVendorAdapter; SearchStrategy: all) did not find any beans (OnBeanCondition)

   JpaBaseConfiguration#transactionManager matched:
      - @ConditionalOnMissingBean (types: org.springframework.transaction.TransactionManager; SearchStrategy: all) did not find any beans (OnBeanCondition)

   JpaBaseConfiguration.PersistenceManagedTypesConfiguration matched:
      - @ConditionalOnMissingBean (types: org.springframework.orm.jpa.LocalContainerEntityManagerFactoryBean,jakarta.persistence.EntityManagerFactory; SearchStrategy: all) did not find any beans (OnBeanCondition)

   JpaBaseConfiguration.PersistenceManagedTypesConfiguration#persistenceManagedTypes matched:
      - @ConditionalOnMissingBean (types: org.springframework.orm.jpa.persistenceunit.PersistenceManagedTypes; SearchStrategy: all) did not find any beans (OnBeanCondition)

   JpaRepositoriesAutoConfiguration matched:
      - @ConditionalOnClass found required class 'org.springframework.data.jpa.repository.JpaRepository' (OnClassCondition)
      - @ConditionalOnProperty (spring.data.jpa.repositories.enabled=true) matched (OnPropertyCondition)
      - @ConditionalOnBean (types: javax.sql.DataSource; SearchStrategy: all) found bean 'dataSource'; @ConditionalOnMissingBean (types: org.springframework.data.jpa.repository.support.JpaRepositoryFactoryBean,org.springframework.data.jpa.repository.config.JpaRepositoryConfigExtension; SearchStrategy: all) did not find any beans (OnBeanCondition)

   JtaAutoConfiguration matched:
      - @ConditionalOnClass found required class 'jakarta.transaction.Transaction' (OnClassCondition)
      - @ConditionalOnProperty (spring.jta.enabled) matched (OnPropertyCondition)

   LifecycleAutoConfiguration#defaultLifecycleProcessor matched:
      - @ConditionalOnMissingBean (names: lifecycleProcessor; SearchStrategy: current) did not find any beans (OnBeanCondition)

   MultipartAutoConfiguration matched:
      - @ConditionalOnClass found required classes 'jakarta.servlet.Servlet', 'org.springframework.web.multipart.support.StandardServletMultipartResolver', 'jakarta.servlet.MultipartConfigElement' (OnClassCondition)
      - found 'session' scope (OnWebApplicationCondition)
      - @ConditionalOnProperty (spring.servlet.multipart.enabled) matched (OnPropertyCondition)

   MultipartAutoConfiguration#multipartConfigElement matched:
      - @ConditionalOnMissingBean (types: jakarta.servlet.MultipartConfigElement; SearchStrategy: all) did not find any beans (OnBeanCondition)

   MultipartAutoConfiguration#multipartResolver matched:
      - @ConditionalOnMissingBean (types: org.springframework.web.multipart.MultipartResolver; SearchStrategy: all) did not find any beans (OnBeanCondition)

   NamedParameterJdbcTemplateConfiguration matched:
      - @ConditionalOnSingleCandidate (types: org.springframework.jdbc.core.JdbcTemplate; SearchStrategy: all) found a single bean 'jdbcTemplate'; @ConditionalOnMissingBean (types: org.springframework.jdbc.core.namedparam.NamedParameterJdbcOperations; SearchStrategy: all) did not find any beans (OnBeanCondition)

   NettyAutoConfiguration matched:
      - @ConditionalOnClass found required class 'io.netty.util.NettyRuntime' (OnClassCondition)

   NoOpCacheConfiguration matched:
      - Cache org.springframework.boot.autoconfigure.cache.NoOpCacheConfiguration automatic cache type (CacheCondition)

   PersistenceExceptionTranslationAutoConfiguration matched:
      - @ConditionalOnClass found required class 'org.springframework.dao.annotation.PersistenceExceptionTranslationPostProcessor' (OnClassCondition)

   PersistenceExceptionTranslationAutoConfiguration#persistenceExceptionTranslationPostProcessor matched:
      - @ConditionalOnProperty (spring.dao.exceptiontranslation.enabled) matched (OnPropertyCondition)
      - @ConditionalOnMissingBean (types: org.springframework.dao.annotation.PersistenceExceptionTranslationPostProcessor; SearchStrategy: all) did not find any beans (OnBeanCondition)

   PropertyPlaceholderAutoConfiguration#propertySourcesPlaceholderConfigurer matched:
      - @ConditionalOnMissingBean (types: org.springframework.context.support.PropertySourcesPlaceholderConfigurer; SearchStrategy: current) did not find any beans (OnBeanCondition)

   RestClientAutoConfiguration matched:
      - @ConditionalOnClass found required class 'org.springframework.web.client.RestClient' (OnClassCondition)
      - NoneNestedConditions 0 matched 1 did not; NestedCondition on NotReactiveWebApplicationCondition.ReactiveWebApplication did not find reactive web application classes (NotReactiveWebApplicationCondition)

   RestClientAutoConfiguration#httpMessageConvertersRestClientCustomizer matched:
      - @ConditionalOnMissingBean (types: org.springframework.boot.autoconfigure.web.client.HttpMessageConvertersRestClientCustomizer; SearchStrategy: all) did not find any beans (OnBeanCondition)

   RestClientAutoConfiguration#restClientBuilder matched:
      - @ConditionalOnMissingBean (types: org.springframework.web.client.RestClient$Builder; SearchStrategy: all) did not find any beans (OnBeanCondition)

   RestClientAutoConfiguration#restClientBuilderConfigurer matched:
      - @ConditionalOnMissingBean (types: org.springframework.boot.autoconfigure.web.client.RestClientBuilderConfigurer; SearchStrategy: all) did not find any beans (OnBeanCondition)

   RestClientAutoConfiguration#restClientSsl matched:
      - @ConditionalOnBean (types: org.springframework.boot.ssl.SslBundles; SearchStrategy: all) found bean 'sslBundleRegistry'; @ConditionalOnMissingBean (types: org.springframework.boot.autoconfigure.web.client.RestClientSsl; SearchStrategy: all) did not find any beans (OnBeanCondition)

   RestTemplateAutoConfiguration matched:
      - @ConditionalOnClass found required class 'org.springframework.web.client.RestTemplate' (OnClassCondition)
      - NoneNestedConditions 0 matched 1 did not; NestedCondition on NotReactiveWebApplicationCondition.ReactiveWebApplication did not find reactive web application classes (NotReactiveWebApplicationCondition)

   RestTemplateAutoConfiguration#restTemplateBuilder matched:
      - @ConditionalOnMissingBean (types: org.springframework.boot.web.client.RestTemplateBuilder; SearchStrategy: all) did not find any beans (OnBeanCondition)

   SecurityAutoConfiguration matched:
      - @ConditionalOnClass found required class 'org.springframework.security.authentication.DefaultAuthenticationEventPublisher' (OnClassCondition)

   SecurityAutoConfiguration#authenticationEventPublisher matched:
      - @ConditionalOnMissingBean (types: org.springframework.security.authentication.AuthenticationEventPublisher; SearchStrategy: all) did not find any beans (OnBeanCondition)

   SecurityFilterAutoConfiguration matched:
      - @ConditionalOnClass found required classes 'org.springframework.security.web.context.AbstractSecurityWebApplicationInitializer', 'org.springframework.security.config.http.SessionCreationPolicy' (OnClassCondition)
      - found 'session' scope (OnWebApplicationCondition)

   SecurityFilterAutoConfiguration#securityFilterChainRegistration matched:
      - @ConditionalOnBean (names: springSecurityFilterChain; SearchStrategy: all) found bean 'springSecurityFilterChain' (OnBeanCondition)

   ServletWebServerFactoryAutoConfiguration matched:
      - @ConditionalOnClass found required class 'jakarta.servlet.ServletRequest' (OnClassCondition)
      - found 'session' scope (OnWebApplicationCondition)

   ServletWebServerFactoryAutoConfiguration#tomcatServletWebServerFactoryCustomizer matched:
      - @ConditionalOnClass found required class 'org.apache.catalina.startup.Tomcat' (OnClassCondition)

   ServletWebServerFactoryConfiguration.EmbeddedTomcat matched:
      - @ConditionalOnClass found required classes 'jakarta.servlet.Servlet', 'org.apache.catalina.startup.Tomcat', 'org.apache.coyote.UpgradeProtocol' (OnClassCondition)
      - @ConditionalOnMissingBean (types: org.springframework.boot.web.servlet.server.ServletWebServerFactory; SearchStrategy: current) did not find any beans (OnBeanCondition)

   SimpleCacheConfiguration matched:
      - Cache org.springframework.boot.autoconfigure.cache.SimpleCacheConfiguration automatic cache type (CacheCondition)

   SolapiSmsSender matched:
      - @ConditionalOnProperty (app.sms.provider=solapi) matched (OnPropertyCondition)

   SpringBootWebSecurityConfiguration matched:
      - found 'session' scope (OnWebApplicationCondition)

   SpringDataWebAutoConfiguration matched:
      - @ConditionalOnClass found required classes 'org.springframework.data.web.PageableHandlerMethodArgumentResolver', 'org.springframework.web.servlet.config.annotation.WebMvcConfigurer' (OnClassCondition)
      - found 'session' scope (OnWebApplicationCondition)
      - @ConditionalOnMissingBean (types: org.springframework.data.web.PageableHandlerMethodArgumentResolver; SearchStrategy: all) did not find any beans (OnBeanCondition)

   SpringDataWebAutoConfiguration#pageableCustomizer matched:
      - @ConditionalOnMissingBean (types: org.springframework.data.web.config.PageableHandlerMethodArgumentResolverCustomizer; SearchStrategy: all) did not find any beans (OnBeanCondition)

   SpringDataWebAutoConfiguration#sortCustomizer matched:
      - @ConditionalOnMissingBean (types: org.springframework.data.web.config.SortHandlerMethodArgumentResolverCustomizer; SearchStrategy: all) did not find any beans (OnBeanCondition)

   SqlInitializationAutoConfiguration matched:
      - @ConditionalOnProperty (spring.sql.init.enabled) matched (OnPropertyCondition)
      - NoneNestedConditions 0 matched 1 did not; NestedCondition on SqlInitializationAutoConfiguration.SqlInitializationModeCondition.ModeIsNever @ConditionalOnProperty (spring.sql.init.mode=never) did not find property 'mode' (SqlInitializationAutoConfiguration.SqlInitializationModeCondition)

   SslAutoConfiguration#sslBundleRegistry matched:
      - @ConditionalOnMissingBean (types: org.springframework.boot.ssl.SslBundleRegistry,org.springframework.boot.ssl.SslBundles; SearchStrategy: all) did not find any beans (OnBeanCondition)

   TaskExecutionAutoConfiguration matched:
      - @ConditionalOnClass found required class 'org.springframework.scheduling.concurrent.ThreadPoolTaskExecutor' (OnClassCondition)

   TaskExecutorConfigurations.SimpleAsyncTaskExecutorBuilderConfiguration#simpleAsyncTaskExecutorBuilder matched:
      - @ConditionalOnMissingBean (types: org.springframework.boot.task.SimpleAsyncTaskExecutorBuilder; SearchStrategy: all) did not find any beans (OnBeanCondition)
      - @ConditionalOnThreading found PLATFORM (OnThreadingCondition)

   TaskExecutorConfigurations.TaskExecutorBuilderConfiguration#taskExecutorBuilder matched:
      - @ConditionalOnMissingBean (types: org.springframework.boot.task.TaskExecutorBuilder; SearchStrategy: all) did not find any beans (OnBeanCondition)

   TaskExecutorConfigurations.TaskExecutorConfiguration matched:
      - @ConditionalOnMissingBean (types: java.util.concurrent.Executor; SearchStrategy: all) did not find any beans (OnBeanCondition)

   TaskExecutorConfigurations.TaskExecutorConfiguration#applicationTaskExecutor matched:
      - @ConditionalOnThreading found PLATFORM (OnThreadingCondition)

   TaskExecutorConfigurations.ThreadPoolTaskExecutorBuilderConfiguration#threadPoolTaskExecutorBuilder matched:
      - @ConditionalOnMissingBean (types: org.springframework.boot.task.TaskExecutorBuilder,org.springframework.boot.task.ThreadPoolTaskExecutorBuilder; SearchStrategy: all) did not find any beans (OnBeanCondition)

   TaskSchedulingAutoConfiguration matched:
      - @ConditionalOnClass found required class 'org.springframework.scheduling.concurrent.ThreadPoolTaskScheduler' (OnClassCondition)

   TaskSchedulingAutoConfiguration#scheduledBeanLazyInitializationExcludeFilter matched:
      - @ConditionalOnBean (names: org.springframework.context.annotation.internalScheduledAnnotationProcessor; SearchStrategy: all) found bean 'org.springframework.context.annotation.internalScheduledAnnotationProcessor' (OnBeanCondition)

   TaskSchedulingConfigurations.SimpleAsyncTaskSchedulerBuilderConfiguration#simpleAsyncTaskSchedulerBuilder matched:
      - @ConditionalOnMissingBean (types: org.springframework.boot.task.SimpleAsyncTaskSchedulerBuilder; SearchStrategy: all) did not find any beans (OnBeanCondition)
      - @ConditionalOnThreading found PLATFORM (OnThreadingCondition)

   TaskSchedulingConfigurations.TaskSchedulerBuilderConfiguration#taskSchedulerBuilder matched:
      - @ConditionalOnMissingBean (types: org.springframework.boot.task.TaskSchedulerBuilder; SearchStrategy: all) did not find any beans (OnBeanCondition)

   TaskSchedulingConfigurations.TaskSchedulerConfiguration matched:
      - @ConditionalOnBean (names: org.springframework.context.annotation.internalScheduledAnnotationProcessor; SearchStrategy: all) found bean 'org.springframework.context.annotation.internalScheduledAnnotationProcessor'; @ConditionalOnMissingBean (types: org.springframework.scheduling.TaskScheduler,java.util.concurrent.ScheduledExecutorService; SearchStrategy: all) did not find any beans (OnBeanCondition)

   TaskSchedulingConfigurations.TaskSchedulerConfiguration#taskScheduler matched:
      - @ConditionalOnThreading found PLATFORM (OnThreadingCondition)

   TaskSchedulingConfigurations.ThreadPoolTaskSchedulerBuilderConfiguration#threadPoolTaskSchedulerBuilder matched:
      - @ConditionalOnMissingBean (types: org.springframework.boot.task.TaskSchedulerBuilder,org.springframework.boot.task.ThreadPoolTaskSchedulerBuilder; SearchStrategy: all) did not find any beans (OnBeanCondition)

   TransactionAutoConfiguration matched:
      - @ConditionalOnClass found required class 'org.springframework.transaction.PlatformTransactionManager' (OnClassCondition)

   TransactionAutoConfiguration.EnableTransactionManagementConfiguration matched:
      - @ConditionalOnBean (types: org.springframework.transaction.TransactionManager; SearchStrategy: all) found bean 'transactionManager'; @ConditionalOnMissingBean (types: org.springframework.transaction.annotation.AbstractTransactionManagementConfiguration; SearchStrategy: all) did not find any beans (OnBeanCondition)

   TransactionAutoConfiguration.EnableTransactionManagementConfiguration.CglibAutoProxyConfiguration matched:
      - @ConditionalOnProperty (spring.aop.proxy-target-class=true) matched (OnPropertyCondition)

   TransactionAutoConfiguration.TransactionTemplateConfiguration matched:
      - @ConditionalOnSingleCandidate (types: org.springframework.transaction.PlatformTransactionManager; SearchStrategy: all) found a single bean 'transactionManager' (OnBeanCondition)

   TransactionAutoConfiguration.TransactionTemplateConfiguration#transactionTemplate matched:
      - @ConditionalOnMissingBean (types: org.springframework.transaction.support.TransactionOperations; SearchStrategy: all) did not find any beans (OnBeanCondition)

   TransactionManagerCustomizationAutoConfiguration matched:
      - @ConditionalOnClass found required class 'org.springframework.transaction.PlatformTransactionManager' (OnClassCondition)

   TransactionManagerCustomizationAutoConfiguration#platformTransactionManagerCustomizers matched:
      - @ConditionalOnMissingBean (types: org.springframework.boot.autoconfigure.transaction.TransactionManagerCustomizers; SearchStrategy: all) did not find any beans (OnBeanCondition)

   UserDetailsServiceAutoConfiguration matched:
      - @ConditionalOnClass found required class 'org.springframework.security.authentication.AuthenticationManager' (OnClassCondition)
      - AnyNestedCondition 1 matched 2 did not; NestedCondition on UserDetailsServiceAutoConfiguration.MissingAlternativeOrUserPropertiesConfigured.PasswordConfigured @ConditionalOnProperty (spring.security.user.password) did not find property 'password'; NestedCondition on UserDetailsServiceAutoConfiguration.MissingAlternativeOrUserPropertiesConfigured.NameConfigured @ConditionalOnProperty (spring.security.user.name) did not find property 'name'; NestedCondition on UserDetailsServiceAutoConfiguration.MissingAlternativeOrUserPropertiesConfigured.MissingAlternative @ConditionalOnMissingClass did not find unwanted classes 'org.springframework.security.oauth2.client.registration.ClientRegistrationRepository', 'org.springframework.security.oauth2.server.resource.introspection.OpaqueTokenIntrospector', 'org.springframework.security.saml2.provider.service.registration.RelyingPartyRegistrationRepository' (UserDetailsServiceAutoConfiguration.MissingAlternativeOrUserPropertiesConfigured)
      - @ConditionalOnBean (types: org.springframework.security.config.annotation.ObjectPostProcessor; SearchStrategy: all) found bean 'objectPostProcessor'; @ConditionalOnMissingBean (types: org.springframework.security.authentication.AuthenticationManager,org.springframework.security.authentication.AuthenticationProvider,org.springframework.security.core.userdetails.UserDetailsService,org.springframework.security.authentication.AuthenticationManagerResolver,org.springframework.security.oauth2.jwt.JwtDecoder; SearchStrategy: all) did not find any beans (OnBeanCondition)

   ValidationAutoConfiguration matched:
      - @ConditionalOnClass found required class 'jakarta.validation.executable.ExecutableValidator' (OnClassCondition)
      - @ConditionalOnResource found location classpath:META-INF/services/jakarta.validation.spi.ValidationProvider (OnResourceCondition)

   ValidationAutoConfiguration#defaultValidator matched:
      - @ConditionalOnMissingBean (types: jakarta.validation.Validator; SearchStrategy: all) did not find any beans (OnBeanCondition)

   ValidationAutoConfiguration#methodValidationPostProcessor matched:
      - @ConditionalOnMissingBean (types: org.springframework.validation.beanvalidation.MethodValidationPostProcessor; SearchStrategy: current) did not find any beans (OnBeanCondition)

   WebMvcAutoConfiguration matched:
      - @ConditionalOnClass found required classes 'jakarta.servlet.Servlet', 'org.springframework.web.servlet.DispatcherServlet', 'org.springframework.web.servlet.config.annotation.WebMvcConfigurer' (OnClassCondition)
      - found 'session' scope (OnWebApplicationCondition)
      - @ConditionalOnMissingBean (types: org.springframework.web.servlet.config.annotation.WebMvcConfigurationSupport; SearchStrategy: all) did not find any beans (OnBeanCondition)

   WebMvcAutoConfiguration#formContentFilter matched:
      - @ConditionalOnProperty (spring.mvc.formcontent.filter.enabled) matched (OnPropertyCondition)
      - @ConditionalOnMissingBean (types: org.springframework.web.filter.FormContentFilter; SearchStrategy: all) did not find any beans (OnBeanCondition)

   WebMvcAutoConfiguration.EnableWebMvcConfiguration#flashMapManager matched:
      - @ConditionalOnMissingBean (names: flashMapManager; SearchStrategy: all) did not find any beans (OnBeanCondition)

   WebMvcAutoConfiguration.EnableWebMvcConfiguration#localeResolver matched:
      - @ConditionalOnMissingBean (names: localeResolver; SearchStrategy: all) did not find any beans (OnBeanCondition)

   WebMvcAutoConfiguration.EnableWebMvcConfiguration#themeResolver matched:
      - @ConditionalOnMissingBean (names: themeResolver; SearchStrategy: all) did not find any beans (OnBeanCondition)

   WebMvcAutoConfiguration.WebMvcAutoConfigurationAdapter#defaultViewResolver matched:
      - @ConditionalOnMissingBean (types: org.springframework.web.servlet.view.InternalResourceViewResolver; SearchStrategy: all) did not find any beans (OnBeanCondition)

   WebMvcAutoConfiguration.WebMvcAutoConfigurationAdapter#requestContextFilter matched:
      - @ConditionalOnMissingBean (types: org.springframework.web.context.request.RequestContextListener,org.springframework.web.filter.RequestContextFilter; SearchStrategy: all) did not find any beans (OnBeanCondition)

   WebMvcAutoConfiguration.WebMvcAutoConfigurationAdapter#viewResolver matched:
      - @ConditionalOnBean (types: org.springframework.web.servlet.ViewResolver; SearchStrategy: all) found beans 'defaultViewResolver', 'beanNameViewResolver', 'mvcViewResolver'; @ConditionalOnMissingBean (names: viewResolver types: org.springframework.web.servlet.view.ContentNegotiatingViewResolver; SearchStrategy: all) did not find any beans (OnBeanCondition)

   WebSocketServletAutoConfiguration matched:
      - @ConditionalOnClass found required classes 'jakarta.servlet.Servlet', 'jakarta.websocket.server.ServerContainer' (OnClassCondition)
      - found 'session' scope (OnWebApplicationCondition)

   WebSocketServletAutoConfiguration.TomcatWebSocketConfiguration matched:
      - @ConditionalOnClass found required classes 'org.apache.catalina.startup.Tomcat', 'org.apache.tomcat.websocket.server.WsSci' (OnClassCondition)

   WebSocketServletAutoConfiguration.TomcatWebSocketConfiguration#websocketServletWebServerCustomizer matched:
      - @ConditionalOnMissingBean (names: websocketServletWebServerCustomizer; SearchStrategy: all) did not find any beans (OnBeanCondition)


Negative matches:
-----------------

   ActiveMQAutoConfiguration:
      Did not match:
         - @ConditionalOnClass did not find required class 'jakarta.jms.ConnectionFactory' (OnClassCondition)

   AligoSmsSender:
      Did not match:
         - @ConditionalOnProperty (app.sms.provider=aligo) found different value in property 'provider' (OnPropertyCondition)

   AopAutoConfiguration.AspectJAutoProxyingConfiguration.JdkDynamicAutoProxyConfiguration:
      Did not match:
         - @ConditionalOnProperty (spring.aop.proxy-target-class=false) did not find property 'proxy-target-class' (OnPropertyCondition)

   AopAutoConfiguration.ClassProxyingConfiguration:
      Did not match:
         - @ConditionalOnMissingClass found unwanted class 'org.aspectj.weaver.Advice' (OnClassCondition)

   ArtemisAutoConfiguration:
      Did not match:
         - @ConditionalOnClass did not find required class 'jakarta.jms.ConnectionFactory' (OnClassCondition)

   BatchAutoConfiguration:
      Did not match:
         - @ConditionalOnClass did not find required class 'org.springframework.batch.core.launch.JobLauncher' (OnClassCondition)

   Cache2kCacheConfiguration:
      Did not match:
         - @ConditionalOnClass did not find required class 'org.cache2k.Cache2kBuilder' (OnClassCondition)

   CacheAutoConfiguration:
      Did not match:
         - @ConditionalOnBean (types: org.springframework.cache.interceptor.CacheAspectSupport; SearchStrategy: all) did not find any beans of type org.springframework.cache.interceptor.CacheAspectSupport (OnBeanCondition)
      Matched:
         - @ConditionalOnClass found required class 'org.springframework.cache.CacheManager' (OnClassCondition)

   CacheAutoConfiguration.CacheManagerEntityManagerFactoryDependsOnPostProcessor:
      Did not match:
         - Ancestor org.springframework.boot.autoconfigure.cache.CacheAutoConfiguration did not match (ConditionEvaluationReport.AncestorsMatchedCondition)
      Matched:
         - @ConditionalOnClass found required class 'org.springframework.orm.jpa.LocalContainerEntityManagerFactoryBean' (OnClassCondition)

   CaffeineCacheConfiguration:
      Did not match:
         - @ConditionalOnClass did not find required class 'com.github.benmanes.caffeine.cache.Caffeine' (OnClassCondition)

   CassandraAutoConfiguration:
      Did not match:
         - @ConditionalOnClass did not find required class 'com.datastax.oss.driver.api.core.CqlSession' (OnClassCondition)

   CassandraDataAutoConfiguration:
      Did not match:
         - @ConditionalOnClass did not find required class 'com.datastax.oss.driver.api.core.CqlSession' (OnClassCondition)

   CassandraReactiveDataAutoConfiguration:
      Did not match:
         - @ConditionalOnClass did not find required class 'com.datastax.oss.driver.api.core.CqlSession' (OnClassCondition)

   CassandraReactiveRepositoriesAutoConfiguration:
      Did not match:
         - @ConditionalOnClass did not find required class 'org.springframework.data.cassandra.ReactiveSession' (OnClassCondition)

   CassandraRepositoriesAutoConfiguration:
      Did not match:
         - @ConditionalOnClass did not find required class 'com.datastax.oss.driver.api.core.CqlSession' (OnClassCondition)

   ClientHttpConnectorAutoConfiguration:
      Did not match:
         - @ConditionalOnClass did not find required class 'org.springframework.web.reactive.function.client.WebClient' (OnClassCondition)

   CodecsAutoConfiguration:
      Did not match:
         - @ConditionalOnClass did not find required class 'org.springframework.web.reactive.function.client.WebClient' (OnClassCondition)

   CouchbaseAutoConfiguration:
      Did not match:
         - @ConditionalOnClass did not find required class 'com.couchbase.client.java.Cluster' (OnClassCondition)

   CouchbaseCacheConfiguration:
      Did not match:
         - @ConditionalOnClass did not find required class 'com.couchbase.client.java.Cluster' (OnClassCondition)

   CouchbaseDataAutoConfiguration:
      Did not match:
         - @ConditionalOnClass did not find required class 'com.couchbase.client.java.Bucket' (OnClassCondition)

   CouchbaseReactiveDataAutoConfiguration:
      Did not match:
         - @ConditionalOnClass did not find required class 'com.couchbase.client.java.Cluster' (OnClassCondition)

   CouchbaseReactiveRepositoriesAutoConfiguration:
      Did not match:
         - @ConditionalOnClass did not find required class 'com.couchbase.client.java.Cluster' (OnClassCondition)

   CouchbaseRepositoriesAutoConfiguration:
      Did not match:
         - @ConditionalOnClass did not find required class 'com.couchbase.client.java.Bucket' (OnClassCondition)

   DataSourceAutoConfiguration.EmbeddedDatabaseConfiguration:
      Did not match:
         - EmbeddedDataSource spring.datasource.url is set (DataSourceAutoConfiguration.EmbeddedDatabaseCondition)

   DataSourceCheckpointRestoreConfiguration:
      Did not match:
         - @ConditionalOnClass did not find required class 'org.crac.Resource' (OnClassCondition)

   DataSourceConfiguration.Dbcp2:
      Did not match:
         - @ConditionalOnClass did not find required class 'org.apache.commons.dbcp2.BasicDataSource' (OnClassCondition)

   DataSourceConfiguration.Generic:
      Did not match:
         - @ConditionalOnProperty (spring.datasource.type) did not find property 'spring.datasource.type' (OnPropertyCondition)

   DataSourceConfiguration.OracleUcp:
      Did not match:
         - @ConditionalOnClass did not find required classes 'oracle.ucp.jdbc.PoolDataSourceImpl', 'oracle.jdbc.OracleConnection' (OnClassCondition)

   DataSourceConfiguration.Tomcat:
      Did not match:
         - @ConditionalOnClass did not find required class 'org.apache.tomcat.jdbc.pool.DataSource' (OnClassCondition)

   DataSourceJmxConfiguration.TomcatDataSourceJmxConfiguration:
      Did not match:
         - @ConditionalOnClass did not find required class 'org.apache.tomcat.jdbc.pool.DataSourceProxy' (OnClassCondition)

   DataSourcePoolMetadataProvidersConfiguration.CommonsDbcp2PoolDataSourceMetadataProviderConfiguration:
      Did not match:
         - @ConditionalOnClass did not find required class 'org.apache.commons.dbcp2.BasicDataSource' (OnClassCondition)

   DataSourcePoolMetadataProvidersConfiguration.OracleUcpPoolDataSourceMetadataProviderConfiguration:
      Did not match:
         - @ConditionalOnClass did not find required classes 'oracle.ucp.jdbc.PoolDataSource', 'oracle.jdbc.OracleConnection' (OnClassCondition)

   DataSourcePoolMetadataProvidersConfiguration.TomcatDataSourcePoolMetadataProviderConfiguration:
      Did not match:
         - @ConditionalOnClass did not find required class 'org.apache.tomcat.jdbc.pool.DataSource' (OnClassCondition)

   DataSourceTransactionManagerAutoConfiguration.JdbcTransactionManagerConfiguration#transactionManager:
      Did not match:
         - @ConditionalOnMissingBean (types: org.springframework.transaction.TransactionManager; SearchStrategy: all) found beans of type 'org.springframework.transaction.TransactionManager' transactionManager (OnBeanCondition)

   DispatcherServletAutoConfiguration.DispatcherServletConfiguration#multipartResolver:
      Did not match:
         - @ConditionalOnBean (types: org.springframework.web.multipart.MultipartResolver; SearchStrategy: all) did not find any beans of type org.springframework.web.multipart.MultipartResolver (OnBeanCondition)

   ElasticsearchClientAutoConfiguration:
      Did not match:
         - @ConditionalOnClass did not find required class 'co.elastic.clients.elasticsearch.ElasticsearchClient' (OnClassCondition)

   ElasticsearchDataAutoConfiguration:
      Did not match:
         - @ConditionalOnClass did not find required class 'org.springframework.data.elasticsearch.client.elc.ElasticsearchTemplate' (OnClassCondition)

   ElasticsearchRepositoriesAutoConfiguration:
      Did not match:
         - @ConditionalOnClass did not find required class 'org.springframework.data.elasticsearch.repository.ElasticsearchRepository' (OnClassCondition)

   ElasticsearchRestClientAutoConfiguration:
      Did not match:
         - @ConditionalOnClass did not find required class 'org.elasticsearch.client.RestClientBuilder' (OnClassCondition)

   EmbeddedLdapAutoConfiguration:
      Did not match:
         - @ConditionalOnClass did not find required class 'com.unboundid.ldap.listener.InMemoryDirectoryServer' (OnClassCondition)

   EmbeddedWebServerFactoryCustomizerAutoConfiguration.JettyWebServerFactoryCustomizerConfiguration:
      Did not match:
         - @ConditionalOnClass did not find required classes 'org.eclipse.jetty.server.Server', 'org.eclipse.jetty.util.Loader', 'org.eclipse.jetty.ee10.webapp.WebAppContext' (OnClassCondition)

   EmbeddedWebServerFactoryCustomizerAutoConfiguration.NettyWebServerFactoryCustomizerConfiguration:
      Did not match:
         - @ConditionalOnClass did not find required class 'reactor.netty.http.server.HttpServer' (OnClassCondition)

   EmbeddedWebServerFactoryCustomizerAutoConfiguration.TomcatWebServerFactoryCustomizerConfiguration#tomcatVirtualThreadsProtocolHandlerCustomizer:
      Did not match:
         - @ConditionalOnThreading did not find VIRTUAL (OnThreadingCondition)

   EmbeddedWebServerFactoryCustomizerAutoConfiguration.UndertowWebServerFactoryCustomizerConfiguration:
      Did not match:
         - @ConditionalOnClass did not find required classes 'io.undertow.Undertow', 'org.xnio.SslClientAuthMode' (OnClassCondition)

   ErrorWebFluxAutoConfiguration:
      Did not match:
         - @ConditionalOnClass did not find required class 'org.springframework.web.reactive.config.WebFluxConfigurer' (OnClassCondition)

   FlywayAutoConfiguration:
      Did not match:
         - @ConditionalOnClass did not find required class 'org.flywaydb.core.Flyway' (OnClassCondition)

   FreeMarkerAutoConfiguration:
      Did not match:
         - @ConditionalOnClass did not find required class 'freemarker.template.Configuration' (OnClassCondition)

   GraphQlAutoConfiguration:
      Did not match:
         - @ConditionalOnClass did not find required class 'graphql.GraphQL' (OnClassCondition)

   GraphQlQueryByExampleAutoConfiguration:
      Did not match:
         - @ConditionalOnClass did not find required class 'graphql.GraphQL' (OnClassCondition)

   GraphQlQuerydslAutoConfiguration:
      Did not match:
         - @ConditionalOnClass did not find required class 'com.querydsl.core.Query' (OnClassCondition)

   GraphQlRSocketAutoConfiguration:
      Did not match:
         - @ConditionalOnClass did not find required class 'graphql.GraphQL' (OnClassCondition)

   GraphQlReactiveQueryByExampleAutoConfiguration:
      Did not match:
         - @ConditionalOnClass did not find required class 'graphql.GraphQL' (OnClassCondition)

   GraphQlReactiveQuerydslAutoConfiguration:
      Did not match:
         - @ConditionalOnClass did not find required class 'com.querydsl.core.Query' (OnClassCondition)

   GraphQlWebFluxAutoConfiguration:
      Did not match:
         - @ConditionalOnClass did not find required class 'graphql.GraphQL' (OnClassCondition)

   GraphQlWebFluxSecurityAutoConfiguration:
      Did not match:
         - @ConditionalOnClass did not find required class 'graphql.GraphQL' (OnClassCondition)

   GraphQlWebMvcAutoConfiguration:
      Did not match:
         - @ConditionalOnClass did not find required class 'graphql.GraphQL' (OnClassCondition)

   GraphQlWebMvcSecurityAutoConfiguration:
      Did not match:
         - @ConditionalOnClass did not find required class 'graphql.GraphQL' (OnClassCondition)

   GroovyTemplateAutoConfiguration:
      Did not match:
         - @ConditionalOnClass did not find required class 'groovy.text.markup.MarkupTemplateEngine' (OnClassCondition)

   GsonAutoConfiguration:
      Did not match:
         - @ConditionalOnClass did not find required class 'com.google.gson.Gson' (OnClassCondition)

   GsonHttpMessageConvertersConfiguration:
      Did not match:
         - @ConditionalOnClass did not find required class 'com.google.gson.Gson' (OnClassCondition)

   H2ConsoleAutoConfiguration:
      Did not match:
         - @ConditionalOnClass did not find required class 'org.h2.server.web.JakartaWebServlet' (OnClassCondition)

   HazelcastAutoConfiguration:
      Did not match:
         - @ConditionalOnClass did not find required class 'com.hazelcast.core.HazelcastInstance' (OnClassCondition)

   HazelcastCacheConfiguration:
      Did not match:
         - @ConditionalOnClass did not find required class 'com.hazelcast.core.HazelcastInstance' (OnClassCondition)

   HazelcastJpaDependencyAutoConfiguration:
      Did not match:
         - @ConditionalOnClass did not find required class 'com.hazelcast.core.HazelcastInstance' (OnClassCondition)

   HttpHandlerAutoConfiguration:
      Did not match:
         - @ConditionalOnClass did not find required class 'org.springframework.web.reactive.DispatcherHandler' (OnClassCondition)

   HypermediaAutoConfiguration:
      Did not match:
         - @ConditionalOnClass did not find required class 'org.springframework.hateoas.EntityModel' (OnClassCondition)

   InfinispanCacheConfiguration:
      Did not match:
         - @ConditionalOnClass did not find required class 'org.infinispan.spring.embedded.provider.SpringEmbeddedCacheManager' (OnClassCondition)

   InfluxDbAutoConfiguration:
      Did not match:
         - @ConditionalOnClass did not find required class 'org.influxdb.InfluxDB' (OnClassCondition)

   IntegrationAutoConfiguration:
      Did not match:
         - @ConditionalOnClass did not find required class 'org.springframework.integration.config.EnableIntegration' (OnClassCondition)

   JCacheCacheConfiguration:
      Did not match:
         - @ConditionalOnClass did not find required class 'javax.cache.Caching' (OnClassCondition)

   JdbcRepositoriesAutoConfiguration:
      Did not match:
         - @ConditionalOnClass did not find required class 'org.springframework.data.jdbc.repository.config.AbstractJdbcConfiguration' (OnClassCondition)

   JerseyAutoConfiguration:
      Did not match:
         - @ConditionalOnClass did not find required class 'org.glassfish.jersey.server.spring.SpringComponentProvider' (OnClassCondition)

   JmsAutoConfiguration:
      Did not match:
         - @ConditionalOnClass did not find required class 'jakarta.jms.Message' (OnClassCondition)

   JmxAutoConfiguration:
      Did not match:
         - @ConditionalOnProperty (spring.jmx.enabled=true) did not find property 'enabled' (OnPropertyCondition)
      Matched:
         - @ConditionalOnClass found required class 'org.springframework.jmx.export.MBeanExporter' (OnClassCondition)

   JndiConnectionFactoryAutoConfiguration:
      Did not match:
         - @ConditionalOnClass did not find required class 'org.springframework.jms.core.JmsTemplate' (OnClassCondition)

   JndiDataSourceAutoConfiguration:
      Did not match:
         - @ConditionalOnProperty (spring.datasource.jndi-name) did not find property 'jndi-name' (OnPropertyCondition)
      Matched:
         - @ConditionalOnClass found required classes 'javax.sql.DataSource', 'org.springframework.jdbc.datasource.embedded.EmbeddedDatabaseType' (OnClassCondition)

   JndiJtaConfiguration:
      Did not match:
         - @ConditionalOnJndi JNDI environment is not available (OnJndiCondition)
      Matched:
         - @ConditionalOnClass found required class 'org.springframework.transaction.jta.JtaTransactionManager' (OnClassCondition)

   JooqAutoConfiguration:
      Did not match:
         - @ConditionalOnClass did not find required class 'org.jooq.DSLContext' (OnClassCondition)

   JpaBaseConfiguration.JpaWebConfiguration:
      Did not match:
         - @ConditionalOnProperty (spring.jpa.open-in-view=true) found different value in property 'open-in-view' (OnPropertyCondition)
      Matched:
         - @ConditionalOnClass found required class 'org.springframework.web.servlet.config.annotation.WebMvcConfigurer' (OnClassCondition)
         - found 'session' scope (OnWebApplicationCondition)

   JpaRepositoriesAutoConfiguration#entityManagerFactoryBootstrapExecutorCustomizer:
      Did not match:
         - AnyNestedCondition 0 matched 2 did not; NestedCondition on JpaRepositoriesAutoConfiguration.BootstrapExecutorCondition.LazyBootstrapMode @ConditionalOnProperty (spring.data.jpa.repositories.bootstrap-mode=lazy) did not find property 'bootstrap-mode'; NestedCondition on JpaRepositoriesAutoConfiguration.BootstrapExecutorCondition.DeferredBootstrapMode @ConditionalOnProperty (spring.data.jpa.repositories.bootstrap-mode=deferred) did not find property 'bootstrap-mode' (JpaRepositoriesAutoConfiguration.BootstrapExecutorCondition)

   JsonbAutoConfiguration:
      Did not match:
         - @ConditionalOnClass did not find required class 'jakarta.json.bind.Jsonb' (OnClassCondition)

   JsonbHttpMessageConvertersConfiguration:
      Did not match:
         - @ConditionalOnClass did not find required class 'jakarta.json.bind.Jsonb' (OnClassCondition)

   KafkaAutoConfiguration:
      Did not match:
         - @ConditionalOnClass did not find required class 'org.springframework.kafka.core.KafkaTemplate' (OnClassCondition)

   LdapAutoConfiguration:
      Did not match:
         - @ConditionalOnClass did not find required class 'org.springframework.ldap.core.ContextSource' (OnClassCondition)

   LdapRepositoriesAutoConfiguration:
      Did not match:
         - @ConditionalOnClass did not find required class 'org.springframework.data.ldap.repository.LdapRepository' (OnClassCondition)

   LiquibaseAutoConfiguration:
      Did not match:
         - @ConditionalOnClass did not find required class 'liquibase.change.DatabaseChange' (OnClassCondition)

   MailSenderAutoConfiguration:
      Did not match:
         - @ConditionalOnClass did not find required class 'jakarta.mail.internet.MimeMessage' (OnClassCondition)

   MailSenderValidatorAutoConfiguration:
      Did not match:
         - @ConditionalOnSingleCandidate did not find required type 'org.springframework.mail.javamail.JavaMailSenderImpl' (OnBeanCondition)

   MessageSourceAutoConfiguration:
      Did not match:
         - ResourceBundle did not find bundle with basename messages (MessageSourceAutoConfiguration.ResourceBundleCondition)

   MongoAutoConfiguration:
      Did not match:
         - @ConditionalOnClass did not find required class 'com.mongodb.client.MongoClient' (OnClassCondition)

   MongoDataAutoConfiguration:
      Did not match:
         - @ConditionalOnClass did not find required class 'com.mongodb.client.MongoClient' (OnClassCondition)

   MongoReactiveAutoConfiguration:
      Did not match:
         - @ConditionalOnClass did not find required class 'com.mongodb.reactivestreams.client.MongoClient' (OnClassCondition)

   MongoReactiveDataAutoConfiguration:
      Did not match:
         - @ConditionalOnClass did not find required class 'com.mongodb.reactivestreams.client.MongoClient' (OnClassCondition)

   MongoReactiveRepositoriesAutoConfiguration:
      Did not match:
         - @ConditionalOnClass did not find required class 'com.mongodb.reactivestreams.client.MongoClient' (OnClassCondition)

   MongoRepositoriesAutoConfiguration:
      Did not match:
         - @ConditionalOnClass did not find required class 'com.mongodb.client.MongoClient' (OnClassCondition)

   MustacheAutoConfiguration:
      Did not match:
         - @ConditionalOnClass did not find required class 'com.samskivert.mustache.Mustache' (OnClassCondition)

   Neo4jAutoConfiguration:
      Did not match:
         - @ConditionalOnClass did not find required class 'org.neo4j.driver.Driver' (OnClassCondition)

   Neo4jDataAutoConfiguration:
      Did not match:
         - @ConditionalOnClass did not find required class 'org.neo4j.driver.Driver' (OnClassCondition)

   Neo4jReactiveDataAutoConfiguration:
      Did not match:
         - @ConditionalOnClass did not find required class 'org.neo4j.driver.Driver' (OnClassCondition)

   Neo4jReactiveRepositoriesAutoConfiguration:
      Did not match:
         - @ConditionalOnClass did not find required class 'org.neo4j.driver.Driver' (OnClassCondition)

   Neo4jRepositoriesAutoConfiguration:
      Did not match:
         - @ConditionalOnClass did not find required class 'org.neo4j.driver.Driver' (OnClassCondition)

   NoopSmsSender:
      Did not match:
         - @ConditionalOnProperty (app.sms.provider=none) found different value in property 'provider' (OnPropertyCondition)

   OAuth2AuthorizationServerAutoConfiguration:
      Did not match:
         - @ConditionalOnClass did not find required class 'org.springframework.security.oauth2.server.authorization.OAuth2Authorization' (OnClassCondition)

   OAuth2AuthorizationServerJwtAutoConfiguration:
      Did not match:
         - @ConditionalOnClass did not find required class 'org.springframework.security.oauth2.server.authorization.OAuth2Authorization' (OnClassCondition)

   OAuth2ClientAutoConfiguration:
      Did not match:
         - @ConditionalOnClass did not find required class 'org.springframework.security.oauth2.client.registration.ClientRegistration' (OnClassCondition)

   OAuth2ResourceServerAutoConfiguration:
      Did not match:
         - @ConditionalOnClass did not find required class 'org.springframework.security.oauth2.server.resource.authentication.BearerTokenAuthenticationToken' (OnClassCondition)

   ProjectInfoAutoConfiguration#buildProperties:
      Did not match:
         - @ConditionalOnResource did not find resource '${spring.info.build.location:classpath:META-INF/build-info.properties}' (OnResourceCondition)

   ProjectInfoAutoConfiguration#gitProperties:
      Did not match:
         - GitResource did not find git info at classpath:git.properties (ProjectInfoAutoConfiguration.GitResourceAvailableCondition)

   PulsarAutoConfiguration:
      Did not match:
         - @ConditionalOnClass did not find required class 'org.apache.pulsar.client.api.PulsarClient' (OnClassCondition)

   PulsarReactiveAutoConfiguration:
      Did not match:
         - @ConditionalOnClass did not find required class 'org.apache.pulsar.client.api.PulsarClient' (OnClassCondition)

   QuartzAutoConfiguration:
      Did not match:
         - @ConditionalOnClass did not find required class 'org.quartz.Scheduler' (OnClassCondition)

   R2dbcAutoConfiguration:
      Did not match:
         - @ConditionalOnClass did not find required class 'io.r2dbc.spi.ConnectionFactory' (OnClassCondition)

   R2dbcDataAutoConfiguration:
      Did not match:
         - @ConditionalOnClass did not find required class 'org.springframework.data.r2dbc.core.R2dbcEntityTemplate' (OnClassCondition)

   R2dbcInitializationConfiguration:
      Did not match:
         - @ConditionalOnClass did not find required classes 'io.r2dbc.spi.ConnectionFactory', 'org.springframework.r2dbc.connection.init.DatabasePopulator' (OnClassCondition)

   R2dbcRepositoriesAutoConfiguration:
      Did not match:
         - @ConditionalOnClass did not find required class 'io.r2dbc.spi.ConnectionFactory' (OnClassCondition)

   R2dbcTransactionManagerAutoConfiguration:
      Did not match:
         - @ConditionalOnClass did not find required class 'org.springframework.r2dbc.connection.R2dbcTransactionManager' (OnClassCondition)

   RSocketGraphQlClientAutoConfiguration:
      Did not match:
         - @ConditionalOnClass did not find required class 'graphql.GraphQL' (OnClassCondition)

   RSocketMessagingAutoConfiguration:
      Did not match:
         - @ConditionalOnClass did not find required class 'io.rsocket.RSocket' (OnClassCondition)

   RSocketRequesterAutoConfiguration:
      Did not match:
         - @ConditionalOnClass did not find required class 'io.rsocket.RSocket' (OnClassCondition)

   RSocketSecurityAutoConfiguration:
      Did not match:
         - @ConditionalOnClass did not find required class 'org.springframework.security.rsocket.core.SecuritySocketAcceptorInterceptor' (OnClassCondition)

   RSocketServerAutoConfiguration:
      Did not match:
         - @ConditionalOnClass did not find required class 'io.rsocket.core.RSocketServer' (OnClassCondition)

   RSocketStrategiesAutoConfiguration:
      Did not match:
         - @ConditionalOnClass did not find required class 'io.rsocket.RSocket' (OnClassCondition)

   RabbitAutoConfiguration:
      Did not match:
         - @ConditionalOnClass did not find required class 'com.rabbitmq.client.Channel' (OnClassCondition)

   ReactiveElasticsearchClientAutoConfiguration:
      Did not match:
         - @ConditionalOnClass did not find required class 'co.elastic.clients.transport.ElasticsearchTransport' (OnClassCondition)

   ReactiveElasticsearchRepositoriesAutoConfiguration:
      Did not match:
         - @ConditionalOnClass did not find required class 'reactor.core.publisher.Mono' (OnClassCondition)

   ReactiveMultipartAutoConfiguration:
      Did not match:
         - @ConditionalOnClass did not find required class 'org.springframework.web.reactive.config.WebFluxConfigurer' (OnClassCondition)

   ReactiveOAuth2ClientAutoConfiguration:
      Did not match:
         - @ConditionalOnClass did not find required class 'reactor.core.publisher.Flux' (OnClassCondition)

   ReactiveOAuth2ResourceServerAutoConfiguration:
      Did not match:
         - @ConditionalOnWebApplication did not find reactive web application classes (OnWebApplicationCondition)

   ReactiveSecurityAutoConfiguration:
      Did not match:
         - @ConditionalOnClass did not find required class 'reactor.core.publisher.Flux' (OnClassCondition)

   ReactiveUserDetailsServiceAutoConfiguration:
      Did not match:
         - AnyNestedCondition 0 matched 2 did not; NestedCondition on ReactiveUserDetailsServiceAutoConfiguration.RSocketEnabledOrReactiveWebApplication.ReactiveWebApplicationCondition did not find reactive web application classes; NestedCondition on ReactiveUserDetailsServiceAutoConfiguration.RSocketEnabledOrReactiveWebApplication.RSocketSecurityEnabledCondition @ConditionalOnBean (types: org.springframework.messaging.rsocket.annotation.support.RSocketMessageHandler; SearchStrategy: all) did not find any beans of type org.springframework.messaging.rsocket.annotation.support.RSocketMessageHandler (ReactiveUserDetailsServiceAutoConfiguration.RSocketEnabledOrReactiveWebApplication)
      Matched:
         - @ConditionalOnClass found required class 'org.springframework.security.authentication.ReactiveAuthenticationManager' (OnClassCondition)
         - AnyNestedCondition 1 matched 2 did not; NestedCondition on ReactiveUserDetailsServiceAutoConfiguration.MissingAlternativeOrUserPropertiesConfigured.PasswordConfigured @ConditionalOnProperty (spring.security.user.password) did not find property 'password'; NestedCondition on ReactiveUserDetailsServiceAutoConfiguration.MissingAlternativeOrUserPropertiesConfigured.NameConfigured @ConditionalOnProperty (spring.security.user.name) did not find property 'name'; NestedCondition on ReactiveUserDetailsServiceAutoConfiguration.MissingAlternativeOrUserPropertiesConfigured.MissingAlternative @ConditionalOnMissingClass did not find unwanted classes 'org.springframework.security.oauth2.client.registration.ClientRegistrationRepository', 'org.springframework.security.oauth2.server.resource.introspection.ReactiveOpaqueTokenIntrospector' (ReactiveUserDetailsServiceAutoConfiguration.MissingAlternativeOrUserPropertiesConfigured)

   ReactiveWebServerFactoryAutoConfiguration:
      Did not match:
         - @ConditionalOnWebApplication did not find reactive web application classes (OnWebApplicationCondition)

   ReactorAutoConfiguration:
      Did not match:
         - @ConditionalOnClass did not find required class 'reactor.core.publisher.Hooks' (OnClassCondition)

   RedisAutoConfiguration:
      Did not match:
         - @ConditionalOnClass did not find required class 'org.springframework.data.redis.core.RedisOperations' (OnClassCondition)

   RedisCacheConfiguration:
      Did not match:
         - @ConditionalOnClass did not find required class 'org.springframework.data.redis.connection.RedisConnectionFactory' (OnClassCondition)

   RedisReactiveAutoConfiguration:
      Did not match:
         - @ConditionalOnClass did not find required class 'reactor.core.publisher.Flux' (OnClassCondition)

   RedisRepositoriesAutoConfiguration:
      Did not match:
         - @ConditionalOnClass did not find required class 'org.springframework.data.redis.repository.configuration.EnableRedisRepositories' (OnClassCondition)

   RepositoryRestMvcAutoConfiguration:
      Did not match:
         - @ConditionalOnClass did not find required class 'org.springframework.data.rest.webmvc.config.RepositoryRestMvcConfiguration' (OnClassCondition)

   Saml2RelyingPartyAutoConfiguration:
      Did not match:
         - @ConditionalOnClass did not find required class 'org.springframework.security.saml2.provider.service.registration.RelyingPartyRegistrationRepository' (OnClassCondition)

   SecurityDataConfiguration:
      Did not match:
         - @ConditionalOnClass did not find required class 'org.springframework.security.data.repository.query.SecurityEvaluationContextExtension' (OnClassCondition)

   SendGridAutoConfiguration:
      Did not match:
         - @ConditionalOnClass did not find required class 'com.sendgrid.SendGrid' (OnClassCondition)

   ServletWebServerFactoryAutoConfiguration.ForwardedHeaderFilterConfiguration:
      Did not match:
         - @ConditionalOnProperty (server.forward-headers-strategy=framework) did not find property 'server.forward-headers-strategy' (OnPropertyCondition)

   ServletWebServerFactoryConfiguration.EmbeddedJetty:
      Did not match:
         - @ConditionalOnClass did not find required classes 'org.eclipse.jetty.server.Server', 'org.eclipse.jetty.util.Loader', 'org.eclipse.jetty.ee10.webapp.WebAppContext' (OnClassCondition)

   ServletWebServerFactoryConfiguration.EmbeddedUndertow:
      Did not match:
         - @ConditionalOnClass did not find required classes 'io.undertow.Undertow', 'org.xnio.SslClientAuthMode' (OnClassCondition)

   SessionAutoConfiguration:
      Did not match:
         - @ConditionalOnClass did not find required class 'org.springframework.session.Session' (OnClassCondition)

   SpringApplicationAdminJmxAutoConfiguration:
      Did not match:
         - @ConditionalOnProperty (spring.application.admin.enabled=true) did not find property 'enabled' (OnPropertyCondition)

   SpringBootWebSecurityConfiguration.SecurityFilterChainConfiguration:
      Did not match:
         - AllNestedConditions 1 matched 1 did not; NestedCondition on DefaultWebSecurityCondition.Beans @ConditionalOnMissingBean (types: org.springframework.security.web.SecurityFilterChain; SearchStrategy: all) found beans of type 'org.springframework.security.web.SecurityFilterChain' securityFilterChain; NestedCondition on DefaultWebSecurityCondition.Classes @ConditionalOnClass found required classes 'org.springframework.security.web.SecurityFilterChain', 'org.springframework.security.config.annotation.web.builders.HttpSecurity' (DefaultWebSecurityCondition)

   SpringBootWebSecurityConfiguration.WebSecurityEnablerConfiguration:
      Did not match:
         - @ConditionalOnMissingBean (names: springSecurityFilterChain; SearchStrategy: all) found beans named springSecurityFilterChain (OnBeanCondition)
      Matched:
         - @ConditionalOnClass found required class 'org.springframework.security.config.annotation.web.configuration.EnableWebSecurity' (OnClassCondition)

   TaskExecutorConfigurations.SimpleAsyncTaskExecutorBuilderConfiguration#simpleAsyncTaskExecutorBuilderVirtualThreads:
      Did not match:
         - @ConditionalOnMissingBean (types: org.springframework.boot.task.SimpleAsyncTaskExecutorBuilder; SearchStrategy: all) found beans of type 'org.springframework.boot.task.SimpleAsyncTaskExecutorBuilder' simpleAsyncTaskExecutorBuilder (OnBeanCondition)

   TaskExecutorConfigurations.TaskExecutorConfiguration#applicationTaskExecutorVirtualThreads:
      Did not match:
         - @ConditionalOnThreading did not find VIRTUAL (OnThreadingCondition)

   TaskSchedulingConfigurations.SimpleAsyncTaskSchedulerBuilderConfiguration#simpleAsyncTaskSchedulerBuilderVirtualThreads:
      Did not match:
         - @ConditionalOnMissingBean (types: org.springframework.boot.task.SimpleAsyncTaskSchedulerBuilder; SearchStrategy: all) found beans of type 'org.springframework.boot.task.SimpleAsyncTaskSchedulerBuilder' simpleAsyncTaskSchedulerBuilder (OnBeanCondition)

   TaskSchedulingConfigurations.TaskSchedulerConfiguration#taskSchedulerVirtualThreads:
      Did not match:
         - @ConditionalOnThreading did not find VIRTUAL (OnThreadingCondition)

   ThymeleafAutoConfiguration:
      Did not match:
         - @ConditionalOnClass did not find required class 'org.thymeleaf.spring6.SpringTemplateEngine' (OnClassCondition)

   TransactionAutoConfiguration#transactionalOperator:
      Did not match:
         - @ConditionalOnSingleCandidate (types: org.springframework.transaction.ReactiveTransactionManager; SearchStrategy: all) did not find any beans (OnBeanCondition)

   TransactionAutoConfiguration.AspectJTransactionManagementConfiguration:
      Did not match:
         - @ConditionalOnBean (types: org.springframework.transaction.aspectj.AbstractTransactionAspect; SearchStrategy: all) did not find any beans of type org.springframework.transaction.aspectj.AbstractTransactionAspect (OnBeanCondition)

   TransactionAutoConfiguration.EnableTransactionManagementConfiguration.JdkDynamicAutoProxyConfiguration:
      Did not match:
         - @ConditionalOnProperty (spring.aop.proxy-target-class=false) did not find property 'proxy-target-class' (OnPropertyCondition)

   TwilioSmsSender:
      Did not match:
         - @ConditionalOnProperty (app.sms.provider=twilio) found different value in property 'provider' (OnPropertyCondition)

   WebClientAutoConfiguration:
      Did not match:
         - @ConditionalOnClass did not find required class 'org.springframework.web.reactive.function.client.WebClient' (OnClassCondition)

   WebFluxAutoConfiguration:
      Did not match:
         - @ConditionalOnClass did not find required class 'org.springframework.web.reactive.config.WebFluxConfigurer' (OnClassCondition)

   WebMvcAutoConfiguration#hiddenHttpMethodFilter:
      Did not match:
         - @ConditionalOnProperty (spring.mvc.hiddenmethod.filter.enabled) did not find property 'enabled' (OnPropertyCondition)

   WebMvcAutoConfiguration.ProblemDetailsErrorHandlingConfiguration:
      Did not match:
         - @ConditionalOnProperty (spring.mvc.problemdetails.enabled=true) did not find property 'enabled' (OnPropertyCondition)

   WebMvcAutoConfiguration.ResourceChainCustomizerConfiguration:
      Did not match:
         - @ConditionalOnEnabledResourceChain did not find class org.webjars.WebJarAssetLocator (OnEnabledResourceChainCondition)

   WebMvcAutoConfiguration.WebMvcAutoConfigurationAdapter#beanNameViewResolver:
      Did not match:
         - @ConditionalOnMissingBean (types: org.springframework.web.servlet.view.BeanNameViewResolver; SearchStrategy: all) found beans of type 'org.springframework.web.servlet.view.BeanNameViewResolver' beanNameViewResolver (OnBeanCondition)

   WebServiceTemplateAutoConfiguration:
      Did not match:
         - @ConditionalOnClass did not find required class 'org.springframework.oxm.Marshaller' (OnClassCondition)

   WebServicesAutoConfiguration:
      Did not match:
         - @ConditionalOnClass did not find required class 'org.springframework.ws.transport.http.MessageDispatcherServlet' (OnClassCondition)

   WebSessionIdResolverAutoConfiguration:
      Did not match:
         - @ConditionalOnClass did not find required class 'reactor.core.publisher.Mono' (OnClassCondition)

   WebSocketMessagingAutoConfiguration:
      Did not match:
         - @ConditionalOnClass did not find required class 'org.springframework.web.socket.config.annotation.WebSocketMessageBrokerConfigurer' (OnClassCondition)

   WebSocketReactiveAutoConfiguration:
      Did not match:
         - @ConditionalOnWebApplication did not find reactive web application classes (OnWebApplicationCondition)

   WebSocketServletAutoConfiguration.JettyWebSocketConfiguration:
      Did not match:
         - @ConditionalOnClass did not find required class 'org.eclipse.jetty.ee10.websocket.jakarta.server.config.JakartaWebSocketServletContainerInitializer' (OnClassCondition)

   WebSocketServletAutoConfiguration.UndertowWebSocketConfiguration:
      Did not match:
         - @ConditionalOnClass did not find required class 'io.undertow.websockets.jsr.Bootstrap' (OnClassCondition)

   XADataSourceAutoConfiguration:
      Did not match:
         - @ConditionalOnBean (types: org.springframework.boot.jdbc.XADataSourceWrapper; SearchStrategy: all) did not find any beans of type org.springframework.boot.jdbc.XADataSourceWrapper (OnBeanCondition)
      Matched:
         - @ConditionalOnClass found required classes 'javax.sql.DataSource', 'jakarta.transaction.TransactionManager', 'org.springframework.jdbc.datasource.embedded.EmbeddedDatabaseType' (OnClassCondition)


Exclusions:
-----------

    None


Unconditional classes:
----------------------

    org.springframework.boot.autoconfigure.context.ConfigurationPropertiesAutoConfiguration

    org.springframework.boot.autoconfigure.ssl.SslAutoConfiguration

    org.springframework.boot.autoconfigure.context.LifecycleAutoConfiguration

    org.springframework.boot.autoconfigure.context.PropertyPlaceholderAutoConfiguration

    org.springframework.boot.autoconfigure.availability.ApplicationAvailabilityAutoConfiguration

    org.springframework.boot.autoconfigure.info.ProjectInfoAutoConfiguration



2026-05-21T15:57:15.516+09:00  INFO 65488 --- [           main] c.festflow.backend.BackendApplication    : Started BackendApplication in 7.657 seconds (process running for 8.18)
2026-05-21T15:57:15.516+09:00 DEBUG 65488 --- [           main] o.s.b.a.ApplicationAvailabilityBean      : Application availability state LivenessState changed to CORRECT
2026-05-21T15:57:15.540+09:00 DEBUG 65488 --- [           main] o.s.jdbc.core.JdbcTemplate               : Executing SQL update [update ai_match_favorites
set favorite_profile_id = profile_id
where profile_id is not null
  and (favorite_profile_id is null or favorite_profile_id <> profile_id)
]
2026-05-21T15:57:15.544+09:00 DEBUG 65488 --- [           main] o.s.jdbc.core.JdbcTemplate               : Executing SQL update [update ai_match_favorites
set profile_id = favorite_profile_id
where profile_id is null
  and favorite_profile_id is not null
]
2026-05-21T15:57:15.545+09:00 DEBUG 65488 --- [           main] o.s.jdbc.core.JdbcTemplate               : Executing SQL statement [alter table ai_match_favorites modify column profile_id bigint null]
2026-05-21T15:57:15.559+09:00 DEBUG 65488 --- [           main] o.s.jdbc.core.JdbcTemplate               : Executing SQL update [update ai_match_favorites
set requester_profile_id = viewer_profile_id
where viewer_profile_id is not null
  and (requester_profile_id is null or requester_profile_id <> viewer_profile_id)
]
2026-05-21T15:57:15.560+09:00 DEBUG 65488 --- [           main] o.s.jdbc.core.JdbcTemplate               : Executing SQL update [update ai_match_favorites
set viewer_profile_id = requester_profile_id
where viewer_profile_id is null
  and requester_profile_id is not null
]
2026-05-21T15:57:15.561+09:00 DEBUG 65488 --- [           main] o.s.jdbc.core.JdbcTemplate               : Executing SQL statement [alter table ai_match_favorites modify column viewer_profile_id bigint null]
2026-05-21T15:57:15.573+09:00 DEBUG 65488 --- [           main] o.s.jdbc.core.JdbcTemplate               : Executing SQL statement [alter table ai_match_requests modify column requester_profile_id bigint null]
2026-05-21T15:57:15.620+09:00 DEBUG 65488 --- [           main] org.hibernate.SQL                        : 
    select
        count(*) 
    from
        booths b1_0
2026-05-21T15:57:15.621+09:00 DEBUG 65488 --- [   scheduling-1] org.hibernate.SQL                        : 
    select
        fe1_0.id,
        fe1_0.delay_minutes,
        fe1_0.end_time,
        fe1_0.image_credit,
        fe1_0.image_focus,
        fe1_0.image_url,
        fe1_0.live_message,
        fe1_0.start_time,
        fe1_0.status,
        fe1_0.status_override,
        fe1_0.status_updated_at,
        fe1_0.title 
    from
        events fe1_0
2026-05-21T15:57:15.631+09:00 DEBUG 65488 --- [           main] org.hibernate.SQL                        : 
    select
        b1_0.id,
        b1_0.booth_intro,
        b1_0.category,
        b1_0.close_time,
        b1_0.content_json,
        b1_0.day_part,
        b1_0.description,
        b1_0.display_order,
        b1_0.estimated_wait_minutes,
        b1_0.image_url,
        b1_0.latitude,
        b1_0.live_status_message,
        b1_0.live_status_updated_at,
        b1_0.longitude,
        b1_0.max_reservation_minutes,
        b1_0.menu_board_json,
        b1_0.menu_image_url,
        b1_0.name,
        b1_0.open_time,
        b1_0.remaining_stock,
        b1_0.reservation_enabled,
        b1_0.tags 
    from
        booths b1_0
2026-05-21T15:57:15.676+09:00 DEBUG 65488 --- [           main] org.hibernate.SQL                        : 
    select
        b1_0.id,
        b1_0.booth_intro,
        b1_0.category,
        b1_0.close_time,
        b1_0.content_json,
        b1_0.day_part,
        b1_0.description,
        b1_0.display_order,
        b1_0.estimated_wait_minutes,
        b1_0.image_url,
        b1_0.latitude,
        b1_0.live_status_message,
        b1_0.live_status_updated_at,
        b1_0.longitude,
        b1_0.max_reservation_minutes,
        b1_0.menu_board_json,
        b1_0.menu_image_url,
        b1_0.name,
        b1_0.open_time,
        b1_0.remaining_stock,
        b1_0.reservation_enabled,
        b1_0.tags 
    from
        booths b1_0 
    order by
        b1_0.display_order desc 
    limit
        ?
2026-05-21T15:57:15.686+09:00 DEBUG 65488 --- [           main] org.hibernate.SQL                        : 
    select
        count(*) 
    from
        events fe1_0
2026-05-21T15:57:15.692+09:00 DEBUG 65488 --- [           main] org.hibernate.SQL                        : 
    select
        count(*) 
    from
        notices n1_0
2026-05-21T15:57:15.700+09:00 DEBUG 65488 --- [           main] org.hibernate.SQL                        : 
    select
        li1_0.id,
        li1_0.category,
        li1_0.claimant_contact,
        li1_0.claimant_name,
        li1_0.claimant_note,
        li1_0.claimed_at,
        li1_0.created_at,
        li1_0.description,
        li1_0.finder_contact,
        li1_0.found_location,
        li1_0.image_url,
        li1_0.reporter_ref,
        li1_0.reporter_type,
        li1_0.resolve_note,
        li1_0.status,
        li1_0.title,
        li1_0.updated_at 
    from
        lost_items li1_0
2026-05-21T15:57:15.798+09:00 DEBUG 65488 --- [           main] org.hibernate.SQL                        : 
    select
        au1_0.id,
        au1_0.password,
        au1_0.role,
        au1_0.username 
    from
        admin_users au1_0 
    where
        au1_0.username=?
2026-05-21T15:57:15.815+09:00 DEBUG 65488 --- [           main] org.hibernate.SQL                        : 
    select
        au1_0.id,
        au1_0.password,
        au1_0.role,
        au1_0.username 
    from
        admin_users au1_0 
    where
        au1_0.id=?
2026-05-21T15:57:15.841+09:00 DEBUG 65488 --- [           main] org.hibernate.SQL                        : 
    update
        admin_users 
    set
        password=?,
        role=?,
        username=? 
    where
        id=?
2026-05-21T15:57:15.851+09:00 DEBUG 65488 --- [           main] org.hibernate.SQL                        : 
    select
        b1_0.id,
        b1_0.booth_intro,
        b1_0.category,
        b1_0.close_time,
        b1_0.content_json,
        b1_0.day_part,
        b1_0.description,
        b1_0.display_order,
        b1_0.estimated_wait_minutes,
        b1_0.image_url,
        b1_0.latitude,
        b1_0.live_status_message,
        b1_0.live_status_updated_at,
        b1_0.longitude,
        b1_0.max_reservation_minutes,
        b1_0.menu_board_json,
        b1_0.menu_image_url,
        b1_0.name,
        b1_0.open_time,
        b1_0.remaining_stock,
        b1_0.reservation_enabled,
        b1_0.tags 
    from
        booths b1_0
2026-05-21T15:57:15.863+09:00 DEBUG 65488 --- [           main] org.hibernate.SQL                        : 
    select
        count(*) 
    from
        staff_members sm1_0
2026-05-21T15:57:15.868+09:00 DEBUG 65488 --- [           main] org.hibernate.SQL                        : 
    select
        sm1_0.id,
        sm1_0.assigned_booth_id,
        sm1_0.current_note,
        sm1_0.current_task,
        sm1_0.last_updated_at,
        sm1_0.latitude,
        sm1_0.location_sharing_enabled,
        sm1_0.longitude,
        sm1_0.name,
        sm1_0.pin_hash,
        sm1_0.staff_no,
        sm1_0.status,
        sm1_0.team 
    from
        staff_members sm1_0 
    where
        upper(sm1_0.staff_no)=upper(?)
2026-05-21T15:57:15.951+09:00 DEBUG 65488 --- [           main] org.hibernate.SQL                        : 
    select
        sm1_0.id,
        sm1_0.assigned_booth_id,
        sm1_0.current_note,
        sm1_0.current_task,
        sm1_0.last_updated_at,
        sm1_0.latitude,
        sm1_0.location_sharing_enabled,
        sm1_0.longitude,
        sm1_0.name,
        sm1_0.pin_hash,
        sm1_0.staff_no,
        sm1_0.status,
        sm1_0.team 
    from
        staff_members sm1_0 
    where
        sm1_0.id=?
2026-05-21T15:57:15.953+09:00 DEBUG 65488 --- [           main] org.hibernate.SQL                        : 
    update
        staff_members 
    set
        assigned_booth_id=?,
        current_note=?,
        current_task=?,
        last_updated_at=?,
        latitude=?,
        location_sharing_enabled=?,
        longitude=?,
        name=?,
        pin_hash=?,
        staff_no=?,
        status=?,
        team=? 
    where
        id=?
2026-05-21T15:57:15.963+09:00 DEBUG 65488 --- [           main] org.hibernate.SQL                        : 
    select
        sm1_0.id,
        sm1_0.assigned_booth_id,
        sm1_0.current_note,
        sm1_0.current_task,
        sm1_0.last_updated_at,
        sm1_0.latitude,
        sm1_0.location_sharing_enabled,
        sm1_0.longitude,
        sm1_0.name,
        sm1_0.pin_hash,
        sm1_0.staff_no,
        sm1_0.status,
        sm1_0.team 
    from
        staff_members sm1_0 
    where
        upper(sm1_0.staff_no)=upper(?)
2026-05-21T15:57:16.041+09:00 DEBUG 65488 --- [           main] org.hibernate.SQL                        : 
    select
        sm1_0.id,
        sm1_0.assigned_booth_id,
        sm1_0.current_note,
        sm1_0.current_task,
        sm1_0.last_updated_at,
        sm1_0.latitude,
        sm1_0.location_sharing_enabled,
        sm1_0.longitude,
        sm1_0.name,
        sm1_0.pin_hash,
        sm1_0.staff_no,
        sm1_0.status,
        sm1_0.team 
    from
        staff_members sm1_0 
    where
        sm1_0.id=?
2026-05-21T15:57:16.044+09:00 DEBUG 65488 --- [           main] org.hibernate.SQL                        : 
    update
        staff_members 
    set
        assigned_booth_id=?,
        current_note=?,
        current_task=?,
        last_updated_at=?,
        latitude=?,
        location_sharing_enabled=?,
        longitude=?,
        name=?,
        pin_hash=?,
        staff_no=?,
        status=?,
        team=? 
    where
        id=?
2026-05-21T15:57:16.049+09:00 DEBUG 65488 --- [           main] org.hibernate.SQL                        : 
    select
        sm1_0.id,
        sm1_0.assigned_booth_id,
        sm1_0.current_note,
        sm1_0.current_task,
        sm1_0.last_updated_at,
        sm1_0.latitude,
        sm1_0.location_sharing_enabled,
        sm1_0.longitude,
        sm1_0.name,
        sm1_0.pin_hash,
        sm1_0.staff_no,
        sm1_0.status,
        sm1_0.team 
    from
        staff_members sm1_0 
    where
        upper(sm1_0.staff_no)=upper(?)
2026-05-21T15:57:16.132+09:00 DEBUG 65488 --- [           main] org.hibernate.SQL                        : 
    select
        sm1_0.id,
        sm1_0.assigned_booth_id,
        sm1_0.current_note,
        sm1_0.current_task,
        sm1_0.last_updated_at,
        sm1_0.latitude,
        sm1_0.location_sharing_enabled,
        sm1_0.longitude,
        sm1_0.name,
        sm1_0.pin_hash,
        sm1_0.staff_no,
        sm1_0.status,
        sm1_0.team 
    from
        staff_members sm1_0 
    where
        sm1_0.id=?
2026-05-21T15:57:16.134+09:00 DEBUG 65488 --- [           main] org.hibernate.SQL                        : 
    update
        staff_members 
    set
        assigned_booth_id=?,
        current_note=?,
        current_task=?,
        last_updated_at=?,
        latitude=?,
        location_sharing_enabled=?,
        longitude=?,
        name=?,
        pin_hash=?,
        staff_no=?,
        status=?,
        team=? 
    where
        id=?
2026-05-21T15:57:16.142+09:00 DEBUG 65488 --- [           main] org.hibernate.SQL                        : 
    select
        sm1_0.id,
        sm1_0.assigned_booth_id,
        sm1_0.current_note,
        sm1_0.current_task,
        sm1_0.last_updated_at,
        sm1_0.latitude,
        sm1_0.location_sharing_enabled,
        sm1_0.longitude,
        sm1_0.name,
        sm1_0.pin_hash,
        sm1_0.staff_no,
        sm1_0.status,
        sm1_0.team 
    from
        staff_members sm1_0 
    where
        upper(sm1_0.staff_no)=upper(?)
2026-05-21T15:57:16.222+09:00 DEBUG 65488 --- [           main] org.hibernate.SQL                        : 
    select
        sm1_0.id,
        sm1_0.assigned_booth_id,
        sm1_0.current_note,
        sm1_0.current_task,
        sm1_0.last_updated_at,
        sm1_0.latitude,
        sm1_0.location_sharing_enabled,
        sm1_0.longitude,
        sm1_0.name,
        sm1_0.pin_hash,
        sm1_0.staff_no,
        sm1_0.status,
        sm1_0.team 
    from
        staff_members sm1_0 
    where
        sm1_0.id=?
2026-05-21T15:57:16.226+09:00 DEBUG 65488 --- [           main] org.hibernate.SQL                        : 
    update
        staff_members 
    set
        assigned_booth_id=?,
        current_note=?,
        current_task=?,
        last_updated_at=?,
        latitude=?,
        location_sharing_enabled=?,
        longitude=?,
        name=?,
        pin_hash=?,
        staff_no=?,
        status=?,
        team=? 
    where
        id=?
2026-05-21T15:57:16.231+09:00 DEBUG 65488 --- [           main] org.hibernate.SQL                        : 
    select
        sm1_0.id,
        sm1_0.assigned_booth_id,
        sm1_0.current_note,
        sm1_0.current_task,
        sm1_0.last_updated_at,
        sm1_0.latitude,
        sm1_0.location_sharing_enabled,
        sm1_0.longitude,
        sm1_0.name,
        sm1_0.pin_hash,
        sm1_0.staff_no,
        sm1_0.status,
        sm1_0.team 
    from
        staff_members sm1_0 
    where
        upper(sm1_0.staff_no)=upper(?)
2026-05-21T15:57:16.309+09:00 DEBUG 65488 --- [           main] org.hibernate.SQL                        : 
    select
        sm1_0.id,
        sm1_0.assigned_booth_id,
        sm1_0.current_note,
        sm1_0.current_task,
        sm1_0.last_updated_at,
        sm1_0.latitude,
        sm1_0.location_sharing_enabled,
        sm1_0.longitude,
        sm1_0.name,
        sm1_0.pin_hash,
        sm1_0.staff_no,
        sm1_0.status,
        sm1_0.team 
    from
        staff_members sm1_0 
    where
        sm1_0.id=?
2026-05-21T15:57:16.311+09:00 DEBUG 65488 --- [           main] org.hibernate.SQL                        : 
    update
        staff_members 
    set
        assigned_booth_id=?,
        current_note=?,
        current_task=?,
        last_updated_at=?,
        latitude=?,
        location_sharing_enabled=?,
        longitude=?,
        name=?,
        pin_hash=?,
        staff_no=?,
        status=?,
        team=? 
    where
        id=?
2026-05-21T15:57:16.317+09:00 DEBUG 65488 --- [           main] org.hibernate.SQL                        : 
    select
        sm1_0.id,
        sm1_0.assigned_booth_id,
        sm1_0.current_note,
        sm1_0.current_task,
        sm1_0.last_updated_at,
        sm1_0.latitude,
        sm1_0.location_sharing_enabled,
        sm1_0.longitude,
        sm1_0.name,
        sm1_0.pin_hash,
        sm1_0.staff_no,
        sm1_0.status,
        sm1_0.team 
    from
        staff_members sm1_0 
    where
        upper(sm1_0.staff_no)=upper(?)
2026-05-21T15:57:16.389+09:00 DEBUG 65488 --- [           main] org.hibernate.SQL                        : 
    select
        sm1_0.id,
        sm1_0.assigned_booth_id,
        sm1_0.current_note,
        sm1_0.current_task,
        sm1_0.last_updated_at,
        sm1_0.latitude,
        sm1_0.location_sharing_enabled,
        sm1_0.longitude,
        sm1_0.name,
        sm1_0.pin_hash,
        sm1_0.staff_no,
        sm1_0.status,
        sm1_0.team 
    from
        staff_members sm1_0 
    where
        sm1_0.id=?
2026-05-21T15:57:16.392+09:00 DEBUG 65488 --- [           main] org.hibernate.SQL                        : 
    update
        staff_members 
    set
        assigned_booth_id=?,
        current_note=?,
        current_task=?,
        last_updated_at=?,
        latitude=?,
        location_sharing_enabled=?,
        longitude=?,
        name=?,
        pin_hash=?,
        staff_no=?,
        status=?,
        team=? 
    where
        id=?
2026-05-21T15:57:16.398+09:00 DEBUG 65488 --- [           main] org.hibernate.SQL                        : 
    select
        sm1_0.id,
        sm1_0.assigned_booth_id,
        sm1_0.current_note,
        sm1_0.current_task,
        sm1_0.last_updated_at,
        sm1_0.latitude,
        sm1_0.location_sharing_enabled,
        sm1_0.longitude,
        sm1_0.name,
        sm1_0.pin_hash,
        sm1_0.staff_no,
        sm1_0.status,
        sm1_0.team 
    from
        staff_members sm1_0 
    where
        upper(sm1_0.staff_no)=upper(?)
2026-05-21T15:57:16.479+09:00 DEBUG 65488 --- [           main] org.hibernate.SQL                        : 
    select
        sm1_0.id,
        sm1_0.assigned_booth_id,
        sm1_0.current_note,
        sm1_0.current_task,
        sm1_0.last_updated_at,
        sm1_0.latitude,
        sm1_0.location_sharing_enabled,
        sm1_0.longitude,
        sm1_0.name,
        sm1_0.pin_hash,
        sm1_0.staff_no,
        sm1_0.status,
        sm1_0.team 
    from
        staff_members sm1_0 
    where
        sm1_0.id=?
2026-05-21T15:57:16.481+09:00 DEBUG 65488 --- [           main] org.hibernate.SQL                        : 
    update
        staff_members 
    set
        assigned_booth_id=?,
        current_note=?,
        current_task=?,
        last_updated_at=?,
        latitude=?,
        location_sharing_enabled=?,
        longitude=?,
        name=?,
        pin_hash=?,
        staff_no=?,
        status=?,
        team=? 
    where
        id=?
2026-05-21T15:57:16.486+09:00 DEBUG 65488 --- [           main] org.hibernate.SQL                        : 
    select
        sm1_0.id,
        sm1_0.assigned_booth_id,
        sm1_0.current_note,
        sm1_0.current_task,
        sm1_0.last_updated_at,
        sm1_0.latitude,
        sm1_0.location_sharing_enabled,
        sm1_0.longitude,
        sm1_0.name,
        sm1_0.pin_hash,
        sm1_0.staff_no,
        sm1_0.status,
        sm1_0.team 
    from
        staff_members sm1_0 
    where
        upper(sm1_0.staff_no)=upper(?)
2026-05-21T15:57:16.564+09:00 DEBUG 65488 --- [           main] org.hibernate.SQL                        : 
    select
        sm1_0.id,
        sm1_0.assigned_booth_id,
        sm1_0.current_note,
        sm1_0.current_task,
        sm1_0.last_updated_at,
        sm1_0.latitude,
        sm1_0.location_sharing_enabled,
        sm1_0.longitude,
        sm1_0.name,
        sm1_0.pin_hash,
        sm1_0.staff_no,
        sm1_0.status,
        sm1_0.team 
    from
        staff_members sm1_0 
    where
        sm1_0.id=?
2026-05-21T15:57:16.566+09:00 DEBUG 65488 --- [           main] org.hibernate.SQL                        : 
    update
        staff_members 
    set
        assigned_booth_id=?,
        current_note=?,
        current_task=?,
        last_updated_at=?,
        latitude=?,
        location_sharing_enabled=?,
        longitude=?,
        name=?,
        pin_hash=?,
        staff_no=?,
        status=?,
        team=? 
    where
        id=?
2026-05-21T15:57:16.572+09:00 DEBUG 65488 --- [           main] org.hibernate.SQL                        : 
    select
        sm1_0.id,
        sm1_0.assigned_booth_id,
        sm1_0.current_note,
        sm1_0.current_task,
        sm1_0.last_updated_at,
        sm1_0.latitude,
        sm1_0.location_sharing_enabled,
        sm1_0.longitude,
        sm1_0.name,
        sm1_0.pin_hash,
        sm1_0.staff_no,
        sm1_0.status,
        sm1_0.team 
    from
        staff_members sm1_0 
    where
        upper(sm1_0.staff_no)=upper(?)
2026-05-21T15:57:16.659+09:00 DEBUG 65488 --- [           main] org.hibernate.SQL                        : 
    select
        sm1_0.id,
        sm1_0.assigned_booth_id,
        sm1_0.current_note,
        sm1_0.current_task,
        sm1_0.last_updated_at,
        sm1_0.latitude,
        sm1_0.location_sharing_enabled,
        sm1_0.longitude,
        sm1_0.name,
        sm1_0.pin_hash,
        sm1_0.staff_no,
        sm1_0.status,
        sm1_0.team 
    from
        staff_members sm1_0 
    where
        sm1_0.id=?
2026-05-21T15:57:16.661+09:00 DEBUG 65488 --- [           main] org.hibernate.SQL                        : 
    update
        staff_members 
    set
        assigned_booth_id=?,
        current_note=?,
        current_task=?,
        last_updated_at=?,
        latitude=?,
        location_sharing_enabled=?,
        longitude=?,
        name=?,
        pin_hash=?,
        staff_no=?,
        status=?,
        team=? 
    where
        id=?
2026-05-21T15:57:16.666+09:00 DEBUG 65488 --- [           main] org.hibernate.SQL                        : 
    select
        sm1_0.id,
        sm1_0.assigned_booth_id,
        sm1_0.current_note,
        sm1_0.current_task,
        sm1_0.last_updated_at,
        sm1_0.latitude,
        sm1_0.location_sharing_enabled,
        sm1_0.longitude,
        sm1_0.name,
        sm1_0.pin_hash,
        sm1_0.staff_no,
        sm1_0.status,
        sm1_0.team 
    from
        staff_members sm1_0 
    where
        upper(sm1_0.staff_no)=upper(?)
2026-05-21T15:57:16.741+09:00 DEBUG 65488 --- [           main] org.hibernate.SQL                        : 
    select
        sm1_0.id,
        sm1_0.assigned_booth_id,
        sm1_0.current_note,
        sm1_0.current_task,
        sm1_0.last_updated_at,
        sm1_0.latitude,
        sm1_0.location_sharing_enabled,
        sm1_0.longitude,
        sm1_0.name,
        sm1_0.pin_hash,
        sm1_0.staff_no,
        sm1_0.status,
        sm1_0.team 
    from
        staff_members sm1_0 
    where
        sm1_0.id=?
2026-05-21T15:57:16.743+09:00 DEBUG 65488 --- [           main] org.hibernate.SQL                        : 
    update
        staff_members 
    set
        assigned_booth_id=?,
        current_note=?,
        current_task=?,
        last_updated_at=?,
        latitude=?,
        location_sharing_enabled=?,
        longitude=?,
        name=?,
        pin_hash=?,
        staff_no=?,
        status=?,
        team=? 
    where
        id=?
2026-05-21T15:57:16.748+09:00 DEBUG 65488 --- [           main] org.hibernate.SQL                        : 
    select
        sm1_0.id,
        sm1_0.assigned_booth_id,
        sm1_0.current_note,
        sm1_0.current_task,
        sm1_0.last_updated_at,
        sm1_0.latitude,
        sm1_0.location_sharing_enabled,
        sm1_0.longitude,
        sm1_0.name,
        sm1_0.pin_hash,
        sm1_0.staff_no,
        sm1_0.status,
        sm1_0.team 
    from
        staff_members sm1_0 
    where
        upper(sm1_0.staff_no)=upper(?)
2026-05-21T15:57:16.823+09:00 DEBUG 65488 --- [           main] org.hibernate.SQL                        : 
    select
        sm1_0.id,
        sm1_0.assigned_booth_id,
        sm1_0.current_note,
        sm1_0.current_task,
        sm1_0.last_updated_at,
        sm1_0.latitude,
        sm1_0.location_sharing_enabled,
        sm1_0.longitude,
        sm1_0.name,
        sm1_0.pin_hash,
        sm1_0.staff_no,
        sm1_0.status,
        sm1_0.team 
    from
        staff_members sm1_0 
    where
        sm1_0.id=?
2026-05-21T15:57:16.825+09:00 DEBUG 65488 --- [           main] org.hibernate.SQL                        : 
    update
        staff_members 
    set
        assigned_booth_id=?,
        current_note=?,
        current_task=?,
        last_updated_at=?,
        latitude=?,
        location_sharing_enabled=?,
        longitude=?,
        name=?,
        pin_hash=?,
        staff_no=?,
        status=?,
        team=? 
    where
        id=?
2026-05-21T15:57:16.830+09:00 DEBUG 65488 --- [           main] org.hibernate.SQL                        : 
    select
        sm1_0.id,
        sm1_0.assigned_booth_id,
        sm1_0.current_note,
        sm1_0.current_task,
        sm1_0.last_updated_at,
        sm1_0.latitude,
        sm1_0.location_sharing_enabled,
        sm1_0.longitude,
        sm1_0.name,
        sm1_0.pin_hash,
        sm1_0.staff_no,
        sm1_0.status,
        sm1_0.team 
    from
        staff_members sm1_0 
    where
        upper(sm1_0.staff_no)=upper(?)
2026-05-21T15:57:16.910+09:00 DEBUG 65488 --- [           main] org.hibernate.SQL                        : 
    select
        sm1_0.id,
        sm1_0.assigned_booth_id,
        sm1_0.current_note,
        sm1_0.current_task,
        sm1_0.last_updated_at,
        sm1_0.latitude,
        sm1_0.location_sharing_enabled,
        sm1_0.longitude,
        sm1_0.name,
        sm1_0.pin_hash,
        sm1_0.staff_no,
        sm1_0.status,
        sm1_0.team 
    from
        staff_members sm1_0 
    where
        sm1_0.id=?
2026-05-21T15:57:16.911+09:00 DEBUG 65488 --- [           main] org.hibernate.SQL                        : 
    update
        staff_members 
    set
        assigned_booth_id=?,
        current_note=?,
        current_task=?,
        last_updated_at=?,
        latitude=?,
        location_sharing_enabled=?,
        longitude=?,
        name=?,
        pin_hash=?,
        staff_no=?,
        status=?,
        team=? 
    where
        id=?
2026-05-21T15:57:16.916+09:00 DEBUG 65488 --- [           main] org.hibernate.SQL                        : 
    select
        sm1_0.id,
        sm1_0.assigned_booth_id,
        sm1_0.current_note,
        sm1_0.current_task,
        sm1_0.last_updated_at,
        sm1_0.latitude,
        sm1_0.location_sharing_enabled,
        sm1_0.longitude,
        sm1_0.name,
        sm1_0.pin_hash,
        sm1_0.staff_no,
        sm1_0.status,
        sm1_0.team 
    from
        staff_members sm1_0 
    where
        upper(sm1_0.staff_no)=upper(?)
2026-05-21T15:57:16.987+09:00 DEBUG 65488 --- [           main] org.hibernate.SQL                        : 
    select
        sm1_0.id,
        sm1_0.assigned_booth_id,
        sm1_0.current_note,
        sm1_0.current_task,
        sm1_0.last_updated_at,
        sm1_0.latitude,
        sm1_0.location_sharing_enabled,
        sm1_0.longitude,
        sm1_0.name,
        sm1_0.pin_hash,
        sm1_0.staff_no,
        sm1_0.status,
        sm1_0.team 
    from
        staff_members sm1_0 
    where
        sm1_0.id=?
2026-05-21T15:57:16.989+09:00 DEBUG 65488 --- [           main] org.hibernate.SQL                        : 
    update
        staff_members 
    set
        assigned_booth_id=?,
        current_note=?,
        current_task=?,
        last_updated_at=?,
        latitude=?,
        location_sharing_enabled=?,
        longitude=?,
        name=?,
        pin_hash=?,
        staff_no=?,
        status=?,
        team=? 
    where
        id=?
2026-05-21T15:57:16.995+09:00 DEBUG 65488 --- [           main] org.hibernate.SQL                        : 
    select
        sm1_0.id,
        sm1_0.assigned_booth_id,
        sm1_0.current_note,
        sm1_0.current_task,
        sm1_0.last_updated_at,
        sm1_0.latitude,
        sm1_0.location_sharing_enabled,
        sm1_0.longitude,
        sm1_0.name,
        sm1_0.pin_hash,
        sm1_0.staff_no,
        sm1_0.status,
        sm1_0.team 
    from
        staff_members sm1_0 
    where
        upper(sm1_0.staff_no)=upper(?)
2026-05-21T15:57:17.067+09:00 DEBUG 65488 --- [           main] org.hibernate.SQL                        : 
    select
        sm1_0.id,
        sm1_0.assigned_booth_id,
        sm1_0.current_note,
        sm1_0.current_task,
        sm1_0.last_updated_at,
        sm1_0.latitude,
        sm1_0.location_sharing_enabled,
        sm1_0.longitude,
        sm1_0.name,
        sm1_0.pin_hash,
        sm1_0.staff_no,
        sm1_0.status,
        sm1_0.team 
    from
        staff_members sm1_0 
    where
        sm1_0.id=?
2026-05-21T15:57:17.068+09:00 DEBUG 65488 --- [           main] org.hibernate.SQL                        : 
    update
        staff_members 
    set
        assigned_booth_id=?,
        current_note=?,
        current_task=?,
        last_updated_at=?,
        latitude=?,
        location_sharing_enabled=?,
        longitude=?,
        name=?,
        pin_hash=?,
        staff_no=?,
        status=?,
        team=? 
    where
        id=?
2026-05-21T15:57:17.075+09:00 DEBUG 65488 --- [           main] org.hibernate.SQL                        : 
    select
        sm1_0.id,
        sm1_0.assigned_booth_id,
        sm1_0.current_note,
        sm1_0.current_task,
        sm1_0.last_updated_at,
        sm1_0.latitude,
        sm1_0.location_sharing_enabled,
        sm1_0.longitude,
        sm1_0.name,
        sm1_0.pin_hash,
        sm1_0.staff_no,
        sm1_0.status,
        sm1_0.team 
    from
        staff_members sm1_0 
    where
        upper(sm1_0.staff_no)=upper(?)
2026-05-21T15:57:17.152+09:00 DEBUG 65488 --- [           main] org.hibernate.SQL                        : 
    select
        sm1_0.id,
        sm1_0.assigned_booth_id,
        sm1_0.current_note,
        sm1_0.current_task,
        sm1_0.last_updated_at,
        sm1_0.latitude,
        sm1_0.location_sharing_enabled,
        sm1_0.longitude,
        sm1_0.name,
        sm1_0.pin_hash,
        sm1_0.staff_no,
        sm1_0.status,
        sm1_0.team 
    from
        staff_members sm1_0 
    where
        sm1_0.id=?
2026-05-21T15:57:17.153+09:00 DEBUG 65488 --- [           main] org.hibernate.SQL                        : 
    update
        staff_members 
    set
        assigned_booth_id=?,
        current_note=?,
        current_task=?,
        last_updated_at=?,
        latitude=?,
        location_sharing_enabled=?,
        longitude=?,
        name=?,
        pin_hash=?,
        staff_no=?,
        status=?,
        team=? 
    where
        id=?
2026-05-21T15:57:17.158+09:00 DEBUG 65488 --- [           main] org.hibernate.SQL                        : 
    select
        sm1_0.id,
        sm1_0.assigned_booth_id,
        sm1_0.current_note,
        sm1_0.current_task,
        sm1_0.last_updated_at,
        sm1_0.latitude,
        sm1_0.location_sharing_enabled,
        sm1_0.longitude,
        sm1_0.name,
        sm1_0.pin_hash,
        sm1_0.staff_no,
        sm1_0.status,
        sm1_0.team 
    from
        staff_members sm1_0 
    where
        upper(sm1_0.staff_no)=upper(?)
2026-05-21T15:57:17.233+09:00 DEBUG 65488 --- [           main] org.hibernate.SQL                        : 
    select
        sm1_0.id,
        sm1_0.assigned_booth_id,
        sm1_0.current_note,
        sm1_0.current_task,
        sm1_0.last_updated_at,
        sm1_0.latitude,
        sm1_0.location_sharing_enabled,
        sm1_0.longitude,
        sm1_0.name,
        sm1_0.pin_hash,
        sm1_0.staff_no,
        sm1_0.status,
        sm1_0.team 
    from
        staff_members sm1_0 
    where
        sm1_0.id=?
2026-05-21T15:57:17.235+09:00 DEBUG 65488 --- [           main] org.hibernate.SQL                        : 
    update
        staff_members 
    set
        assigned_booth_id=?,
        current_note=?,
        current_task=?,
        last_updated_at=?,
        latitude=?,
        location_sharing_enabled=?,
        longitude=?,
        name=?,
        pin_hash=?,
        staff_no=?,
        status=?,
        team=? 
    where
        id=?
2026-05-21T15:57:17.244+09:00 DEBUG 65488 --- [           main] org.hibernate.SQL                        : 
    select
        sm1_0.id,
        sm1_0.assigned_booth_id,
        sm1_0.current_note,
        sm1_0.current_task,
        sm1_0.last_updated_at,
        sm1_0.latitude,
        sm1_0.location_sharing_enabled,
        sm1_0.longitude,
        sm1_0.name,
        sm1_0.pin_hash,
        sm1_0.staff_no,
        sm1_0.status,
        sm1_0.team 
    from
        staff_members sm1_0 
    where
        upper(sm1_0.staff_no)=upper(?)
2026-05-21T15:57:17.328+09:00 DEBUG 65488 --- [           main] org.hibernate.SQL                        : 
    select
        sm1_0.id,
        sm1_0.assigned_booth_id,
        sm1_0.current_note,
        sm1_0.current_task,
        sm1_0.last_updated_at,
        sm1_0.latitude,
        sm1_0.location_sharing_enabled,
        sm1_0.longitude,
        sm1_0.name,
        sm1_0.pin_hash,
        sm1_0.staff_no,
        sm1_0.status,
        sm1_0.team 
    from
        staff_members sm1_0 
    where
        sm1_0.id=?
2026-05-21T15:57:17.330+09:00 DEBUG 65488 --- [           main] org.hibernate.SQL                        : 
    update
        staff_members 
    set
        assigned_booth_id=?,
        current_note=?,
        current_task=?,
        last_updated_at=?,
        latitude=?,
        location_sharing_enabled=?,
        longitude=?,
        name=?,
        pin_hash=?,
        staff_no=?,
        status=?,
        team=? 
    where
        id=?
2026-05-21T15:57:17.336+09:00 DEBUG 65488 --- [           main] o.s.b.a.ApplicationAvailabilityBean      : Application availability state ReadinessState changed to ACCEPTING_TRAFFIC
2026-05-21T15:57:45.656+09:00 DEBUG 65488 --- [   scheduling-1] org.hibernate.SQL                        : 
    select
        fe1_0.id,
        fe1_0.delay_minutes,
        fe1_0.end_time,
        fe1_0.image_credit,
        fe1_0.image_focus,
        fe1_0.image_url,
        fe1_0.live_message,
        fe1_0.start_time,
        fe1_0.status,
        fe1_0.status_override,
        fe1_0.status_updated_at,
        fe1_0.title 
    from
        events fe1_0
2026-05-21T15:57:54.402+09:00  INFO 65488 --- [nio-8080-exec-1] o.a.c.c.C.[Tomcat].[localhost].[/]       : Initializing Spring DispatcherServlet 'dispatcherServlet'
2026-05-21T15:57:54.402+09:00  INFO 65488 --- [nio-8080-exec-1] o.s.web.servlet.DispatcherServlet        : Initializing Servlet 'dispatcherServlet'
2026-05-21T15:57:54.403+09:00 DEBUG 65488 --- [nio-8080-exec-1] o.s.web.servlet.DispatcherServlet        : Detected StandardServletMultipartResolver
2026-05-21T15:57:54.403+09:00 DEBUG 65488 --- [nio-8080-exec-1] o.s.web.servlet.DispatcherServlet        : Detected AcceptHeaderLocaleResolver
2026-05-21T15:57:54.403+09:00 DEBUG 65488 --- [nio-8080-exec-1] o.s.web.servlet.DispatcherServlet        : Detected FixedThemeResolver
2026-05-21T15:57:54.405+09:00 DEBUG 65488 --- [nio-8080-exec-1] o.s.web.servlet.DispatcherServlet        : Detected org.springframework.web.servlet.view.DefaultRequestToViewNameTranslator@4ff1e20b
2026-05-21T15:57:54.405+09:00 DEBUG 65488 --- [nio-8080-exec-1] o.s.web.servlet.DispatcherServlet        : Detected org.springframework.web.servlet.support.SessionFlashMapManager@3077e4aa
2026-05-21T15:57:54.405+09:00 DEBUG 65488 --- [nio-8080-exec-1] o.s.web.servlet.DispatcherServlet        : enableLoggingRequestDetails='false': request parameters and headers will be masked to prevent unsafe logging of potentially sensitive data
2026-05-21T15:57:54.405+09:00  INFO 65488 --- [nio-8080-exec-1] o.s.web.servlet.DispatcherServlet        : Completed initialization in 3 ms
2026-05-21T15:57:54.444+09:00 DEBUG 65488 --- [nio-8080-exec-1] o.s.web.servlet.DispatcherServlet        : POST "/api/auth/login", parameters={}
2026-05-21T15:57:54.446+09:00 DEBUG 65488 --- [nio-8080-exec-1] s.w.s.m.m.a.RequestMappingHandlerMapping : Mapped to com.festflow.backend.controller.auth.AuthController#login(LoginRequestDto)
2026-05-21T15:57:54.624+09:00 DEBUG 65488 --- [nio-8080-exec-1] m.m.a.RequestResponseBodyMethodProcessor : Read "application/json;charset=UTF-8" to [LoginRequestDto[username=admin, password=1234]]
2026-05-21T15:57:54.701+09:00 DEBUG 65488 --- [nio-8080-exec-1] org.hibernate.SQL                        : 
    select
        au1_0.id,
        au1_0.password,
        au1_0.role,
        au1_0.username 
    from
        admin_users au1_0 
    where
        au1_0.username=?
2026-05-21T15:57:54.927+09:00 DEBUG 65488 --- [nio-8080-exec-1] m.m.a.RequestResponseBodyMethodProcessor : Using 'application/json', given [*/*] and supported [application/json, application/*+json, application/xml;charset=UTF-8, text/xml;charset=UTF-8, application/*+xml;charset=UTF-8]
2026-05-21T15:57:54.928+09:00 DEBUG 65488 --- [nio-8080-exec-1] m.m.a.RequestResponseBodyMethodProcessor : Writing [LoginResponseDto[token=eyJhbGciOiJIUzI1NiJ9.eyJzdWIiOiJhZG1pbiIsInJvbGUiOiJBRE1JTiIsImlhdCI6MTc3OTM0 (truncated)...]
2026-05-21T15:57:54.935+09:00 DEBUG 65488 --- [nio-8080-exec-1] o.s.web.servlet.DispatcherServlet        : Completed 200 OK
2026-05-21T15:57:55.075+09:00 DEBUG 65488 --- [nio-8080-exec-3] o.s.web.servlet.DispatcherServlet        : POST "/api/admin/ai-match/phone-purge", parameters={}
2026-05-21T15:57:55.076+09:00 DEBUG 65488 --- [nio-8080-exec-3] s.w.s.m.m.a.RequestMappingHandlerMapping : Mapped to com.festflow.backend.controller.admin.AdminAiMatchController#purgeByPhoneNumber(AiMatchAdminPhonePurgeRequestDto)
2026-05-21T15:57:55.079+09:00 DEBUG 65488 --- [nio-8080-exec-3] m.m.a.RequestResponseBodyMethodProcessor : Read "application/json;charset=UTF-8" to [AiMatchAdminPhonePurgeRequestDto[phoneNumber=01000000000]]
2026-05-21T15:57:55.085+09:00 DEBUG 65488 --- [nio-8080-exec-3] org.hibernate.SQL                        : 
    select
        amp1_0.id,
        amp1_0.consent,
        amp1_0.created_at,
        amp1_0.gender,
        amp1_0.generated_image_url,
        amp1_0.intro,
        amp1_0.meet_place,
        amp1_0.nickname,
        amp1_0.original_image_url,
        amp1_0.phone_number,
        amp1_0.pin_hash,
        amp1_0.status 
    from
        ai_match_profiles amp1_0
2026-05-21T15:57:55.095+09:00 DEBUG 65488 --- [nio-8080-exec-3] org.hibernate.SQL                        : 
    select
        ampu1_0.id,
        ampu1_0.blocked,
        ampu1_0.blocked_at,
        ampu1_0.created_at,
        ampu1_0.phone_number,
        ampu1_0.successful_image_conversion_count,
        ampu1_0.updated_at 
    from
        ai_match_phone_usages ampu1_0 
    where
        ampu1_0.phone_number=?
2026-05-21T15:57:55.104+09:00 DEBUG 65488 --- [nio-8080-exec-3] m.m.a.RequestResponseBodyMethodProcessor : Using 'application/json', given [*/*] and supported [application/json, application/*+json, application/xml;charset=UTF-8, text/xml;charset=UTF-8, application/*+xml;charset=UTF-8]
2026-05-21T15:57:55.107+09:00 DEBUG 65488 --- [nio-8080-exec-3] m.m.a.RequestResponseBodyMethodProcessor : Writing [AiMatchAdminPhonePurgeResponseDto[phoneNumber=01000000000, deletedProfileCount=0, deletedRequestCoun (truncated)...]
2026-05-21T15:57:55.108+09:00 DEBUG 65488 --- [nio-8080-exec-3] o.s.web.servlet.DispatcherServlet        : Completed 200 OK
2026-05-21T15:58:15.666+09:00 DEBUG 65488 --- [   scheduling-1] org.hibernate.SQL                        : 
    select
        fe1_0.id,
        fe1_0.delay_minutes,
        fe1_0.end_time,
        fe1_0.image_credit,
        fe1_0.image_focus,
        fe1_0.image_url,
        fe1_0.live_message,
        fe1_0.start_time,
        fe1_0.status,
        fe1_0.status_override,
        fe1_0.status_updated_at,
        fe1_0.title 
    from
        events fe1_0
2026-05-21T15:58:45.683+09:00 DEBUG 65488 --- [   scheduling-1] org.hibernate.SQL                        : 
    select
        fe1_0.id,
        fe1_0.delay_minutes,
        fe1_0.end_time,
        fe1_0.image_credit,
        fe1_0.image_focus,
        fe1_0.image_url,
        fe1_0.live_message,
        fe1_0.start_time,
        fe1_0.status,
        fe1_0.status_override,
        fe1_0.status_updated_at,
        fe1_0.title 
    from
        events fe1_0
2026-05-21T15:59:15.692+09:00 DEBUG 65488 --- [   scheduling-1] org.hibernate.SQL                        : 
    select
        fe1_0.id,
        fe1_0.delay_minutes,
        fe1_0.end_time,
        fe1_0.image_credit,
        fe1_0.image_focus,
        fe1_0.image_url,
        fe1_0.live_message,
        fe1_0.start_time,
        fe1_0.status,
        fe1_0.status_override,
        fe1_0.status_updated_at,
        fe1_0.title 
    from
        events fe1_0
2026-05-21T15:59:45.715+09:00 DEBUG 65488 --- [   scheduling-1] org.hibernate.SQL                        : 
    select
        fe1_0.id,
        fe1_0.delay_minutes,
        fe1_0.end_time,
        fe1_0.image_credit,
        fe1_0.image_focus,
        fe1_0.image_url,
        fe1_0.live_message,
        fe1_0.start_time,
        fe1_0.status,
        fe1_0.status_override,
        fe1_0.status_updated_at,
        fe1_0.title 
    from
        events fe1_0
2026-05-21T16:00:15.726+09:00 DEBUG 65488 --- [   scheduling-1] org.hibernate.SQL                        : 
    select
        fe1_0.id,
        fe1_0.delay_minutes,
        fe1_0.end_time,
        fe1_0.image_credit,
        fe1_0.image_focus,
        fe1_0.image_url,
        fe1_0.live_message,
        fe1_0.start_time,
        fe1_0.status,
        fe1_0.status_override,
        fe1_0.status_updated_at,
        fe1_0.title 
    from
        events fe1_0
2026-05-21T16:00:45.746+09:00 DEBUG 65488 --- [   scheduling-1] org.hibernate.SQL                        : 
    select
        fe1_0.id,
        fe1_0.delay_minutes,
        fe1_0.end_time,
        fe1_0.image_credit,
        fe1_0.image_focus,
        fe1_0.image_url,
        fe1_0.live_message,
        fe1_0.start_time,
        fe1_0.status,
        fe1_0.status_override,
        fe1_0.status_updated_at,
        fe1_0.title 
    from
        events fe1_0

> Task :bootRun FAILED

[Incubating] Problems report is available at: file:///C:/Users/jk636/OneDrive/%EB%AC%B8%EC%84%9C/GitHub/Whims-of-Wonder/Whims-of-Wonder/MetaverseProgramming/My%20project/Assets/FestFlow/backend/build/reports/problems/problems-report.html

Deprecated Gradle features were used in this build, making it incompatible with Gradle 10.

You can use '--warning-mode all' to show the individual deprecation warnings and determine if they come from your own scripts or plugins.

For more on this, please refer to https://docs.gradle.org/9.4.1/userguide/command_line_interface.html#sec:command_line_warnings in the Gradle documentation.
4 actionable tasks: 2 executed, 2 up-to-date

C:\Users\jk636\OneDrive\문서\GitHub\Whims-of-Wonder\Whims-of-Wonder\MetaverseProgramming\My project\Assets\FestFlow\backend>if 1 EQU 0 goto mainEnd 

C:\Users\jk636\OneDrive\문서\GitHub\Whims-of-Wonder\Whims-of-Wonder\MetaverseProgramming\My project\Assets\FestFlow\backend>rem Set variable GRADLE_EXIT_CONSOLE if you need the _script_ return code instead of 

C:\Users\jk636\OneDrive\문서\GitHub\Whims-of-Wonder\Whims-of-Wonder\MetaverseProgramming\My project\Assets\FestFlow\backend>rem the _cmd.exe /c_ return code! 

C:\Users\jk636\OneDrive\문서\GitHub\Whims-of-Wonder\Whims-of-Wonder\MetaverseProgramming\My project\Assets\FestFlow\backend>set EXIT_CODE=1 

C:\Users\jk636\OneDrive\문서\GitHub\Whims-of-Wonder\Whims-of-Wonder\MetaverseProgramming\My project\Assets\FestFlow\backend>if 1 EQU 0 set EXIT_CODE=1 

C:\Users\jk636\OneDrive\문서\GitHub\Whims-of-Wonder\Whims-of-Wonder\MetaverseProgramming\My project\Assets\FestFlow\backend>if not "" == "" exit 1 

C:\Users\jk636\OneDrive\문서\GitHub\Whims-of-Wonder\Whims-of-Wonder\MetaverseProgramming\My project\Assets\FestFlow\backend>exit /b 1 
