scenario_day,hour,is_peak_time,zone_type,booth_id,artist_popularity,artist_popularity_score,stage_capacity,expected_stage_crowd,stage_load_ratio,is_night_booth,event_soon,minutes_to_next_event,gps_count_nearby,gps_delta_5m,gps_delta_15m,reservation_count,reservation_delta_15m,checked_in_count,checked_in_delta_15m,available_seats,wait_minutes,wait_delta_15m,remaining_stock,event_count_context,data_source,rule_based_level,target_congestion
1,10,0,STAGE,42,MEDIUM,2,4000,145,0.036,0,0,480,20,-1,-7,4,0,0,0,12,29,4,73,18,HYBRID_SIMULATED,BUSY,BUSY
1,10,0,PUB,0,MEDIUM,2,4000,145,0.036,0,0,480,17,-5,2,1,0,1,0,18,28,0,76,18,HYBRID_SIMULATED,NORMAL,NORMAL
1,10,0,FOOD,74,MEDIUM,2,4000,145,0.036,0,0,480,17,-2,-5,2,4,2,1,16,10,-3,60,18,HYBRID_SIMULATED,NORMAL,NORMAL
1,10,0,EXPERIENCE,6,MEDIUM,2,4000,145,0.036,0,0,480,25,0,3,3,2,1,0,19,14,5,114,18,HYBRID_SIMULATED,NORMAL,NORMAL
1,10,0,GOODS,13,MEDIUM,2,4000,145,0.036,0,0,480,12,3,3,0,5,0,0,14,4,-2,74,18,HYBRID_SIMULATED,LOW,LOW
1,10,0,SAFETY,9,MEDIUM,2,4000,145,0.036,0,0,480,18,6,-12,4,0,0,0,16,19,-5,118,18,HYBRID_SIMULATED,BUSY,NORMAL
1,11,0,STAGE,42,MEDIUM,2,4000,671,0.168,0,0,420,20,7,8,0,0,0,0,18,26,0,129,18,HYBRID_SIMULATED,NORMAL,BUSY
1,11,0,PUB,0,MEDIUM,2,4000,671,0.168,0,0,420,9,-3,8,2,0,0,0,13,29,-2,67,18,HYBRID_SIMULATED,NORMAL,NORMAL
1,11,0,FOOD,25,MEDIUM,2,4000,671,0.168,0,0,420,13,-1,-11,0,3,0,1,25,20,-1,53,18,HYBRID_SIMULATED,NORMAL,LOW
1,11,0,EXPERIENCE,11,MEDIUM,2,4000,671,0.168,0,0,420,17,-1,-13,0,0,0,0,18,0,6,115,18,HYBRID_SIMULATED,NORMAL,LOW
1,11,0,GOODS,38,MEDIUM,2,4000,671,0.168,0,0,420,28,10,-4,9,4,9,2,2,16,3,46,18,HYBRID_SIMULATED,BUSY,BUSY
1,11,0,SAFETY,71,MEDIUM,2,4000,671,0.168,0,0,420,31,4,2,0,0,0,0,14,16,-2,109,18,HYBRID_SIMULATED,NORMAL,NORMAL
1,12,0,STAGE,41,LOW,1,4000,687,0.172,0,0,360,19,2,3,0,1,0,0,22,21,5,69,18,HYBRID_SIMULATED,NORMAL,NORMAL
1,12,0,PUB,0,LOW,1,4000,687,0.172,0,0,360,16,-4,5,2,0,0,0,19,32,2,59,18,HYBRID_SIMULATED,NORMAL,NORMAL
1,12,0,FOOD,64,LOW,1,4000,687,0.172,0,0,360,13,-7,2,9,3,4,0,7,34,1,62,18,HYBRID_SIMULATED,VERY_BUSY,BUSY
1,12,0,EXPERIENCE,1,LOW,1,4000,687,0.172,0,0,360,29,7,-1,10,1,4,0,5,38,-5,108,18,HYBRID_SIMULATED,VERY_BUSY,BUSY
1,12,0,GOODS,65,LOW,1,4000,687,0.172,0,0,360,14,-7,10,2,0,2,0,12,16,4,86,18,HYBRID_SIMULATED,NORMAL,NORMAL
1,12,0,SAFETY,9,LOW,1,4000,687,0.172,0,0,360,16,3,10,0,0,0,0,17,10,6,99,18,HYBRID_SIMULATED,NORMAL,LOW
1,13,0,STAGE,41,LOW,1,4000,1031,0.258,0,0,300,18,2,-6,4,1,0,0,17,25,2,131,18,HYBRID_SIMULATED,BUSY,BUSY
1,13,0,PUB,0,LOW,1,4000,1031,0.258,0,0,300,11,-6,-4,3,1,3,1,14,21,9,85,18,HYBRID_SIMULATED,BUSY,NORMAL
1,13,0,FOOD,30,LOW,1,4000,1031,0.258,0,0,300,19,-4,8,1,0,1,0,15,4,-1,92,18,HYBRID_SIMULATED,NORMAL,NORMAL
1,13,0,EXPERIENCE,21,LOW,1,4000,1031,0.258,0,0,300,36,0,8,1,0,0,0,21,18,6,147,18,HYBRID_SIMULATED,NORMAL,NORMAL
1,13,0,GOODS,13,LOW,1,4000,1031,0.258,0,0,300,7,7,-4,2,5,2,1,18,8,-1,93,18,HYBRID_SIMULATED,NORMAL,NORMAL
1,13,0,SAFETY,24,LOW,1,4000,1031,0.258,0,0,300,3,3,3,1,2,1,2,12,13,-4,111,18,HYBRID_SIMULATED,LOW,LOW
1,14,0,STAGE,42,LOW,1,4000,918,0.23,0,0,240,32,3,-2,1,4,1,0,20,34,11,111,18,HYBRID_SIMULATED,NORMAL,NORMAL
1,14,0,PUB,0,LOW,1,4000,918,0.23,0,0,240,14,-7,-9,5,0,3,1,6,21,5,52,18,HYBRID_SIMULATED,BUSY,BUSY
1,14,0,FOOD,17,LOW,1,4000,918,0.23,0,0,240,16,-1,-8,4,3,0,0,5,21,2,64,18,HYBRID_SIMULATED,BUSY,NORMAL
1,14,0,EXPERIENCE,53,LOW,1,4000,918,0.23,0,0,240,39,2,-3,4,0,1,0,9,16,2,104,18,HYBRID_SIMULATED,BUSY,BUSY
1,14,0,GOODS,3,LOW,1,4000,918,0.23,0,0,240,3,3,3,0,0,0,0,22,16,-2,57,18,HYBRID_SIMULATED,LOW,LOW
1,14,0,SAFETY,50,LOW,1,4000,918,0.23,0,0,240,5,2,5,8,2,2,0,2,12,0,82,18,HYBRID_SIMULATED,NORMAL,NORMAL
1,15,0,STAGE,42,MEDIUM,2,4000,431,0.108,0,0,180,23,-7,7,0,2,0,0,17,35,1,93,18,HYBRID_SIMULATED,NORMAL,NORMAL
1,15,0,PUB,0,MEDIUM,2,4000,431,0.108,0,0,180,30,-5,2,4,0,2,4,15,20,-4,15,18,HYBRID_SIMULATED,BUSY,BUSY
1,15,0,FOOD,52,MEDIUM,2,4000,431,0.108,0,0,180,24,-6,8,2,1,0,0,8,27,4,76,18,HYBRID_SIMULATED,NORMAL,BUSY
1,15,0,EXPERIENCE,46,MEDIUM,2,4000,431,0.108,0,0,180,25,0,-1,1,2,1,0,15,11,7,62,18,HYBRID_SIMULATED,NORMAL,NORMAL
1,15,0,GOODS,70,MEDIUM,2,4000,431,0.108,0,0,180,20,7,-7,0,1,0,0,23,13,-5,50,18,HYBRID_SIMULATED,NORMAL,NORMAL
1,15,0,SAFETY,14,MEDIUM,2,4000,431,0.108,0,0,180,14,5,10,7,2,4,0,9,15,7,91,18,HYBRID_SIMULATED,BUSY,BUSY
1,16,0,STAGE,42,LOW,1,4000,972,0.243,0,0,120,11,-4,1,1,0,1,0,17,20,3,140,18,HYBRID_SIMULATED,NORMAL,NORMAL
1,16,0,PUB,0,LOW,1,4000,972,0.243,0,0,120,10,1,9,2,0,0,0,7,38,-3,15,18,HYBRID_SIMULATED,NORMAL,NORMAL
1,16,0,FOOD,52,LOW,1,4000,972,0.243,0,0,120,19,2,5,0,1,0,0,19,12,7,36,18,HYBRID_SIMULATED,NORMAL,NORMAL
1,16,0,EXPERIENCE,73,LOW,1,4000,972,0.243,0,0,120,22,-3,14,2,2,2,0,16,18,4,122,18,HYBRID_SIMULATED,NORMAL,BUSY
1,16,0,GOODS,3,LOW,1,4000,972,0.243,0,0,120,26,4,6,2,0,2,0,18,2,-5,47,18,HYBRID_SIMULATED,NORMAL,NORMAL
1,16,0,SAFETY,29,LOW,1,4000,972,0.243,0,0,120,19,2,-3,2,0,0,0,18,19,2,95,18,HYBRID_SIMULATED,NORMAL,NORMAL
1,17,0,STAGE,41,MEDIUM,2,4000,990,0.247,0,0,60,23,8,-6,2,0,0,0,14,19,1,81,18,HYBRID_SIMULATED,NORMAL,BUSY
1,17,0,PUB,0,MEDIUM,2,4000,990,0.247,0,0,60,14,7,4,0,4,0,0,16,9,6,51,18,HYBRID_SIMULATED,NORMAL,NORMAL
1,17,0,FOOD,72,MEDIUM,2,4000,990,0.247,0,0,60,25,3,14,3,0,0,0,17,19,6,40,18,HYBRID_SIMULATED,NORMAL,NORMAL
1,17,0,EXPERIENCE,21,MEDIUM,2,4000,990,0.247,0,0,60,42,7,3,2,1,1,0,10,22,-4,85,18,HYBRID_SIMULATED,NORMAL,NORMAL
1,17,0,GOODS,3,MEDIUM,2,4000,990,0.247,0,0,60,34,0,5,0,0,0,0,17,16,-2,51,18,HYBRID_SIMULATED,NORMAL,NORMAL
1,17,0,SAFETY,44,MEDIUM,2,4000,990,0.247,0,0,60,17,-6,7,6,1,5,1,15,12,7,105,18,HYBRID_SIMULATED,BUSY,NORMAL
1,18,1,STAGE,42,HIGH,3,4000,2997,0.749,0,1,10,74,1,9,0,1,0,0,27,31,2,105,18,HYBRID_SIMULATED,NORMAL,VERY_BUSY
1,18,1,PUB,0,HIGH,3,4000,2997,0.749,1,0,30,35,4,3,7,3,3,2,9,24,0,57,18,HYBRID_SIMULATED,BUSY,VERY_BUSY
1,18,1,FOOD,25,HIGH,3,4000,2997,0.749,1,0,0,42,5,8,3,2,1,0,12,15,6,62,18,HYBRID_SIMULATED,NORMAL,NORMAL
1,18,1,EXPERIENCE,53,HIGH,3,4000,2997,0.749,0,0,0,11,10,4,1,4,1,0,18,12,4,70,18,HYBRID_SIMULATED,NORMAL,NORMAL
1,18,1,GOODS,48,HIGH,3,4000,2997,0.749,0,0,0,31,-3,11,0,0,0,0,12,7,-5,33,18,HYBRID_SIMULATED,NORMAL,NORMAL
1,18,1,SAFETY,24,HIGH,3,4000,2997,0.749,0,0,20,26,6,5,4,0,1,0,14,9,-4,129,18,HYBRID_SIMULATED,NORMAL,NORMAL
1,19,1,STAGE,41,MEDIUM,2,4000,1564,0.391,0,1,30,45,11,4,2,0,0,0,14,34,-1,63,18,HYBRID_SIMULATED,BUSY,VERY_BUSY
1,19,1,PUB,0,MEDIUM,2,4000,1564,0.391,1,0,30,54,5,13,18,7,4,2,0,47,10,20,18,HYBRID_SIMULATED,VERY_BUSY,VERY_BUSY
1,19,1,FOOD,35,MEDIUM,2,4000,1564,0.391,1,0,30,53,-7,5,4,4,0,0,21,25,7,68,18,HYBRID_SIMULATED,BUSY,BUSY
1,19,1,EXPERIENCE,46,MEDIUM,2,4000,1564,0.391,0,0,30,16,3,16,5,0,0,0,15,25,0,96,18,HYBRID_SIMULATED,BUSY,BUSY
1,19,1,GOODS,38,MEDIUM,2,4000,1564,0.391,0,0,10,29,4,13,9,1,6,3,2,35,10,24,18,HYBRID_SIMULATED,VERY_BUSY,VERY_BUSY
1,19,1,SAFETY,71,MEDIUM,2,4000,1564,0.391,0,0,30,30,5,15,1,0,1,2,11,9,9,50,18,HYBRID_SIMULATED,NORMAL,NORMAL
1,20,1,STAGE,42,MEDIUM,2,4000,1405,0.351,0,1,20,50,10,16,0,1,0,0,23,20,15,147,18,HYBRID_SIMULATED,NORMAL,BUSY
1,20,1,PUB,0,MEDIUM,2,4000,1405,0.351,1,0,45,51,-2,14,9,5,0,0,12,43,1,56,18,HYBRID_SIMULATED,BUSY,VERY_BUSY
1,20,1,FOOD,12,MEDIUM,2,4000,1405,0.351,1,0,45,63,5,-2,11,7,8,2,1,56,-1,52,18,HYBRID_SIMULATED,VERY_BUSY,VERY_BUSY
1,20,1,EXPERIENCE,21,MEDIUM,2,4000,1405,0.351,0,0,20,15,8,3,3,0,0,2,11,21,-2,66,18,HYBRID_SIMULATED,NORMAL,BUSY
1,20,1,GOODS,38,MEDIUM,2,4000,1405,0.351,0,0,20,41,5,11,8,0,2,0,8,29,1,35,18,HYBRID_SIMULATED,BUSY,BUSY
1,20,1,SAFETY,61,MEDIUM,2,4000,1405,0.351,0,0,30,30,0,20,7,2,5,2,3,19,14,117,18,HYBRID_SIMULATED,VERY_BUSY,BUSY
1,21,1,STAGE,41,LOW,1,4000,972,0.243,0,1,30,54,9,4,4,3,0,0,8,37,16,106,18,HYBRID_SIMULATED,BUSY,VERY_BUSY
1,21,1,PUB,0,LOW,1,4000,972,0.243,1,0,0,62,-2,28,3,8,0,0,10,27,9,39,18,HYBRID_SIMULATED,BUSY,VERY_BUSY
1,21,1,FOOD,54,LOW,1,4000,972,0.243,1,0,30,65,14,8,5,2,2,0,13,37,-3,31,18,HYBRID_SIMULATED,BUSY,VERY_BUSY
1,21,1,EXPERIENCE,6,LOW,1,4000,972,0.243,0,0,0,17,-1,17,0,1,0,0,15,18,7,129,18,HYBRID_SIMULATED,NORMAL,NORMAL
1,21,1,GOODS,43,LOW,1,4000,972,0.243,0,0,10,29,-5,21,2,0,0,2,21,29,11,60,18,HYBRID_SIMULATED,NORMAL,NORMAL
1,21,1,SAFETY,66,LOW,1,4000,972,0.243,0,0,45,17,-2,0,8,3,0,0,1,23,-5,113,18,HYBRID_SIMULATED,BUSY,BUSY
1,22,1,STAGE,42,LOW,1,4000,1599,0.4,0,1,45,46,3,2,0,2,0,2,25,28,11,140,18,HYBRID_SIMULATED,NORMAL,VERY_BUSY
1,22,1,PUB,0,LOW,1,4000,1599,0.4,1,0,30,52,2,9,0,4,0,0,21,37,7,7,18,HYBRID_SIMULATED,BUSY,VERY_BUSY
1,22,1,FOOD,5,LOW,1,4000,1599,0.4,1,0,20,59,-1,8,10,4,6,3,0,46,6,65,18,HYBRID_SIMULATED,VERY_BUSY,VERY_BUSY
1,22,1,EXPERIENCE,73,LOW,1,4000,1599,0.4,0,0,30,24,3,20,0,1,0,2,17,18,11,66,18,HYBRID_SIMULATED,NORMAL,NORMAL
1,22,1,GOODS,38,LOW,1,4000,1599,0.4,0,0,20,17,13,13,6,1,6,0,7,29,8,42,18,HYBRID_SIMULATED,BUSY,BUSY
1,22,1,SAFETY,39,LOW,1,4000,1599,0.4,0,0,45,23,2,-2,3,0,0,0,14,8,0,37,18,HYBRID_SIMULATED,NORMAL,NORMAL
1,23,0,STAGE,42,LOW,1,4000,922,0.231,0,0,30,19,2,-11,1,1,0,0,12,29,-3,104,18,HYBRID_SIMULATED,NORMAL,BUSY
1,23,0,PUB,0,LOW,1,4000,922,0.231,1,0,30,70,2,12,9,6,6,2,0,47,1,26,18,HYBRID_SIMULATED,VERY_BUSY,VERY_BUSY
1,23,0,FOOD,20,LOW,1,4000,922,0.231,1,0,30,53,-3,5,8,5,0,0,7,39,4,28,18,HYBRID_SIMULATED,BUSY,VERY_BUSY
1,23,0,EXPERIENCE,6,LOW,1,4000,922,0.231,0,0,20,24,7,10,0,1,0,0,22,14,-5,85,18,HYBRID_SIMULATED,NORMAL,LOW
1,23,0,GOODS,48,LOW,1,4000,922,0.231,0,0,20,22,-2,-2,4,0,2,0,11,17,2,12,18,HYBRID_SIMULATED,BUSY,BUSY
1,23,0,SAFETY,4,LOW,1,4000,922,0.231,0,0,45,27,6,3,3,0,0,0,13,19,-3,85,18,HYBRID_SIMULATED,NORMAL,NORMAL
1,24,0,STAGE,41,MEDIUM,2,4000,151,0.038,0,0,45,22,-4,6,4,0,1,0,11,32,1,68,18,HYBRID_SIMULATED,BUSY,BUSY
1,24,0,PUB,0,MEDIUM,2,4000,151,0.038,1,0,30,57,6,8,8,3,3,0,7,38,0,19,18,HYBRID_SIMULATED,VERY_BUSY,VERY_BUSY
1,24,0,FOOD,32,MEDIUM,2,4000,151,0.038,1,0,45,61,0,-9,6,2,2,1,12,33,1,13,18,HYBRID_SIMULATED,BUSY,VERY_BUSY
1,24,0,EXPERIENCE,46,MEDIUM,2,4000,151,0.038,0,0,20,33,-3,1,2,0,2,0,12,17,-3,99,18,HYBRID_SIMULATED,NORMAL,NORMAL
1,24,0,GOODS,55,MEDIUM,2,4000,151,0.038,0,0,10,19,8,-5,0,3,0,0,23,5,1,33,18,HYBRID_SIMULATED,NORMAL,NORMAL
1,24,0,SAFETY,56,MEDIUM,2,4000,151,0.038,0,0,10,24,-2,7,1,0,0,2,15,11,2,95,18,HYBRID_SIMULATED,NORMAL,NORMAL
2,10,0,STAGE,41,LOW,1,4000,897,0.224,0,0,480,26,-6,14,2,0,1,1,12,21,-1,133,18,HYBRID_SIMULATED,NORMAL,NORMAL
2,10,0,PUB,0,LOW,1,4000,897,0.224,0,0,480,8,-1,8,0,0,0,1,20,24,2,66,18,HYBRID_SIMULATED,LOW,NORMAL
2,10,0,FOOD,74,LOW,1,4000,897,0.224,0,0,480,28,-2,9,4,0,4,4,14,21,0,46,18,HYBRID_SIMULATED,BUSY,NORMAL
2,10,0,EXPERIENCE,1,LOW,1,4000,897,0.224,0,0,480,8,-1,-8,2,2,2,2,16,21,0,91,18,HYBRID_SIMULATED,NORMAL,NORMAL
2,10,0,GOODS,48,LOW,1,4000,897,0.224,0,0,480,6,-4,3,1,0,0,0,20,5,2,97,18,HYBRID_SIMULATED,LOW,LOW
2,10,0,SAFETY,24,LOW,1,4000,897,0.224,0,0,480,11,-4,-2,4,1,4,0,15,15,0,78,18,HYBRID_SIMULATED,BUSY,NORMAL
2,11,0,STAGE,41,MEDIUM,2,4000,806,0.202,0,0,420,16,6,7,4,2,2,2,10,27,5,151,18,HYBRID_SIMULATED,BUSY,VERY_BUSY
2,11,0,PUB,0,MEDIUM,2,4000,806,0.202,0,0,420,7,2,3,0,0,0,0,14,20,2,60,18,HYBRID_SIMULATED,LOW,LOW
2,11,0,FOOD,77,MEDIUM,2,4000,806,0.202,0,0,420,24,-3,11,4,3,1,0,18,16,6,48,18,HYBRID_SIMULATED,BUSY,BUSY
2,11,0,EXPERIENCE,36,MEDIUM,2,4000,806,0.202,0,0,420,24,3,6,0,2,0,0,13,11,4,119,18,HYBRID_SIMULATED,NORMAL,NORMAL
2,11,0,GOODS,43,MEDIUM,2,4000,806,0.202,0,0,420,23,0,14,7,0,2,0,8,25,6,20,18,HYBRID_SIMULATED,BUSY,BUSY
2,11,0,SAFETY,14,MEDIUM,2,4000,806,0.202,0,0,420,20,3,9,2,1,1,0,14,16,2,165,18,HYBRID_SIMULATED,NORMAL,NORMAL
2,12,0,STAGE,42,MEDIUM,2,4000,785,0.196,0,0,360,21,4,6,7,1,2,0,3,35,2,106,18,HYBRID_SIMULATED,VERY_BUSY,VERY_BUSY
2,12,0,PUB,0,MEDIUM,2,4000,785,0.196,0,0,360,20,-1,3,2,3,0,0,15,31,0,84,18,HYBRID_SIMULATED,NORMAL,NORMAL
2,12,0,FOOD,20,MEDIUM,2,4000,785,0.196,0,0,360,19,6,-4,2,0,0,0,10,9,6,32,18,HYBRID_SIMULATED,NORMAL,NORMAL
2,12,0,EXPERIENCE,46,MEDIUM,2,4000,785,0.196,0,0,360,27,3,12,2,1,2,3,15,11,8,78,18,HYBRID_SIMULATED,NORMAL,NORMAL
2,12,0,GOODS,55,MEDIUM,2,4000,785,0.196,0,0,360,20,-2,8,5,0,3,2,9,20,3,47,18,HYBRID_SIMULATED,BUSY,NORMAL
2,12,0,SAFETY,9,MEDIUM,2,4000,785,0.196,0,0,360,15,0,2,2,0,2,2,14,8,7,116,18,HYBRID_SIMULATED,NORMAL,NORMAL
2,13,0,STAGE,42,MEDIUM,2,4000,1006,0.252,0,0,300,18,-7,9,3,3,0,0,15,24,0,112,18,HYBRID_SIMULATED,NORMAL,BUSY
2,13,0,PUB,0,MEDIUM,2,4000,1006,0.252,0,0,300,15,4,13,0,0,0,1,20,16,7,40,18,HYBRID_SIMULATED,NORMAL,NORMAL
2,13,0,FOOD,30,MEDIUM,2,4000,1006,0.252,0,0,300,10,-1,-6,0,2,0,0,16,12,-2,35,18,HYBRID_SIMULATED,LOW,LOW
2,13,0,EXPERIENCE,11,MEDIUM,2,4000,1006,0.252,0,0,300,38,2,12,0,1,0,0,14,11,6,77,18,HYBRID_SIMULATED,NORMAL,NORMAL
2,13,0,GOODS,60,MEDIUM,2,4000,1006,0.252,0,0,300,7,-5,7,0,2,0,0,19,8,-1,47,18,HYBRID_SIMULATED,LOW,LOW
2,13,0,SAFETY,44,MEDIUM,2,4000,1006,0.252,0,0,300,17,9,0,6,0,0,0,11,17,1,87,18,HYBRID_SIMULATED,BUSY,NORMAL
2,14,0,STAGE,42,MEDIUM,2,4000,985,0.246,0,0,240,15,8,8,1,2,0,0,10,26,6,117,18,HYBRID_SIMULATED,NORMAL,VERY_BUSY
2,14,0,PUB,0,MEDIUM,2,4000,985,0.246,0,0,240,16,-4,8,4,2,0,2,18,31,4,49,18,HYBRID_SIMULATED,BUSY,NORMAL
2,14,0,FOOD,35,MEDIUM,2,4000,985,0.246,0,0,240,22,11,-14,5,0,0,0,7,33,-7,44,18,HYBRID_SIMULATED,BUSY,BUSY
2,14,0,EXPERIENCE,11,MEDIUM,2,4000,985,0.246,0,0,240,20,-3,-1,2,2,1,0,20,6,9,144,18,HYBRID_SIMULATED,NORMAL,NORMAL
2,14,0,GOODS,43,MEDIUM,2,4000,985,0.246,0,0,240,21,-10,4,6,1,2,0,4,16,0,22,18,HYBRID_SIMULATED,BUSY,NORMAL
2,14,0,SAFETY,56,MEDIUM,2,4000,985,0.246,0,0,240,21,7,2,1,1,1,0,13,9,-2,87,18,HYBRID_SIMULATED,NORMAL,NORMAL
2,15,0,STAGE,42,MEDIUM,2,4000,416,0.104,0,0,180,8,1,5,0,1,0,0,19,22,7,89,18,HYBRID_SIMULATED,LOW,NORMAL
2,15,0,PUB,0,MEDIUM,2,4000,416,0.104,0,0,180,19,2,9,4,3,0,0,15,30,6,33,18,HYBRID_SIMULATED,BUSY,BUSY
2,15,0,FOOD,20,MEDIUM,2,4000,416,0.104,0,0,180,35,4,-4,0,0,0,2,29,8,0,52,18,HYBRID_SIMULATED,NORMAL,NORMAL
2,15,0,EXPERIENCE,31,MEDIUM,2,4000,416,0.104,0,0,180,16,2,1,4,2,4,2,8,8,2,120,18,HYBRID_SIMULATED,BUSY,BUSY
2,15,0,GOODS,43,MEDIUM,2,4000,416,0.104,0,0,180,14,10,7,4,1,0,0,11,3,1,41,18,HYBRID_SIMULATED,NORMAL,BUSY
2,15,0,SAFETY,19,MEDIUM,2,4000,416,0.104,0,0,180,18,0,17,8,1,1,1,10,15,4,143,18,HYBRID_SIMULATED,BUSY,BUSY
2,16,0,STAGE,42,MEDIUM,2,4000,651,0.163,0,0,120,29,-7,-8,7,4,2,0,2,27,0,75,18,HYBRID_SIMULATED,VERY_BUSY,BUSY
2,16,0,PUB,0,MEDIUM,2,4000,651,0.163,0,0,120,14,1,4,3,2,0,2,8,17,-1,49,18,HYBRID_SIMULATED,NORMAL,NORMAL
2,16,0,FOOD,67,MEDIUM,2,4000,651,0.163,0,0,120,16,3,-5,11,2,3,0,0,32,-1,8,18,HYBRID_SIMULATED,VERY_BUSY,BUSY
2,16,0,EXPERIENCE,16,MEDIUM,2,4000,651,0.163,0,0,120,40,1,-4,11,4,2,3,0,32,1,115,18,HYBRID_SIMULATED,VERY_BUSY,VERY_BUSY
2,16,0,GOODS,55,MEDIUM,2,4000,651,0.163,0,0,120,37,2,15,7,2,0,0,5,32,0,47,18,HYBRID_SIMULATED,BUSY,BUSY
2,16,0,SAFETY,81,MEDIUM,2,4000,651,0.163,0,0,120,17,-2,7,1,0,1,0,19,6,-2,70,18,HYBRID_SIMULATED,NORMAL,NORMAL
2,17,0,STAGE,42,MEDIUM,2,4000,400,0.1,0,0,60,28,-4,17,7,0,5,1,4,31,9,87,18,HYBRID_SIMULATED,VERY_BUSY,VERY_BUSY
2,17,0,PUB,0,MEDIUM,2,4000,400,0.1,0,0,60,16,5,0,0,0,0,1,22,20,1,66,18,HYBRID_SIMULATED,NORMAL,NORMAL
2,17,0,FOOD,20,MEDIUM,2,4000,400,0.1,0,0,60,27,0,3,0,0,0,0,15,6,5,70,18,HYBRID_SIMULATED,NORMAL,LOW
2,17,0,EXPERIENCE,16,MEDIUM,2,4000,400,0.1,0,0,60,34,6,3,9,0,4,1,11,29,0,125,18,HYBRID_SIMULATED,BUSY,BUSY
2,17,0,GOODS,28,MEDIUM,2,4000,400,0.1,0,0,60,31,2,-4,0,4,0,0,15,21,3,22,18,HYBRID_SIMULATED,NORMAL,NORMAL
2,17,0,SAFETY,56,MEDIUM,2,4000,400,0.1,0,0,60,11,-13,10,1,0,1,0,17,9,3,84,18,HYBRID_SIMULATED,NORMAL,NORMAL
2,18,1,STAGE,42,LOW,1,4000,1140,0.285,0,1,45,43,7,16,0,2,0,0,21,46,16,43,18,HYBRID_SIMULATED,BUSY,BUSY
2,18,1,PUB,0,LOW,1,4000,1140,0.285,1,0,20,56,1,9,10,3,2,0,6,44,10,21,18,HYBRID_SIMULATED,VERY_BUSY,VERY_BUSY
2,18,1,FOOD,59,LOW,1,4000,1140,0.285,1,0,45,70,9,7,3,0,0,0,15,43,0,0,18,HYBRID_SIMULATED,VERY_BUSY,VERY_BUSY
2,18,1,EXPERIENCE,26,LOW,1,4000,1140,0.285,0,0,30,16,15,8,0,0,0,0,13,14,-3,78,18,HYBRID_SIMULATED,NORMAL,NORMAL
2,18,1,GOODS,18,LOW,1,4000,1140,0.285,0,0,0,37,14,6,5,5,4,0,12,21,1,58,18,HYBRID_SIMULATED,BUSY,BUSY
2,18,1,SAFETY,9,LOW,1,4000,1140,0.285,0,0,30,30,1,17,0,0,0,1,18,15,3,125,18,HYBRID_SIMULATED,NORMAL,NORMAL
2,19,1,STAGE,41,MEDIUM,2,4000,2508,0.627,0,1,0,53,5,10,3,3,3,0,3,26,15,48,18,HYBRID_SIMULATED,VERY_BUSY,VERY_BUSY
2,19,1,PUB,0,MEDIUM,2,4000,2508,0.627,1,0,30,77,-2,6,6,3,3,2,8,58,11,53,18,HYBRID_SIMULATED,VERY_BUSY,VERY_BUSY
2,19,1,FOOD,25,MEDIUM,2,4000,2508,0.627,1,0,30,53,10,21,6,5,2,0,18,34,6,44,18,HYBRID_SIMULATED,BUSY,VERY_BUSY
2,19,1,EXPERIENCE,68,MEDIUM,2,4000,2508,0.627,0,0,0,20,3,15,0,0,0,0,19,5,4,102,18,HYBRID_SIMULATED,NORMAL,NORMAL
2,19,1,GOODS,23,MEDIUM,2,4000,2508,0.627,0,0,45,35,5,1,0,0,0,0,15,31,-7,32,18,HYBRID_SIMULATED,NORMAL,NORMAL
2,19,1,SAFETY,44,MEDIUM,2,4000,2508,0.627,0,0,0,16,7,9,0,0,0,1,19,2,-1,62,18,HYBRID_SIMULATED,NORMAL,NORMAL
2,20,1,STAGE,42,MEDIUM,2,4000,2014,0.503,0,1,10,46,10,5,0,0,0,1,15,39,4,112,18,HYBRID_SIMULATED,BUSY,VERY_BUSY
2,20,1,PUB,0,MEDIUM,2,4000,2014,0.503,1,0,20,52,14,7,6,2,2,0,14,26,-1,47,18,HYBRID_SIMULATED,BUSY,VERY_BUSY
2,20,1,FOOD,64,MEDIUM,2,4000,2014,0.503,1,0,45,58,1,4,12,4,8,2,6,43,-2,46,18,HYBRID_SIMULATED,VERY_BUSY,VERY_BUSY
2,20,1,EXPERIENCE,63,MEDIUM,2,4000,2014,0.503,0,0,10,16,2,11,4,2,0,0,15,23,0,113,18,HYBRID_SIMULATED,BUSY,NORMAL
2,20,1,GOODS,55,MEDIUM,2,4000,2014,0.503,0,0,10,24,1,13,1,2,1,2,14,11,5,38,18,HYBRID_SIMULATED,NORMAL,NORMAL
2,20,1,SAFETY,39,MEDIUM,2,4000,2014,0.503,0,0,30,9,8,9,6,2,0,0,4,11,0,120,18,HYBRID_SIMULATED,NORMAL,NORMAL
2,21,1,STAGE,41,LOW,1,4000,1560,0.39,0,1,45,59,2,-1,0,0,0,0,15,34,4,74,18,HYBRID_SIMULATED,NORMAL,BUSY
2,21,1,PUB,0,LOW,1,4000,1560,0.39,1,0,30,70,4,10,8,2,3,0,10,42,0,39,18,HYBRID_SIMULATED,VERY_BUSY,VERY_BUSY
2,21,1,FOOD,79,LOW,1,4000,1560,0.39,1,0,0,52,5,12,6,6,0,3,13,29,8,28,18,HYBRID_SIMULATED,BUSY,VERY_BUSY
2,21,1,EXPERIENCE,73,LOW,1,4000,1560,0.39,0,0,0,12,12,8,0,2,0,0,18,15,7,58,18,HYBRID_SIMULATED,NORMAL,NORMAL
2,21,1,GOODS,18,LOW,1,4000,1560,0.39,0,0,45,34,6,0,0,0,0,2,15,14,4,40,18,HYBRID_SIMULATED,NORMAL,NORMAL
2,21,1,SAFETY,56,LOW,1,4000,1560,0.39,0,0,0,34,6,8,0,1,0,0,20,15,-1,116,18,HYBRID_SIMULATED,NORMAL,NORMAL
2,22,1,STAGE,41,HIGH,3,4000,2886,0.722,0,1,45,78,9,4,3,2,3,0,9,49,6,68,18,HYBRID_SIMULATED,VERY_BUSY,VERY_BUSY
2,22,1,PUB,0,HIGH,3,4000,2886,0.722,1,0,30,42,-2,12,9,3,2,0,1,38,6,22,18,HYBRID_SIMULATED,VERY_BUSY,VERY_BUSY
2,22,1,FOOD,69,HIGH,3,4000,2886,0.722,1,0,10,38,9,8,10,6,3,0,5,38,10,5,18,HYBRID_SIMULATED,VERY_BUSY,VERY_BUSY
2,22,1,EXPERIENCE,1,HIGH,3,4000,2886,0.722,0,0,0,18,3,14,8,3,2,0,7,34,0,130,18,HYBRID_SIMULATED,BUSY,BUSY
2,22,1,GOODS,28,HIGH,3,4000,2886,0.722,0,0,30,18,1,9,3,2,2,0,20,4,10,33,18,HYBRID_SIMULATED,NORMAL,NORMAL
2,22,1,SAFETY,34,HIGH,3,4000,2886,0.722,0,0,30,29,2,3,1,0,0,0,19,16,-6,111,18,HYBRID_SIMULATED,NORMAL,NORMAL
2,23,0,STAGE,41,LOW,1,4000,1090,0.273,0,0,30,13,-10,-3,1,0,0,0,15,13,4,87,18,HYBRID_SIMULATED,NORMAL,NORMAL
2,23,0,PUB,0,LOW,1,4000,1090,0.273,1,0,45,66,2,2,7,0,2,1,14,44,0,45,18,HYBRID_SIMULATED,VERY_BUSY,VERY_BUSY
2,23,0,FOOD,59,LOW,1,4000,1090,0.273,1,0,30,61,-2,3,9,5,2,0,6,33,2,54,18,HYBRID_SIMULATED,BUSY,VERY_BUSY
2,23,0,EXPERIENCE,31,LOW,1,4000,1090,0.273,0,0,45,38,-2,6,0,0,0,0,19,16,0,72,18,HYBRID_SIMULATED,NORMAL,NORMAL
2,23,0,GOODS,65,LOW,1,4000,1090,0.273,0,0,20,23,3,-3,2,1,0,0,12,9,1,41,18,HYBRID_SIMULATED,NORMAL,NORMAL
2,23,0,SAFETY,24,LOW,1,4000,1090,0.273,0,0,20,24,2,7,8,4,6,1,2,11,10,74,18,HYBRID_SIMULATED,BUSY,BUSY
2,24,0,STAGE,42,LOW,1,4000,859,0.215,0,0,20,22,1,3,1,1,0,1,7,24,-3,74,18,HYBRID_SIMULATED,NORMAL,NORMAL
2,24,0,PUB,0,LOW,1,4000,859,0.215,1,0,30,62,-4,-2,11,5,4,0,0,40,1,12,18,HYBRID_SIMULATED,VERY_BUSY,VERY_BUSY
2,24,0,FOOD,67,LOW,1,4000,859,0.215,1,0,0,46,6,9,15,6,9,1,0,49,6,0,18,HYBRID_SIMULATED,VERY_BUSY,VERY_BUSY
2,24,0,EXPERIENCE,6,LOW,1,4000,859,0.215,0,0,20,16,-3,-2,5,0,3,0,7,16,2,113,18,HYBRID_SIMULATED,BUSY,BUSY
2,24,0,GOODS,23,LOW,1,4000,859,0.215,0,0,45,8,-3,8,0,1,0,3,13,11,4,37,18,HYBRID_SIMULATED,LOW,LOW
2,24,0,SAFETY,76,LOW,1,4000,859,0.215,0,0,45,22,0,-1,2,0,2,0,14,7,-3,111,18,HYBRID_SIMULATED,NORMAL,NORMAL
3,10,0,STAGE,41,LOW,1,4000,151,0.038,0,0,480,19,-2,7,1,2,0,0,11,27,4,117,18,HYBRID_SIMULATED,NORMAL,NORMAL
3,10,0,PUB,0,LOW,1,4000,151,0.038,0,0,480,4,4,2,0,3,0,0,12,17,11,85,18,HYBRID_SIMULATED,LOW,LOW
3,10,0,FOOD,74,LOW,1,4000,151,0.038,0,0,480,23,6,-10,1,4,0,0,14,18,-3,74,18,HYBRID_SIMULATED,NORMAL,NORMAL
3,10,0,EXPERIENCE,16,LOW,1,4000,151,0.038,0,0,480,25,10,10,6,1,1,1,8,6,-1,56,18,HYBRID_SIMULATED,BUSY,NORMAL
3,10,0,GOODS,18,LOW,1,4000,151,0.038,0,0,480,23,-5,5,2,4,0,0,12,19,7,68,18,HYBRID_SIMULATED,NORMAL,BUSY
3,10,0,SAFETY,66,LOW,1,4000,151,0.038,0,0,480,6,1,3,11,3,2,0,0,11,2,132,18,HYBRID_SIMULATED,NORMAL,NORMAL
3,11,0,STAGE,41,HIGH,3,4000,455,0.114,0,0,420,29,9,-13,6,0,0,1,3,18,3,122,18,HYBRID_SIMULATED,BUSY,BUSY
3,11,0,PUB,0,HIGH,3,4000,455,0.114,0,0,420,19,6,10,0,1,0,0,16,31,6,60,18,HYBRID_SIMULATED,NORMAL,NORMAL
3,11,0,FOOD,74,HIGH,3,4000,455,0.114,0,0,420,24,-3,-5,1,1,1,1,14,31,-5,81,18,HYBRID_SIMULATED,NORMAL,NORMAL
3,11,0,EXPERIENCE,6,HIGH,3,4000,455,0.114,0,0,420,10,-6,-1,4,4,0,0,17,15,3,95,18,HYBRID_SIMULATED,NORMAL,NORMAL
3,11,0,GOODS,38,HIGH,3,4000,455,0.114,0,0,420,8,2,-4,8,5,8,1,1,19,5,54,18,HYBRID_SIMULATED,BUSY,NORMAL
3,11,0,SAFETY,61,HIGH,3,4000,455,0.114,0,0,420,18,3,1,5,6,5,2,14,23,5,71,18,HYBRID_SIMULATED,BUSY,BUSY
3,12,0,STAGE,42,MEDIUM,2,4000,275,0.069,0,0,360,15,5,-1,8,3,4,0,2,20,5,108,18,HYBRID_SIMULATED,VERY_BUSY,VERY_BUSY
3,12,0,PUB,0,MEDIUM,2,4000,275,0.069,0,0,360,7,4,7,0,0,0,0,15,9,0,67,18,HYBRID_SIMULATED,LOW,LOW
3,12,0,FOOD,5,MEDIUM,2,4000,275,0.069,0,0,360,23,10,2,4,4,1,3,15,30,4,51,18,HYBRID_SIMULATED,BUSY,BUSY
3,12,0,EXPERIENCE,73,MEDIUM,2,4000,275,0.069,0,0,360,28,3,7,0,0,0,0,18,15,2,148,18,HYBRID_SIMULATED,NORMAL,NORMAL
3,12,0,GOODS,48,MEDIUM,2,4000,275,0.069,0,0,360,10,6,10,4,2,3,0,9,11,8,68,18,HYBRID_SIMULATED,NORMAL,NORMAL
3,12,0,SAFETY,56,MEDIUM,2,4000,275,0.069,0,0,360,8,-3,-3,0,2,0,0,10,7,1,82,18,HYBRID_SIMULATED,LOW,LOW
3,13,0,STAGE,41,MEDIUM,2,4000,436,0.109,0,0,300,28,-4,4,0,0,0,0,11,27,2,110,18,HYBRID_SIMULATED,NORMAL,NORMAL
3,13,0,PUB,0,MEDIUM,2,4000,436,0.109,0,0,300,16,3,1,0,2,0,0,17,14,3,41,18,HYBRID_SIMULATED,NORMAL,NORMAL
3,13,0,FOOD,30,MEDIUM,2,4000,436,0.109,0,0,300,27,-6,-6,0,3,0,2,18,22,1,38,18,HYBRID_SIMULATED,NORMAL,NORMAL
3,13,0,EXPERIENCE,11,MEDIUM,2,4000,436,0.109,0,0,300,47,6,17,0,0,0,0,21,20,0,128,18,HYBRID_SIMULATED,NORMAL,NORMAL
3,13,0,GOODS,8,MEDIUM,2,4000,436,0.109,0,0,300,21,-7,-15,1,2,1,0,24,9,3,74,18,HYBRID_SIMULATED,NORMAL,NORMAL
3,13,0,SAFETY,50,MEDIUM,2,4000,436,0.109,0,0,300,15,5,15,9,2,7,1,0,18,2,112,18,HYBRID_SIMULATED,VERY_BUSY,BUSY
3,14,0,STAGE,41,MEDIUM,2,4000,771,0.193,0,0,240,21,2,10,0,0,0,0,17,21,1,145,18,HYBRID_SIMULATED,NORMAL,NORMAL
3,14,0,PUB,0,MEDIUM,2,4000,771,0.193,0,0,240,20,1,-2,0,0,0,0,12,11,0,43,18,HYBRID_SIMULATED,NORMAL,NORMAL
3,14,0,FOOD,5,MEDIUM,2,4000,771,0.193,0,0,240,4,-4,2,4,5,0,0,5,16,7,64,18,HYBRID_SIMULATED,NORMAL,LOW
3,14,0,EXPERIENCE,68,MEDIUM,2,4000,771,0.193,0,0,240,34,4,-4,4,2,1,0,17,14,2,112,18,HYBRID_SIMULATED,BUSY,BUSY
3,14,0,GOODS,48,MEDIUM,2,4000,771,0.193,0,0,240,21,8,-10,3,2,0,0,17,5,0,52,18,HYBRID_SIMULATED,NORMAL,BUSY
3,14,0,SAFETY,4,MEDIUM,2,4000,771,0.193,0,0,240,29,4,11,0,1,0,0,16,21,5,108,18,HYBRID_SIMULATED,NORMAL,NORMAL
3,15,0,STAGE,41,LOW,1,4000,822,0.205,0,0,180,15,3,2,1,2,1,0,17,34,-2,101,18,HYBRID_SIMULATED,NORMAL,BUSY
3,15,0,PUB,0,LOW,1,4000,822,0.205,0,0,180,31,-2,13,3,1,0,0,15,32,1,44,18,HYBRID_SIMULATED,BUSY,NORMAL
3,15,0,FOOD,54,LOW,1,4000,822,0.205,0,0,180,16,4,5,4,1,1,0,14,26,9,26,18,HYBRID_SIMULATED,BUSY,NORMAL
3,15,0,EXPERIENCE,68,LOW,1,4000,822,0.205,0,0,180,33,2,11,5,2,0,0,14,20,6,138,18,HYBRID_SIMULATED,BUSY,BUSY
3,15,0,GOODS,3,LOW,1,4000,822,0.205,0,0,180,25,7,-18,5,1,0,4,10,28,1,46,18,HYBRID_SIMULATED,BUSY,BUSY
3,15,0,SAFETY,9,LOW,1,4000,822,0.205,0,0,180,17,14,17,0,4,0,0,17,7,10,103,18,HYBRID_SIMULATED,NORMAL,LOW
3,16,0,STAGE,42,MEDIUM,2,4000,840,0.21,0,0,120,29,4,7,1,0,1,0,16,24,1,105,18,HYBRID_SIMULATED,NORMAL,BUSY
3,16,0,PUB,0,MEDIUM,2,4000,840,0.21,0,0,120,31,1,1,3,0,0,0,10,37,0,78,18,HYBRID_SIMULATED,BUSY,NORMAL
3,16,0,FOOD,74,MEDIUM,2,4000,840,0.21,0,0,120,14,2,-7,4,0,0,0,15,32,-2,25,18,HYBRID_SIMULATED,BUSY,NORMAL
3,16,0,EXPERIENCE,36,MEDIUM,2,4000,840,0.21,0,0,120,31,4,-8,1,0,1,0,21,20,1,99,18,HYBRID_SIMULATED,NORMAL,NORMAL
3,16,0,GOODS,3,MEDIUM,2,4000,840,0.21,0,0,120,46,5,20,8,2,4,0,0,34,4,1,18,HYBRID_SIMULATED,VERY_BUSY,VERY_BUSY
3,16,0,SAFETY,24,MEDIUM,2,4000,840,0.21,0,0,120,14,0,6,4,0,0,0,6,9,-2,121,18,HYBRID_SIMULATED,NORMAL,NORMAL
3,17,0,STAGE,42,MEDIUM,2,4000,478,0.119,0,0,60,23,9,-5,2,1,0,0,19,22,3,123,18,HYBRID_SIMULATED,NORMAL,NORMAL
3,17,0,PUB,0,MEDIUM,2,4000,478,0.119,0,0,60,17,0,-1,0,5,0,0,19,12,8,19,18,HYBRID_SIMULATED,NORMAL,LOW
3,17,0,FOOD,7,MEDIUM,2,4000,478,0.119,0,0,60,10,-11,-6,0,2,0,0,15,21,1,74,18,HYBRID_SIMULATED,NORMAL,LOW
3,17,0,EXPERIENCE,46,MEDIUM,2,4000,478,0.119,0,0,60,32,9,3,4,2,1,0,8,25,5,84,18,HYBRID_SIMULATED,BUSY,BUSY
3,17,0,GOODS,80,MEDIUM,2,4000,478,0.119,0,0,60,30,0,0,4,3,4,0,15,9,3,66,18,HYBRID_SIMULATED,BUSY,BUSY
3,17,0,SAFETY,29,MEDIUM,2,4000,478,0.119,0,0,60,11,-2,2,2,1,0,1,10,13,6,133,18,HYBRID_SIMULATED,NORMAL,NORMAL
3,18,1,STAGE,42,HIGH,3,4000,3708,0.927,0,1,45,78,3,15,4,1,4,2,9,45,11,63,18,HYBRID_SIMULATED,VERY_BUSY,VERY_BUSY
3,18,1,PUB,0,HIGH,3,4000,3708,0.927,1,0,45,33,7,26,4,7,4,0,15,32,13,46,18,HYBRID_SIMULATED,BUSY,BUSY
3,18,1,FOOD,7,HIGH,3,4000,3708,0.927,1,0,30,42,-4,3,11,7,3,0,0,29,5,42,18,HYBRID_SIMULATED,VERY_BUSY,BUSY
3,18,1,EXPERIENCE,78,HIGH,3,4000,3708,0.927,0,0,0,22,11,16,1,1,0,0,12,30,0,91,18,HYBRID_SIMULATED,NORMAL,NORMAL
3,18,1,GOODS,48,HIGH,3,4000,3708,0.927,0,0,45,40,12,9,6,1,0,0,12,17,-1,25,18,HYBRID_SIMULATED,BUSY,BUSY
3,18,1,SAFETY,56,HIGH,3,4000,3708,0.927,0,0,10,32,3,9,4,4,0,0,19,22,0,119,18,HYBRID_SIMULATED,BUSY,BUSY
3,19,1,STAGE,42,HIGH,3,4000,3215,0.804,0,1,20,77,-1,11,0,4,0,0,11,48,5,86,18,HYBRID_SIMULATED,BUSY,VERY_BUSY
3,19,1,PUB,0,HIGH,3,4000,3215,0.804,1,0,45,31,0,17,7,7,5,1,8,35,9,28,18,HYBRID_SIMULATED,VERY_BUSY,VERY_BUSY
3,19,1,FOOD,30,HIGH,3,4000,3215,0.804,1,0,30,29,5,7,8,6,1,1,13,25,4,53,18,HYBRID_SIMULATED,BUSY,VERY_BUSY
3,19,1,EXPERIENCE,63,HIGH,3,4000,3215,0.804,0,0,0,19,0,4,5,1,5,0,5,18,5,144,18,HYBRID_SIMULATED,BUSY,BUSY
3,19,1,GOODS,3,HIGH,3,4000,3215,0.804,0,0,30,38,8,9,1,4,0,0,26,14,1,37,18,HYBRID_SIMULATED,NORMAL,NORMAL
3,19,1,SAFETY,44,HIGH,3,4000,3215,0.804,0,0,10,15,3,5,0,2,0,0,11,0,6,84,18,HYBRID_SIMULATED,NORMAL,NORMAL
3,20,1,STAGE,42,HIGH,3,4000,2821,0.705,0,1,0,75,1,11,4,0,0,0,9,38,6,146,18,HYBRID_SIMULATED,BUSY,VERY_BUSY
3,20,1,PUB,0,HIGH,3,4000,2821,0.705,1,0,20,36,12,22,0,5,0,0,18,23,3,59,18,HYBRID_SIMULATED,NORMAL,BUSY
3,20,1,FOOD,20,HIGH,3,4000,2821,0.705,1,0,45,33,9,2,6,5,2,0,4,27,9,34,18,HYBRID_SIMULATED,BUSY,BUSY
3,20,1,EXPERIENCE,46,HIGH,3,4000,2821,0.705,0,0,10,34,8,11,0,4,0,0,22,11,9,87,18,HYBRID_SIMULATED,NORMAL,NORMAL
3,20,1,GOODS,8,HIGH,3,4000,2821,0.705,0,0,45,21,8,13,2,3,2,0,14,18,3,61,18,HYBRID_SIMULATED,NORMAL,NORMAL
3,20,1,SAFETY,76,HIGH,3,4000,2821,0.705,0,0,10,20,-3,7,0,0,0,0,17,5,7,120,18,HYBRID_SIMULATED,NORMAL,NORMAL
3,21,1,STAGE,41,HIGH,3,4000,3602,0.9,0,1,10,70,9,23,6,2,2,0,12,50,11,107,18,HYBRID_SIMULATED,VERY_BUSY,VERY_BUSY
3,21,1,PUB,0,HIGH,3,4000,3602,0.9,1,0,10,43,-6,10,9,4,2,0,4,46,3,5,18,HYBRID_SIMULATED,VERY_BUSY,VERY_BUSY
3,21,1,FOOD,35,HIGH,3,4000,3602,0.9,1,0,10,30,-4,11,9,3,8,0,6,31,2,24,18,HYBRID_SIMULATED,VERY_BUSY,VERY_BUSY
3,21,1,EXPERIENCE,11,HIGH,3,4000,3602,0.9,0,0,0,13,-1,-5,3,4,1,4,17,9,-2,136,18,HYBRID_SIMULATED,NORMAL,NORMAL
3,21,1,GOODS,70,HIGH,3,4000,3602,0.9,0,0,30,23,0,12,2,0,0,0,20,12,0,34,18,HYBRID_SIMULATED,NORMAL,NORMAL
3,21,1,SAFETY,19,HIGH,3,4000,3602,0.9,0,0,45,24,7,6,2,2,1,0,19,14,8,97,18,HYBRID_SIMULATED,NORMAL,NORMAL
3,22,1,STAGE,41,HIGH,3,4000,3616,0.904,0,1,30,77,4,16,0,0,0,0,19,28,7,113,18,HYBRID_SIMULATED,NORMAL,VERY_BUSY
3,22,1,PUB,0,HIGH,3,4000,3616,0.904,1,0,30,47,5,12,8,4,3,0,12,34,11,51,18,HYBRID_SIMULATED,VERY_BUSY,VERY_BUSY
3,22,1,FOOD,5,HIGH,3,4000,3616,0.904,1,0,0,45,10,5,10,5,1,0,1,39,3,0,18,HYBRID_SIMULATED,VERY_BUSY,VERY_BUSY
3,22,1,EXPERIENCE,21,HIGH,3,4000,3616,0.904,0,0,30,17,10,17,4,2,2,0,0,19,3,122,18,HYBRID_SIMULATED,BUSY,NORMAL
3,22,1,GOODS,75,HIGH,3,4000,3616,0.904,0,0,10,6,6,6,0,0,0,1,15,0,1,38,18,HYBRID_SIMULATED,LOW,LOW
3,22,1,SAFETY,56,HIGH,3,4000,3616,0.904,0,0,0,22,12,7,0,0,0,0,14,0,0,128,18,HYBRID_SIMULATED,NORMAL,NORMAL
3,23,0,STAGE,42,LOW,1,4000,474,0.118,0,0,10,25,7,0,1,0,0,1,10,28,-1,78,18,HYBRID_SIMULATED,NORMAL,NORMAL
3,23,0,PUB,0,LOW,1,4000,474,0.118,1,0,0,53,2,12,11,6,6,0,0,37,7,47,18,HYBRID_SIMULATED,VERY_BUSY,VERY_BUSY
3,23,0,FOOD,2,LOW,1,4000,474,0.118,1,0,0,55,1,15,12,0,8,0,0,33,0,0,18,HYBRID_SIMULATED,VERY_BUSY,VERY_BUSY
3,23,0,EXPERIENCE,73,LOW,1,4000,474,0.118,0,0,0,26,10,8,6,0,0,0,12,30,4,120,18,HYBRID_SIMULATED,BUSY,BUSY
3,23,0,GOODS,48,LOW,1,4000,474,0.118,0,0,45,5,3,-2,2,3,2,0,13,7,0,53,18,HYBRID_SIMULATED,LOW,LOW
3,23,0,SAFETY,76,LOW,1,4000,474,0.118,0,0,10,15,4,15,5,0,3,0,6,2,-5,116,18,HYBRID_SIMULATED,BUSY,NORMAL
3,24,0,STAGE,42,MEDIUM,2,4000,169,0.042,0,0,45,12,1,-1,1,0,0,1,19,10,-5,71,18,HYBRID_SIMULATED,NORMAL,NORMAL
3,24,0,PUB,0,MEDIUM,2,4000,169,0.042,1,0,20,56,-1,6,13,7,7,2,0,52,3,0,18,HYBRID_SIMULATED,VERY_BUSY,VERY_BUSY
3,24,0,FOOD,47,MEDIUM,2,4000,169,0.042,1,0,10,60,-5,4,10,0,1,0,0,31,0,13,18,HYBRID_SIMULATED,VERY_BUSY,VERY_BUSY
3,24,0,EXPERIENCE,26,MEDIUM,2,4000,169,0.042,0,0,45,11,1,6,0,0,0,0,25,14,-3,109,18,HYBRID_SIMULATED,NORMAL,NORMAL
3,24,0,GOODS,8,MEDIUM,2,4000,169,0.042,0,0,10,14,-7,-8,1,1,0,0,13,5,-1,13,18,HYBRID_SIMULATED,NORMAL,NORMAL
3,24,0,SAFETY,39,MEDIUM,2,4000,169,0.042,0,0,45,9,-2,-1,0,0,0,0,20,7,-6,104,18,HYBRID_SIMULATED,LOW,LOW
4,10,0,STAGE,42,MEDIUM,2,4000,327,0.082,0,0,480,28,11,5,0,0,0,0,13,31,0,126,18,HYBRID_SIMULATED,NORMAL,BUSY
4,10,0,PUB,0,MEDIUM,2,4000,327,0.082,0,0,480,27,3,1,2,2,0,1,21,33,2,72,18,HYBRID_SIMULATED,NORMAL,NORMAL
4,10,0,FOOD,79,MEDIUM,2,4000,327,0.082,0,0,480,19,0,-6,0,0,0,0,16,19,-4,74,18,HYBRID_SIMULATED,NORMAL,NORMAL
4,10,0,EXPERIENCE,6,MEDIUM,2,4000,327,0.082,0,0,480,21,4,9,1,4,0,0,13,10,14,89,18,HYBRID_SIMULATED,NORMAL,NORMAL
4,10,0,GOODS,3,MEDIUM,2,4000,327,0.082,0,0,480,20,-2,2,6,1,4,3,11,10,6,69,18,HYBRID_SIMULATED,BUSY,BUSY
4,10,0,SAFETY,50,MEDIUM,2,4000,327,0.082,0,0,480,24,1,1,0,0,0,0,23,7,1,164,18,HYBRID_SIMULATED,NORMAL,NORMAL
4,11,0,STAGE,41,MEDIUM,2,4000,666,0.167,0,0,420,17,4,6,0,0,0,0,25,31,-3,66,18,HYBRID_SIMULATED,NORMAL,BUSY
4,11,0,PUB,0,MEDIUM,2,4000,666,0.167,0,0,420,16,4,9,2,1,1,0,10,18,1,64,18,HYBRID_SIMULATED,NORMAL,NORMAL
4,11,0,FOOD,57,MEDIUM,2,4000,666,0.167,0,0,420,15,-1,5,4,1,4,3,14,35,3,47,18,HYBRID_SIMULATED,BUSY,BUSY
4,11,0,EXPERIENCE,21,MEDIUM,2,4000,666,0.167,0,0,420,22,6,-8,4,2,0,0,8,15,0,74,18,HYBRID_SIMULATED,NORMAL,BUSY
4,11,0,GOODS,48,MEDIUM,2,4000,666,0.167,0,0,420,19,2,9,0,0,0,0,24,3,0,70,18,HYBRID_SIMULATED,NORMAL,NORMAL
4,11,0,SAFETY,66,MEDIUM,2,4000,666,0.167,0,0,420,0,0,0,12,2,6,0,3,12,1,117,18,HYBRID_SIMULATED,NORMAL,NORMAL
4,12,0,STAGE,41,LOW,1,4000,305,0.076,0,0,360,30,11,-5,1,0,0,0,17,26,-5,101,18,HYBRID_SIMULATED,NORMAL,NORMAL
4,12,0,PUB,0,LOW,1,4000,305,0.076,0,0,360,23,-3,-2,0,1,0,0,22,16,0,59,18,HYBRID_SIMULATED,NORMAL,NORMAL
4,12,0,FOOD,2,LOW,1,4000,305,0.076,0,0,360,15,-7,5,3,3,3,0,10,13,4,64,18,HYBRID_SIMULATED,BUSY,NORMAL
4,12,0,EXPERIENCE,6,LOW,1,4000,305,0.076,0,0,360,38,-5,-5,0,2,0,0,26,21,1,137,18,HYBRID_SIMULATED,NORMAL,NORMAL
4,12,0,GOODS,3,LOW,1,4000,305,0.076,0,0,360,19,8,2,0,1,0,1,14,10,0,37,18,HYBRID_SIMULATED,NORMAL,NORMAL
4,12,0,SAFETY,50,LOW,1,4000,305,0.076,0,0,360,21,-3,-3,5,1,3,4,7,9,-5,117,18,HYBRID_SIMULATED,BUSY,BUSY
4,13,0,STAGE,41,MEDIUM,2,4000,699,0.175,0,0,300,19,7,6,3,1,0,0,14,31,10,88,18,HYBRID_SIMULATED,BUSY,BUSY
4,13,0,PUB,0,MEDIUM,2,4000,699,0.175,0,0,300,17,2,4,0,0,0,0,24,12,-1,52,18,HYBRID_SIMULATED,NORMAL,NORMAL
4,13,0,FOOD,52,MEDIUM,2,4000,699,0.175,0,0,300,13,9,9,1,0,1,0,22,9,1,46,18,HYBRID_SIMULATED,NORMAL,LOW
4,13,0,EXPERIENCE,11,MEDIUM,2,4000,699,0.175,0,0,300,29,0,8,1,2,1,0,12,13,0,101,18,HYBRID_SIMULATED,NORMAL,NORMAL
4,13,0,GOODS,80,MEDIUM,2,4000,699,0.175,0,0,300,6,1,6,0,2,0,0,16,0,2,71,18,HYBRID_SIMULATED,LOW,LOW
4,13,0,SAFETY,29,MEDIUM,2,4000,699,0.175,0,0,300,9,2,-7,1,0,1,1,7,7,4,78,18,HYBRID_SIMULATED,NORMAL,LOW
4,14,0,STAGE,41,LOW,1,4000,540,0.135,0,0,240,24,10,-2,6,5,2,0,12,27,2,96,18,HYBRID_SIMULATED,BUSY,BUSY
4,14,0,PUB,0,LOW,1,4000,540,0.135,0,0,240,0,0,0,0,0,0,1,14,22,-3,62,18,HYBRID_SIMULATED,LOW,LOW
4,14,0,FOOD,59,LOW,1,4000,540,0.135,0,0,240,27,-3,-4,0,0,0,0,17,28,0,66,18,HYBRID_SIMULATED,NORMAL,NORMAL
4,14,0,EXPERIENCE,68,LOW,1,4000,540,0.135,0,0,240,35,6,-3,0,0,0,0,19,19,-9,135,18,HYBRID_SIMULATED,NORMAL,NORMAL
4,14,0,GOODS,70,LOW,1,4000,540,0.135,0,0,240,16,1,3,1,0,0,0,18,15,-3,75,18,HYBRID_SIMULATED,NORMAL,NORMAL
4,14,0,SAFETY,44,LOW,1,4000,540,0.135,0,0,240,15,-5,11,0,0,0,0,22,2,1,79,18,HYBRID_SIMULATED,NORMAL,LOW
4,15,0,STAGE,42,HIGH,3,4000,711,0.178,0,0,180,21,6,-7,6,3,3,1,0,37,4,115,18,HYBRID_SIMULATED,VERY_BUSY,VERY_BUSY
4,15,0,PUB,0,HIGH,3,4000,711,0.178,0,0,180,25,-9,-1,2,4,2,0,15,25,5,73,18,HYBRID_SIMULATED,BUSY,NORMAL
4,15,0,FOOD,32,HIGH,3,4000,711,0.178,0,0,180,14,5,5,0,0,0,0,14,19,6,65,18,HYBRID_SIMULATED,NORMAL,LOW
4,15,0,EXPERIENCE,1,HIGH,3,4000,711,0.178,0,0,180,36,7,6,6,0,1,0,0,30,2,74,18,HYBRID_SIMULATED,VERY_BUSY,VERY_BUSY
4,15,0,GOODS,65,HIGH,3,4000,711,0.178,0,0,180,8,5,3,0,1,0,1,10,0,9,56,18,HYBRID_SIMULATED,LOW,LOW
4,15,0,SAFETY,34,HIGH,3,4000,711,0.178,0,0,180,9,0,-2,2,1,0,0,14,13,3,103,18,HYBRID_SIMULATED,NORMAL,NORMAL
4,16,0,STAGE,42,MEDIUM,2,4000,376,0.094,0,0,120,29,3,1,0,0,0,0,19,29,0,136,18,HYBRID_SIMULATED,NORMAL,BUSY
4,16,0,PUB,0,MEDIUM,2,4000,376,0.094,0,0,120,13,5,10,8,2,3,1,3,37,6,43,18,HYBRID_SIMULATED,VERY_BUSY,BUSY
4,16,0,FOOD,79,MEDIUM,2,4000,376,0.094,0,0,120,23,-2,1,5,4,3,1,9,25,0,47,18,HYBRID_SIMULATED,BUSY,BUSY
4,16,0,EXPERIENCE,16,MEDIUM,2,4000,376,0.094,0,0,120,36,-2,5,6,4,6,0,3,16,0,96,18,HYBRID_SIMULATED,BUSY,BUSY
4,16,0,GOODS,80,MEDIUM,2,4000,376,0.094,0,0,120,25,-2,-9,0,0,0,1,24,6,-1,58,18,HYBRID_SIMULATED,NORMAL,NORMAL
4,16,0,SAFETY,71,MEDIUM,2,4000,376,0.094,0,0,120,7,1,7,1,0,0,2,15,0,2,121,18,HYBRID_SIMULATED,LOW,LOW
4,17,0,STAGE,42,MEDIUM,2,4000,453,0.113,0,0,60,16,4,7,1,1,0,0,20,26,8,68,18,HYBRID_SIMULATED,NORMAL,BUSY
4,17,0,PUB,0,MEDIUM,2,4000,453,0.113,0,0,60,7,0,-8,1,0,1,0,11,22,-3,62,18,HYBRID_SIMULATED,NORMAL,LOW
4,17,0,FOOD,40,MEDIUM,2,4000,453,0.113,0,0,60,22,4,22,2,0,2,0,8,18,8,34,18,HYBRID_SIMULATED,NORMAL,NORMAL
4,17,0,EXPERIENCE,63,MEDIUM,2,4000,453,0.113,0,0,60,37,-1,3,7,4,5,1,11,14,1,88,18,HYBRID_SIMULATED,BUSY,VERY_BUSY
4,17,0,GOODS,60,MEDIUM,2,4000,453,0.113,0,0,60,41,11,0,5,0,1,0,6,20,-4,41,18,HYBRID_SIMULATED,BUSY,NORMAL
4,17,0,SAFETY,66,MEDIUM,2,4000,453,0.113,0,0,60,10,5,-11,6,0,0,0,11,0,2,123,18,HYBRID_SIMULATED,NORMAL,NORMAL
4,18,1,STAGE,42,LOW,1,4000,1046,0.262,0,1,45,42,8,22,4,3,0,1,11,35,12,96,18,HYBRID_SIMULATED,BUSY,BUSY
4,18,1,PUB,0,LOW,1,4000,1046,0.262,1,0,10,63,2,-5,10,4,4,0,7,50,4,46,18,HYBRID_SIMULATED,VERY_BUSY,VERY_BUSY
4,18,1,FOOD,77,LOW,1,4000,1046,0.262,1,0,30,55,1,11,12,7,7,3,1,46,5,0,18,HYBRID_SIMULATED,VERY_BUSY,VERY_BUSY
4,18,1,EXPERIENCE,46,LOW,1,4000,1046,0.262,0,0,20,17,5,0,0,0,0,0,9,3,2,48,18,HYBRID_SIMULATED,NORMAL,NORMAL
4,18,1,GOODS,80,LOW,1,4000,1046,0.262,0,0,45,30,2,11,4,1,1,0,11,23,5,18,18,HYBRID_SIMULATED,BUSY,BUSY
4,18,1,SAFETY,81,LOW,1,4000,1046,0.262,0,0,30,21,-4,6,0,0,0,1,25,2,2,94,18,HYBRID_SIMULATED,NORMAL,LOW
4,19,1,STAGE,42,HIGH,3,4000,3051,0.763,0,1,0,73,3,7,0,0,0,0,24,41,2,110,18,HYBRID_SIMULATED,BUSY,VERY_BUSY
4,19,1,PUB,0,HIGH,3,4000,3051,0.763,1,0,0,35,10,10,12,5,5,2,1,41,8,21,18,HYBRID_SIMULATED,VERY_BUSY,VERY_BUSY
4,19,1,FOOD,64,HIGH,3,4000,3051,0.763,1,0,0,39,2,15,14,8,6,2,0,42,6,45,18,HYBRID_SIMULATED,VERY_BUSY,BUSY
4,19,1,EXPERIENCE,1,HIGH,3,4000,3051,0.763,0,0,20,21,6,13,10,0,6,1,1,26,0,104,18,HYBRID_SIMULATED,VERY_BUSY,BUSY
4,19,1,GOODS,8,HIGH,3,4000,3051,0.763,0,0,10,18,2,18,0,1,0,0,21,10,3,71,18,HYBRID_SIMULATED,NORMAL,NORMAL
4,19,1,SAFETY,44,HIGH,3,4000,3051,0.763,0,0,30,22,7,-2,0,1,0,0,15,10,3,133,18,HYBRID_SIMULATED,NORMAL,NORMAL
4,20,1,STAGE,42,LOW,1,4000,536,0.134,0,1,45,52,-3,8,5,0,1,2,9,44,7,117,18,HYBRID_SIMULATED,VERY_BUSY,VERY_BUSY
4,20,1,PUB,0,LOW,1,4000,536,0.134,1,0,10,56,4,18,6,7,0,0,8,30,14,35,18,HYBRID_SIMULATED,BUSY,VERY_BUSY
4,20,1,FOOD,62,LOW,1,4000,536,0.134,1,0,30,49,7,18,8,3,1,0,7,25,1,43,18,HYBRID_SIMULATED,BUSY,VERY_BUSY
4,20,1,EXPERIENCE,36,LOW,1,4000,536,0.134,0,0,20,24,10,20,3,1,0,1,9,11,8,96,18,HYBRID_SIMULATED,NORMAL,BUSY
4,20,1,GOODS,65,LOW,1,4000,536,0.134,0,0,10,21,5,18,0,3,0,1,21,25,9,74,18,HYBRID_SIMULATED,NORMAL,BUSY
4,20,1,SAFETY,34,LOW,1,4000,536,0.134,0,0,0,22,4,21,0,0,0,0,15,1,7,152,18,HYBRID_SIMULATED,NORMAL,NORMAL
4,21,1,STAGE,41,LOW,1,4000,1456,0.364,0,1,30,46,6,24,0,1,0,0,10,30,11,118,18,HYBRID_SIMULATED,NORMAL,BUSY
4,21,1,PUB,0,LOW,1,4000,1456,0.364,1,0,45,71,0,13,7,4,1,0,5,44,1,51,18,HYBRID_SIMULATED,BUSY,VERY_BUSY
4,21,1,FOOD,30,LOW,1,4000,1456,0.364,1,0,30,55,10,-1,11,4,2,0,0,28,-2,41,18,HYBRID_SIMULATED,VERY_BUSY,VERY_BUSY
4,21,1,EXPERIENCE,26,LOW,1,4000,1456,0.364,0,0,20,12,1,6,0,3,0,0,21,11,0,38,18,HYBRID_SIMULATED,NORMAL,NORMAL
4,21,1,GOODS,3,LOW,1,4000,1456,0.364,0,0,0,39,5,31,0,2,0,0,25,30,8,41,18,HYBRID_SIMULATED,NORMAL,NORMAL
4,21,1,SAFETY,24,LOW,1,4000,1456,0.364,0,0,0,31,3,4,4,1,0,0,10,2,6,95,18,HYBRID_SIMULATED,NORMAL,NORMAL
4,22,1,STAGE,42,HIGH,3,4000,2954,0.739,0,1,45,79,7,10,1,0,1,0,7,34,13,45,18,HYBRID_SIMULATED,BUSY,VERY_BUSY
4,22,1,PUB,0,HIGH,3,4000,2954,0.739,1,0,10,41,14,0,6,3,2,0,8,28,1,27,18,HYBRID_SIMULATED,BUSY,VERY_BUSY
4,22,1,FOOD,59,HIGH,3,4000,2954,0.739,1,0,30,50,6,11,7,5,0,0,10,23,7,15,18,HYBRID_SIMULATED,BUSY,BUSY
4,22,1,EXPERIENCE,31,HIGH,3,4000,2954,0.739,0,0,45,10,1,8,0,2,0,0,15,19,3,98,18,HYBRID_SIMULATED,NORMAL,NORMAL
4,22,1,GOODS,70,HIGH,3,4000,2954,0.739,0,0,20,12,11,3,4,2,0,0,16,15,0,16,18,HYBRID_SIMULATED,NORMAL,NORMAL
4,22,1,SAFETY,76,HIGH,3,4000,2954,0.739,0,0,45,26,3,7,0,3,0,0,16,25,7,143,18,HYBRID_SIMULATED,NORMAL,NORMAL
4,23,0,STAGE,42,MEDIUM,2,4000,134,0.034,0,0,0,18,-4,8,6,4,3,0,3,14,-3,84,18,HYBRID_SIMULATED,BUSY,BUSY
4,23,0,PUB,0,MEDIUM,2,4000,134,0.034,1,0,45,69,5,3,9,7,4,0,8,48,6,8,18,HYBRID_SIMULATED,VERY_BUSY,VERY_BUSY
4,23,0,FOOD,79,MEDIUM,2,4000,134,0.034,1,0,20,58,2,-4,4,5,2,1,11,28,11,21,18,HYBRID_SIMULATED,BUSY,VERY_BUSY
4,23,0,EXPERIENCE,46,MEDIUM,2,4000,134,0.034,0,0,30,10,4,-13,3,3,0,0,12,11,-3,70,18,HYBRID_SIMULATED,NORMAL,NORMAL
4,23,0,GOODS,43,MEDIUM,2,4000,134,0.034,0,0,0,5,5,-7,0,1,0,0,20,16,-3,57,18,HYBRID_SIMULATED,LOW,LOW
4,23,0,SAFETY,39,MEDIUM,2,4000,134,0.034,0,0,30,16,-1,-13,0,3,0,0,20,0,-1,110,18,HYBRID_SIMULATED,NORMAL,LOW
4,24,0,STAGE,41,MEDIUM,2,4000,656,0.164,0,0,30,39,2,-7,7,1,4,0,4,41,2,125,18,HYBRID_SIMULATED,VERY_BUSY,VERY_BUSY
4,24,0,PUB,0,MEDIUM,2,4000,656,0.164,1,0,30,67,3,3,2,0,0,0,17,38,1,60,18,HYBRID_SIMULATED,BUSY,VERY_BUSY
4,24,0,FOOD,54,MEDIUM,2,4000,656,0.164,1,0,45,50,6,2,8,6,6,3,11,26,6,29,18,HYBRID_SIMULATED,BUSY,VERY_BUSY
4,24,0,EXPERIENCE,36,MEDIUM,2,4000,656,0.164,0,0,10,23,-2,18,6,0,6,1,14,23,5,123,18,HYBRID_SIMULATED,BUSY,VERY_BUSY
4,24,0,GOODS,75,MEDIUM,2,4000,656,0.164,0,0,45,9,1,8,2,1,0,0,11,8,7,34,18,HYBRID_SIMULATED,NORMAL,LOW
4,24,0,SAFETY,9,MEDIUM,2,4000,656,0.164,0,0,45,22,-2,-8,0,3,0,0,17,0,5,111,18,HYBRID_SIMULATED,NORMAL,LOW
5,10,0,STAGE,42,LOW,1,4000,1025,0.256,0,0,480,21,6,0,4,0,4,2,9,26,-1,94,18,HYBRID_SIMULATED,BUSY,BUSY
5,10,0,PUB,0,LOW,1,4000,1025,0.256,0,0,480,11,-1,-5,2,0,2,0,13,16,4,65,18,HYBRID_SIMULATED,NORMAL,NORMAL
5,10,0,FOOD,64,LOW,1,4000,1025,0.256,0,0,480,23,0,9,8,2,3,1,1,35,2,31,18,HYBRID_SIMULATED,VERY_BUSY,BUSY
5,10,0,EXPERIENCE,78,LOW,1,4000,1025,0.256,0,0,480,13,-7,0,0,3,0,1,19,9,-7,106,18,HYBRID_SIMULATED,NORMAL,NORMAL
5,10,0,GOODS,23,LOW,1,4000,1025,0.256,0,0,480,16,2,2,1,1,0,0,11,7,1,59,18,HYBRID_SIMULATED,NORMAL,NORMAL
5,10,0,SAFETY,76,LOW,1,4000,1025,0.256,0,0,480,24,-2,2,5,0,0,0,9,20,5,157,18,HYBRID_SIMULATED,BUSY,BUSY
5,11,0,STAGE,42,MEDIUM,2,4000,978,0.244,0,0,420,19,0,-15,8,3,4,0,0,24,-2,149,18,HYBRID_SIMULATED,VERY_BUSY,VERY_BUSY
5,11,0,PUB,0,MEDIUM,2,4000,978,0.244,0,0,420,18,2,5,4,2,1,0,14,24,4,55,18,HYBRID_SIMULATED,BUSY,NORMAL
5,11,0,FOOD,45,MEDIUM,2,4000,978,0.244,0,0,420,16,0,2,3,0,0,0,13,19,-5,69,18,HYBRID_SIMULATED,NORMAL,NORMAL
5,11,0,EXPERIENCE,31,MEDIUM,2,4000,978,0.244,0,0,420,15,4,15,0,1,0,0,16,6,0,123,18,HYBRID_SIMULATED,NORMAL,NORMAL
5,11,0,GOODS,48,MEDIUM,2,4000,978,0.244,0,0,420,16,2,-7,2,3,2,2,0,8,3,41,18,HYBRID_SIMULATED,BUSY,NORMAL
5,11,0,SAFETY,4,MEDIUM,2,4000,978,0.244,0,0,420,9,7,3,3,3,0,0,11,4,6,51,18,HYBRID_SIMULATED,NORMAL,LOW
5,12,0,STAGE,42,MEDIUM,2,4000,318,0.08,0,0,360,28,11,10,2,1,1,1,18,38,-3,63,18,HYBRID_SIMULATED,BUSY,BUSY
5,12,0,PUB,0,MEDIUM,2,4000,318,0.08,0,0,360,19,5,3,0,0,0,0,11,26,-1,81,18,HYBRID_SIMULATED,NORMAL,NORMAL
5,12,0,FOOD,2,MEDIUM,2,4000,318,0.08,0,0,360,17,-3,7,7,1,4,2,12,21,9,48,18,HYBRID_SIMULATED,BUSY,BUSY
5,12,0,EXPERIENCE,6,MEDIUM,2,4000,318,0.08,0,0,360,29,1,19,4,3,2,2,16,23,-2,102,18,HYBRID_SIMULATED,BUSY,BUSY
5,12,0,GOODS,80,MEDIUM,2,4000,318,0.08,0,0,360,19,3,7,4,0,3,0,18,33,7,2,18,HYBRID_SIMULATED,VERY_BUSY,BUSY
5,12,0,SAFETY,34,MEDIUM,2,4000,318,0.08,0,0,360,14,7,4,0,1,0,0,13,12,3,137,18,HYBRID_SIMULATED,NORMAL,NORMAL
5,13,0,STAGE,41,MEDIUM,2,4000,439,0.11,0,0,300,15,4,-2,0,2,0,0,21,25,2,106,18,HYBRID_SIMULATED,NORMAL,NORMAL
5,13,0,PUB,0,MEDIUM,2,4000,439,0.11,0,0,300,17,-3,4,3,0,0,0,15,19,-1,49,18,HYBRID_SIMULATED,NORMAL,NORMAL
5,13,0,FOOD,40,MEDIUM,2,4000,439,0.11,0,0,300,22,2,5,2,3,0,1,11,18,0,50,18,HYBRID_SIMULATED,NORMAL,NORMAL
5,13,0,EXPERIENCE,16,MEDIUM,2,4000,439,0.11,0,0,300,32,9,21,6,0,2,2,14,31,1,70,18,HYBRID_SIMULATED,BUSY,VERY_BUSY
5,13,0,GOODS,75,MEDIUM,2,4000,439,0.11,0,0,300,0,-1,-7,7,4,3,2,15,8,9,40,18,HYBRID_SIMULATED,NORMAL,NORMAL
5,13,0,SAFETY,14,MEDIUM,2,4000,439,0.11,0,0,300,9,1,7,2,0,1,0,16,12,-5,90,18,HYBRID_SIMULATED,NORMAL,NORMAL
5,14,0,STAGE,42,MEDIUM,2,4000,665,0.166,0,0,240,14,-2,9,0,0,0,0,24,11,-2,65,18,HYBRID_SIMULATED,NORMAL,NORMAL
5,14,0,PUB,0,MEDIUM,2,4000,665,0.166,0,0,240,20,-5,3,0,0,0,0,15,27,3,56,18,HYBRID_SIMULATED,NORMAL,NORMAL
5,14,0,FOOD,54,MEDIUM,2,4000,665,0.166,0,0,240,30,-4,2,0,1,0,2,21,32,-4,62,18,HYBRID_SIMULATED,NORMAL,NORMAL
5,14,0,EXPERIENCE,11,MEDIUM,2,4000,665,0.166,0,0,240,30,6,5,6,2,1,1,6,26,-3,157,18,HYBRID_SIMULATED,BUSY,BUSY
5,14,0,GOODS,60,MEDIUM,2,4000,665,0.166,0,0,240,25,2,9,0,0,0,2,21,14,1,16,18,HYBRID_SIMULATED,NORMAL,NORMAL
5,14,0,SAFETY,19,MEDIUM,2,4000,665,0.166,0,0,240,25,9,1,6,3,1,0,11,6,1,90,18,HYBRID_SIMULATED,BUSY,NORMAL
5,15,0,STAGE,42,LOW,1,4000,1066,0.267,0,0,180,22,4,-8,1,1,0,2,17,17,0,115,18,HYBRID_SIMULATED,NORMAL,NORMAL
5,15,0,PUB,0,LOW,1,4000,1066,0.267,0,0,180,25,10,8,0,0,0,0,21,19,3,58,18,HYBRID_SIMULATED,NORMAL,NORMAL
5,15,0,FOOD,40,LOW,1,4000,1066,0.267,0,0,180,23,5,10,1,0,0,1,15,19,0,30,18,HYBRID_SIMULATED,NORMAL,NORMAL
5,15,0,EXPERIENCE,11,LOW,1,4000,1066,0.267,0,0,180,33,8,-5,0,3,0,0,17,17,7,85,18,HYBRID_SIMULATED,NORMAL,NORMAL
5,15,0,GOODS,48,LOW,1,4000,1066,0.267,0,0,180,4,4,4,1,2,0,0,14,0,11,55,18,HYBRID_SIMULATED,LOW,LOW
5,15,0,SAFETY,50,LOW,1,4000,1066,0.267,0,0,180,14,8,-5,5,2,2,3,10,7,-1,130,18,HYBRID_SIMULATED,BUSY,NORMAL
5,16,0,STAGE,42,HIGH,3,4000,404,0.101,0,0,120,24,-2,2,1,1,1,0,15,13,3,101,18,HYBRID_SIMULATED,NORMAL,BUSY
5,16,0,PUB,0,HIGH,3,4000,404,0.101,0,0,120,19,-4,-17,3,0,3,1,6,25,-7,31,18,HYBRID_SIMULATED,BUSY,BUSY
5,16,0,FOOD,64,HIGH,3,4000,404,0.101,0,0,120,17,4,3,5,0,2,1,12,18,2,46,18,HYBRID_SIMULATED,BUSY,NORMAL
5,16,0,EXPERIENCE,46,HIGH,3,4000,404,0.101,0,0,120,35,-6,7,3,1,0,0,20,16,4,42,18,HYBRID_SIMULATED,NORMAL,NORMAL
5,16,0,GOODS,18,HIGH,3,4000,404,0.101,0,0,120,38,5,-5,1,0,1,0,19,27,2,31,18,HYBRID_SIMULATED,NORMAL,BUSY
5,16,0,SAFETY,39,HIGH,3,4000,404,0.101,0,0,120,15,8,0,4,0,1,0,10,11,0,113,18,HYBRID_SIMULATED,NORMAL,NORMAL
5,17,0,STAGE,42,LOW,1,4000,344,0.086,0,0,60,20,0,4,1,0,0,0,21,37,7,132,18,HYBRID_SIMULATED,NORMAL,BUSY
5,17,0,PUB,0,LOW,1,4000,344,0.086,0,0,60,7,7,7,0,0,0,0,22,27,0,68,18,HYBRID_SIMULATED,LOW,LOW
5,17,0,FOOD,35,LOW,1,4000,344,0.086,0,0,60,17,8,2,0,0,0,1,19,23,0,60,18,HYBRID_SIMULATED,NORMAL,NORMAL
5,17,0,EXPERIENCE,6,LOW,1,4000,344,0.086,0,0,60,18,1,6,0,1,0,0,15,3,-4,100,18,HYBRID_SIMULATED,NORMAL,NORMAL
5,17,0,GOODS,13,LOW,1,4000,344,0.086,0,0,60,40,-2,2,1,1,0,0,16,16,2,45,18,HYBRID_SIMULATED,NORMAL,NORMAL
5,17,0,SAFETY,4,LOW,1,4000,344,0.086,0,0,60,0,0,0,2,0,2,0,10,21,0,114,18,HYBRID_SIMULATED,LOW,LOW
5,18,1,STAGE,42,MEDIUM,2,4000,2135,0.534,0,1,20,37,0,6,1,0,0,1,18,30,0,105,18,HYBRID_SIMULATED,BUSY,VERY_BUSY
5,18,1,PUB,0,MEDIUM,2,4000,2135,0.534,1,0,10,59,0,0,10,5,0,0,3,46,4,44,18,HYBRID_SIMULATED,VERY_BUSY,VERY_BUSY
5,18,1,FOOD,32,MEDIUM,2,4000,2135,0.534,1,0,0,60,11,27,8,0,5,2,6,33,10,25,18,HYBRID_SIMULATED,VERY_BUSY,VERY_BUSY
5,18,1,EXPERIENCE,58,MEDIUM,2,4000,2135,0.534,0,0,45,10,3,6,8,0,1,1,6,15,-2,108,18,HYBRID_SIMULATED,NORMAL,NORMAL
5,18,1,GOODS,23,MEDIUM,2,4000,2135,0.534,0,0,0,30,3,13,6,2,1,0,5,29,7,44,18,HYBRID_SIMULATED,BUSY,BUSY
5,18,1,SAFETY,34,MEDIUM,2,4000,2135,0.534,0,0,30,18,-4,9,0,3,0,0,16,11,3,116,18,HYBRID_SIMULATED,NORMAL,NORMAL
5,19,1,STAGE,41,LOW,1,4000,1010,0.253,0,1,30,49,0,6,3,1,0,0,8,32,8,108,18,HYBRID_SIMULATED,BUSY,BUSY
5,19,1,PUB,0,LOW,1,4000,1010,0.253,1,0,10,71,8,13,6,0,1,0,9,46,4,25,18,HYBRID_SIMULATED,BUSY,VERY_BUSY
5,19,1,FOOD,15,LOW,1,4000,1010,0.253,1,0,45,54,11,10,3,5,3,0,17,27,5,93,18,HYBRID_SIMULATED,BUSY,VERY_BUSY
5,19,1,EXPERIENCE,53,LOW,1,4000,1010,0.253,0,0,20,34,16,16,1,0,0,0,17,26,9,125,18,HYBRID_SIMULATED,NORMAL,NORMAL
5,19,1,GOODS,28,LOW,1,4000,1010,0.253,0,0,0,36,3,7,4,0,0,0,12,30,2,44,18,HYBRID_SIMULATED,BUSY,BUSY
5,19,1,SAFETY,19,LOW,1,4000,1010,0.253,0,0,0,34,9,14,0,3,0,0,24,10,6,97,18,HYBRID_SIMULATED,NORMAL,LOW
5,20,1,STAGE,41,MEDIUM,2,4000,1851,0.463,0,1,30,43,5,13,2,0,0,0,18,34,10,97,18,HYBRID_SIMULATED,BUSY,VERY_BUSY
5,20,1,PUB,0,MEDIUM,2,4000,1851,0.463,1,0,45,65,4,4,5,5,3,2,6,42,0,29,18,HYBRID_SIMULATED,VERY_BUSY,VERY_BUSY
5,20,1,FOOD,47,MEDIUM,2,4000,1851,0.463,1,0,10,69,-1,32,8,2,0,0,12,41,4,20,18,HYBRID_SIMULATED,BUSY,VERY_BUSY
5,20,1,EXPERIENCE,78,MEDIUM,2,4000,1851,0.463,0,0,45,35,8,3,0,2,0,0,13,11,4,114,18,HYBRID_SIMULATED,NORMAL,NORMAL
5,20,1,GOODS,18,MEDIUM,2,4000,1851,0.463,0,0,30,26,4,8,0,1,0,0,20,15,2,43,18,HYBRID_SIMULATED,NORMAL,NORMAL
5,20,1,SAFETY,76,MEDIUM,2,4000,1851,0.463,0,0,45,25,6,20,3,0,2,0,9,2,4,106,18,HYBRID_SIMULATED,NORMAL,NORMAL
5,21,1,STAGE,41,HIGH,3,4000,3281,0.82,0,1,20,73,3,0,0,0,0,2,22,38,3,134,18,HYBRID_SIMULATED,BUSY,VERY_BUSY
5,21,1,PUB,0,HIGH,3,4000,3281,0.82,1,0,0,35,1,2,8,1,1,0,3,39,4,3,18,HYBRID_SIMULATED,VERY_BUSY,VERY_BUSY
5,21,1,FOOD,64,HIGH,3,4000,3281,0.82,1,0,45,46,10,8,8,8,3,0,5,41,9,8,18,HYBRID_SIMULATED,VERY_BUSY,VERY_BUSY
5,21,1,EXPERIENCE,73,HIGH,3,4000,3281,0.82,0,0,0,12,3,2,0,1,0,0,12,25,0,118,18,HYBRID_SIMULATED,NORMAL,NORMAL
5,21,1,GOODS,13,HIGH,3,4000,3281,0.82,0,0,0,26,3,6,1,2,0,0,18,20,12,62,18,HYBRID_SIMULATED,NORMAL,NORMAL
5,21,1,SAFETY,24,HIGH,3,4000,3281,0.82,0,0,30,20,0,12,0,2,0,0,27,3,0,79,18,HYBRID_SIMULATED,NORMAL,NORMAL
5,22,1,STAGE,42,LOW,1,4000,1535,0.384,0,1,30,44,2,7,0,3,0,2,16,36,10,83,18,HYBRID_SIMULATED,NORMAL,BUSY
5,22,1,PUB,0,LOW,1,4000,1535,0.384,1,0,45,57,-9,3,4,2,1,0,13,35,4,34,18,HYBRID_SIMULATED,BUSY,VERY_BUSY
5,22,1,FOOD,47,LOW,1,4000,1535,0.384,1,0,0,47,16,4,10,4,6,1,3,49,1,61,18,HYBRID_SIMULATED,VERY_BUSY,VERY_BUSY
5,22,1,EXPERIENCE,11,LOW,1,4000,1535,0.384,0,0,0,29,6,19,1,5,0,2,15,27,7,110,18,HYBRID_SIMULATED,NORMAL,NORMAL
5,22,1,GOODS,75,LOW,1,4000,1535,0.384,0,0,20,11,11,5,1,0,0,0,20,8,1,66,18,HYBRID_SIMULATED,NORMAL,NORMAL
5,22,1,SAFETY,39,LOW,1,4000,1535,0.384,0,0,20,26,3,2,0,0,0,0,20,2,-2,132,18,HYBRID_SIMULATED,NORMAL,NORMAL
5,23,0,STAGE,42,LOW,1,4000,853,0.213,0,0,20,19,1,6,4,2,0,0,20,27,-1,83,18,HYBRID_SIMULATED,BUSY,BUSY
5,23,0,PUB,0,LOW,1,4000,853,0.213,1,0,30,68,-4,-2,9,5,0,0,4,57,2,37,18,HYBRID_SIMULATED,BUSY,VERY_BUSY
5,23,0,FOOD,79,LOW,1,4000,853,0.213,1,0,20,49,-2,5,3,4,2,0,16,42,6,43,18,HYBRID_SIMULATED,BUSY,VERY_BUSY
5,23,0,EXPERIENCE,46,LOW,1,4000,853,0.213,0,0,30,22,-7,-1,4,0,0,1,16,17,2,126,18,HYBRID_SIMULATED,NORMAL,NORMAL
5,23,0,GOODS,3,LOW,1,4000,853,0.213,0,0,0,16,7,-7,1,2,0,0,17,5,-9,47,18,HYBRID_SIMULATED,NORMAL,NORMAL
5,23,0,SAFETY,4,LOW,1,4000,853,0.213,0,0,20,17,0,9,7,3,3,0,11,20,2,89,18,HYBRID_SIMULATED,BUSY,BUSY
5,24,0,STAGE,41,HIGH,3,4000,646,0.162,0,0,10,21,8,-1,4,5,0,0,8,26,0,73,18,HYBRID_SIMULATED,BUSY,BUSY
5,24,0,PUB,0,HIGH,3,4000,646,0.162,1,0,0,45,-2,1,4,3,2,0,16,39,-3,5,18,HYBRID_SIMULATED,VERY_BUSY,VERY_BUSY
5,24,0,FOOD,45,HIGH,3,4000,646,0.162,1,0,45,36,9,0,5,3,3,0,11,22,7,41,18,HYBRID_SIMULATED,BUSY,VERY_BUSY
5,24,0,EXPERIENCE,53,HIGH,3,4000,646,0.162,0,0,45,21,6,3,1,0,1,0,14,15,2,102,18,HYBRID_SIMULATED,NORMAL,NORMAL
5,24,0,GOODS,18,HIGH,3,4000,646,0.162,0,0,0,24,1,7,2,1,2,0,12,17,1,34,18,HYBRID_SIMULATED,NORMAL,NORMAL
5,24,0,SAFETY,19,HIGH,3,4000,646,0.162,0,0,0,20,3,-1,0,1,0,2,10,13,0,111,18,HYBRID_SIMULATED,NORMAL,NORMAL
6,10,0,STAGE,41,MEDIUM,2,4000,367,0.092,0,0,480,28,-2,-2,2,2,1,1,12,31,1,116,18,HYBRID_SIMULATED,BUSY,BUSY
6,10,0,PUB,0,MEDIUM,2,4000,367,0.092,0,0,480,9,-3,9,4,3,2,0,13,23,6,72,18,HYBRID_SIMULATED,NORMAL,NORMAL
6,10,0,FOOD,10,MEDIUM,2,4000,367,0.092,0,0,480,12,2,6,3,0,1,0,13,8,2,52,18,HYBRID_SIMULATED,NORMAL,LOW
6,10,0,EXPERIENCE,16,MEDIUM,2,4000,367,0.092,0,0,480,15,3,0,6,3,6,0,9,30,15,98,18,HYBRID_SIMULATED,VERY_BUSY,BUSY
6,10,0,GOODS,75,MEDIUM,2,4000,367,0.092,0,0,480,5,3,-3,4,0,0,0,3,16,2,66,18,HYBRID_SIMULATED,NORMAL,NORMAL
6,10,0,SAFETY,66,MEDIUM,2,4000,367,0.092,0,0,480,25,-5,3,5,0,1,0,17,10,-2,76,18,HYBRID_SIMULATED,BUSY,NORMAL
6,11,0,STAGE,42,LOW,1,4000,616,0.154,0,0,420,25,-3,-3,4,6,2,2,13,33,0,124,18,HYBRID_SIMULATED,BUSY,BUSY
6,11,0,PUB,0,LOW,1,4000,616,0.154,0,0,420,21,-4,0,2,0,0,0,12,20,-3,64,18,HYBRID_SIMULATED,NORMAL,NORMAL
6,11,0,FOOD,74,LOW,1,4000,616,0.154,0,0,420,19,2,1,0,0,0,0,20,16,0,81,18,HYBRID_SIMULATED,NORMAL,NORMAL
6,11,0,EXPERIENCE,68,LOW,1,4000,616,0.154,0,0,420,17,-6,6,2,0,0,1,18,9,-4,83,18,HYBRID_SIMULATED,NORMAL,NORMAL
6,11,0,GOODS,28,LOW,1,4000,616,0.154,0,0,420,9,2,9,2,0,0,1,14,14,1,73,18,HYBRID_SIMULATED,NORMAL,LOW
6,11,0,SAFETY,4,LOW,1,4000,616,0.154,0,0,420,17,8,8,4,1,3,1,13,12,5,141,18,HYBRID_SIMULATED,BUSY,BUSY
6,12,0,STAGE,42,HIGH,3,4000,237,0.059,0,0,360,24,-4,-7,3,2,0,0,13,26,0,94,18,HYBRID_SIMULATED,BUSY,BUSY
6,12,0,PUB,0,HIGH,3,4000,237,0.059,0,0,360,4,4,-6,4,3,0,0,8,16,0,39,18,HYBRID_SIMULATED,NORMAL,LOW
6,12,0,FOOD,74,HIGH,3,4000,237,0.059,0,0,360,23,2,0,0,2,0,0,14,6,-5,62,18,HYBRID_SIMULATED,NORMAL,LOW
6,12,0,EXPERIENCE,53,HIGH,3,4000,237,0.059,0,0,360,33,0,0,0,4,0,0,15,19,0,91,18,HYBRID_SIMULATED,NORMAL,NORMAL
6,12,0,GOODS,65,HIGH,3,4000,237,0.059,0,0,360,16,-5,7,0,0,0,0,17,1,1,86,18,HYBRID_SIMULATED,NORMAL,LOW
6,12,0,SAFETY,44,HIGH,3,4000,237,0.059,0,0,360,24,4,12,0,2,0,0,14,6,5,130,18,HYBRID_SIMULATED,NORMAL,NORMAL
6,13,0,STAGE,42,LOW,1,4000,565,0.141,0,0,300,15,-7,-2,2,3,0,0,12,18,0,119,18,HYBRID_SIMULATED,NORMAL,NORMAL
6,13,0,PUB,0,LOW,1,4000,565,0.141,0,0,300,17,6,17,2,3,0,0,18,35,7,56,18,HYBRID_SIMULATED,BUSY,BUSY
6,13,0,FOOD,57,LOW,1,4000,565,0.141,0,0,300,31,12,4,4,1,2,0,7,32,0,39,18,HYBRID_SIMULATED,BUSY,BUSY
6,13,0,EXPERIENCE,6,LOW,1,4000,565,0.141,0,0,300,23,-4,0,0,0,0,1,22,3,-3,78,18,HYBRID_SIMULATED,NORMAL,NORMAL
6,13,0,GOODS,13,LOW,1,4000,565,0.141,0,0,300,16,-1,0,0,0,0,0,15,8,1,86,18,HYBRID_SIMULATED,NORMAL,NORMAL
6,13,0,SAFETY,76,LOW,1,4000,565,0.141,0,0,300,4,-4,-6,3,0,1,0,12,6,2,109,18,HYBRID_SIMULATED,LOW,LOW
6,14,0,STAGE,42,LOW,1,4000,496,0.124,0,0,240,38,0,13,0,0,0,0,11,29,7,83,18,HYBRID_SIMULATED,NORMAL,BUSY
6,14,0,PUB,0,LOW,1,4000,496,0.124,0,0,240,24,6,8,1,1,0,3,14,29,0,88,18,HYBRID_SIMULATED,NORMAL,NORMAL
6,14,0,FOOD,25,LOW,1,4000,496,0.124,0,0,240,24,-9,-6,0,0,0,0,18,28,-6,81,18,HYBRID_SIMULATED,NORMAL,NORMAL
6,14,0,EXPERIENCE,31,LOW,1,4000,496,0.124,0,0,240,40,4,16,5,2,3,0,11,15,7,84,18,HYBRID_SIMULATED,BUSY,BUSY
6,14,0,GOODS,3,LOW,1,4000,496,0.124,0,0,240,16,9,-1,4,1,1,0,15,13,0,54,18,HYBRID_SIMULATED,BUSY,BUSY
6,14,0,SAFETY,24,LOW,1,4000,496,0.124,0,0,240,22,8,1,0,1,0,0,24,13,-5,114,18,HYBRID_SIMULATED,NORMAL,NORMAL
6,15,0,STAGE,42,LOW,1,4000,1017,0.254,0,0,180,34,5,0,9,1,6,0,0,42,0,100,18,HYBRID_SIMULATED,VERY_BUSY,VERY_BUSY
6,15,0,PUB,0,LOW,1,4000,1017,0.254,0,0,180,9,6,-8,8,4,4,2,6,30,-6,52,18,HYBRID_SIMULATED,BUSY,NORMAL
6,15,0,FOOD,20,LOW,1,4000,1017,0.254,0,0,180,19,5,-5,0,3,0,2,23,0,-5,54,18,HYBRID_SIMULATED,NORMAL,NORMAL
6,15,0,EXPERIENCE,31,LOW,1,4000,1017,0.254,0,0,180,39,-7,-16,3,3,1,0,18,20,-1,55,18,HYBRID_SIMULATED,BUSY,BUSY
6,15,0,GOODS,65,LOW,1,4000,1017,0.254,0,0,180,11,9,5,0,1,0,1,19,11,10,103,18,HYBRID_SIMULATED,LOW,LOW
6,15,0,SAFETY,9,LOW,1,4000,1017,0.254,0,0,180,24,1,17,7,1,2,0,6,18,6,82,18,HYBRID_SIMULATED,BUSY,BUSY
6,16,0,STAGE,42,LOW,1,4000,211,0.053,0,0,120,18,7,3,4,1,4,2,11,23,4,120,18,HYBRID_SIMULATED,BUSY,BUSY
6,16,0,PUB,0,LOW,1,4000,211,0.053,0,0,120,8,2,-3,6,2,0,0,5,20,-2,47,18,HYBRID_SIMULATED,NORMAL,NORMAL
6,16,0,FOOD,15,LOW,1,4000,211,0.053,0,0,120,25,1,5,0,0,0,1,18,17,-3,23,18,HYBRID_SIMULATED,NORMAL,NORMAL
6,16,0,EXPERIENCE,73,LOW,1,4000,211,0.053,0,0,120,38,-2,1,4,0,3,1,7,20,-2,106,18,HYBRID_SIMULATED,BUSY,BUSY
6,16,0,GOODS,28,LOW,1,4000,211,0.053,0,0,120,27,0,1,0,0,0,0,12,7,3,90,18,HYBRID_SIMULATED,NORMAL,NORMAL
6,16,0,SAFETY,24,LOW,1,4000,211,0.053,0,0,120,23,0,5,0,0,0,0,15,17,2,45,18,HYBRID_SIMULATED,NORMAL,NORMAL
6,17,0,STAGE,41,HIGH,3,4000,1048,0.262,0,0,60,21,0,6,0,1,0,1,16,20,3,151,18,HYBRID_SIMULATED,NORMAL,BUSY
6,17,0,PUB,0,HIGH,3,4000,1048,0.262,0,0,60,20,1,8,3,0,0,0,16,28,-4,83,18,HYBRID_SIMULATED,BUSY,NORMAL
6,17,0,FOOD,54,HIGH,3,4000,1048,0.262,0,0,60,27,-4,-2,0,1,0,0,18,10,3,65,18,HYBRID_SIMULATED,NORMAL,LOW
6,17,0,EXPERIENCE,31,HIGH,3,4000,1048,0.262,0,0,60,32,3,21,1,0,0,0,7,8,2,127,18,HYBRID_SIMULATED,NORMAL,NORMAL
6,17,0,GOODS,13,HIGH,3,4000,1048,0.262,0,0,60,36,5,0,3,0,3,0,13,23,0,57,18,HYBRID_SIMULATED,BUSY,BUSY
6,17,0,SAFETY,71,HIGH,3,4000,1048,0.262,0,0,60,9,-1,5,0,3,0,0,17,4,0,113,18,HYBRID_SIMULATED,LOW,LOW
6,18,1,STAGE,42,LOW,1,4000,1302,0.326,0,1,20,39,7,13,0,6,0,0,16,33,18,61,18,HYBRID_SIMULATED,NORMAL,BUSY
6,18,1,PUB,0,LOW,1,4000,1302,0.326,1,0,30,61,5,5,9,5,1,2,0,37,2,0,18,HYBRID_SIMULATED,VERY_BUSY,VERY_BUSY
6,18,1,FOOD,30,LOW,1,4000,1302,0.326,1,0,30,58,7,5,9,1,5,1,5,36,2,35,18,HYBRID_SIMULATED,VERY_BUSY,VERY_BUSY
6,18,1,EXPERIENCE,73,LOW,1,4000,1302,0.326,0,0,45,22,1,16,2,1,2,1,20,24,2,123,18,HYBRID_SIMULATED,BUSY,BUSY
6,18,1,GOODS,33,LOW,1,4000,1302,0.326,0,0,20,17,9,8,2,0,0,2,14,13,-3,35,18,HYBRID_SIMULATED,NORMAL,NORMAL
6,18,1,SAFETY,81,LOW,1,4000,1302,0.326,0,0,30,15,4,15,0,0,0,0,13,0,4,150,18,HYBRID_SIMULATED,NORMAL,NORMAL
6,19,1,STAGE,41,MEDIUM,2,4000,2369,0.592,0,1,30,38,10,16,3,4,3,0,14,22,11,78,18,HYBRID_SIMULATED,BUSY,VERY_BUSY
6,19,1,PUB,0,MEDIUM,2,4000,2369,0.592,1,0,10,70,10,14,9,3,6,0,7,50,4,38,18,HYBRID_SIMULATED,VERY_BUSY,VERY_BUSY
6,19,1,FOOD,7,MEDIUM,2,4000,2369,0.592,1,0,30,60,2,11,7,7,0,0,10,39,8,48,18,HYBRID_SIMULATED,BUSY,VERY_BUSY
6,19,1,EXPERIENCE,11,MEDIUM,2,4000,2369,0.592,0,0,10,27,14,6,2,2,0,0,16,17,6,96,18,HYBRID_SIMULATED,NORMAL,NORMAL
6,19,1,GOODS,43,MEDIUM,2,4000,2369,0.592,0,0,10,38,13,11,1,2,1,1,6,19,-7,53,18,HYBRID_SIMULATED,NORMAL,NORMAL
6,19,1,SAFETY,19,MEDIUM,2,4000,2369,0.592,0,0,45,28,4,18,0,0,0,0,22,0,2,130,18,HYBRID_SIMULATED,NORMAL,NORMAL
6,20,1,STAGE,41,LOW,1,4000,732,0.183,0,1,10,39,3,8,0,0,0,0,17,20,11,76,18,HYBRID_SIMULATED,NORMAL,BUSY
6,20,1,PUB,0,LOW,1,4000,732,0.183,1,0,45,57,3,6,5,5,0,1,4,36,6,39,18,HYBRID_SIMULATED,BUSY,VERY_BUSY
6,20,1,FOOD,69,LOW,1,4000,732,0.183,1,0,45,60,5,16,17,6,8,1,0,40,1,35,18,HYBRID_SIMULATED,VERY_BUSY,VERY_BUSY
6,20,1,EXPERIENCE,63,LOW,1,4000,732,0.183,0,0,45,27,5,0,0,0,0,0,21,22,-7,89,18,HYBRID_SIMULATED,NORMAL,NORMAL
6,20,1,GOODS,65,LOW,1,4000,732,0.183,0,0,30,20,13,15,0,1,0,0,12,14,-4,68,18,HYBRID_SIMULATED,NORMAL,NORMAL
6,20,1,SAFETY,66,LOW,1,4000,732,0.183,0,0,10,16,5,7,11,4,4,0,0,26,1,97,18,HYBRID_SIMULATED,VERY_BUSY,VERY_BUSY
6,21,1,STAGE,41,LOW,1,4000,1315,0.329,0,1,0,48,8,12,1,0,0,0,18,39,7,102,18,HYBRID_SIMULATED,BUSY,VERY_BUSY
6,21,1,PUB,0,LOW,1,4000,1315,0.329,1,0,20,58,-3,5,4,5,3,0,10,32,5,41,18,HYBRID_SIMULATED,BUSY,VERY_BUSY
6,21,1,FOOD,12,LOW,1,4000,1315,0.329,1,0,30,58,6,-5,10,5,2,0,6,34,1,13,18,HYBRID_SIMULATED,BUSY,VERY_BUSY
6,21,1,EXPERIENCE,36,LOW,1,4000,1315,0.329,0,0,30,31,5,-2,0,1,0,0,17,0,3,68,18,HYBRID_SIMULATED,NORMAL,NORMAL
6,21,1,GOODS,33,LOW,1,4000,1315,0.329,0,0,30,18,3,2,1,0,1,0,17,11,0,54,18,HYBRID_SIMULATED,NORMAL,NORMAL
6,21,1,SAFETY,61,LOW,1,4000,1315,0.329,0,0,20,24,3,1,14,5,4,0,0,30,10,130,18,HYBRID_SIMULATED,VERY_BUSY,BUSY
6,22,1,STAGE,42,LOW,1,4000,541,0.135,0,1,30,37,7,-1,0,1,0,0,13,20,5,72,18,HYBRID_SIMULATED,NORMAL,BUSY
6,22,1,PUB,0,LOW,1,4000,541,0.135,1,0,0,65,12,13,9,6,2,3,2,44,1,43,18,HYBRID_SIMULATED,VERY_BUSY,VERY_BUSY
6,22,1,FOOD,52,LOW,1,4000,541,0.135,1,0,20,54,5,13,7,2,1,2,9,39,8,36,18,HYBRID_SIMULATED,BUSY,VERY_BUSY
6,22,1,EXPERIENCE,78,LOW,1,4000,541,0.135,0,0,45,21,4,7,0,0,0,0,20,8,-1,145,18,HYBRID_SIMULATED,NORMAL,NORMAL
6,22,1,GOODS,3,LOW,1,4000,541,0.135,0,0,20,9,3,5,0,1,0,0,19,12,4,57,18,HYBRID_SIMULATED,LOW,LOW
6,22,1,SAFETY,71,LOW,1,4000,541,0.135,0,0,10,41,0,4,6,2,2,2,15,19,12,104,18,HYBRID_SIMULATED,BUSY,BUSY
6,23,0,STAGE,41,LOW,1,4000,731,0.183,0,0,30,12,2,-3,1,3,0,0,16,12,-4,128,18,HYBRID_SIMULATED,NORMAL,NORMAL
6,23,0,PUB,0,LOW,1,4000,731,0.183,1,0,10,62,9,-4,10,6,0,0,2,50,8,26,18,HYBRID_SIMULATED,VERY_BUSY,VERY_BUSY
6,23,0,FOOD,35,LOW,1,4000,731,0.183,1,0,45,57,1,15,9,9,2,3,4,30,11,31,18,HYBRID_SIMULATED,BUSY,VERY_BUSY
6,23,0,EXPERIENCE,26,LOW,1,4000,731,0.183,0,0,10,13,5,-9,3,0,0,0,14,20,2,92,18,HYBRID_SIMULATED,NORMAL,NORMAL
6,23,0,GOODS,55,LOW,1,4000,731,0.183,0,0,20,3,3,3,0,0,0,0,27,0,8,69,18,HYBRID_SIMULATED,LOW,LOW
6,23,0,SAFETY,81,LOW,1,4000,731,0.183,0,0,0,24,6,15,5,0,1,0,8,13,1,143,18,HYBRID_SIMULATED,BUSY,NORMAL
6,24,0,STAGE,41,MEDIUM,2,4000,808,0.202,0,0,20,27,2,8,0,0,0,0,17,22,3,137,18,HYBRID_SIMULATED,NORMAL,BUSY
6,24,0,PUB,0,MEDIUM,2,4000,808,0.202,1,0,20,66,-7,11,4,9,2,0,11,28,10,29,18,HYBRID_SIMULATED,BUSY,VERY_BUSY
6,24,0,FOOD,72,MEDIUM,2,4000,808,0.202,1,0,30,61,-1,7,7,7,4,0,2,42,12,24,18,HYBRID_SIMULATED,VERY_BUSY,VERY_BUSY
6,24,0,EXPERIENCE,78,MEDIUM,2,4000,808,0.202,0,0,45,29,10,3,0,0,0,2,16,8,-3,97,18,HYBRID_SIMULATED,NORMAL,NORMAL
6,24,0,GOODS,70,MEDIUM,2,4000,808,0.202,0,0,0,19,5,-1,0,2,0,0,18,23,3,78,18,HYBRID_SIMULATED,NORMAL,NORMAL
6,24,0,SAFETY,76,MEDIUM,2,4000,808,0.202,0,0,20,20,1,-5,3,2,3,2,12,15,2,107,18,HYBRID_SIMULATED,BUSY,NORMAL
7,10,0,STAGE,41,MEDIUM,2,4000,219,0.055,0,0,480,8,0,8,0,2,0,0,19,18,4,87,18,HYBRID_SIMULATED,LOW,NORMAL
7,10,0,PUB,0,MEDIUM,2,4000,219,0.055,0,0,480,17,8,2,0,0,0,0,18,15,7,80,18,HYBRID_SIMULATED,NORMAL,NORMAL
7,10,0,FOOD,79,MEDIUM,2,4000,219,0.055,0,0,480,21,3,8,0,1,0,2,20,10,5,41,18,HYBRID_SIMULATED,NORMAL,NORMAL
7,10,0,EXPERIENCE,68,MEDIUM,2,4000,219,0.055,0,0,480,20,2,12,5,0,4,0,18,21,-2,102,18,HYBRID_SIMULATED,BUSY,BUSY
7,10,0,GOODS,18,MEDIUM,2,4000,219,0.055,0,0,480,27,1,14,0,0,0,0,17,4,3,75,18,HYBRID_SIMULATED,NORMAL,NORMAL
7,10,0,SAFETY,9,MEDIUM,2,4000,219,0.055,0,0,480,21,0,19,4,0,1,2,7,16,6,96,18,HYBRID_SIMULATED,BUSY,NORMAL
7,11,0,STAGE,41,LOW,1,4000,720,0.18,0,0,420,28,-1,-5,0,1,0,1,26,27,-3,89,18,HYBRID_SIMULATED,NORMAL,NORMAL
7,11,0,PUB,0,LOW,1,4000,720,0.18,0,0,420,11,4,11,0,0,0,0,21,19,0,69,18,HYBRID_SIMULATED,NORMAL,LOW
7,11,0,FOOD,20,LOW,1,4000,720,0.18,0,0,420,17,7,1,5,0,2,0,6,13,4,61,18,HYBRID_SIMULATED,BUSY,NORMAL
7,11,0,EXPERIENCE,26,LOW,1,4000,720,0.18,0,0,420,24,1,4,3,0,0,0,13,19,3,138,18,HYBRID_SIMULATED,NORMAL,NORMAL
7,11,0,GOODS,55,LOW,1,4000,720,0.18,0,0,420,19,5,1,3,2,1,0,11,7,-4,56,18,HYBRID_SIMULATED,NORMAL,NORMAL
7,11,0,SAFETY,76,LOW,1,4000,720,0.18,0,0,420,16,-8,11,0,0,0,2,12,10,2,148,18,HYBRID_SIMULATED,NORMAL,LOW
7,12,0,STAGE,42,LOW,1,4000,507,0.127,0,0,360,17,-3,13,0,0,0,0,15,25,4,94,18,HYBRID_SIMULATED,NORMAL,NORMAL
7,12,0,PUB,0,LOW,1,4000,507,0.127,0,0,360,27,12,-1,0,2,0,0,16,11,1,54,18,HYBRID_SIMULATED,NORMAL,LOW
7,12,0,FOOD,40,LOW,1,4000,507,0.127,0,0,360,16,2,4,0,1,0,0,18,9,-3,60,18,HYBRID_SIMULATED,NORMAL,LOW
7,12,0,EXPERIENCE,78,LOW,1,4000,507,0.127,0,0,360,38,-8,7,3,0,3,1,11,18,0,131,18,HYBRID_SIMULATED,BUSY,BUSY
7,12,0,GOODS,60,LOW,1,4000,507,0.127,0,0,360,16,0,9,1,1,0,0,19,12,3,51,18,HYBRID_SIMULATED,NORMAL,NORMAL
7,12,0,SAFETY,14,LOW,1,4000,507,0.127,0,0,360,14,0,-2,0,0,0,0,17,7,0,113,18,HYBRID_SIMULATED,NORMAL,NORMAL
7,13,0,STAGE,42,LOW,1,4000,429,0.107,0,0,300,24,-5,-6,6,0,2,0,15,30,2,167,18,HYBRID_SIMULATED,BUSY,BUSY
7,13,0,PUB,0,LOW,1,4000,429,0.107,0,0,300,7,0,2,0,1,0,0,13,5,0,66,18,HYBRID_SIMULATED,LOW,LOW
7,13,0,FOOD,37,LOW,1,4000,429,0.107,0,0,300,19,0,-2,1,0,1,0,19,23,0,73,18,HYBRID_SIMULATED,NORMAL,NORMAL
7,13,0,EXPERIENCE,63,LOW,1,4000,429,0.107,0,0,300,47,1,-1,0,2,0,0,21,15,0,150,18,HYBRID_SIMULATED,NORMAL,NORMAL
7,13,0,GOODS,23,LOW,1,4000,429,0.107,0,0,300,25,-9,7,5,0,0,2,2,21,5,42,18,HYBRID_SIMULATED,BUSY,NORMAL
7,13,0,SAFETY,19,LOW,1,4000,429,0.107,0,0,300,7,-10,6,0,3,0,1,24,2,3,124,18,HYBRID_SIMULATED,LOW,LOW
7,14,0,STAGE,41,LOW,1,4000,330,0.083,0,0,240,18,-4,9,2,1,2,1,12,29,2,70,18,HYBRID_SIMULATED,BUSY,BUSY
7,14,0,PUB,0,LOW,1,4000,330,0.083,0,0,240,29,4,-1,3,2,0,0,14,36,0,28,18,HYBRID_SIMULATED,BUSY,NORMAL
7,14,0,FOOD,22,LOW,1,4000,330,0.083,0,0,240,27,-13,15,3,0,0,0,18,16,2,63,18,HYBRID_SIMULATED,NORMAL,NORMAL
7,14,0,EXPERIENCE,58,LOW,1,4000,330,0.083,0,0,240,40,5,6,5,4,3,1,8,25,13,103,18,HYBRID_SIMULATED,BUSY,BUSY
7,14,0,GOODS,28,LOW,1,4000,330,0.083,0,0,240,15,4,3,1,0,1,1,13,11,0,54,18,HYBRID_SIMULATED,NORMAL,LOW
7,14,0,SAFETY,81,LOW,1,4000,330,0.083,0,0,240,6,-3,-2,3,0,1,0,9,9,1,111,18,HYBRID_SIMULATED,NORMAL,LOW
7,15,0,STAGE,42,MEDIUM,2,4000,811,0.203,0,0,180,12,-4,-2,0,1,0,1,16,21,-4,133,18,HYBRID_SIMULATED,NORMAL,NORMAL
7,15,0,PUB,0,MEDIUM,2,4000,811,0.203,0,0,180,14,7,8,2,4,2,0,13,30,9,69,18,HYBRID_SIMULATED,BUSY,BUSY
7,15,0,FOOD,2,MEDIUM,2,4000,811,0.203,0,0,180,18,4,6,9,3,8,2,10,35,-2,22,18,HYBRID_SIMULATED,VERY_BUSY,BUSY
7,15,0,EXPERIENCE,78,MEDIUM,2,4000,811,0.203,0,0,180,43,-3,11,3,2,3,0,16,27,2,110,18,HYBRID_SIMULATED,BUSY,BUSY
7,15,0,GOODS,3,MEDIUM,2,4000,811,0.203,0,0,180,13,-1,5,0,0,0,0,15,14,4,72,18,HYBRID_SIMULATED,NORMAL,NORMAL
7,15,0,SAFETY,34,MEDIUM,2,4000,811,0.203,0,0,180,4,4,4,3,2,1,0,14,6,2,109,18,HYBRID_SIMULATED,LOW,LOW
7,16,0,STAGE,42,MEDIUM,2,4000,405,0.101,0,0,120,34,-1,13,4,1,0,0,5,40,0,103,18,HYBRID_SIMULATED,BUSY,BUSY
7,16,0,PUB,0,MEDIUM,2,4000,405,0.101,0,0,120,26,2,11,0,0,0,0,11,17,9,42,18,HYBRID_SIMULATED,NORMAL,NORMAL
7,16,0,FOOD,54,MEDIUM,2,4000,405,0.101,0,0,120,27,4,14,1,1,0,0,16,21,1,57,18,HYBRID_SIMULATED,NORMAL,NORMAL
7,16,0,EXPERIENCE,16,MEDIUM,2,4000,405,0.101,0,0,120,32,3,7,9,3,4,4,6,13,-1,102,18,HYBRID_SIMULATED,BUSY,BUSY
7,16,0,GOODS,43,MEDIUM,2,4000,405,0.101,0,0,120,24,-7,-10,3,3,0,0,10,16,-2,53,18,HYBRID_SIMULATED,NORMAL,NORMAL
7,16,0,SAFETY,39,MEDIUM,2,4000,405,0.101,0,0,120,19,9,0,8,2,2,0,4,0,2,177,18,HYBRID_SIMULATED,BUSY,NORMAL
7,17,0,STAGE,41,HIGH,3,4000,248,0.062,0,0,60,24,-4,1,0,0,0,0,18,27,4,86,18,HYBRID_SIMULATED,NORMAL,BUSY
7,17,0,PUB,0,HIGH,3,4000,248,0.062,0,0,60,20,2,-3,0,0,0,0,21,13,2,46,18,HYBRID_SIMULATED,NORMAL,NORMAL
7,17,0,FOOD,69,HIGH,3,4000,248,0.062,0,0,60,8,1,5,4,0,3,0,10,23,4,42,18,HYBRID_SIMULATED,NORMAL,NORMAL
7,17,0,EXPERIENCE,46,HIGH,3,4000,248,0.062,0,0,60,32,3,-3,4,2,2,2,12,20,-3,155,18,HYBRID_SIMULATED,BUSY,BUSY
7,17,0,GOODS,60,HIGH,3,4000,248,0.062,0,0,60,25,-1,0,1,0,1,2,23,21,5,83,18,HYBRID_SIMULATED,NORMAL,NORMAL
7,17,0,SAFETY,61,HIGH,3,4000,248,0.062,0,0,60,8,2,7,5,0,1,0,7,22,2,77,18,HYBRID_SIMULATED,NORMAL,NORMAL
7,18,1,STAGE,41,HIGH,3,4000,4028,1.007,0,1,20,64,12,5,3,0,0,0,15,48,9,72,18,HYBRID_SIMULATED,BUSY,VERY_BUSY
7,18,1,PUB,0,HIGH,3,4000,4028,1.007,1,0,45,53,10,5,10,2,3,0,1,33,0,32,18,HYBRID_SIMULATED,VERY_BUSY,BUSY
7,18,1,FOOD,74,HIGH,3,4000,4028,1.007,1,0,0,46,0,5,2,4,0,0,8,32,4,41,18,HYBRID_SIMULATED,NORMAL,BUSY
7,18,1,EXPERIENCE,68,HIGH,3,4000,4028,1.007,0,0,30,10,6,9,0,3,0,0,20,18,2,108,18,HYBRID_SIMULATED,NORMAL,LOW
7,18,1,GOODS,8,HIGH,3,4000,4028,1.007,0,0,10,31,8,-6,1,2,0,1,20,19,1,56,18,HYBRID_SIMULATED,NORMAL,NORMAL
7,18,1,SAFETY,4,HIGH,3,4000,4028,1.007,0,0,45,26,-1,8,1,6,0,0,10,15,7,108,18,HYBRID_SIMULATED,NORMAL,NORMAL
7,19,1,STAGE,42,HIGH,3,4000,3665,0.916,0,1,30,71,4,15,3,0,3,2,4,38,4,122,18,HYBRID_SIMULATED,VERY_BUSY,VERY_BUSY
7,19,1,PUB,0,HIGH,3,4000,3665,0.916,1,0,0,55,4,19,11,4,5,2,4,55,4,27,18,HYBRID_SIMULATED,VERY_BUSY,VERY_BUSY
7,19,1,FOOD,59,HIGH,3,4000,3665,0.916,1,0,30,28,5,-1,8,3,5,0,0,41,1,27,18,HYBRID_SIMULATED,VERY_BUSY,VERY_BUSY
7,19,1,EXPERIENCE,36,HIGH,3,4000,3665,0.916,0,0,30,19,13,18,7,1,5,0,2,27,6,70,18,HYBRID_SIMULATED,VERY_BUSY,BUSY
7,19,1,GOODS,8,HIGH,3,4000,3665,0.916,0,0,10,26,4,-3,0,0,0,2,11,5,0,51,18,HYBRID_SIMULATED,NORMAL,NORMAL
7,19,1,SAFETY,14,HIGH,3,4000,3665,0.916,0,0,0,15,1,0,7,0,5,1,10,0,1,110,18,HYBRID_SIMULATED,BUSY,BUSY
7,20,1,STAGE,42,HIGH,3,4000,3694,0.923,0,1,0,79,9,7,5,1,2,0,17,45,0,75,18,HYBRID_SIMULATED,VERY_BUSY,VERY_BUSY
7,20,1,PUB,0,HIGH,3,4000,3694,0.923,1,0,10,41,2,6,8,0,3,0,4,27,6,54,18,HYBRID_SIMULATED,BUSY,VERY_BUSY
7,20,1,FOOD,2,HIGH,3,4000,3694,0.923,1,0,20,47,2,-3,7,5,4,0,1,25,3,36,18,HYBRID_SIMULATED,VERY_BUSY,VERY_BUSY
7,20,1,EXPERIENCE,46,HIGH,3,4000,3694,0.923,0,0,30,15,-4,10,4,0,1,0,18,24,-4,121,18,HYBRID_SIMULATED,BUSY,BUSY
7,20,1,GOODS,18,HIGH,3,4000,3694,0.923,0,0,20,40,5,22,2,1,0,0,22,14,11,51,18,HYBRID_SIMULATED,NORMAL,BUSY
7,20,1,SAFETY,39,HIGH,3,4000,3694,0.923,0,0,0,36,9,1,0,4,0,0,16,19,4,74,18,HYBRID_SIMULATED,NORMAL,NORMAL
7,21,1,STAGE,42,HIGH,3,4000,3313,0.828,0,1,30,88,1,12,8,0,2,1,8,55,0,154,18,HYBRID_SIMULATED,VERY_BUSY,VERY_BUSY
7,21,1,PUB,0,HIGH,3,4000,3313,0.828,1,0,30,36,10,16,9,3,5,1,2,33,2,32,18,HYBRID_SIMULATED,VERY_BUSY,VERY_BUSY
7,21,1,FOOD,69,HIGH,3,4000,3313,0.828,1,0,10,24,-5,10,8,5,5,0,7,35,9,18,18,HYBRID_SIMULATED,VERY_BUSY,VERY_BUSY
7,21,1,EXPERIENCE,11,HIGH,3,4000,3313,0.828,0,0,30,20,2,13,3,0,0,0,6,27,2,122,18,HYBRID_SIMULATED,BUSY,BUSY
7,21,1,GOODS,65,HIGH,3,4000,3313,0.828,0,0,20,24,9,5,2,3,2,1,13,0,-2,14,18,HYBRID_SIMULATED,NORMAL,NORMAL
7,21,1,SAFETY,19,HIGH,3,4000,3313,0.828,0,0,45,28,-1,13,0,0,0,3,21,11,0,100,18,HYBRID_SIMULATED,NORMAL,NORMAL
7,22,1,STAGE,42,HIGH,3,4000,3738,0.934,0,1,0,68,5,11,0,3,0,3,16,41,14,111,18,HYBRID_SIMULATED,BUSY,VERY_BUSY
7,22,1,PUB,0,HIGH,3,4000,3738,0.934,1,0,0,50,3,10,6,7,2,1,10,31,18,54,18,HYBRID_SIMULATED,BUSY,VERY_BUSY
7,22,1,FOOD,59,HIGH,3,4000,3738,0.934,1,0,0,39,3,-6,5,6,1,1,14,23,12,57,18,HYBRID_SIMULATED,BUSY,BUSY
7,22,1,EXPERIENCE,46,HIGH,3,4000,3738,0.934,0,0,10,16,11,7,2,4,2,0,17,6,3,91,18,HYBRID_SIMULATED,NORMAL,NORMAL
7,22,1,GOODS,70,HIGH,3,4000,3738,0.934,0,0,0,10,6,10,0,2,0,0,9,12,5,34,18,HYBRID_SIMULATED,LOW,LOW
7,22,1,SAFETY,34,HIGH,3,4000,3738,0.934,0,0,20,15,7,13,1,0,1,0,12,12,1,94,18,HYBRID_SIMULATED,NORMAL,NORMAL
7,23,0,STAGE,41,MEDIUM,2,4000,536,0.134,0,0,20,16,5,5,4,0,2,1,12,33,0,142,18,HYBRID_SIMULATED,BUSY,VERY_BUSY
7,23,0,PUB,0,MEDIUM,2,4000,536,0.134,1,0,45,61,6,-1,4,3,0,1,8,26,-2,54,18,HYBRID_SIMULATED,BUSY,VERY_BUSY
7,23,0,FOOD,32,MEDIUM,2,4000,536,0.134,1,0,10,51,-5,-6,7,2,0,0,7,44,1,31,18,HYBRID_SIMULATED,BUSY,VERY_BUSY
7,23,0,EXPERIENCE,31,MEDIUM,2,4000,536,0.134,0,0,45,20,3,5,0,0,0,0,14,21,11,105,18,HYBRID_SIMULATED,NORMAL,NORMAL
7,23,0,GOODS,43,MEDIUM,2,4000,536,0.134,0,0,30,5,3,-2,1,0,0,0,22,15,-5,51,18,HYBRID_SIMULATED,LOW,LOW
7,23,0,SAFETY,14,MEDIUM,2,4000,536,0.134,0,0,10,13,2,6,8,2,3,2,4,18,1,58,18,HYBRID_SIMULATED,BUSY,NORMAL
7,24,0,STAGE,41,MEDIUM,2,4000,665,0.166,0,0,30,25,1,2,1,2,0,0,27,17,-5,156,18,HYBRID_SIMULATED,NORMAL,NORMAL
7,24,0,PUB,0,MEDIUM,2,4000,665,0.166,1,0,45,58,1,-8,5,3,3,0,12,36,2,17,18,HYBRID_SIMULATED,VERY_BUSY,VERY_BUSY
7,24,0,FOOD,10,MEDIUM,2,4000,665,0.166,1,0,20,62,3,14,6,5,3,0,11,36,1,29,18,HYBRID_SIMULATED,VERY_BUSY,VERY_BUSY
7,24,0,EXPERIENCE,78,MEDIUM,2,4000,665,0.166,0,0,45,21,3,12,2,1,0,0,12,15,3,108,18,HYBRID_SIMULATED,NORMAL,NORMAL
7,24,0,GOODS,60,MEDIUM,2,4000,665,0.166,0,0,0,22,-2,-5,3,2,1,0,13,13,-1,21,18,HYBRID_SIMULATED,NORMAL,NORMAL
7,24,0,SAFETY,71,MEDIUM,2,4000,665,0.166,0,0,10,10,2,-8,1,1,0,0,16,14,-4,111,18,HYBRID_SIMULATED,NORMAL,NORMAL
8,10,0,STAGE,42,LOW,1,4000,551,0.138,0,0,480,24,3,0,5,0,1,0,12,34,-6,90,18,HYBRID_SIMULATED,BUSY,VERY_BUSY
8,10,0,PUB,0,LOW,1,4000,551,0.138,0,0,480,0,0,-1,0,1,0,0,18,4,0,74,18,HYBRID_SIMULATED,LOW,LOW
8,10,0,FOOD,27,LOW,1,4000,551,0.138,0,0,480,12,-1,-5,2,2,0,0,17,18,-1,65,18,HYBRID_SIMULATED,NORMAL,NORMAL
8,10,0,EXPERIENCE,21,LOW,1,4000,551,0.138,0,0,480,25,2,1,0,0,0,0,13,24,11,80,18,HYBRID_SIMULATED,NORMAL,NORMAL
8,10,0,GOODS,38,LOW,1,4000,551,0.138,0,0,480,21,-2,3,9,2,6,2,12,17,5,36,18,HYBRID_SIMULATED,BUSY,NORMAL
8,10,0,SAFETY,39,LOW,1,4000,551,0.138,0,0,480,11,-3,11,1,2,0,0,20,0,5,116,18,HYBRID_SIMULATED,LOW,LOW
8,11,0,STAGE,42,LOW,1,4000,882,0.221,0,0,420,22,-4,0,1,5,1,0,19,26,4,61,18,HYBRID_SIMULATED,NORMAL,NORMAL
8,11,0,PUB,0,LOW,1,4000,882,0.221,0,0,420,7,-6,3,0,0,0,0,23,20,1,52,18,HYBRID_SIMULATED,LOW,LOW
8,11,0,FOOD,5,LOW,1,4000,882,0.221,0,0,420,7,7,5,0,0,0,1,20,8,6,81,18,HYBRID_SIMULATED,LOW,LOW
8,11,0,EXPERIENCE,63,LOW,1,4000,882,0.221,0,0,420,22,-1,12,4,0,4,1,7,15,5,100,18,HYBRID_SIMULATED,BUSY,BUSY
8,11,0,GOODS,70,LOW,1,4000,882,0.221,0,0,420,22,-1,-5,0,1,0,0,16,21,1,77,18,HYBRID_SIMULATED,NORMAL,NORMAL
8,11,0,SAFETY,66,LOW,1,4000,882,0.221,0,0,420,7,1,5,7,3,0,0,5,8,1,141,18,HYBRID_SIMULATED,NORMAL,NORMAL
8,12,0,STAGE,42,MEDIUM,2,4000,129,0.032,0,0,360,9,2,3,7,3,2,1,9,23,2,69,18,HYBRID_SIMULATED,BUSY,NORMAL
8,12,0,PUB,0,MEDIUM,2,4000,129,0.032,0,0,360,21,3,0,0,4,0,0,17,16,8,62,18,HYBRID_SIMULATED,NORMAL,NORMAL
8,12,0,FOOD,62,MEDIUM,2,4000,129,0.032,0,0,360,24,4,-7,6,7,1,0,8,19,10,51,18,HYBRID_SIMULATED,BUSY,BUSY
8,12,0,EXPERIENCE,1,MEDIUM,2,4000,129,0.032,0,0,360,15,5,0,4,3,4,0,15,23,-1,64,18,HYBRID_SIMULATED,BUSY,BUSY
8,12,0,GOODS,38,MEDIUM,2,4000,129,0.032,0,0,360,13,-2,12,3,2,1,0,9,19,7,40,18,HYBRID_SIMULATED,NORMAL,NORMAL
8,12,0,SAFETY,29,MEDIUM,2,4000,129,0.032,0,0,360,19,-4,4,0,1,0,0,21,5,0,124,18,HYBRID_SIMULATED,NORMAL,NORMAL
8,13,0,STAGE,41,HIGH,3,4000,532,0.133,0,0,300,20,4,2,1,2,1,0,16,32,-6,135,18,HYBRID_SIMULATED,NORMAL,VERY_BUSY
8,13,0,PUB,0,HIGH,3,4000,532,0.133,0,0,300,22,-4,-16,2,1,1,0,11,23,-4,37,18,HYBRID_SIMULATED,NORMAL,NORMAL
8,13,0,FOOD,37,HIGH,3,4000,532,0.133,0,0,300,23,5,8,4,1,0,0,11,32,3,86,18,HYBRID_SIMULATED,BUSY,BUSY
8,13,0,EXPERIENCE,31,HIGH,3,4000,532,0.133,0,0,300,44,-7,-5,2,3,2,0,23,11,7,112,18,HYBRID_SIMULATED,NORMAL,NORMAL
8,13,0,GOODS,28,HIGH,3,4000,532,0.133,0,0,300,21,2,-3,1,2,1,0,23,15,1,73,18,HYBRID_SIMULATED,NORMAL,NORMAL
8,13,0,SAFETY,56,HIGH,3,4000,532,0.133,0,0,300,7,6,-4,5,5,1,0,12,18,0,148,18,HYBRID_SIMULATED,NORMAL,NORMAL
8,14,0,STAGE,41,MEDIUM,2,4000,198,0.05,0,0,240,33,12,2,0,2,0,1,7,28,0,69,18,HYBRID_SIMULATED,NORMAL,NORMAL
8,14,0,PUB,0,MEDIUM,2,4000,198,0.05,0,0,240,35,-7,0,4,3,0,0,8,32,0,62,18,HYBRID_SIMULATED,BUSY,NORMAL
8,14,0,FOOD,20,MEDIUM,2,4000,198,0.05,0,0,240,14,-3,10,1,0,0,2,19,6,0,65,18,HYBRID_SIMULATED,NORMAL,LOW
8,14,0,EXPERIENCE,6,MEDIUM,2,4000,198,0.05,0,0,240,34,1,1,1,0,0,0,15,10,6,136,18,HYBRID_SIMULATED,NORMAL,NORMAL
8,14,0,GOODS,48,MEDIUM,2,4000,198,0.05,0,0,240,3,-1,3,0,1,0,0,24,15,5,81,18,HYBRID_SIMULATED,LOW,LOW
8,14,0,SAFETY,71,MEDIUM,2,4000,198,0.05,0,0,240,8,-4,4,0,0,0,1,18,6,1,64,18,HYBRID_SIMULATED,LOW,LOW
8,15,0,STAGE,42,LOW,1,4000,306,0.076,0,0,180,20,10,4,0,1,0,0,11,22,3,109,18,HYBRID_SIMULATED,NORMAL,NORMAL
8,15,0,PUB,0,LOW,1,4000,306,0.076,0,0,180,15,2,-3,0,0,0,1,10,9,0,51,18,HYBRID_SIMULATED,NORMAL,NORMAL
8,15,0,FOOD,7,LOW,1,4000,306,0.076,0,0,180,1,1,-1,3,0,0,1,19,4,-2,62,18,HYBRID_SIMULATED,LOW,LOW
8,15,0,EXPERIENCE,26,LOW,1,4000,306,0.076,0,0,180,30,6,4,2,2,0,0,16,10,7,95,18,HYBRID_SIMULATED,NORMAL,NORMAL
8,15,0,GOODS,28,LOW,1,4000,306,0.076,0,0,180,13,2,12,0,3,0,0,17,8,15,39,18,HYBRID_SIMULATED,NORMAL,LOW
8,15,0,SAFETY,81,LOW,1,4000,306,0.076,0,0,180,21,0,2,1,2,0,0,18,9,-4,143,18,HYBRID_SIMULATED,NORMAL,NORMAL
8,16,0,STAGE,41,LOW,1,4000,537,0.134,0,0,120,8,2,-10,2,1,0,0,15,21,-2,60,18,HYBRID_SIMULATED,NORMAL,LOW
8,16,0,PUB,0,LOW,1,4000,537,0.134,0,0,120,25,8,9,0,5,0,0,17,13,-1,41,18,HYBRID_SIMULATED,NORMAL,NORMAL
8,16,0,FOOD,27,LOW,1,4000,537,0.134,0,0,120,18,-5,1,1,0,0,0,30,5,-6,3,18,HYBRID_SIMULATED,NORMAL,NORMAL
8,16,0,EXPERIENCE,6,LOW,1,4000,537,0.134,0,0,120,35,4,-4,0,0,0,0,18,11,7,114,18,HYBRID_SIMULATED,NORMAL,NORMAL
8,16,0,GOODS,60,LOW,1,4000,537,0.134,0,0,120,28,0,4,0,0,0,0,13,29,-3,78,18,HYBRID_SIMULATED,NORMAL,NORMAL
8,16,0,SAFETY,61,LOW,1,4000,537,0.134,0,0,120,20,5,-7,4,3,4,2,3,4,5,84,18,HYBRID_SIMULATED,BUSY,NORMAL
8,17,0,STAGE,41,HIGH,3,4000,818,0.204,0,0,60,13,6,3,0,0,0,0,15,25,3,125,18,HYBRID_SIMULATED,NORMAL,BUSY
8,17,0,PUB,0,HIGH,3,4000,818,0.204,0,0,60,12,6,11,2,0,1,0,16,28,0,34,18,HYBRID_SIMULATED,NORMAL,NORMAL
8,17,0,FOOD,7,HIGH,3,4000,818,0.204,0,0,60,11,-14,11,2,1,0,0,15,8,3,49,18,HYBRID_SIMULATED,NORMAL,NORMAL
8,17,0,EXPERIENCE,53,HIGH,3,4000,818,0.204,0,0,60,34,3,-2,0,0,0,0,18,17,-4,102,18,HYBRID_SIMULATED,NORMAL,NORMAL
8,17,0,GOODS,23,HIGH,3,4000,818,0.204,0,0,60,36,-1,6,6,0,4,0,6,25,0,56,18,HYBRID_SIMULATED,BUSY,BUSY
8,17,0,SAFETY,50,HIGH,3,4000,818,0.204,0,0,60,19,-2,9,5,0,1,0,6,10,-2,146,18,HYBRID_SIMULATED,BUSY,NORMAL
8,18,1,STAGE,41,MEDIUM,2,4000,1559,0.39,0,1,20,39,12,10,0,0,0,2,12,22,6,111,18,HYBRID_SIMULATED,NORMAL,BUSY
8,18,1,PUB,0,MEDIUM,2,4000,1559,0.39,1,0,45,58,19,-4,5,1,0,0,9,38,-2,32,18,HYBRID_SIMULATED,BUSY,VERY_BUSY
8,18,1,FOOD,54,MEDIUM,2,4000,1559,0.39,1,0,30,58,1,5,12,4,7,0,2,39,11,42,18,HYBRID_SIMULATED,VERY_BUSY,VERY_BUSY
8,18,1,EXPERIENCE,36,MEDIUM,2,4000,1559,0.39,0,0,30,15,2,15,1,0,0,0,20,17,7,78,18,HYBRID_SIMULATED,NORMAL,NORMAL
8,18,1,GOODS,70,MEDIUM,2,4000,1559,0.39,0,0,20,25,16,6,1,3,1,0,16,18,3,51,18,HYBRID_SIMULATED,NORMAL,NORMAL
8,18,1,SAFETY,19,MEDIUM,2,4000,1559,0.39,0,0,30,12,5,12,0,4,0,0,17,15,-1,75,18,HYBRID_SIMULATED,NORMAL,NORMAL
8,19,1,STAGE,42,MEDIUM,2,4000,2720,0.68,0,1,0,57,8,14,1,0,0,2,11,34,7,106,18,HYBRID_SIMULATED,BUSY,VERY_BUSY
8,19,1,PUB,0,MEDIUM,2,4000,2720,0.68,1,0,10,65,14,20,7,5,2,0,5,36,6,22,18,HYBRID_SIMULATED,BUSY,VERY_BUSY
8,19,1,FOOD,5,MEDIUM,2,4000,2720,0.68,1,0,45,42,-1,17,11,5,3,1,3,37,5,44,18,HYBRID_SIMULATED,VERY_BUSY,VERY_BUSY
8,19,1,EXPERIENCE,31,MEDIUM,2,4000,2720,0.68,0,0,20,22,7,10,3,1,1,0,11,11,0,133,18,HYBRID_SIMULATED,NORMAL,NORMAL
8,19,1,GOODS,3,MEDIUM,2,4000,2720,0.68,0,0,10,39,5,8,0,0,0,0,25,16,-5,41,18,HYBRID_SIMULATED,NORMAL,NORMAL
8,19,1,SAFETY,9,MEDIUM,2,4000,2720,0.68,0,0,20,28,3,-12,3,0,2,1,12,16,0,105,18,HYBRID_SIMULATED,BUSY,BUSY
8,20,1,STAGE,42,HIGH,3,4000,3025,0.756,0,1,0,76,4,-7,5,3,4,0,12,55,2,101,18,HYBRID_SIMULATED,VERY_BUSY,VERY_BUSY
8,20,1,PUB,0,HIGH,3,4000,3025,0.756,1,0,45,32,12,4,9,9,0,0,4,30,8,46,18,HYBRID_SIMULATED,BUSY,VERY_BUSY
8,20,1,FOOD,47,HIGH,3,4000,3025,0.756,1,0,0,27,5,7,10,4,4,1,4,31,2,25,18,HYBRID_SIMULATED,VERY_BUSY,VERY_BUSY
8,20,1,EXPERIENCE,6,HIGH,3,4000,3025,0.756,0,0,20,18,12,18,3,3,0,1,12,20,13,87,18,HYBRID_SIMULATED,NORMAL,NORMAL
8,20,1,GOODS,18,HIGH,3,4000,3025,0.756,0,0,45,32,11,6,3,0,0,0,15,18,4,56,18,HYBRID_SIMULATED,NORMAL,BUSY
8,20,1,SAFETY,34,HIGH,3,4000,3025,0.756,0,0,45,16,-4,5,0,0,0,0,22,0,-4,129,18,HYBRID_SIMULATED,NORMAL,NORMAL
8,21,1,STAGE,41,MEDIUM,2,4000,1634,0.408,0,1,20,41,3,8,4,2,1,0,12,30,2,106,18,HYBRID_SIMULATED,BUSY,VERY_BUSY
8,21,1,PUB,0,MEDIUM,2,4000,1634,0.408,1,0,10,55,6,15,5,4,3,0,5,39,5,50,18,HYBRID_SIMULATED,VERY_BUSY,VERY_BUSY
8,21,1,FOOD,67,MEDIUM,2,4000,1634,0.408,1,0,30,54,1,4,21,6,5,0,0,56,9,0,18,HYBRID_SIMULATED,VERY_BUSY,VERY_BUSY
8,21,1,EXPERIENCE,21,MEDIUM,2,4000,1634,0.408,0,0,0,12,12,-7,1,4,0,0,21,14,1,93,18,HYBRID_SIMULATED,NORMAL,NORMAL
8,21,1,GOODS,18,MEDIUM,2,4000,1634,0.408,0,0,30,28,8,8,0,0,0,0,15,12,-2,74,18,HYBRID_SIMULATED,NORMAL,NORMAL
8,21,1,SAFETY,19,MEDIUM,2,4000,1634,0.408,0,0,20,28,5,6,7,7,7,3,2,18,9,91,18,HYBRID_SIMULATED,VERY_BUSY,BUSY
8,22,1,STAGE,41,HIGH,3,4000,3700,0.925,0,1,0,77,-4,-5,6,2,4,0,4,46,8,116,18,HYBRID_SIMULATED,VERY_BUSY,VERY_BUSY
8,22,1,PUB,0,HIGH,3,4000,3700,0.925,1,0,20,48,11,-5,2,4,0,1,18,22,0,55,18,HYBRID_SIMULATED,NORMAL,BUSY
8,22,1,FOOD,64,HIGH,3,4000,3700,0.925,1,0,30,39,1,9,15,4,4,0,0,42,6,17,18,HYBRID_SIMULATED,VERY_BUSY,VERY_BUSY
8,22,1,EXPERIENCE,1,HIGH,3,4000,3700,0.925,0,0,10,13,4,13,10,0,5,0,2,33,0,70,18,HYBRID_SIMULATED,VERY_BUSY,BUSY
8,22,1,GOODS,18,HIGH,3,4000,3700,0.925,0,0,10,17,0,-5,1,0,0,0,19,16,2,59,18,HYBRID_SIMULATED,NORMAL,NORMAL
8,22,1,SAFETY,24,HIGH,3,4000,3700,0.925,0,0,30,33,10,8,8,2,3,0,2,19,12,120,18,HYBRID_SIMULATED,BUSY,BUSY
8,23,0,STAGE,42,LOW,1,4000,634,0.159,0,0,45,16,-3,4,2,4,0,0,17,27,7,73,18,HYBRID_SIMULATED,NORMAL,NORMAL
8,23,0,PUB,0,LOW,1,4000,634,0.159,1,0,0,51,12,2,8,4,5,1,6,41,9,20,18,HYBRID_SIMULATED,VERY_BUSY,VERY_BUSY
8,23,0,FOOD,10,LOW,1,4000,634,0.159,1,0,10,56,12,3,10,2,4,0,8,40,0,0,18,HYBRID_SIMULATED,VERY_BUSY,VERY_BUSY
8,23,0,EXPERIENCE,36,LOW,1,4000,634,0.159,0,0,20,27,8,-3,5,3,3,0,13,17,-1,164,18,HYBRID_SIMULATED,BUSY,BUSY
8,23,0,GOODS,13,LOW,1,4000,634,0.159,0,0,10,10,10,10,0,0,0,0,19,13,-2,76,18,HYBRID_SIMULATED,LOW,LOW
8,23,0,SAFETY,29,LOW,1,4000,634,0.159,0,0,10,16,4,0,0,1,0,0,16,6,5,106,18,HYBRID_SIMULATED,NORMAL,LOW
8,24,0,STAGE,42,LOW,1,4000,650,0.163,0,0,0,19,-5,5,0,1,0,1,17,32,2,87,18,HYBRID_SIMULATED,NORMAL,NORMAL
8,24,0,PUB,0,LOW,1,4000,650,0.163,1,0,0,68,-10,14,2,1,2,1,12,45,2,32,18,HYBRID_SIMULATED,BUSY,VERY_BUSY
8,24,0,FOOD,77,LOW,1,4000,650,0.163,1,0,20,51,-2,-4,7,4,5,0,12,28,4,55,18,HYBRID_SIMULATED,BUSY,VERY_BUSY
8,24,0,EXPERIENCE,21,LOW,1,4000,650,0.163,0,0,0,28,3,6,0,5,0,0,13,13,8,97,18,HYBRID_SIMULATED,NORMAL,NORMAL
8,24,0,GOODS,8,LOW,1,4000,650,0.163,0,0,10,14,-5,-3,2,2,0,1,15,9,3,52,18,HYBRID_SIMULATED,NORMAL,NORMAL
8,24,0,SAFETY,24,LOW,1,4000,650,0.163,0,0,0,15,4,3,0,0,0,3,19,6,6,76,18,HYBRID_SIMULATED,NORMAL,NORMAL
9,10,0,STAGE,42,HIGH,3,4000,1034,0.259,0,0,480,28,5,-1,4,0,4,2,17,30,3,116,18,HYBRID_SIMULATED,BUSY,VERY_BUSY
9,10,0,PUB,0,HIGH,3,4000,1034,0.259,0,0,480,7,4,7,1,0,1,1,19,12,9,65,18,HYBRID_SIMULATED,LOW,LOW
9,10,0,FOOD,35,HIGH,3,4000,1034,0.259,0,0,480,3,-1,3,3,2,3,1,14,27,-1,50,18,HYBRID_SIMULATED,NORMAL,LOW
9,10,0,EXPERIENCE,53,HIGH,3,4000,1034,0.259,0,0,480,11,3,6,6,3,1,2,9,23,0,117,18,HYBRID_SIMULATED,BUSY,NORMAL
9,10,0,GOODS,18,HIGH,3,4000,1034,0.259,0,0,480,14,0,5,5,2,1,0,4,16,1,63,18,HYBRID_SIMULATED,BUSY,NORMAL
9,10,0,SAFETY,81,HIGH,3,4000,1034,0.259,0,0,480,25,-7,5,0,0,0,2,15,5,0,123,18,HYBRID_SIMULATED,NORMAL,NORMAL
9,11,0,STAGE,41,HIGH,3,4000,652,0.163,0,0,420,20,-1,-6,2,4,0,0,19,28,5,120,18,HYBRID_SIMULATED,NORMAL,BUSY
9,11,0,PUB,0,HIGH,3,4000,652,0.163,0,0,420,22,7,12,3,4,2,0,11,25,0,48,18,HYBRID_SIMULATED,BUSY,NORMAL
9,11,0,FOOD,59,HIGH,3,4000,652,0.163,0,0,420,28,-2,6,3,3,0,0,15,27,6,76,18,HYBRID_SIMULATED,BUSY,NORMAL
9,11,0,EXPERIENCE,53,HIGH,3,4000,652,0.163,0,0,420,17,-5,-5,0,2,0,1,16,11,-2,132,18,HYBRID_SIMULATED,NORMAL,NORMAL
9,11,0,GOODS,33,HIGH,3,4000,652,0.163,0,0,420,9,-5,4,2,0,0,0,11,9,-6,59,18,HYBRID_SIMULATED,NORMAL,NORMAL
9,11,0,SAFETY,50,HIGH,3,4000,652,0.163,0,0,420,18,2,-2,1,0,1,1,22,0,0,106,18,HYBRID_SIMULATED,NORMAL,NORMAL
9,12,0,STAGE,42,MEDIUM,2,4000,714,0.178,0,0,360,9,6,1,2,0,0,0,10,20,-3,112,18,HYBRID_SIMULATED,NORMAL,BUSY
9,12,0,PUB,0,MEDIUM,2,4000,714,0.178,0,0,360,27,-5,3,0,0,0,1,19,34,2,51,18,HYBRID_SIMULATED,NORMAL,NORMAL
9,12,0,FOOD,57,MEDIUM,2,4000,714,0.178,0,0,360,29,11,7,8,6,0,0,4,30,10,47,18,HYBRID_SIMULATED,BUSY,BUSY
9,12,0,EXPERIENCE,11,MEDIUM,2,4000,714,0.178,0,0,360,26,-1,2,0,1,0,0,18,15,1,112,18,HYBRID_SIMULATED,NORMAL,NORMAL
9,12,0,GOODS,13,MEDIUM,2,4000,714,0.178,0,0,360,10,-5,-8,0,0,0,0,25,3,-1,95,18,HYBRID_SIMULATED,LOW,LOW
9,12,0,SAFETY,14,MEDIUM,2,4000,714,0.178,0,0,360,7,-1,-4,0,2,0,1,20,12,2,153,18,HYBRID_SIMULATED,LOW,LOW
9,13,0,STAGE,42,LOW,1,4000,968,0.242,0,0,300,15,-1,0,0,3,0,0,22,17,0,83,18,HYBRID_SIMULATED,NORMAL,NORMAL
9,13,0,PUB,0,LOW,1,4000,968,0.242,0,0,300,1,1,-8,1,1,1,1,24,21,0,69,18,HYBRID_SIMULATED,LOW,LOW
9,13,0,FOOD,67,LOW,1,4000,968,0.242,0,0,300,13,10,2,11,1,11,1,0,49,3,64,18,HYBRID_SIMULATED,VERY_BUSY,BUSY
9,13,0,EXPERIENCE,53,LOW,1,4000,968,0.242,0,0,300,47,6,6,2,0,0,0,15,18,4,117,18,HYBRID_SIMULATED,NORMAL,NORMAL
9,13,0,GOODS,38,LOW,1,4000,968,0.242,0,0,300,18,1,1,2,0,0,0,9,12,0,63,18,HYBRID_SIMULATED,NORMAL,NORMAL
9,13,0,SAFETY,71,LOW,1,4000,968,0.242,0,0,300,13,8,0,2,0,0,0,17,12,-1,109,18,HYBRID_SIMULATED,NORMAL,NORMAL
9,14,0,STAGE,41,LOW,1,4000,890,0.223,0,0,240,21,2,5,0,1,0,0,19,17,6,106,18,HYBRID_SIMULATED,NORMAL,NORMAL
9,14,0,PUB,0,LOW,1,4000,890,0.223,0,0,240,12,1,-2,3,0,0,0,9,27,-1,46,18,HYBRID_SIMULATED,NORMAL,LOW
9,14,0,FOOD,67,LOW,1,4000,890,0.223,0,0,240,7,5,2,16,6,8,2,0,19,10,20,18,HYBRID_SIMULATED,BUSY,NORMAL
9,14,0,EXPERIENCE,78,LOW,1,4000,890,0.223,0,0,240,46,-9,1,6,3,3,0,6,38,2,89,18,HYBRID_SIMULATED,VERY_BUSY,BUSY
9,14,0,GOODS,18,LOW,1,4000,890,0.223,0,0,240,29,0,4,5,6,0,2,13,20,6,37,18,HYBRID_SIMULATED,BUSY,BUSY
9,14,0,SAFETY,39,LOW,1,4000,890,0.223,0,0,240,17,-2,5,2,3,0,0,15,0,-1,154,18,HYBRID_SIMULATED,NORMAL,LOW
9,15,0,STAGE,41,MEDIUM,2,4000,725,0.181,0,0,180,20,6,-1,0,2,0,0,16,28,4,98,18,HYBRID_SIMULATED,NORMAL,NORMAL
9,15,0,PUB,0,MEDIUM,2,4000,725,0.181,0,0,180,6,-2,2,0,0,0,1,17,22,-1,54,18,HYBRID_SIMULATED,LOW,LOW
9,15,0,FOOD,20,MEDIUM,2,4000,725,0.181,0,0,180,21,6,4,1,2,0,0,22,20,1,49,18,HYBRID_SIMULATED,NORMAL,NORMAL
9,15,0,EXPERIENCE,73,MEDIUM,2,4000,725,0.181,0,0,180,34,-2,10,2,2,0,0,15,20,4,123,18,HYBRID_SIMULATED,NORMAL,NORMAL
9,15,0,GOODS,55,MEDIUM,2,4000,725,0.181,0,0,180,23,3,3,7,4,3,0,9,28,0,47,18,HYBRID_SIMULATED,BUSY,BUSY
9,15,0,SAFETY,29,MEDIUM,2,4000,725,0.181,0,0,180,10,10,4,1,0,0,0,13,5,6,119,18,HYBRID_SIMULATED,LOW,LOW
9,16,0,STAGE,41,MEDIUM,2,4000,734,0.183,0,0,120,19,0,10,3,3,1,0,18,18,7,113,18,HYBRID_SIMULATED,NORMAL,BUSY
9,16,0,PUB,0,MEDIUM,2,4000,734,0.183,0,0,120,10,4,-12,1,4,0,0,17,16,3,70,18,HYBRID_SIMULATED,NORMAL,NORMAL
9,16,0,FOOD,10,MEDIUM,2,4000,734,0.183,0,0,120,10,7,10,1,1,0,0,18,17,1,53,18,HYBRID_SIMULATED,NORMAL,LOW
9,16,0,EXPERIENCE,58,MEDIUM,2,4000,734,0.183,0,0,120,36,1,-2,9,2,3,0,3,27,-6,95,18,HYBRID_SIMULATED,VERY_BUSY,BUSY
9,16,0,GOODS,80,MEDIUM,2,4000,734,0.183,0,0,120,25,7,4,3,0,0,0,19,22,0,32,18,HYBRID_SIMULATED,NORMAL,BUSY
9,16,0,SAFETY,39,MEDIUM,2,4000,734,0.183,0,0,120,0,-3,0,2,1,0,0,18,5,7,109,18,HYBRID_SIMULATED,LOW,LOW
9,17,0,STAGE,41,HIGH,3,4000,1067,0.267,0,0,60,21,7,6,1,2,0,0,18,7,8,71,18,HYBRID_SIMULATED,NORMAL,BUSY
9,17,0,PUB,0,HIGH,3,4000,1067,0.267,0,0,60,27,8,-1,2,3,0,2,12,27,3,26,18,HYBRID_SIMULATED,NORMAL,NORMAL
9,17,0,FOOD,7,HIGH,3,4000,1067,0.267,0,0,60,30,-6,-11,0,2,0,0,15,32,5,75,18,HYBRID_SIMULATED,NORMAL,NORMAL
9,17,0,EXPERIENCE,53,HIGH,3,4000,1067,0.267,0,0,60,43,-4,-12,5,0,5,0,5,15,0,90,18,HYBRID_SIMULATED,BUSY,BUSY
9,17,0,GOODS,13,HIGH,3,4000,1067,0.267,0,0,60,30,1,11,0,1,0,1,23,13,9,58,18,HYBRID_SIMULATED,NORMAL,NORMAL
9,17,0,SAFETY,9,HIGH,3,4000,1067,0.267,0,0,60,2,2,2,0,1,0,0,20,10,7,95,18,HYBRID_SIMULATED,LOW,LOW
9,18,1,STAGE,42,LOW,1,4000,1513,0.378,0,1,45,50,7,11,3,3,0,0,15,40,8,92,18,HYBRID_SIMULATED,BUSY,VERY_BUSY
9,18,1,PUB,0,LOW,1,4000,1513,0.378,1,0,20,65,2,2,3,4,3,2,12,38,3,49,18,HYBRID_SIMULATED,BUSY,VERY_BUSY
9,18,1,FOOD,17,LOW,1,4000,1513,0.378,1,0,20,66,7,9,4,2,2,2,15,40,0,31,18,HYBRID_SIMULATED,BUSY,VERY_BUSY
9,18,1,EXPERIENCE,73,LOW,1,4000,1513,0.378,0,0,10,32,5,4,3,3,3,0,9,14,3,81,18,HYBRID_SIMULATED,BUSY,BUSY
9,18,1,GOODS,13,LOW,1,4000,1513,0.378,0,0,20,31,5,0,4,1,0,0,9,8,-6,35,18,HYBRID_SIMULATED,NORMAL,NORMAL
9,18,1,SAFETY,66,LOW,1,4000,1513,0.378,0,0,10,22,8,1,12,1,5,2,7,35,-1,101,18,HYBRID_SIMULATED,VERY_BUSY,BUSY
9,19,1,STAGE,41,LOW,1,4000,1592,0.398,0,1,10,56,3,16,0,2,0,0,16,43,4,127,18,HYBRID_SIMULATED,BUSY,BUSY
9,19,1,PUB,0,LOW,1,4000,1592,0.398,1,0,30,54,8,10,10,3,8,1,0,38,5,19,18,HYBRID_SIMULATED,VERY_BUSY,VERY_BUSY
9,19,1,FOOD,27,LOW,1,4000,1592,0.398,1,0,0,53,0,-2,12,1,7,0,0,47,1,32,18,HYBRID_SIMULATED,VERY_BUSY,VERY_BUSY
9,19,1,EXPERIENCE,31,LOW,1,4000,1592,0.398,0,0,0,14,6,12,0,0,0,0,19,7,2,95,18,HYBRID_SIMULATED,NORMAL,NORMAL
9,19,1,GOODS,75,LOW,1,4000,1592,0.398,0,0,30,32,-6,20,0,4,0,0,16,0,4,68,18,HYBRID_SIMULATED,NORMAL,NORMAL
9,19,1,SAFETY,56,LOW,1,4000,1592,0.398,0,0,20,26,11,13,0,2,0,1,22,12,1,118,18,HYBRID_SIMULATED,NORMAL,LOW
9,20,1,STAGE,41,LOW,1,4000,891,0.223,0,1,0,47,4,5,1,2,0,0,19,33,14,100,18,HYBRID_SIMULATED,BUSY,BUSY
9,20,1,PUB,0,LOW,1,4000,891,0.223,1,0,30,60,7,9,5,4,2,0,3,37,5,49,18,HYBRID_SIMULATED,VERY_BUSY,VERY_BUSY
9,20,1,FOOD,12,LOW,1,4000,891,0.223,1,0,0,56,13,5,11,6,4,0,1,41,8,22,18,HYBRID_SIMULATED,VERY_BUSY,VERY_BUSY
9,20,1,EXPERIENCE,36,LOW,1,4000,891,0.223,0,0,30,19,2,0,1,1,0,0,15,22,1,81,18,HYBRID_SIMULATED,NORMAL,BUSY
9,20,1,GOODS,18,LOW,1,4000,891,0.223,0,0,30,32,-9,13,3,3,0,0,10,26,-5,51,18,HYBRID_SIMULATED,BUSY,BUSY
9,20,1,SAFETY,81,LOW,1,4000,891,0.223,0,0,45,25,2,14,0,0,0,0,24,8,5,92,18,HYBRID_SIMULATED,NORMAL,NORMAL
9,21,1,STAGE,41,LOW,1,4000,1282,0.321,0,1,20,41,12,6,0,3,0,0,23,15,8,109,18,HYBRID_SIMULATED,NORMAL,BUSY
9,21,1,PUB,0,LOW,1,4000,1282,0.321,1,0,30,59,9,8,6,2,2,0,13,46,4,49,18,HYBRID_SIMULATED,VERY_BUSY,VERY_BUSY
9,21,1,FOOD,40,LOW,1,4000,1282,0.321,1,0,10,57,11,13,9,5,2,2,1,30,6,8,18,HYBRID_SIMULATED,VERY_BUSY,VERY_BUSY
9,21,1,EXPERIENCE,11,LOW,1,4000,1282,0.321,0,0,20,16,5,16,0,0,0,0,20,22,0,107,18,HYBRID_SIMULATED,NORMAL,NORMAL
9,21,1,GOODS,80,LOW,1,4000,1282,0.321,0,0,0,28,2,28,3,1,3,0,15,15,6,22,18,HYBRID_SIMULATED,BUSY,NORMAL
9,21,1,SAFETY,14,LOW,1,4000,1282,0.321,0,0,20,15,12,9,2,2,1,1,12,7,0,105,18,HYBRID_SIMULATED,NORMAL,NORMAL
9,22,1,STAGE,41,MEDIUM,2,4000,2713,0.678,0,1,0,43,6,8,3,1,0,0,12,26,10,118,18,HYBRID_SIMULATED,BUSY,VERY_BUSY
9,22,1,PUB,0,MEDIUM,2,4000,2713,0.678,1,0,10,68,-3,5,7,3,3,2,14,36,11,49,18,HYBRID_SIMULATED,VERY_BUSY,VERY_BUSY
9,22,1,FOOD,37,MEDIUM,2,4000,2713,0.678,1,0,30,54,8,12,9,3,2,0,7,35,9,0,18,HYBRID_SIMULATED,VERY_BUSY,VERY_BUSY
9,22,1,EXPERIENCE,73,MEDIUM,2,4000,2713,0.678,0,0,10,36,8,3,0,0,0,0,18,14,-4,76,18,HYBRID_SIMULATED,NORMAL,NORMAL
9,22,1,GOODS,3,MEDIUM,2,4000,2713,0.678,0,0,20,23,11,13,4,0,0,0,10,6,8,47,18,HYBRID_SIMULATED,NORMAL,NORMAL
9,22,1,SAFETY,61,MEDIUM,2,4000,2713,0.678,0,0,45,28,-2,16,15,2,10,3,0,21,0,31,18,HYBRID_SIMULATED,VERY_BUSY,VERY_BUSY
9,23,0,STAGE,41,MEDIUM,2,4000,400,0.1,0,0,45,26,10,-19,0,0,0,0,19,25,-10,102,18,HYBRID_SIMULATED,NORMAL,NORMAL
9,23,0,PUB,0,MEDIUM,2,4000,400,0.1,1,0,10,64,3,14,10,5,7,2,3,26,3,28,18,HYBRID_SIMULATED,VERY_BUSY,VERY_BUSY
9,23,0,FOOD,2,MEDIUM,2,4000,400,0.1,1,0,20,64,10,7,18,4,12,4,0,59,3,16,18,HYBRID_SIMULATED,VERY_BUSY,VERY_BUSY
9,23,0,EXPERIENCE,6,MEDIUM,2,4000,400,0.1,0,0,10,24,7,3,0,1,0,0,22,20,7,98,18,HYBRID_SIMULATED,NORMAL,NORMAL
9,23,0,GOODS,43,MEDIUM,2,4000,400,0.1,0,0,45,12,-2,12,0,0,0,0,19,9,0,2,18,HYBRID_SIMULATED,NORMAL,LOW
9,23,0,SAFETY,29,MEDIUM,2,4000,400,0.1,0,0,0,17,-3,-7,4,5,1,0,5,15,9,102,18,HYBRID_SIMULATED,BUSY,NORMAL
9,24,0,STAGE,42,MEDIUM,2,4000,302,0.075,0,0,10,14,4,0,0,6,0,0,22,27,7,67,18,HYBRID_SIMULATED,NORMAL,BUSY
9,24,0,PUB,0,MEDIUM,2,4000,302,0.075,1,0,10,75,-1,9,10,7,5,0,8,50,5,11,18,HYBRID_SIMULATED,VERY_BUSY,VERY_BUSY
9,24,0,FOOD,72,MEDIUM,2,4000,302,0.075,1,0,20,67,-3,3,11,5,5,0,0,50,9,3,18,HYBRID_SIMULATED,VERY_BUSY,VERY_BUSY
9,24,0,EXPERIENCE,53,MEDIUM,2,4000,302,0.075,0,0,0,19,-1,12,7,4,4,0,14,24,9,112,18,HYBRID_SIMULATED,BUSY,BUSY
9,24,0,GOODS,3,MEDIUM,2,4000,302,0.075,0,0,30,18,7,9,0,3,0,0,21,6,9,24,18,HYBRID_SIMULATED,NORMAL,NORMAL
9,24,0,SAFETY,39,MEDIUM,2,4000,302,0.075,0,0,45,21,-2,4,5,1,1,0,13,4,-1,35,18,HYBRID_SIMULATED,BUSY,NORMAL
10,10,0,STAGE,41,MEDIUM,2,4000,262,0.066,0,0,480,14,9,0,2,0,1,0,18,14,1,114,18,HYBRID_SIMULATED,NORMAL,NORMAL
10,10,0,PUB,0,MEDIUM,2,4000,262,0.066,0,0,480,20,0,2,3,4,1,1,10,18,4,38,18,HYBRID_SIMULATED,NORMAL,NORMAL
10,10,0,FOOD,62,MEDIUM,2,4000,262,0.066,0,0,480,22,-4,8,4,6,2,0,14,30,5,56,18,HYBRID_SIMULATED,BUSY,BUSY
10,10,0,EXPERIENCE,58,MEDIUM,2,4000,262,0.066,0,0,480,19,7,5,10,3,3,0,1,16,0,94,18,HYBRID_SIMULATED,BUSY,BUSY
10,10,0,GOODS,3,MEDIUM,2,4000,262,0.066,0,0,480,7,7,-6,0,1,0,0,22,3,4,58,18,HYBRID_SIMULATED,LOW,LOW
10,10,0,SAFETY,66,MEDIUM,2,4000,262,0.066,0,0,480,12,7,4,15,5,7,0,0,25,1,106,18,HYBRID_SIMULATED,VERY_BUSY,NORMAL
10,11,0,STAGE,41,LOW,1,4000,946,0.236,0,0,420,22,-1,13,1,1,1,0,12,32,4,108,18,HYBRID_SIMULATED,NORMAL,BUSY
10,11,0,PUB,0,LOW,1,4000,946,0.236,0,0,420,3,2,3,0,0,0,0,21,17,-7,71,18,HYBRID_SIMULATED,LOW,LOW
10,11,0,FOOD,79,LOW,1,4000,946,0.236,0,0,420,19,5,12,1,0,1,0,16,24,-1,90,18,HYBRID_SIMULATED,NORMAL,NORMAL
10,11,0,EXPERIENCE,26,LOW,1,4000,946,0.236,0,0,420,20,-3,6,7,1,1,0,8,17,7,89,18,HYBRID_SIMULATED,BUSY,NORMAL
10,11,0,GOODS,8,LOW,1,4000,946,0.236,0,0,420,9,2,-1,5,2,3,0,10,11,5,28,18,HYBRID_SIMULATED,NORMAL,NORMAL
10,11,0,SAFETY,76,LOW,1,4000,946,0.236,0,0,420,22,0,-7,2,0,0,1,17,9,-4,95,18,HYBRID_SIMULATED,NORMAL,NORMAL
10,12,0,STAGE,42,LOW,1,4000,308,0.077,0,0,360,18,10,-11,5,1,5,0,4,22,-4,118,18,HYBRID_SIMULATED,BUSY,BUSY
10,12,0,PUB,0,LOW,1,4000,308,0.077,0,0,360,10,-3,2,0,0,0,0,23,6,-5,61,18,HYBRID_SIMULATED,LOW,LOW
10,12,0,FOOD,35,LOW,1,4000,308,0.077,0,0,360,23,-7,6,0,1,0,0,16,21,8,71,18,HYBRID_SIMULATED,NORMAL,NORMAL
10,12,0,EXPERIENCE,63,LOW,1,4000,308,0.077,0,0,360,31,11,11,0,2,0,0,17,13,6,81,18,HYBRID_SIMULATED,NORMAL,NORMAL
10,12,0,GOODS,80,LOW,1,4000,308,0.077,0,0,360,18,-6,5,0,1,0,2,16,6,0,81,18,HYBRID_SIMULATED,NORMAL,NORMAL
10,12,0,SAFETY,61,LOW,1,4000,308,0.077,0,0,360,12,-6,10,11,5,8,0,0,8,9,108,18,HYBRID_SIMULATED,BUSY,NORMAL
10,13,0,STAGE,42,MEDIUM,2,4000,360,0.09,0,0,300,23,3,13,0,1,0,1,17,26,5,114,18,HYBRID_SIMULATED,NORMAL,NORMAL
10,13,0,PUB,0,MEDIUM,2,4000,360,0.09,0,0,300,9,3,-1,8,5,2,0,1,24,0,33,18,HYBRID_SIMULATED,BUSY,NORMAL
10,13,0,FOOD,47,MEDIUM,2,4000,360,0.09,0,0,300,9,-5,9,2,0,1,1,13,15,6,50,18,HYBRID_SIMULATED,NORMAL,NORMAL
10,13,0,EXPERIENCE,11,MEDIUM,2,4000,360,0.09,0,0,300,33,4,9,0,1,0,1,18,10,0,135,18,HYBRID_SIMULATED,NORMAL,NORMAL
10,13,0,GOODS,70,MEDIUM,2,4000,360,0.09,0,0,300,21,3,2,5,2,1,0,15,26,-1,20,18,HYBRID_SIMULATED,BUSY,BUSY
10,13,0,SAFETY,29,MEDIUM,2,4000,360,0.09,0,0,300,5,-1,2,5,0,1,0,11,18,1,70,18,HYBRID_SIMULATED,NORMAL,NORMAL
10,14,0,STAGE,41,LOW,1,4000,367,0.092,0,0,240,28,3,-5,4,5,0,0,15,31,3,142,18,HYBRID_SIMULATED,BUSY,BUSY
10,14,0,PUB,0,LOW,1,4000,367,0.092,0,0,240,17,3,7,3,0,1,0,7,22,1,27,18,HYBRID_SIMULATED,BUSY,NORMAL
10,14,0,FOOD,25,LOW,1,4000,367,0.092,0,0,240,25,10,3,1,3,0,0,13,21,1,77,18,HYBRID_SIMULATED,NORMAL,NORMAL
10,14,0,EXPERIENCE,53,LOW,1,4000,367,0.092,0,0,240,34,4,-1,4,5,0,0,9,30,7,153,18,HYBRID_SIMULATED,BUSY,BUSY
10,14,0,GOODS,80,LOW,1,4000,367,0.092,0,0,240,16,10,8,5,3,1,0,13,21,4,47,18,HYBRID_SIMULATED,BUSY,BUSY
10,14,0,SAFETY,61,LOW,1,4000,367,0.092,0,0,240,5,5,5,14,2,6,0,0,27,8,129,18,HYBRID_SIMULATED,BUSY,NORMAL
10,15,0,STAGE,41,HIGH,3,4000,383,0.096,0,0,180,25,1,6,5,5,2,0,0,22,8,116,18,HYBRID_SIMULATED,VERY_BUSY,VERY_BUSY
10,15,0,PUB,0,HIGH,3,4000,383,0.096,0,0,180,9,5,9,1,0,1,1,13,12,2,55,18,HYBRID_SIMULATED,NORMAL,LOW
10,15,0,FOOD,20,HIGH,3,4000,383,0.096,0,0,180,18,-2,5,7,0,3,0,10,39,-3,63,18,HYBRID_SIMULATED,VERY_BUSY,BUSY
10,15,0,EXPERIENCE,68,HIGH,3,4000,383,0.096,0,0,180,38,12,3,0,1,0,1,16,16,11,122,18,HYBRID_SIMULATED,NORMAL,NORMAL
10,15,0,GOODS,13,HIGH,3,4000,383,0.096,0,0,180,18,2,7,1,4,0,0,11,13,10,53,18,HYBRID_SIMULATED,NORMAL,NORMAL
10,15,0,SAFETY,44,HIGH,3,4000,383,0.096,0,0,180,13,2,-2,7,3,7,1,7,15,7,80,18,HYBRID_SIMULATED,BUSY,NORMAL
10,16,0,STAGE,41,MEDIUM,2,4000,920,0.23,0,0,120,16,-5,1,3,2,2,0,12,17,2,60,18,HYBRID_SIMULATED,BUSY,BUSY
10,16,0,PUB,0,MEDIUM,2,4000,920,0.23,0,0,120,14,7,8,0,0,0,1,17,15,3,47,18,HYBRID_SIMULATED,NORMAL,LOW
10,16,0,FOOD,40,MEDIUM,2,4000,920,0.23,0,0,120,3,3,3,7,3,3,0,6,4,7,62,18,HYBRID_SIMULATED,NORMAL,LOW
10,16,0,EXPERIENCE,26,MEDIUM,2,4000,920,0.23,0,0,120,41,5,7,2,0,1,2,19,16,6,111,18,HYBRID_SIMULATED,NORMAL,NORMAL
10,16,0,GOODS,18,MEDIUM,2,4000,920,0.23,0,0,120,30,5,9,1,1,0,0,21,12,1,73,18,HYBRID_SIMULATED,NORMAL,NORMAL
10,16,0,SAFETY,29,MEDIUM,2,4000,920,0.23,0,0,120,21,7,-7,8,2,6,1,0,15,9,55,18,HYBRID_SIMULATED,VERY_BUSY,BUSY
10,17,0,STAGE,42,LOW,1,4000,268,0.067,0,0,60,17,-3,3,0,1,0,0,21,7,7,75,18,HYBRID_SIMULATED,NORMAL,NORMAL
10,17,0,PUB,0,LOW,1,4000,268,0.067,0,0,60,16,2,4,0,0,0,0,20,22,-2,44,18,HYBRID_SIMULATED,NORMAL,NORMAL
10,17,0,FOOD,17,LOW,1,4000,268,0.067,0,0,60,15,5,3,3,4,3,2,11,36,1,52,18,HYBRID_SIMULATED,BUSY,NORMAL
10,17,0,EXPERIENCE,78,LOW,1,4000,268,0.067,0,0,60,33,5,-7,1,1,1,0,20,13,0,52,18,HYBRID_SIMULATED,NORMAL,NORMAL
10,17,0,GOODS,13,LOW,1,4000,268,0.067,0,0,60,24,-6,6,2,2,1,0,16,16,8,52,18,HYBRID_SIMULATED,NORMAL,NORMAL
10,17,0,SAFETY,50,LOW,1,4000,268,0.067,0,0,60,14,4,1,0,0,0,1,16,7,-6,107,18,HYBRID_SIMULATED,NORMAL,NORMAL
10,18,1,STAGE,42,LOW,1,4000,1191,0.298,0,1,10,41,12,9,6,2,3,0,11,34,8,47,18,HYBRID_SIMULATED,VERY_BUSY,VERY_BUSY
10,18,1,PUB,0,LOW,1,4000,1191,0.298,1,0,0,40,11,-5,6,6,1,0,12,36,5,59,18,HYBRID_SIMULATED,BUSY,VERY_BUSY
10,18,1,FOOD,10,LOW,1,4000,1191,0.298,1,0,45,62,-1,3,4,4,0,0,13,29,-2,7,18,HYBRID_SIMULATED,BUSY,VERY_BUSY
10,18,1,EXPERIENCE,63,LOW,1,4000,1191,0.298,0,0,10,19,6,12,0,0,0,0,14,22,2,148,18,HYBRID_SIMULATED,NORMAL,NORMAL
10,18,1,GOODS,3,LOW,1,4000,1191,0.298,0,0,0,31,-1,9,4,0,0,0,13,21,-3,22,18,HYBRID_SIMULATED,BUSY,BUSY
10,18,1,SAFETY,24,LOW,1,4000,1191,0.298,0,0,10,25,8,8,2,0,0,0,10,17,0,94,18,HYBRID_SIMULATED,NORMAL,NORMAL
10,19,1,STAGE,41,LOW,1,4000,1070,0.268,0,1,30,51,5,-2,0,1,0,0,17,33,5,134,18,HYBRID_SIMULATED,NORMAL,BUSY
10,19,1,PUB,0,LOW,1,4000,1070,0.268,1,0,30,69,3,5,12,4,4,2,0,42,2,31,18,HYBRID_SIMULATED,VERY_BUSY,VERY_BUSY
10,19,1,FOOD,40,LOW,1,4000,1070,0.268,1,0,45,43,-8,13,9,5,6,0,5,37,6,17,18,HYBRID_SIMULATED,VERY_BUSY,VERY_BUSY
10,19,1,EXPERIENCE,73,LOW,1,4000,1070,0.268,0,0,0,10,-5,5,0,0,0,0,17,6,-2,40,18,HYBRID_SIMULATED,LOW,NORMAL
10,19,1,GOODS,43,LOW,1,4000,1070,0.268,0,0,20,42,2,8,2,1,0,0,15,17,0,45,18,HYBRID_SIMULATED,NORMAL,NORMAL
10,19,1,SAFETY,71,LOW,1,4000,1070,0.268,0,0,10,21,3,12,1,0,1,0,23,9,1,108,18,HYBRID_SIMULATED,NORMAL,NORMAL
10,20,1,STAGE,42,MEDIUM,2,4000,1943,0.486,0,1,0,47,9,7,1,0,1,1,17,25,3,102,18,HYBRID_SIMULATED,BUSY,VERY_BUSY
10,20,1,PUB,0,MEDIUM,2,4000,1943,0.486,1,0,0,59,4,1,7,6,0,0,10,41,5,0,18,HYBRID_SIMULATED,VERY_BUSY,VERY_BUSY
10,20,1,FOOD,22,MEDIUM,2,4000,1943,0.486,1,0,10,53,-1,-2,6,5,4,1,4,40,7,39,18,HYBRID_SIMULATED,VERY_BUSY,VERY_BUSY
10,20,1,EXPERIENCE,58,MEDIUM,2,4000,1943,0.486,0,0,0,20,12,10,14,5,8,1,0,28,1,74,18,HYBRID_SIMULATED,VERY_BUSY,BUSY
10,20,1,GOODS,43,MEDIUM,2,4000,1943,0.486,0,0,10,26,0,2,5,0,4,1,5,25,-10,63,18,HYBRID_SIMULATED,BUSY,BUSY
10,20,1,SAFETY,39,MEDIUM,2,4000,1943,0.486,0,0,10,24,4,22,2,5,2,1,14,18,8,97,18,HYBRID_SIMULATED,NORMAL,BUSY
10,21,1,STAGE,42,MEDIUM,2,4000,2742,0.685,0,1,20,50,5,16,7,0,3,3,11,40,4,104,18,HYBRID_SIMULATED,VERY_BUSY,VERY_BUSY
10,21,1,PUB,0,MEDIUM,2,4000,2742,0.685,1,0,45,65,2,12,8,3,2,1,3,25,9,60,18,HYBRID_SIMULATED,BUSY,VERY_BUSY
10,21,1,FOOD,45,MEDIUM,2,4000,2742,0.685,1,0,10,44,-3,4,7,3,3,3,8,27,7,51,18,HYBRID_SIMULATED,BUSY,VERY_BUSY
10,21,1,EXPERIENCE,46,MEDIUM,2,4000,2742,0.685,0,0,0,22,9,6,9,2,2,1,5,18,-1,122,18,HYBRID_SIMULATED,BUSY,BUSY
10,21,1,GOODS,23,MEDIUM,2,4000,2742,0.685,0,0,45,38,7,5,0,0,0,0,26,32,0,37,18,HYBRID_SIMULATED,NORMAL,NORMAL
10,21,1,SAFETY,50,MEDIUM,2,4000,2742,0.685,0,0,0,35,1,11,2,0,0,2,17,19,5,134,18,HYBRID_SIMULATED,NORMAL,BUSY
10,22,1,STAGE,42,HIGH,3,4000,3096,0.774,0,1,10,73,8,4,7,4,7,1,15,55,13,111,18,HYBRID_SIMULATED,VERY_BUSY,VERY_BUSY
10,22,1,PUB,0,HIGH,3,4000,3096,0.774,1,0,10,35,12,5,8,5,3,0,2,32,2,47,18,HYBRID_SIMULATED,VERY_BUSY,VERY_BUSY
10,22,1,FOOD,37,HIGH,3,4000,3096,0.774,1,0,10,56,-1,3,8,10,2,0,11,44,12,0,18,HYBRID_SIMULATED,VERY_BUSY,VERY_BUSY
10,22,1,EXPERIENCE,63,HIGH,3,4000,3096,0.774,0,0,30,20,8,-11,8,0,1,0,12,16,-8,123,18,HYBRID_SIMULATED,BUSY,BUSY
10,22,1,GOODS,18,HIGH,3,4000,3096,0.774,0,0,20,22,11,0,0,3,0,0,21,24,3,20,18,HYBRID_SIMULATED,NORMAL,NORMAL
10,22,1,SAFETY,39,HIGH,3,4000,3096,0.774,0,0,45,20,3,-5,1,1,0,0,14,15,-4,109,18,HYBRID_SIMULATED,NORMAL,NORMAL
10,23,0,STAGE,41,MEDIUM,2,4000,778,0.195,0,0,45,35,-6,2,5,0,1,1,4,43,1,71,18,HYBRID_SIMULATED,BUSY,VERY_BUSY
10,23,0,PUB,0,MEDIUM,2,4000,778,0.195,1,0,30,65,8,1,3,3,3,4,14,50,8,44,18,HYBRID_SIMULATED,BUSY,VERY_BUSY
10,23,0,FOOD,74,MEDIUM,2,4000,778,0.195,1,0,20,50,-4,13,14,8,5,0,2,35,4,23,18,HYBRID_SIMULATED,VERY_BUSY,VERY_BUSY
10,23,0,EXPERIENCE,73,MEDIUM,2,4000,778,0.195,0,0,45,13,8,2,0,3,0,1,19,0,1,118,18,HYBRID_SIMULATED,LOW,LOW
10,23,0,GOODS,48,MEDIUM,2,4000,778,0.195,0,0,0,18,3,11,4,0,0,0,19,10,2,17,18,HYBRID_SIMULATED,NORMAL,NORMAL
10,23,0,SAFETY,29,MEDIUM,2,4000,778,0.195,0,0,10,14,-1,14,0,0,0,0,13,0,6,100,18,HYBRID_SIMULATED,NORMAL,LOW
10,24,0,STAGE,42,MEDIUM,2,4000,1017,0.254,0,0,20,24,-2,5,3,4,0,0,5,31,0,117,18,HYBRID_SIMULATED,BUSY,BUSY
10,24,0,PUB,0,MEDIUM,2,4000,1017,0.254,1,0,30,64,5,-10,15,5,8,1,0,57,0,10,18,HYBRID_SIMULATED,VERY_BUSY,VERY_BUSY
10,24,0,FOOD,25,MEDIUM,2,4000,1017,0.254,1,0,10,70,4,10,8,1,0,0,8,35,2,0,18,HYBRID_SIMULATED,VERY_BUSY,VERY_BUSY
10,24,0,EXPERIENCE,31,MEDIUM,2,4000,1017,0.254,0,0,20,15,15,1,0,4,0,1,16,1,11,128,18,HYBRID_SIMULATED,NORMAL,NORMAL
10,24,0,GOODS,38,MEDIUM,2,4000,1017,0.254,0,0,45,13,3,-15,3,0,2,2,18,15,0,18,18,HYBRID_SIMULATED,NORMAL,NORMAL
10,24,0,SAFETY,39,MEDIUM,2,4000,1017,0.254,0,0,30,14,-8,10,2,0,0,0,14,0,3,118,18,HYBRID_SIMULATED,NORMAL,LOW
11,10,0,STAGE,42,MEDIUM,2,4000,185,0.046,0,0,480,30,-2,18,0,0,0,0,18,45,0,115,18,HYBRID_SIMULATED,NORMAL,BUSY
11,10,0,PUB,0,MEDIUM,2,4000,185,0.046,0,0,480,11,-4,-10,0,2,0,0,14,28,0,68,18,HYBRID_SIMULATED,NORMAL,LOW
11,10,0,FOOD,10,MEDIUM,2,4000,185,0.046,0,0,480,21,3,-4,3,2,2,3,12,35,0,106,18,HYBRID_SIMULATED,BUSY,BUSY
11,10,0,EXPERIENCE,63,MEDIUM,2,4000,185,0.046,0,0,480,22,0,-6,0,0,0,0,21,18,1,129,18,HYBRID_SIMULATED,NORMAL,NORMAL
11,10,0,GOODS,70,MEDIUM,2,4000,185,0.046,0,0,480,22,6,0,4,7,2,0,9,18,1,87,18,HYBRID_SIMULATED,BUSY,BUSY
11,10,0,SAFETY,9,MEDIUM,2,4000,185,0.046,0,0,480,14,4,-18,2,1,2,0,21,2,-3,123,18,HYBRID_SIMULATED,NORMAL,NORMAL
11,11,0,STAGE,41,MEDIUM,2,4000,630,0.158,0,0,420,2,2,-6,4,3,2,1,15,30,-4,63,18,HYBRID_SIMULATED,NORMAL,NORMAL
11,11,0,PUB,0,MEDIUM,2,4000,630,0.158,0,0,420,18,1,18,0,0,0,0,21,18,5,31,18,HYBRID_SIMULATED,NORMAL,NORMAL
11,11,0,FOOD,40,MEDIUM,2,4000,630,0.158,0,0,420,22,-1,7,0,1,0,1,11,28,0,82,18,HYBRID_SIMULATED,NORMAL,NORMAL
11,11,0,EXPERIENCE,11,MEDIUM,2,4000,630,0.158,0,0,420,21,-8,0,4,5,0,2,8,27,1,115,18,HYBRID_SIMULATED,BUSY,NORMAL
11,11,0,GOODS,13,MEDIUM,2,4000,630,0.158,0,0,420,12,5,12,1,0,0,0,15,8,6,81,18,HYBRID_SIMULATED,NORMAL,NORMAL
11,11,0,SAFETY,71,MEDIUM,2,4000,630,0.158,0,0,420,10,-1,10,2,3,0,0,18,8,1,105,18,HYBRID_SIMULATED,NORMAL,LOW
11,12,0,STAGE,41,MEDIUM,2,4000,312,0.078,0,0,360,17,-5,-5,0,0,0,0,17,21,1,115,18,HYBRID_SIMULATED,NORMAL,NORMAL
11,12,0,PUB,0,MEDIUM,2,4000,312,0.078,0,0,360,15,8,0,4,0,0,2,17,33,-3,69,18,HYBRID_SIMULATED,BUSY,BUSY
11,12,0,FOOD,17,MEDIUM,2,4000,312,0.078,0,0,360,12,4,-4,2,0,1,0,23,10,-8,57,18,HYBRID_SIMULATED,NORMAL,NORMAL
11,12,0,EXPERIENCE,31,MEDIUM,2,4000,312,0.078,0,0,360,37,6,1,1,2,1,0,9,11,4,130,18,HYBRID_SIMULATED,NORMAL,NORMAL
11,12,0,GOODS,33,MEDIUM,2,4000,312,0.078,0,0,360,25,4,-4,0,1,0,0,23,18,6,67,18,HYBRID_SIMULATED,NORMAL,NORMAL
11,12,0,SAFETY,66,MEDIUM,2,4000,312,0.078,0,0,360,27,-1,-5,11,3,5,2,7,30,3,128,18,HYBRID_SIMULATED,VERY_BUSY,BUSY
11,13,0,STAGE,42,HIGH,3,4000,852,0.213,0,0,300,19,-3,-1,0,0,0,0,16,34,3,116,18,HYBRID_SIMULATED,NORMAL,VERY_BUSY
11,13,0,PUB,0,HIGH,3,4000,852,0.213,0,0,300,12,1,1,7,5,4,1,4,22,1,64,18,HYBRID_SIMULATED,BUSY,BUSY
11,13,0,FOOD,5,HIGH,3,4000,852,0.213,0,0,300,16,7,-9,1,0,0,0,16,22,-3,71,18,HYBRID_SIMULATED,NORMAL,NORMAL
11,13,0,EXPERIENCE,78,HIGH,3,4000,852,0.213,0,0,300,30,5,-1,4,2,2,1,17,8,4,124,18,HYBRID_SIMULATED,BUSY,BUSY
11,13,0,GOODS,48,HIGH,3,4000,852,0.213,0,0,300,12,2,0,1,0,0,0,15,19,8,56,18,HYBRID_SIMULATED,NORMAL,NORMAL
11,13,0,SAFETY,19,HIGH,3,4000,852,0.213,0,0,300,15,2,0,2,3,0,1,9,17,3,153,18,HYBRID_SIMULATED,NORMAL,NORMAL
11,14,0,STAGE,42,LOW,1,4000,705,0.176,0,0,240,18,-5,14,3,0,0,0,23,11,5,123,18,HYBRID_SIMULATED,NORMAL,BUSY
11,14,0,PUB,0,LOW,1,4000,705,0.176,0,0,240,17,-3,5,0,1,0,1,23,15,3,80,18,HYBRID_SIMULATED,NORMAL,NORMAL
11,14,0,FOOD,77,LOW,1,4000,705,0.176,0,0,240,15,2,13,5,5,0,0,12,22,2,38,18,HYBRID_SIMULATED,BUSY,BUSY
11,14,0,EXPERIENCE,26,LOW,1,4000,705,0.176,0,0,240,32,4,8,1,0,0,2,14,19,-2,57,18,HYBRID_SIMULATED,NORMAL,NORMAL
11,14,0,GOODS,70,LOW,1,4000,705,0.176,0,0,240,11,-2,9,4,1,0,3,6,19,0,59,18,HYBRID_SIMULATED,NORMAL,NORMAL
11,14,0,SAFETY,29,LOW,1,4000,705,0.176,0,0,240,7,7,7,4,1,3,0,10,19,1,110,18,HYBRID_SIMULATED,NORMAL,NORMAL
11,15,0,STAGE,41,MEDIUM,2,4000,940,0.235,0,0,180,24,-2,2,6,0,2,0,4,22,0,116,18,HYBRID_SIMULATED,BUSY,VERY_BUSY
11,15,0,PUB,0,MEDIUM,2,4000,940,0.235,0,0,180,16,1,1,1,0,1,1,14,24,2,67,18,HYBRID_SIMULATED,NORMAL,NORMAL
11,15,0,FOOD,79,MEDIUM,2,4000,940,0.235,0,0,180,14,-8,9,2,2,1,0,12,22,1,85,18,HYBRID_SIMULATED,NORMAL,NORMAL
11,15,0,EXPERIENCE,31,MEDIUM,2,4000,940,0.235,0,0,180,39,-4,22,3,0,0,2,12,27,7,105,18,HYBRID_SIMULATED,BUSY,BUSY
11,15,0,GOODS,65,MEDIUM,2,4000,940,0.235,0,0,180,8,1,2,0,0,0,0,19,7,0,33,18,HYBRID_SIMULATED,LOW,LOW
11,15,0,SAFETY,61,MEDIUM,2,4000,940,0.235,0,0,180,31,11,0,9,3,7,0,5,33,2,73,18,HYBRID_SIMULATED,VERY_BUSY,BUSY
11,16,0,STAGE,41,LOW,1,4000,848,0.212,0,0,120,8,-10,8,2,0,0,0,17,2,0,108,18,HYBRID_SIMULATED,LOW,NORMAL
11,16,0,PUB,0,LOW,1,4000,848,0.212,0,0,120,17,2,2,4,2,0,2,13,26,-2,69,18,HYBRID_SIMULATED,BUSY,BUSY
11,16,0,FOOD,12,LOW,1,4000,848,0.212,0,0,120,31,10,-7,2,2,0,0,15,22,-2,41,18,HYBRID_SIMULATED,NORMAL,NORMAL
11,16,0,EXPERIENCE,46,LOW,1,4000,848,0.212,0,0,120,41,8,8,3,0,3,0,12,21,10,113,18,HYBRID_SIMULATED,BUSY,BUSY
11,16,0,GOODS,55,LOW,1,4000,848,0.212,0,0,120,39,10,-1,2,0,1,0,16,15,-1,59,18,HYBRID_SIMULATED,NORMAL,NORMAL
11,16,0,SAFETY,4,LOW,1,4000,848,0.212,0,0,120,15,6,0,1,0,0,2,15,2,5,97,18,HYBRID_SIMULATED,NORMAL,NORMAL
11,17,0,STAGE,41,LOW,1,4000,1060,0.265,0,0,60,25,-6,-4,3,0,0,0,9,25,-2,119,18,HYBRID_SIMULATED,NORMAL,NORMAL
11,17,0,PUB,0,LOW,1,4000,1060,0.265,0,0,60,12,3,5,6,1,3,0,9,28,4,56,18,HYBRID_SIMULATED,BUSY,BUSY
11,17,0,FOOD,17,LOW,1,4000,1060,0.265,0,0,60,17,9,-2,2,6,0,1,19,12,2,36,18,HYBRID_SIMULATED,NORMAL,NORMAL
11,17,0,EXPERIENCE,31,LOW,1,4000,1060,0.265,0,0,60,34,-3,2,2,0,2,0,17,27,2,110,18,HYBRID_SIMULATED,BUSY,BUSY
11,17,0,GOODS,70,LOW,1,4000,1060,0.265,0,0,60,40,-3,3,1,0,0,0,11,12,5,50,18,HYBRID_SIMULATED,NORMAL,NORMAL
11,17,0,SAFETY,44,LOW,1,4000,1060,0.265,0,0,60,15,6,11,6,3,1,0,9,13,1,121,18,HYBRID_SIMULATED,BUSY,BUSY
11,18,1,STAGE,42,HIGH,3,4000,3439,0.86,0,1,30,72,-3,2,0,0,0,1,23,25,11,132,18,HYBRID_SIMULATED,NORMAL,VERY_BUSY
11,18,1,PUB,0,HIGH,3,4000,3439,0.86,1,0,10,40,4,6,3,5,2,0,15,27,7,45,18,HYBRID_SIMULATED,BUSY,BUSY
11,18,1,FOOD,32,HIGH,3,4000,3439,0.86,1,0,10,33,-7,13,7,4,0,0,11,40,14,80,18,HYBRID_SIMULATED,BUSY,VERY_BUSY
11,18,1,EXPERIENCE,6,HIGH,3,4000,3439,0.86,0,0,20,18,11,3,4,1,0,0,12,13,-1,89,18,HYBRID_SIMULATED,NORMAL,BUSY
11,18,1,GOODS,18,HIGH,3,4000,3439,0.86,0,0,45,33,2,11,0,0,0,0,17,9,3,57,18,HYBRID_SIMULATED,NORMAL,NORMAL
11,18,1,SAFETY,39,HIGH,3,4000,3439,0.86,0,0,20,15,13,14,2,4,0,0,6,20,4,52,18,HYBRID_SIMULATED,NORMAL,NORMAL
11,19,1,STAGE,41,HIGH,3,4000,4050,1.012,0,1,10,70,4,0,2,3,2,0,13,30,8,149,18,HYBRID_SIMULATED,BUSY,VERY_BUSY
11,19,1,PUB,0,HIGH,3,4000,4050,1.012,1,0,0,29,2,7,5,6,4,1,11,25,4,49,18,HYBRID_SIMULATED,BUSY,BUSY
11,19,1,FOOD,12,HIGH,3,4000,4050,1.012,1,0,20,46,6,14,13,8,6,2,6,36,7,57,18,HYBRID_SIMULATED,VERY_BUSY,VERY_BUSY
11,19,1,EXPERIENCE,46,HIGH,3,4000,4050,1.012,0,0,45,18,-4,18,4,1,3,0,12,10,-1,125,18,HYBRID_SIMULATED,BUSY,BUSY
11,19,1,GOODS,23,HIGH,3,4000,4050,1.012,0,0,30,23,9,18,0,2,0,0,24,9,5,82,18,HYBRID_SIMULATED,NORMAL,NORMAL
11,19,1,SAFETY,19,HIGH,3,4000,4050,1.012,0,0,0,31,9,13,3,0,0,0,9,9,4,104,18,HYBRID_SIMULATED,NORMAL,NORMAL
11,20,1,STAGE,42,HIGH,3,4000,3179,0.795,0,1,45,78,6,20,1,0,0,0,15,44,10,97,18,HYBRID_SIMULATED,BUSY,VERY_BUSY
11,20,1,PUB,0,HIGH,3,4000,3179,0.795,1,0,20,37,0,8,4,3,0,0,8,38,10,47,18,HYBRID_SIMULATED,BUSY,BUSY
11,20,1,FOOD,10,HIGH,3,4000,3179,0.795,1,0,20,39,3,9,7,1,1,0,7,33,-7,42,18,HYBRID_SIMULATED,BUSY,VERY_BUSY
11,20,1,EXPERIENCE,26,HIGH,3,4000,3179,0.795,0,0,20,13,0,13,4,2,1,0,7,20,5,117,18,HYBRID_SIMULATED,BUSY,NORMAL
11,20,1,GOODS,80,HIGH,3,4000,3179,0.795,0,0,0,28,3,2,0,0,0,0,18,8,-3,47,18,HYBRID_SIMULATED,NORMAL,NORMAL
11,20,1,SAFETY,66,HIGH,3,4000,3179,0.795,0,0,10,31,12,9,9,1,5,0,0,4,6,79,18,HYBRID_SIMULATED,BUSY,NORMAL
11,21,1,STAGE,41,HIGH,3,4000,3019,0.755,0,1,0,90,2,9,0,3,0,0,10,36,1,108,18,HYBRID_SIMULATED,NORMAL,VERY_BUSY
11,21,1,PUB,0,HIGH,3,4000,3019,0.755,1,0,10,28,9,9,11,6,4,1,4,25,7,18,18,HYBRID_SIMULATED,BUSY,VERY_BUSY
11,21,1,FOOD,32,HIGH,3,4000,3019,0.755,1,0,45,39,16,18,8,1,4,1,5,33,4,34,18,HYBRID_SIMULATED,VERY_BUSY,VERY_BUSY
11,21,1,EXPERIENCE,1,HIGH,3,4000,3019,0.755,0,0,20,26,6,15,12,3,5,1,2,17,9,122,18,HYBRID_SIMULATED,BUSY,BUSY
11,21,1,GOODS,3,HIGH,3,4000,3019,0.755,0,0,20,31,15,10,4,0,4,1,9,30,-1,36,18,HYBRID_SIMULATED,BUSY,BUSY
11,21,1,SAFETY,81,HIGH,3,4000,3019,0.755,0,0,10,28,4,7,8,1,1,0,12,8,2,104,18,HYBRID_SIMULATED,BUSY,BUSY
11,22,1,STAGE,42,HIGH,3,4000,3988,0.997,0,1,0,85,3,13,2,1,2,0,6,52,3,94,18,HYBRID_SIMULATED,BUSY,VERY_BUSY
11,22,1,PUB,0,HIGH,3,4000,3988,0.997,1,0,0,32,16,4,12,0,7,3,1,44,-3,8,18,HYBRID_SIMULATED,VERY_BUSY,VERY_BUSY
11,22,1,FOOD,62,HIGH,3,4000,3988,0.997,1,0,0,38,2,17,12,4,3,2,0,32,5,6,18,HYBRID_SIMULATED,VERY_BUSY,VERY_BUSY
11,22,1,EXPERIENCE,53,HIGH,3,4000,3988,0.997,0,0,30,6,-6,6,0,0,0,0,14,12,0,97,18,HYBRID_SIMULATED,LOW,LOW
11,22,1,GOODS,60,HIGH,3,4000,3988,0.997,0,0,30,7,3,7,0,4,0,0,17,3,9,43,18,HYBRID_SIMULATED,LOW,LOW
11,22,1,SAFETY,24,HIGH,3,4000,3988,0.997,0,0,10,28,9,2,0,0,0,0,17,9,5,136,18,HYBRID_SIMULATED,NORMAL,NORMAL
11,23,0,STAGE,42,MEDIUM,2,4000,926,0.232,0,0,30,29,-4,0,0,2,0,0,21,26,-4,114,18,HYBRID_SIMULATED,NORMAL,BUSY
11,23,0,PUB,0,MEDIUM,2,4000,926,0.232,1,0,10,69,11,2,8,2,4,1,7,60,6,25,18,HYBRID_SIMULATED,VERY_BUSY,VERY_BUSY
11,23,0,FOOD,72,MEDIUM,2,4000,926,0.232,1,0,10,54,2,2,7,4,4,1,13,41,5,44,18,HYBRID_SIMULATED,VERY_BUSY,VERY_BUSY
11,23,0,EXPERIENCE,26,MEDIUM,2,4000,926,0.232,0,0,30,30,1,6,4,4,0,1,9,12,1,126,18,HYBRID_SIMULATED,NORMAL,NORMAL
11,23,0,GOODS,60,MEDIUM,2,4000,926,0.232,0,0,0,15,-4,-1,0,0,0,0,13,21,-2,59,18,HYBRID_SIMULATED,NORMAL,NORMAL
11,23,0,SAFETY,81,MEDIUM,2,4000,926,0.232,0,0,0,7,1,-7,4,0,0,0,13,9,10,118,18,HYBRID_SIMULATED,NORMAL,NORMAL
11,24,0,STAGE,42,MEDIUM,2,4000,995,0.249,0,0,10,18,3,6,0,0,0,0,17,25,3,54,18,HYBRID_SIMULATED,NORMAL,NORMAL
11,24,0,PUB,0,MEDIUM,2,4000,995,0.249,1,0,20,52,5,18,8,5,3,0,9,43,9,28,18,HYBRID_SIMULATED,VERY_BUSY,VERY_BUSY
11,24,0,FOOD,40,MEDIUM,2,4000,995,0.249,1,0,10,69,1,-3,1,2,0,0,19,27,-5,40,18,HYBRID_SIMULATED,NORMAL,BUSY
11,24,0,EXPERIENCE,63,MEDIUM,2,4000,995,0.249,0,0,0,23,0,4,0,0,0,0,22,22,1,83,18,HYBRID_SIMULATED,NORMAL,NORMAL
11,24,0,GOODS,18,MEDIUM,2,4000,995,0.249,0,0,30,10,1,9,0,1,0,1,16,0,7,70,18,HYBRID_SIMULATED,LOW,LOW
11,24,0,SAFETY,19,MEDIUM,2,4000,995,0.249,0,0,0,20,-4,6,0,0,0,0,19,8,-1,68,18,HYBRID_SIMULATED,NORMAL,NORMAL
12,10,0,STAGE,42,LOW,1,4000,270,0.068,0,0,480,27,-4,0,2,0,1,0,10,42,0,146,18,HYBRID_SIMULATED,BUSY,BUSY
12,10,0,PUB,0,LOW,1,4000,270,0.068,0,0,480,17,5,10,2,2,2,0,11,24,1,82,18,HYBRID_SIMULATED,BUSY,NORMAL
12,10,0,FOOD,74,LOW,1,4000,270,0.068,0,0,480,21,7,0,1,3,1,0,19,32,0,44,18,HYBRID_SIMULATED,NORMAL,NORMAL
12,10,0,EXPERIENCE,1,LOW,1,4000,270,0.068,0,0,480,29,8,-8,10,1,6,0,0,28,-2,76,18,HYBRID_SIMULATED,VERY_BUSY,BUSY
12,10,0,GOODS,70,LOW,1,4000,270,0.068,0,0,480,8,8,-3,5,5,1,0,10,17,4,68,18,HYBRID_SIMULATED,NORMAL,NORMAL
12,10,0,SAFETY,9,LOW,1,4000,270,0.068,0,0,480,11,-2,11,3,0,2,0,12,2,11,85,18,HYBRID_SIMULATED,NORMAL,NORMAL
12,11,0,STAGE,41,HIGH,3,4000,824,0.206,0,0,420,17,1,9,2,1,0,0,18,24,5,87,18,HYBRID_SIMULATED,NORMAL,BUSY
12,11,0,PUB,0,HIGH,3,4000,824,0.206,0,0,420,23,5,6,4,0,2,0,13,18,3,65,18,HYBRID_SIMULATED,BUSY,NORMAL
12,11,0,FOOD,12,HIGH,3,4000,824,0.206,0,0,420,24,9,-1,6,0,2,0,13,23,0,53,18,HYBRID_SIMULATED,BUSY,NORMAL
12,11,0,EXPERIENCE,16,HIGH,3,4000,824,0.206,0,0,420,24,-7,0,6,0,1,0,13,20,5,95,18,HYBRID_SIMULATED,BUSY,BUSY
12,11,0,GOODS,13,HIGH,3,4000,824,0.206,0,0,420,15,-12,-5,0,1,0,3,14,0,3,57,18,HYBRID_SIMULATED,NORMAL,LOW
12,11,0,SAFETY,71,HIGH,3,4000,824,0.206,0,0,420,16,0,16,5,0,0,0,11,15,6,111,18,HYBRID_SIMULATED,BUSY,NORMAL
12,12,0,STAGE,41,MEDIUM,2,4000,404,0.101,0,0,360,15,3,-1,0,0,0,1,14,28,0,93,18,HYBRID_SIMULATED,NORMAL,NORMAL
12,12,0,PUB,0,MEDIUM,2,4000,404,0.101,0,0,360,16,-2,12,0,0,0,0,18,10,-1,89,18,HYBRID_SIMULATED,NORMAL,NORMAL
12,12,0,FOOD,32,MEDIUM,2,4000,404,0.101,0,0,360,23,-5,0,1,0,0,0,21,31,4,68,18,HYBRID_SIMULATED,NORMAL,NORMAL
12,12,0,EXPERIENCE,11,MEDIUM,2,4000,404,0.101,0,0,360,46,9,3,2,0,0,1,9,18,1,122,18,HYBRID_SIMULATED,NORMAL,NORMAL
12,12,0,GOODS,75,MEDIUM,2,4000,404,0.101,0,0,360,5,-1,5,4,3,0,0,20,0,3,42,18,HYBRID_SIMULATED,LOW,LOW
12,12,0,SAFETY,81,MEDIUM,2,4000,404,0.101,0,0,360,9,2,7,2,1,1,1,9,10,5,112,18,HYBRID_SIMULATED,NORMAL,NORMAL
12,13,0,STAGE,42,LOW,1,4000,852,0.213,0,0,300,26,4,-10,0,0,0,0,16,24,-2,85,18,HYBRID_SIMULATED,NORMAL,NORMAL
12,13,0,PUB,0,LOW,1,4000,852,0.213,0,0,300,4,1,0,1,2,0,0,26,14,2,78,18,HYBRID_SIMULATED,LOW,LOW
12,13,0,FOOD,54,LOW,1,4000,852,0.213,0,0,300,16,2,-4,2,1,2,0,12,13,-3,60,18,HYBRID_SIMULATED,NORMAL,NORMAL
12,13,0,EXPERIENCE,21,LOW,1,4000,852,0.213,0,0,300,28,0,-1,0,0,0,0,22,16,1,141,18,HYBRID_SIMULATED,NORMAL,NORMAL
12,13,0,GOODS,28,LOW,1,4000,852,0.213,0,0,300,14,-4,6,2,1,2,0,14,14,-1,65,18,HYBRID_SIMULATED,NORMAL,NORMAL
12,13,0,SAFETY,76,LOW,1,4000,852,0.213,0,0,300,9,3,-1,5,5,3,0,12,8,11,53,18,HYBRID_SIMULATED,NORMAL,NORMAL
12,14,0,STAGE,41,LOW,1,4000,291,0.073,0,0,240,7,0,2,6,4,0,0,10,24,-2,123,18,HYBRID_SIMULATED,NORMAL,NORMAL
12,14,0,PUB,0,LOW,1,4000,291,0.073,0,0,240,22,0,-5,2,0,1,0,18,17,1,100,18,HYBRID_SIMULATED,NORMAL,NORMAL
12,14,0,FOOD,30,LOW,1,4000,291,0.073,0,0,240,22,8,-1,0,5,0,1,24,20,5,114,18,HYBRID_SIMULATED,NORMAL,NORMAL
12,14,0,EXPERIENCE,73,LOW,1,4000,291,0.073,0,0,240,31,-5,8,3,2,0,0,14,11,5,136,18,HYBRID_SIMULATED,NORMAL,BUSY
12,14,0,GOODS,23,LOW,1,4000,291,0.073,0,0,240,12,5,2,2,3,1,0,15,0,4,40,18,HYBRID_SIMULATED,NORMAL,NORMAL
12,14,0,SAFETY,9,LOW,1,4000,291,0.073,0,0,240,16,-1,5,0,2,0,2,13,8,1,93,18,HYBRID_SIMULATED,NORMAL,NORMAL
12,15,0,STAGE,42,MEDIUM,2,4000,161,0.04,0,0,180,26,0,6,5,1,3,0,5,39,3,88,18,HYBRID_SIMULATED,VERY_BUSY,BUSY
12,15,0,PUB,0,MEDIUM,2,4000,161,0.04,0,0,180,5,-4,5,3,2,1,0,13,13,4,54,18,HYBRID_SIMULATED,NORMAL,LOW
12,15,0,FOOD,67,MEDIUM,2,4000,161,0.04,0,0,180,9,4,9,9,5,8,0,10,25,0,59,18,HYBRID_SIMULATED,BUSY,BUSY
12,15,0,EXPERIENCE,16,MEDIUM,2,4000,161,0.04,0,0,180,40,-1,4,8,7,1,0,10,17,10,123,18,HYBRID_SIMULATED,BUSY,BUSY
12,15,0,GOODS,43,MEDIUM,2,4000,161,0.04,0,0,180,20,2,-2,1,1,1,0,13,17,0,54,18,HYBRID_SIMULATED,NORMAL,NORMAL
12,15,0,SAFETY,76,MEDIUM,2,4000,161,0.04,0,0,180,18,6,3,0,1,0,0,15,16,-2,89,18,HYBRID_SIMULATED,NORMAL,NORMAL
12,16,0,STAGE,42,LOW,1,4000,818,0.204,0,0,120,24,10,2,7,2,1,1,6,54,0,135,18,HYBRID_SIMULATED,BUSY,VERY_BUSY
12,16,0,PUB,0,LOW,1,4000,818,0.204,0,0,120,19,0,0,7,1,4,3,2,27,-3,27,18,HYBRID_SIMULATED,VERY_BUSY,BUSY
12,16,0,FOOD,52,LOW,1,4000,818,0.204,0,0,120,19,0,-2,4,1,2,0,19,11,3,60,18,HYBRID_SIMULATED,BUSY,NORMAL
12,16,0,EXPERIENCE,1,LOW,1,4000,818,0.204,0,0,120,31,-3,5,13,3,10,1,0,27,4,105,18,HYBRID_SIMULATED,VERY_BUSY,VERY_BUSY
12,16,0,GOODS,55,LOW,1,4000,818,0.204,0,0,120,33,-2,5,2,3,2,2,15,15,3,85,18,HYBRID_SIMULATED,NORMAL,NORMAL
12,16,0,SAFETY,24,LOW,1,4000,818,0.204,0,0,120,16,2,1,3,1,3,0,6,4,5,155,18,HYBRID_SIMULATED,NORMAL,NORMAL
12,17,0,STAGE,41,LOW,1,4000,159,0.04,0,0,60,30,2,1,0,2,0,0,17,18,-1,56,18,HYBRID_SIMULATED,NORMAL,NORMAL
12,17,0,PUB,0,LOW,1,4000,159,0.04,0,0,60,21,-3,0,0,0,0,0,18,20,3,50,18,HYBRID_SIMULATED,NORMAL,NORMAL
12,17,0,FOOD,40,LOW,1,4000,159,0.04,0,0,60,23,6,8,1,0,0,0,13,26,1,47,18,HYBRID_SIMULATED,NORMAL,NORMAL
12,17,0,EXPERIENCE,11,LOW,1,4000,159,0.04,0,0,60,33,3,-11,4,7,4,2,16,20,7,95,18,HYBRID_SIMULATED,BUSY,BUSY
12,17,0,GOODS,80,LOW,1,4000,159,0.04,0,0,60,26,0,13,0,0,0,0,16,12,2,62,18,HYBRID_SIMULATED,NORMAL,NORMAL
12,17,0,SAFETY,14,LOW,1,4000,159,0.04,0,0,60,28,-1,0,0,0,0,2,16,14,-3,119,18,HYBRID_SIMULATED,NORMAL,LOW
12,18,1,STAGE,42,MEDIUM,2,4000,2748,0.687,0,1,45,49,7,6,0,1,0,0,15,35,7,72,18,HYBRID_SIMULATED,NORMAL,VERY_BUSY
12,18,1,PUB,0,MEDIUM,2,4000,2748,0.687,1,0,10,60,10,7,3,0,0,0,13,23,2,34,18,HYBRID_SIMULATED,NORMAL,BUSY
12,18,1,FOOD,27,MEDIUM,2,4000,2748,0.687,1,0,45,56,0,18,7,3,4,1,1,54,8,25,18,HYBRID_SIMULATED,VERY_BUSY,VERY_BUSY
12,18,1,EXPERIENCE,68,MEDIUM,2,4000,2748,0.687,0,0,30,26,3,17,4,0,2,2,5,28,0,104,18,HYBRID_SIMULATED,BUSY,BUSY
12,18,1,GOODS,38,MEDIUM,2,4000,2748,0.687,0,0,30,28,-6,1,3,0,2,0,13,19,2,52,18,HYBRID_SIMULATED,BUSY,NORMAL
12,18,1,SAFETY,4,MEDIUM,2,4000,2748,0.687,0,0,30,27,4,6,0,0,0,3,18,8,-5,112,18,HYBRID_SIMULATED,NORMAL,LOW
12,19,1,STAGE,41,MEDIUM,2,4000,2417,0.604,0,1,45,42,8,5,3,1,3,0,17,36,12,132,18,HYBRID_SIMULATED,VERY_BUSY,VERY_BUSY
12,19,1,PUB,0,MEDIUM,2,4000,2417,0.604,1,0,0,75,-2,9,6,5,2,1,12,43,2,39,18,HYBRID_SIMULATED,VERY_BUSY,VERY_BUSY
12,19,1,FOOD,47,MEDIUM,2,4000,2417,0.604,1,0,45,55,6,7,9,2,8,4,7,39,0,44,18,HYBRID_SIMULATED,VERY_BUSY,VERY_BUSY
12,19,1,EXPERIENCE,26,MEDIUM,2,4000,2417,0.604,0,0,0,7,5,7,1,1,0,0,12,14,3,111,18,HYBRID_SIMULATED,LOW,LOW
12,19,1,GOODS,43,MEDIUM,2,4000,2417,0.604,0,0,0,38,8,-3,1,1,1,0,20,17,-2,79,18,HYBRID_SIMULATED,NORMAL,NORMAL
12,19,1,SAFETY,61,MEDIUM,2,4000,2417,0.604,0,0,0,21,0,8,8,2,1,0,8,9,-2,100,18,HYBRID_SIMULATED,BUSY,BUSY
12,20,1,STAGE,42,HIGH,3,4000,3064,0.766,0,1,45,79,9,11,0,1,0,1,18,56,7,84,18,HYBRID_SIMULATED,BUSY,VERY_BUSY
12,20,1,PUB,0,HIGH,3,4000,3064,0.766,1,0,20,43,6,3,4,3,0,1,15,44,3,26,18,HYBRID_SIMULATED,BUSY,VERY_BUSY
12,20,1,FOOD,5,HIGH,3,4000,3064,0.766,1,0,20,39,-2,10,8,7,7,0,0,29,1,46,18,HYBRID_SIMULATED,VERY_BUSY,VERY_BUSY
12,20,1,EXPERIENCE,73,HIGH,3,4000,3064,0.766,0,0,30,39,6,14,4,0,1,1,12,24,4,119,18,HYBRID_SIMULATED,BUSY,BUSY
12,20,1,GOODS,18,HIGH,3,4000,3064,0.766,0,0,20,44,-4,8,0,2,0,0,17,25,4,51,18,HYBRID_SIMULATED,NORMAL,NORMAL
12,20,1,SAFETY,14,HIGH,3,4000,3064,0.766,0,0,45,38,9,23,0,0,0,0,23,7,11,118,18,HYBRID_SIMULATED,NORMAL,NORMAL
12,21,1,STAGE,41,MEDIUM,2,4000,1680,0.42,0,1,0,54,7,2,4,2,0,0,11,30,4,101,18,HYBRID_SIMULATED,BUSY,VERY_BUSY
12,21,1,PUB,0,MEDIUM,2,4000,1680,0.42,1,0,10,56,10,2,4,3,3,0,9,49,0,0,18,HYBRID_SIMULATED,VERY_BUSY,VERY_BUSY
12,21,1,FOOD,2,MEDIUM,2,4000,1680,0.42,1,0,45,63,9,10,8,4,4,0,8,30,10,26,18,HYBRID_SIMULATED,VERY_BUSY,VERY_BUSY
12,21,1,EXPERIENCE,53,MEDIUM,2,4000,1680,0.42,0,0,30,25,7,8,7,3,4,0,3,30,3,105,18,HYBRID_SIMULATED,VERY_BUSY,VERY_BUSY
12,21,1,GOODS,23,MEDIUM,2,4000,1680,0.42,0,0,45,33,-2,1,5,2,2,2,10,20,-4,44,18,HYBRID_SIMULATED,BUSY,BUSY
12,21,1,SAFETY,19,MEDIUM,2,4000,1680,0.42,0,0,45,30,4,0,4,2,0,0,12,13,0,52,18,HYBRID_SIMULATED,NORMAL,BUSY
12,22,1,STAGE,42,MEDIUM,2,4000,2462,0.616,0,1,30,38,13,4,4,4,2,1,11,27,9,99,18,HYBRID_SIMULATED,BUSY,VERY_BUSY
12,22,1,PUB,0,MEDIUM,2,4000,2462,0.616,1,0,10,75,1,1,9,6,3,1,3,46,9,56,18,HYBRID_SIMULATED,VERY_BUSY,VERY_BUSY
12,22,1,FOOD,45,MEDIUM,2,4000,2462,0.616,1,0,0,51,7,13,5,2,1,0,11,35,6,36,18,HYBRID_SIMULATED,BUSY,VERY_BUSY
12,22,1,EXPERIENCE,16,MEDIUM,2,4000,2462,0.616,0,0,30,5,-5,5,6,3,3,0,11,27,8,76,18,HYBRID_SIMULATED,NORMAL,NORMAL
12,22,1,GOODS,65,MEDIUM,2,4000,2462,0.616,0,0,0,32,0,-3,6,3,2,3,6,28,-1,67,18,HYBRID_SIMULATED,BUSY,BUSY
12,22,1,SAFETY,81,MEDIUM,2,4000,2462,0.616,0,0,45,42,4,14,6,1,0,0,9,25,5,99,18,HYBRID_SIMULATED,BUSY,BUSY
12,23,0,STAGE,41,MEDIUM,2,4000,720,0.18,0,0,30,12,12,9,0,2,0,1,15,25,0,98,18,HYBRID_SIMULATED,NORMAL,NORMAL
12,23,0,PUB,0,MEDIUM,2,4000,720,0.18,1,0,10,53,-1,4,6,3,3,1,6,18,10,53,18,HYBRID_SIMULATED,BUSY,VERY_BUSY
12,23,0,FOOD,47,MEDIUM,2,4000,720,0.18,1,0,30,56,5,1,10,4,4,0,1,38,9,8,18,HYBRID_SIMULATED,VERY_BUSY,VERY_BUSY
12,23,0,EXPERIENCE,26,MEDIUM,2,4000,720,0.18,0,0,10,18,3,3,6,0,2,0,13,19,2,98,18,HYBRID_SIMULATED,BUSY,NORMAL
12,23,0,GOODS,80,MEDIUM,2,4000,720,0.18,0,0,10,20,12,-4,4,4,2,2,12,28,0,23,18,HYBRID_SIMULATED,BUSY,BUSY
12,23,0,SAFETY,19,MEDIUM,2,4000,720,0.18,0,0,45,21,1,1,3,0,1,0,16,16,3,87,18,HYBRID_SIMULATED,NORMAL,NORMAL
12,24,0,STAGE,41,LOW,1,4000,240,0.06,0,0,20,10,9,6,6,2,3,2,6,34,3,58,18,HYBRID_SIMULATED,BUSY,BUSY
12,24,0,PUB,0,LOW,1,4000,240,0.06,1,0,0,65,0,-4,9,5,1,1,9,41,-4,0,18,HYBRID_SIMULATED,VERY_BUSY,VERY_BUSY
12,24,0,FOOD,52,LOW,1,4000,240,0.06,1,0,45,72,3,-11,16,5,4,2,0,42,-2,2,18,HYBRID_SIMULATED,VERY_BUSY,VERY_BUSY
12,24,0,EXPERIENCE,16,LOW,1,4000,240,0.06,0,0,0,22,-2,1,4,3,4,1,10,29,5,47,18,HYBRID_SIMULATED,BUSY,BUSY
12,24,0,GOODS,80,LOW,1,4000,240,0.06,0,0,30,23,5,3,0,0,0,0,20,20,-2,10,18,HYBRID_SIMULATED,NORMAL,NORMAL
12,24,0,SAFETY,39,LOW,1,4000,240,0.06,0,0,45,10,3,8,1,2,0,0,20,8,1,101,18,HYBRID_SIMULATED,NORMAL,LOW
13,10,0,STAGE,41,MEDIUM,2,4000,650,0.163,0,0,480,18,3,4,0,0,0,0,20,24,0,114,18,HYBRID_SIMULATED,NORMAL,NORMAL
13,10,0,PUB,0,MEDIUM,2,4000,650,0.163,0,0,480,23,8,-1,2,0,0,1,17,12,0,32,18,HYBRID_SIMULATED,NORMAL,NORMAL
13,10,0,FOOD,57,MEDIUM,2,4000,650,0.163,0,0,480,12,-5,3,0,0,0,0,23,18,-4,68,18,HYBRID_SIMULATED,NORMAL,NORMAL
13,10,0,EXPERIENCE,11,MEDIUM,2,4000,650,0.163,0,0,480,31,-3,10,0,1,0,0,17,22,8,65,18,HYBRID_SIMULATED,NORMAL,NORMAL
13,10,0,GOODS,55,MEDIUM,2,4000,650,0.163,0,0,480,14,1,4,2,1,0,0,17,9,4,53,18,HYBRID_SIMULATED,NORMAL,NORMAL
13,10,0,SAFETY,24,MEDIUM,2,4000,650,0.163,0,0,480,8,-2,2,3,2,1,0,18,0,7,115,18,HYBRID_SIMULATED,NORMAL,LOW
13,11,0,STAGE,41,LOW,1,4000,851,0.213,0,0,420,19,3,1,4,0,3,0,7,37,0,70,18,HYBRID_SIMULATED,BUSY,BUSY
13,11,0,PUB,0,LOW,1,4000,851,0.213,0,0,420,17,0,-3,0,0,0,0,16,30,-3,67,18,HYBRID_SIMULATED,NORMAL,NORMAL
13,11,0,FOOD,74,LOW,1,4000,851,0.213,0,0,420,15,6,15,3,2,1,0,10,16,1,64,18,HYBRID_SIMULATED,NORMAL,NORMAL
13,11,0,EXPERIENCE,11,LOW,1,4000,851,0.213,0,0,420,17,8,4,3,0,0,0,9,19,3,74,18,HYBRID_SIMULATED,NORMAL,NORMAL
13,11,0,GOODS,60,LOW,1,4000,851,0.213,0,0,420,13,11,5,2,0,2,0,15,0,7,58,18,HYBRID_SIMULATED,NORMAL,NORMAL
13,11,0,SAFETY,61,LOW,1,4000,851,0.213,0,0,420,16,12,-4,10,5,6,0,8,13,13,113,18,HYBRID_SIMULATED,BUSY,BUSY
13,12,0,STAGE,42,LOW,1,4000,506,0.127,0,0,360,15,-1,5,5,0,3,2,7,27,-2,80,18,HYBRID_SIMULATED,BUSY,BUSY
13,12,0,PUB,0,LOW,1,4000,506,0.127,0,0,360,18,5,3,0,0,0,0,14,18,6,82,18,HYBRID_SIMULATED,NORMAL,NORMAL
13,12,0,FOOD,17,LOW,1,4000,506,0.127,0,0,360,24,3,2,0,0,0,0,23,15,2,72,18,HYBRID_SIMULATED,NORMAL,NORMAL
13,12,0,EXPERIENCE,6,LOW,1,4000,506,0.127,0,0,360,32,7,17,3,1,1,1,13,29,7,94,18,HYBRID_SIMULATED,BUSY,BUSY
13,12,0,GOODS,55,LOW,1,4000,506,0.127,0,0,360,18,2,4,2,1,1,0,8,0,1,71,18,HYBRID_SIMULATED,NORMAL,NORMAL
13,12,0,SAFETY,71,LOW,1,4000,506,0.127,0,0,360,18,9,3,1,0,1,2,17,2,-1,80,18,HYBRID_SIMULATED,NORMAL,NORMAL
13,13,0,STAGE,41,MEDIUM,2,4000,656,0.164,0,0,300,20,-3,13,2,2,0,0,14,24,0,141,18,HYBRID_SIMULATED,NORMAL,BUSY
13,13,0,PUB,0,MEDIUM,2,4000,656,0.164,0,0,300,8,-3,8,7,3,5,2,0,20,0,61,18,HYBRID_SIMULATED,BUSY,NORMAL
13,13,0,FOOD,20,MEDIUM,2,4000,656,0.164,0,0,300,14,-2,-2,0,0,0,1,23,25,-2,58,18,HYBRID_SIMULATED,NORMAL,NORMAL
13,13,0,EXPERIENCE,36,MEDIUM,2,4000,656,0.164,0,0,300,33,-3,-2,3,2,3,0,11,4,0,130,18,HYBRID_SIMULATED,NORMAL,BUSY
13,13,0,GOODS,3,MEDIUM,2,4000,656,0.164,0,0,300,17,6,10,2,2,0,2,16,16,5,61,18,HYBRID_SIMULATED,NORMAL,NORMAL
13,13,0,SAFETY,9,MEDIUM,2,4000,656,0.164,0,0,300,29,5,-11,4,3,0,0,7,15,-3,103,18,HYBRID_SIMULATED,NORMAL,NORMAL
13,14,0,STAGE,41,HIGH,3,4000,337,0.084,0,0,240,32,4,3,4,2,3,0,10,39,5,63,18,HYBRID_SIMULATED,BUSY,VERY_BUSY
13,14,0,PUB,0,HIGH,3,4000,337,0.084,0,0,240,1,1,0,0,0,0,0,22,21,-11,65,18,HYBRID_SIMULATED,LOW,LOW
13,14,0,FOOD,20,HIGH,3,4000,337,0.084,0,0,240,10,0,10,0,1,0,0,21,15,1,52,18,HYBRID_SIMULATED,LOW,LOW
13,14,0,EXPERIENCE,63,HIGH,3,4000,337,0.084,0,0,240,47,0,25,1,0,0,0,21,32,1,87,18,HYBRID_SIMULATED,NORMAL,BUSY
13,14,0,GOODS,28,HIGH,3,4000,337,0.084,0,0,240,8,-2,8,0,2,0,1,10,1,-3,43,18,HYBRID_SIMULATED,LOW,LOW
13,14,0,SAFETY,76,HIGH,3,4000,337,0.084,0,0,240,23,-2,-5,6,0,0,0,8,10,-2,113,18,HYBRID_SIMULATED,BUSY,NORMAL
13,15,0,STAGE,41,MEDIUM,2,4000,931,0.233,0,0,180,34,5,-8,5,0,2,0,3,25,0,113,18,HYBRID_SIMULATED,BUSY,VERY_BUSY
13,15,0,PUB,0,MEDIUM,2,4000,931,0.233,0,0,180,24,2,5,2,0,1,1,15,25,-2,83,18,HYBRID_SIMULATED,NORMAL,NORMAL
13,15,0,FOOD,45,MEDIUM,2,4000,931,0.233,0,0,180,15,4,10,0,0,0,0,17,15,1,66,18,HYBRID_SIMULATED,NORMAL,LOW
13,15,0,EXPERIENCE,1,MEDIUM,2,4000,931,0.233,0,0,180,48,9,0,9,5,5,0,2,19,2,125,18,HYBRID_SIMULATED,VERY_BUSY,VERY_BUSY
13,15,0,GOODS,60,MEDIUM,2,4000,931,0.233,0,0,180,12,2,4,0,0,0,0,22,14,0,30,18,HYBRID_SIMULATED,NORMAL,LOW
13,15,0,SAFETY,19,MEDIUM,2,4000,931,0.233,0,0,180,11,8,0,3,1,0,2,12,8,3,101,18,HYBRID_SIMULATED,NORMAL,NORMAL
13,16,0,STAGE,42,LOW,1,4000,935,0.234,0,0,120,23,5,-9,0,0,0,0,17,20,-5,59,18,HYBRID_SIMULATED,NORMAL,NORMAL
13,16,0,PUB,0,LOW,1,4000,935,0.234,0,0,120,18,1,-3,0,0,0,0,11,11,8,61,18,HYBRID_SIMULATED,NORMAL,NORMAL
13,16,0,FOOD,7,LOW,1,4000,935,0.234,0,0,120,19,0,4,1,0,0,0,15,15,2,47,18,HYBRID_SIMULATED,NORMAL,NORMAL
13,16,0,EXPERIENCE,53,LOW,1,4000,935,0.234,0,0,120,44,4,4,1,3,0,0,24,12,5,97,18,HYBRID_SIMULATED,NORMAL,NORMAL
13,16,0,GOODS,75,LOW,1,4000,935,0.234,0,0,120,38,7,2,0,1,0,2,18,17,-3,43,18,HYBRID_SIMULATED,NORMAL,NORMAL
13,16,0,SAFETY,66,LOW,1,4000,935,0.234,0,0,120,33,8,17,5,3,5,4,11,14,2,120,18,HYBRID_SIMULATED,BUSY,BUSY
13,17,0,STAGE,41,LOW,1,4000,211,0.053,0,0,60,26,3,3,0,5,0,1,21,26,5,134,18,HYBRID_SIMULATED,NORMAL,NORMAL
13,17,0,PUB,0,LOW,1,4000,211,0.053,0,0,60,14,3,-1,4,3,2,2,2,21,6,0,18,HYBRID_SIMULATED,VERY_BUSY,BUSY
13,17,0,FOOD,32,LOW,1,4000,211,0.053,0,0,60,24,-1,-7,4,3,1,3,15,28,-1,58,18,HYBRID_SIMULATED,BUSY,BUSY
13,17,0,EXPERIENCE,46,LOW,1,4000,211,0.053,0,0,60,46,-1,8,3,2,3,0,6,17,6,151,18,HYBRID_SIMULATED,BUSY,BUSY
13,17,0,GOODS,80,LOW,1,4000,211,0.053,0,0,60,27,4,2,2,2,1,0,15,12,1,41,18,HYBRID_SIMULATED,NORMAL,NORMAL
13,17,0,SAFETY,71,LOW,1,4000,211,0.053,0,0,60,20,-4,3,0,0,0,0,22,14,-6,53,18,HYBRID_SIMULATED,NORMAL,NORMAL
13,18,1,STAGE,42,HIGH,3,4000,2962,0.741,0,1,30,83,4,8,0,1,0,0,14,31,9,129,18,HYBRID_SIMULATED,NORMAL,VERY_BUSY
13,18,1,PUB,0,HIGH,3,4000,2962,0.741,1,0,30,46,9,2,5,0,3,3,11,32,1,36,18,HYBRID_SIMULATED,VERY_BUSY,BUSY
13,18,1,FOOD,20,HIGH,3,4000,2962,0.741,1,0,20,37,2,-2,7,3,2,0,17,41,0,29,18,HYBRID_SIMULATED,VERY_BUSY,VERY_BUSY
13,18,1,EXPERIENCE,6,HIGH,3,4000,2962,0.741,0,0,45,11,11,0,3,3,0,0,14,23,4,104,18,HYBRID_SIMULATED,NORMAL,NORMAL
13,18,1,GOODS,70,HIGH,3,4000,2962,0.741,0,0,45,25,7,10,1,4,1,1,17,24,6,48,18,HYBRID_SIMULATED,NORMAL,NORMAL
13,18,1,SAFETY,71,HIGH,3,4000,2962,0.741,0,0,45,24,8,-1,1,3,0,1,11,7,2,121,18,HYBRID_SIMULATED,NORMAL,NORMAL
13,19,1,STAGE,42,MEDIUM,2,4000,2439,0.61,0,1,0,43,10,11,3,0,2,0,15,34,1,135,18,HYBRID_SIMULATED,BUSY,VERY_BUSY
13,19,1,PUB,0,MEDIUM,2,4000,2439,0.61,1,0,30,65,17,-1,9,4,6,0,3,50,7,49,18,HYBRID_SIMULATED,VERY_BUSY,VERY_BUSY
13,19,1,FOOD,62,MEDIUM,2,4000,2439,0.61,1,0,10,59,7,13,7,4,3,0,4,30,5,45,18,HYBRID_SIMULATED,BUSY,VERY_BUSY
13,19,1,EXPERIENCE,16,MEDIUM,2,4000,2439,0.61,0,0,20,25,3,-6,9,7,0,0,8,22,0,113,18,HYBRID_SIMULATED,BUSY,BUSY
13,19,1,GOODS,43,MEDIUM,2,4000,2439,0.61,0,0,45,35,-3,5,0,3,0,0,18,25,9,42,18,HYBRID_SIMULATED,NORMAL,NORMAL
13,19,1,SAFETY,39,MEDIUM,2,4000,2439,0.61,0,0,10,20,12,1,0,0,0,1,16,15,-2,121,18,HYBRID_SIMULATED,NORMAL,NORMAL
13,20,1,STAGE,41,LOW,1,4000,1121,0.28,0,1,45,46,12,5,1,0,1,1,16,36,4,92,18,HYBRID_SIMULATED,BUSY,BUSY
13,20,1,PUB,0,LOW,1,4000,1121,0.28,1,0,0,65,-11,17,7,5,1,1,6,42,11,42,18,HYBRID_SIMULATED,BUSY,VERY_BUSY
13,20,1,FOOD,54,LOW,1,4000,1121,0.28,1,0,20,57,13,10,10,4,6,0,0,51,0,57,18,HYBRID_SIMULATED,VERY_BUSY,VERY_BUSY
13,20,1,EXPERIENCE,78,LOW,1,4000,1121,0.28,0,0,30,17,6,4,7,3,2,0,5,16,6,117,18,HYBRID_SIMULATED,BUSY,BUSY
13,20,1,GOODS,18,LOW,1,4000,1121,0.28,0,0,20,32,7,8,3,0,0,0,16,22,0,48,18,HYBRID_SIMULATED,NORMAL,NORMAL
13,20,1,SAFETY,56,LOW,1,4000,1121,0.28,0,0,0,34,4,5,1,0,1,0,23,23,4,110,18,HYBRID_SIMULATED,NORMAL,BUSY
13,21,1,STAGE,42,MEDIUM,2,4000,1649,0.412,0,1,45,56,2,3,4,2,1,1,7,42,4,106,18,HYBRID_SIMULATED,VERY_BUSY,VERY_BUSY
13,21,1,PUB,0,MEDIUM,2,4000,1649,0.412,1,0,45,66,13,11,8,7,2,0,5,36,9,25,18,HYBRID_SIMULATED,BUSY,VERY_BUSY
13,21,1,FOOD,40,MEDIUM,2,4000,1649,0.412,1,0,20,37,5,4,6,1,0,0,10,38,-3,41,18,HYBRID_SIMULATED,BUSY,VERY_BUSY
13,21,1,EXPERIENCE,46,MEDIUM,2,4000,1649,0.412,0,0,10,17,-2,6,2,0,0,3,16,17,1,110,18,HYBRID_SIMULATED,NORMAL,BUSY
13,21,1,GOODS,38,MEDIUM,2,4000,1649,0.412,0,0,45,26,7,5,7,0,7,2,1,24,0,47,18,HYBRID_SIMULATED,VERY_BUSY,BUSY
13,21,1,SAFETY,9,MEDIUM,2,4000,1649,0.412,0,0,45,28,-2,13,1,2,1,1,12,4,7,128,18,HYBRID_SIMULATED,NORMAL,NORMAL
13,22,1,STAGE,41,MEDIUM,2,4000,2813,0.703,0,1,30,36,2,24,4,0,1,1,12,21,8,109,18,HYBRID_SIMULATED,BUSY,VERY_BUSY
13,22,1,PUB,0,MEDIUM,2,4000,2813,0.703,1,0,0,49,6,4,11,1,6,1,2,44,3,21,18,HYBRID_SIMULATED,VERY_BUSY,VERY_BUSY
13,22,1,FOOD,25,MEDIUM,2,4000,2813,0.703,1,0,45,63,2,5,8,5,3,1,11,38,5,37,18,HYBRID_SIMULATED,VERY_BUSY,VERY_BUSY
13,22,1,EXPERIENCE,46,MEDIUM,2,4000,2813,0.703,0,0,0,18,7,6,4,2,0,1,11,17,5,116,18,HYBRID_SIMULATED,NORMAL,BUSY
13,22,1,GOODS,8,MEDIUM,2,4000,2813,0.703,0,0,20,18,3,3,0,0,0,0,15,13,1,63,18,HYBRID_SIMULATED,NORMAL,LOW
13,22,1,SAFETY,19,MEDIUM,2,4000,2813,0.703,0,0,30,28,0,7,5,0,1,0,8,21,8,113,18,HYBRID_SIMULATED,BUSY,BUSY
13,23,0,STAGE,41,LOW,1,4000,1098,0.275,0,0,30,33,10,4,0,0,0,0,15,22,0,115,18,HYBRID_SIMULATED,NORMAL,BUSY
13,23,0,PUB,0,LOW,1,4000,1098,0.275,1,0,45,67,6,10,14,6,6,1,0,51,2,20,18,HYBRID_SIMULATED,VERY_BUSY,VERY_BUSY
13,23,0,FOOD,20,LOW,1,4000,1098,0.275,1,0,0,52,3,3,13,2,6,1,0,30,4,25,18,HYBRID_SIMULATED,VERY_BUSY,VERY_BUSY
13,23,0,EXPERIENCE,11,LOW,1,4000,1098,0.275,0,0,45,21,0,-2,2,0,2,0,14,22,2,114,18,HYBRID_SIMULATED,BUSY,NORMAL
13,23,0,GOODS,38,LOW,1,4000,1098,0.275,0,0,10,23,-6,2,6,0,5,1,1,16,0,39,18,HYBRID_SIMULATED,BUSY,BUSY
13,23,0,SAFETY,81,LOW,1,4000,1098,0.275,0,0,45,20,9,11,2,0,2,0,9,7,-6,85,18,HYBRID_SIMULATED,NORMAL,NORMAL
13,24,0,STAGE,42,LOW,1,4000,667,0.167,0,0,0,25,12,-1,0,1,0,1,17,22,1,56,18,HYBRID_SIMULATED,NORMAL,NORMAL
13,24,0,PUB,0,LOW,1,4000,667,0.167,1,0,0,55,0,-10,2,1,2,1,14,35,-6,55,18,HYBRID_SIMULATED,BUSY,VERY_BUSY
13,24,0,FOOD,52,LOW,1,4000,667,0.167,1,0,20,55,3,1,10,3,6,3,5,48,0,25,18,HYBRID_SIMULATED,VERY_BUSY,VERY_BUSY
13,24,0,EXPERIENCE,58,LOW,1,4000,667,0.167,0,0,45,11,1,-3,12,0,5,1,1,36,-7,120,18,HYBRID_SIMULATED,VERY_BUSY,BUSY
13,24,0,GOODS,23,LOW,1,4000,667,0.167,0,0,0,25,-4,4,0,1,0,0,17,12,0,50,18,HYBRID_SIMULATED,NORMAL,NORMAL
13,24,0,SAFETY,76,LOW,1,4000,667,0.167,0,0,10,19,-5,3,1,0,0,0,20,4,-3,128,18,HYBRID_SIMULATED,NORMAL,LOW
14,10,0,STAGE,41,MEDIUM,2,4000,226,0.057,0,0,480,21,6,-2,3,0,2,0,11,26,0,73,18,HYBRID_SIMULATED,BUSY,NORMAL
14,10,0,PUB,0,MEDIUM,2,4000,226,0.057,0,0,480,10,4,-10,2,4,2,1,14,12,6,78,18,HYBRID_SIMULATED,NORMAL,LOW
14,10,0,FOOD,2,MEDIUM,2,4000,226,0.057,0,0,480,22,5,7,4,3,4,0,12,39,10,73,18,HYBRID_SIMULATED,VERY_BUSY,BUSY
14,10,0,EXPERIENCE,31,MEDIUM,2,4000,226,0.057,0,0,480,28,4,9,1,0,0,0,13,27,4,117,18,HYBRID_SIMULATED,NORMAL,NORMAL
14,10,0,GOODS,80,MEDIUM,2,4000,226,0.057,0,0,480,22,4,5,3,3,1,2,15,27,6,84,18,HYBRID_SIMULATED,BUSY,NORMAL
14,10,0,SAFETY,4,MEDIUM,2,4000,226,0.057,0,0,480,12,0,-3,0,0,0,0,26,13,6,107,18,HYBRID_SIMULATED,NORMAL,LOW
14,11,0,STAGE,42,MEDIUM,2,4000,1007,0.252,0,0,420,23,1,-4,2,0,2,0,12,19,0,117,18,HYBRID_SIMULATED,NORMAL,BUSY
14,11,0,PUB,0,MEDIUM,2,4000,1007,0.252,0,0,420,6,-1,-4,1,1,0,0,21,29,4,67,18,HYBRID_SIMULATED,NORMAL,NORMAL
14,11,0,FOOD,10,MEDIUM,2,4000,1007,0.252,0,0,420,23,1,-7,5,2,3,1,4,21,2,44,18,HYBRID_SIMULATED,BUSY,BUSY
14,11,0,EXPERIENCE,6,MEDIUM,2,4000,1007,0.252,0,0,420,13,1,1,2,3,2,0,16,2,-1,126,18,HYBRID_SIMULATED,NORMAL,NORMAL
14,11,0,GOODS,8,MEDIUM,2,4000,1007,0.252,0,0,420,11,1,-5,2,3,0,0,16,25,4,51,18,HYBRID_SIMULATED,NORMAL,NORMAL
14,11,0,SAFETY,44,MEDIUM,2,4000,1007,0.252,0,0,420,11,1,5,2,1,1,0,16,14,-2,72,18,HYBRID_SIMULATED,NORMAL,NORMAL
14,12,0,STAGE,41,MEDIUM,2,4000,628,0.157,0,0,360,23,-5,17,12,0,6,0,0,44,-5,150,18,HYBRID_SIMULATED,VERY_BUSY,VERY_BUSY
14,12,0,PUB,0,MEDIUM,2,4000,628,0.157,0,0,360,12,0,4,2,2,0,0,14,26,3,55,18,HYBRID_SIMULATED,NORMAL,NORMAL
14,12,0,FOOD,27,MEDIUM,2,4000,628,0.157,0,0,360,19,2,-1,2,2,0,0,16,32,3,61,18,HYBRID_SIMULATED,NORMAL,NORMAL
14,12,0,EXPERIENCE,68,MEDIUM,2,4000,628,0.157,0,0,360,36,2,5,0,0,0,0,18,18,14,148,18,HYBRID_SIMULATED,NORMAL,NORMAL
14,12,0,GOODS,8,MEDIUM,2,4000,628,0.157,0,0,360,15,-5,-7,2,0,0,0,15,15,-6,50,18,HYBRID_SIMULATED,NORMAL,NORMAL
14,12,0,SAFETY,14,MEDIUM,2,4000,628,0.157,0,0,360,19,-5,8,0,2,0,0,21,4,4,112,18,HYBRID_SIMULATED,NORMAL,NORMAL
14,13,0,STAGE,42,LOW,1,4000,611,0.153,0,0,300,20,-8,2,0,3,0,0,17,21,8,132,18,HYBRID_SIMULATED,NORMAL,NORMAL
14,13,0,PUB,0,LOW,1,4000,611,0.153,0,0,300,27,-2,4,8,0,6,1,8,40,2,76,18,HYBRID_SIMULATED,VERY_BUSY,BUSY
14,13,0,FOOD,10,LOW,1,4000,611,0.153,0,0,300,22,1,-3,5,2,5,0,9,40,-2,84,18,HYBRID_SIMULATED,VERY_BUSY,BUSY
14,13,0,EXPERIENCE,16,LOW,1,4000,611,0.153,0,0,300,27,-4,9,5,1,0,0,6,23,1,101,18,HYBRID_SIMULATED,BUSY,BUSY
14,13,0,GOODS,48,LOW,1,4000,611,0.153,0,0,300,23,4,-3,0,0,0,1,15,21,4,29,18,HYBRID_SIMULATED,NORMAL,NORMAL
14,13,0,SAFETY,61,LOW,1,4000,611,0.153,0,0,300,4,3,0,18,3,12,4,0,26,3,81,18,HYBRID_SIMULATED,BUSY,NORMAL
14,14,0,STAGE,41,LOW,1,4000,802,0.201,0,0,240,22,4,-1,5,3,1,0,4,37,0,59,18,HYBRID_SIMULATED,BUSY,BUSY
14,14,0,PUB,0,LOW,1,4000,802,0.201,0,0,240,18,8,16,5,4,4,0,16,20,0,48,18,HYBRID_SIMULATED,BUSY,BUSY
14,14,0,FOOD,5,LOW,1,4000,802,0.201,0,0,240,16,3,-9,6,3,4,2,11,15,1,49,18,HYBRID_SIMULATED,BUSY,BUSY
14,14,0,EXPERIENCE,58,LOW,1,4000,802,0.201,0,0,240,42,6,8,9,3,5,2,2,37,0,95,18,HYBRID_SIMULATED,VERY_BUSY,VERY_BUSY
14,14,0,GOODS,8,LOW,1,4000,802,0.201,0,0,240,28,9,4,0,0,0,0,21,13,0,47,18,HYBRID_SIMULATED,NORMAL,NORMAL
14,14,0,SAFETY,14,LOW,1,4000,802,0.201,0,0,240,12,1,6,4,5,4,0,10,6,3,105,18,HYBRID_SIMULATED,BUSY,NORMAL
14,15,0,STAGE,41,HIGH,3,4000,928,0.232,0,0,180,19,-4,4,0,1,0,1,17,35,11,71,18,HYBRID_SIMULATED,NORMAL,BUSY
14,15,0,PUB,0,HIGH,3,4000,928,0.232,0,0,180,7,-2,-3,2,5,1,0,11,19,0,56,18,HYBRID_SIMULATED,NORMAL,LOW
14,15,0,FOOD,72,HIGH,3,4000,928,0.232,0,0,180,27,-6,0,4,3,2,0,12,27,5,65,18,HYBRID_SIMULATED,BUSY,NORMAL
14,15,0,EXPERIENCE,46,HIGH,3,4000,928,0.232,0,0,180,39,-1,2,1,4,1,0,19,22,5,122,18,HYBRID_SIMULATED,NORMAL,BUSY
14,15,0,GOODS,8,HIGH,3,4000,928,0.232,0,0,180,23,7,4,7,4,0,0,8,34,-1,64,18,HYBRID_SIMULATED,BUSY,BUSY
14,15,0,SAFETY,44,HIGH,3,4000,928,0.232,0,0,180,8,5,4,1,0,0,1,16,7,-1,101,18,HYBRID_SIMULATED,LOW,LOW
14,16,0,STAGE,41,LOW,1,4000,988,0.247,0,0,120,23,11,14,0,0,0,0,16,12,0,104,18,HYBRID_SIMULATED,NORMAL,BUSY
14,16,0,PUB,0,LOW,1,4000,988,0.247,0,0,120,13,7,6,5,0,0,0,7,9,-4,49,18,HYBRID_SIMULATED,NORMAL,NORMAL
14,16,0,FOOD,10,LOW,1,4000,988,0.247,0,0,120,12,7,4,1,0,0,0,21,9,4,51,18,HYBRID_SIMULATED,NORMAL,NORMAL
14,16,0,EXPERIENCE,6,LOW,1,4000,988,0.247,0,0,120,24,-2,1,5,0,2,0,13,20,11,97,18,HYBRID_SIMULATED,BUSY,BUSY
14,16,0,GOODS,43,LOW,1,4000,988,0.247,0,0,120,25,-4,3,2,1,2,0,11,10,11,53,18,HYBRID_SIMULATED,NORMAL,NORMAL
14,16,0,SAFETY,66,LOW,1,4000,988,0.247,0,0,120,26,2,5,14,1,8,0,0,22,5,128,18,HYBRID_SIMULATED,VERY_BUSY,BUSY
14,17,0,STAGE,42,HIGH,3,4000,442,0.111,0,0,60,26,6,11,3,1,3,3,11,33,2,68,18,HYBRID_SIMULATED,BUSY,VERY_BUSY
14,17,0,PUB,0,HIGH,3,4000,442,0.111,0,0,60,25,-6,11,5,0,4,1,8,19,5,61,18,HYBRID_SIMULATED,BUSY,BUSY
14,17,0,FOOD,27,HIGH,3,4000,442,0.111,0,0,60,15,4,2,1,0,1,0,14,20,2,55,18,HYBRID_SIMULATED,NORMAL,NORMAL
14,17,0,EXPERIENCE,78,HIGH,3,4000,442,0.111,0,0,60,24,1,4,3,2,1,0,13,14,13,148,18,HYBRID_SIMULATED,NORMAL,BUSY
14,17,0,GOODS,43,HIGH,3,4000,442,0.111,0,0,60,21,3,4,2,0,1,1,15,8,0,37,18,HYBRID_SIMULATED,NORMAL,NORMAL
14,17,0,SAFETY,24,HIGH,3,4000,442,0.111,0,0,60,17,0,15,0,4,0,2,12,6,8,94,18,HYBRID_SIMULATED,NORMAL,LOW
14,18,1,STAGE,42,HIGH,3,4000,2936,0.734,0,1,0,80,3,6,3,4,1,1,11,34,12,95,18,HYBRID_SIMULATED,BUSY,VERY_BUSY
14,18,1,PUB,0,HIGH,3,4000,2936,0.734,1,0,30,23,9,13,5,6,2,0,12,17,5,5,18,HYBRID_SIMULATED,BUSY,BUSY
14,18,1,FOOD,30,HIGH,3,4000,2936,0.734,1,0,20,49,2,14,9,6,2,0,6,42,15,66,18,HYBRID_SIMULATED,VERY_BUSY,VERY_BUSY
14,18,1,EXPERIENCE,11,HIGH,3,4000,2936,0.734,0,0,30,18,-2,7,0,1,0,0,6,0,4,88,18,HYBRID_SIMULATED,NORMAL,NORMAL
14,18,1,GOODS,48,HIGH,3,4000,2936,0.734,0,0,10,28,4,2,0,1,0,1,20,12,-4,85,18,HYBRID_SIMULATED,NORMAL,NORMAL
14,18,1,SAFETY,66,HIGH,3,4000,2936,0.734,0,0,10,27,8,10,6,6,0,1,8,4,5,96,18,HYBRID_SIMULATED,NORMAL,BUSY
14,19,1,STAGE,41,HIGH,3,4000,3277,0.819,0,1,20,91,4,0,0,0,0,0,14,37,5,140,18,HYBRID_SIMULATED,NORMAL,VERY_BUSY
14,19,1,PUB,0,HIGH,3,4000,3277,0.819,1,0,10,40,1,12,5,4,2,0,9,40,1,15,18,HYBRID_SIMULATED,VERY_BUSY,VERY_BUSY
14,19,1,FOOD,37,HIGH,3,4000,3277,0.819,1,0,45,46,0,17,4,1,1,0,10,13,1,28,18,HYBRID_SIMULATED,BUSY,BUSY
14,19,1,EXPERIENCE,46,HIGH,3,4000,3277,0.819,0,0,30,23,11,17,3,1,0,1,9,38,8,88,18,HYBRID_SIMULATED,BUSY,BUSY
14,19,1,GOODS,23,HIGH,3,4000,3277,0.819,0,0,30,40,-1,11,0,4,0,2,9,0,2,48,18,HYBRID_SIMULATED,NORMAL,NORMAL
14,19,1,SAFETY,24,HIGH,3,4000,3277,0.819,0,0,10,30,11,12,1,3,0,3,23,21,4,76,18,HYBRID_SIMULATED,NORMAL,NORMAL
14,20,1,STAGE,41,HIGH,3,4000,2921,0.73,0,1,10,69,5,0,3,0,2,2,18,45,5,103,18,HYBRID_SIMULATED,BUSY,VERY_BUSY
14,20,1,PUB,0,HIGH,3,4000,2921,0.73,1,0,30,38,4,1,6,1,0,0,6,26,1,43,18,HYBRID_SIMULATED,BUSY,BUSY
14,20,1,FOOD,25,HIGH,3,4000,2921,0.73,1,0,10,30,-2,12,14,8,6,3,0,36,8,12,18,HYBRID_SIMULATED,VERY_BUSY,VERY_BUSY
14,20,1,EXPERIENCE,36,HIGH,3,4000,2921,0.73,0,0,20,10,1,2,0,2,0,1,14,16,-3,116,18,HYBRID_SIMULATED,NORMAL,LOW
14,20,1,GOODS,3,HIGH,3,4000,2921,0.73,0,0,30,33,9,6,4,0,3,2,10,18,1,67,18,HYBRID_SIMULATED,BUSY,BUSY
14,20,1,SAFETY,71,HIGH,3,4000,2921,0.73,0,0,30,35,6,11,2,1,2,1,13,16,3,142,18,HYBRID_SIMULATED,NORMAL,NORMAL
14,21,1,STAGE,42,HIGH,3,4000,3060,0.765,0,1,0,81,10,1,4,0,4,1,7,44,5,105,18,HYBRID_SIMULATED,VERY_BUSY,VERY_BUSY
14,21,1,PUB,0,HIGH,3,4000,3060,0.765,1,0,30,35,6,3,10,3,1,1,7,39,-1,2,18,HYBRID_SIMULATED,VERY_BUSY,VERY_BUSY
14,21,1,FOOD,45,HIGH,3,4000,3060,0.765,1,0,45,45,0,13,4,2,1,2,13,24,5,50,18,HYBRID_SIMULATED,BUSY,BUSY
14,21,1,EXPERIENCE,78,HIGH,3,4000,3060,0.765,0,0,30,30,4,-3,7,5,5,1,3,30,0,57,18,HYBRID_SIMULATED,VERY_BUSY,BUSY
14,21,1,GOODS,28,HIGH,3,4000,3060,0.765,0,0,30,49,3,9,1,0,1,0,18,28,3,36,18,HYBRID_SIMULATED,NORMAL,BUSY
14,21,1,SAFETY,19,HIGH,3,4000,3060,0.765,0,0,30,19,4,-1,4,1,0,0,13,0,-1,90,18,HYBRID_SIMULATED,NORMAL,NORMAL
14,22,1,STAGE,42,HIGH,3,4000,2788,0.697,0,1,10,74,3,-2,7,4,1,0,9,58,2,94,18,HYBRID_SIMULATED,VERY_BUSY,VERY_BUSY
14,22,1,PUB,0,HIGH,3,4000,2788,0.697,1,0,10,48,1,11,5,3,2,0,12,44,4,58,18,HYBRID_SIMULATED,VERY_BUSY,VERY_BUSY
14,22,1,FOOD,40,HIGH,3,4000,2788,0.697,1,0,0,38,5,9,6,6,0,1,6,38,5,33,18,HYBRID_SIMULATED,BUSY,VERY_BUSY
14,22,1,EXPERIENCE,73,HIGH,3,4000,2788,0.697,0,0,30,28,5,0,0,0,0,0,19,5,0,123,18,HYBRID_SIMULATED,NORMAL,NORMAL
14,22,1,GOODS,28,HIGH,3,4000,2788,0.697,0,0,20,15,8,4,4,4,0,2,8,10,7,51,18,HYBRID_SIMULATED,NORMAL,NORMAL
14,22,1,SAFETY,9,HIGH,3,4000,2788,0.697,0,0,0,30,1,4,2,2,0,2,14,9,6,97,18,HYBRID_SIMULATED,NORMAL,NORMAL
14,23,0,STAGE,42,LOW,1,4000,1089,0.272,0,0,0,22,4,-5,2,0,1,0,14,11,0,114,18,HYBRID_SIMULATED,NORMAL,NORMAL
14,23,0,PUB,0,LOW,1,4000,1089,0.272,1,0,45,59,9,1,12,2,6,0,2,50,9,2,18,HYBRID_SIMULATED,VERY_BUSY,VERY_BUSY
14,23,0,FOOD,22,LOW,1,4000,1089,0.272,1,0,30,58,7,4,0,0,0,1,21,33,-6,75,18,HYBRID_SIMULATED,NORMAL,BUSY
14,23,0,EXPERIENCE,63,LOW,1,4000,1089,0.272,0,0,0,26,1,-4,6,0,1,0,7,26,-2,129,18,HYBRID_SIMULATED,BUSY,BUSY
14,23,0,GOODS,60,LOW,1,4000,1089,0.272,0,0,30,15,-7,0,0,0,0,2,20,18,0,41,18,HYBRID_SIMULATED,NORMAL,NORMAL
14,23,0,SAFETY,39,LOW,1,4000,1089,0.272,0,0,20,28,9,11,1,0,1,0,25,13,-3,111,18,HYBRID_SIMULATED,NORMAL,NORMAL
14,24,0,STAGE,42,LOW,1,4000,168,0.042,0,0,20,32,-2,-7,0,2,0,0,19,30,0,58,18,HYBRID_SIMULATED,NORMAL,NORMAL
14,24,0,PUB,0,LOW,1,4000,168,0.042,1,0,45,78,-1,-3,6,4,5,0,9,48,2,31,18,HYBRID_SIMULATED,VERY_BUSY,VERY_BUSY
14,24,0,FOOD,10,LOW,1,4000,168,0.042,1,0,30,60,13,-14,12,5,7,0,9,43,0,10,18,HYBRID_SIMULATED,VERY_BUSY,VERY_BUSY
14,24,0,EXPERIENCE,1,LOW,1,4000,168,0.042,0,0,30,19,6,1,15,2,9,2,0,34,1,113,18,HYBRID_SIMULATED,VERY_BUSY,VERY_BUSY
14,24,0,GOODS,55,LOW,1,4000,168,0.042,0,0,45,4,-8,-11,2,0,1,1,16,3,4,70,18,HYBRID_SIMULATED,LOW,LOW
14,24,0,SAFETY,61,LOW,1,4000,168,0.042,0,0,45,15,-6,4,9,7,5,0,4,13,0,65,18,HYBRID_SIMULATED,BUSY,BUSY
15,10,0,STAGE,42,HIGH,3,4000,845,0.211,0,0,480,11,10,9,0,2,0,0,23,22,6,106,18,HYBRID_SIMULATED,NORMAL,NORMAL
15,10,0,PUB,0,HIGH,3,4000,845,0.211,0,0,480,22,1,-11,0,2,0,0,11,30,1,44,18,HYBRID_SIMULATED,NORMAL,NORMAL
15,10,0,FOOD,20,HIGH,3,4000,845,0.211,0,0,480,27,2,14,0,0,0,0,15,14,6,82,18,HYBRID_SIMULATED,NORMAL,NORMAL
15,10,0,EXPERIENCE,6,HIGH,3,4000,845,0.211,0,0,480,27,0,19,2,1,1,0,10,25,1,132,18,HYBRID_SIMULATED,NORMAL,NORMAL
15,10,0,GOODS,75,HIGH,3,4000,845,0.211,0,0,480,14,1,4,0,1,0,0,12,20,0,58,18,HYBRID_SIMULATED,NORMAL,NORMAL
15,10,0,SAFETY,61,HIGH,3,4000,845,0.211,0,0,480,17,2,9,12,0,7,1,0,24,4,139,18,HYBRID_SIMULATED,VERY_BUSY,BUSY
15,11,0,STAGE,42,HIGH,3,4000,440,0.11,0,0,420,25,-2,4,5,4,2,0,6,20,1,112,18,HYBRID_SIMULATED,BUSY,VERY_BUSY
15,11,0,PUB,0,HIGH,3,4000,440,0.11,0,0,420,17,3,3,1,2,1,0,19,21,2,69,18,HYBRID_SIMULATED,NORMAL,NORMAL
15,11,0,FOOD,79,HIGH,3,4000,440,0.11,0,0,420,16,0,-12,2,2,2,0,17,19,0,78,18,HYBRID_SIMULATED,NORMAL,NORMAL
15,11,0,EXPERIENCE,78,HIGH,3,4000,440,0.11,0,0,420,26,4,-4,0,0,0,0,22,16,1,105,18,HYBRID_SIMULATED,NORMAL,LOW
15,11,0,GOODS,48,HIGH,3,4000,440,0.11,0,0,420,17,0,-2,1,0,0,0,8,17,2,60,18,HYBRID_SIMULATED,NORMAL,NORMAL
15,11,0,SAFETY,76,HIGH,3,4000,440,0.11,0,0,420,30,3,4,0,0,0,0,10,12,7,125,18,HYBRID_SIMULATED,NORMAL,NORMAL
15,12,0,STAGE,41,MEDIUM,2,4000,292,0.073,0,0,360,14,7,4,1,0,1,1,20,22,0,100,18,HYBRID_SIMULATED,NORMAL,NORMAL
15,12,0,PUB,0,MEDIUM,2,4000,292,0.073,0,0,360,17,7,1,4,1,1,0,10,25,-5,30,18,HYBRID_SIMULATED,BUSY,NORMAL
15,12,0,FOOD,10,MEDIUM,2,4000,292,0.073,0,0,360,14,-3,5,0,0,0,0,18,12,-6,113,18,HYBRID_SIMULATED,NORMAL,NORMAL
15,12,0,EXPERIENCE,53,MEDIUM,2,4000,292,0.073,0,0,360,42,4,16,0,0,0,1,17,22,3,92,18,HYBRID_SIMULATED,NORMAL,NORMAL
15,12,0,GOODS,80,MEDIUM,2,4000,292,0.073,0,0,360,17,0,12,0,0,0,0,15,9,0,67,18,HYBRID_SIMULATED,NORMAL,NORMAL
15,12,0,SAFETY,81,MEDIUM,2,4000,292,0.073,0,0,360,26,2,4,0,0,0,3,22,18,0,98,18,HYBRID_SIMULATED,NORMAL,LOW
15,13,0,STAGE,41,MEDIUM,2,4000,873,0.218,0,0,300,27,-4,-3,1,0,0,0,14,20,0,141,18,HYBRID_SIMULATED,NORMAL,NORMAL
15,13,0,PUB,0,MEDIUM,2,4000,873,0.218,0,0,300,16,-6,-9,3,2,1,0,14,23,2,44,18,HYBRID_SIMULATED,BUSY,NORMAL
15,13,0,FOOD,30,MEDIUM,2,4000,873,0.218,0,0,300,18,8,-4,0,1,0,0,15,19,6,54,18,HYBRID_SIMULATED,NORMAL,LOW
15,13,0,EXPERIENCE,53,MEDIUM,2,4000,873,0.218,0,0,300,43,-3,-5,0,1,0,0,17,28,-1,123,18,HYBRID_SIMULATED,NORMAL,NORMAL
15,13,0,GOODS,3,MEDIUM,2,4000,873,0.218,0,0,300,14,-8,3,0,1,0,1,22,12,-1,80,18,HYBRID_SIMULATED,NORMAL,NORMAL
15,13,0,SAFETY,9,MEDIUM,2,4000,873,0.218,0,0,300,10,-3,10,6,0,5,0,10,17,0,89,18,HYBRID_SIMULATED,BUSY,NORMAL
15,14,0,STAGE,42,LOW,1,4000,644,0.161,0,0,240,19,0,13,0,0,0,3,20,19,4,91,18,HYBRID_SIMULATED,NORMAL,NORMAL
15,14,0,PUB,0,LOW,1,4000,644,0.161,0,0,240,10,3,6,5,3,2,1,7,12,6,92,18,HYBRID_SIMULATED,NORMAL,NORMAL
15,14,0,FOOD,22,LOW,1,4000,644,0.161,0,0,240,22,-4,-6,6,4,1,0,6,32,7,64,18,HYBRID_SIMULATED,BUSY,NORMAL
15,14,0,EXPERIENCE,1,LOW,1,4000,644,0.161,0,0,240,26,3,-15,9,0,1,0,3,26,0,110,18,HYBRID_SIMULATED,BUSY,BUSY
15,14,0,GOODS,65,LOW,1,4000,644,0.161,0,0,240,15,-2,5,3,5,3,4,12,19,4,52,18,HYBRID_SIMULATED,BUSY,NORMAL
15,14,0,SAFETY,39,LOW,1,4000,644,0.161,0,0,240,16,-2,-1,7,0,3,3,11,19,-4,85,18,HYBRID_SIMULATED,BUSY,BUSY
15,15,0,STAGE,42,MEDIUM,2,4000,498,0.124,0,0,180,21,6,6,0,1,0,0,21,19,-10,94,18,HYBRID_SIMULATED,NORMAL,NORMAL
15,15,0,PUB,0,MEDIUM,2,4000,498,0.124,0,0,180,22,3,2,4,2,0,0,17,20,0,58,18,HYBRID_SIMULATED,BUSY,NORMAL
15,15,0,FOOD,17,MEDIUM,2,4000,498,0.124,0,0,180,23,3,0,4,2,4,2,12,29,-2,71,18,HYBRID_SIMULATED,BUSY,BUSY
15,15,0,EXPERIENCE,73,MEDIUM,2,4000,498,0.124,0,0,180,28,-6,8,0,0,0,0,22,21,8,106,18,HYBRID_SIMULATED,NORMAL,BUSY
15,15,0,GOODS,43,MEDIUM,2,4000,498,0.124,0,0,180,20,-2,7,0,2,0,1,16,29,2,46,18,HYBRID_SIMULATED,NORMAL,NORMAL
15,15,0,SAFETY,39,MEDIUM,2,4000,498,0.124,0,0,180,17,4,6,2,0,1,0,22,2,2,89,18,HYBRID_SIMULATED,NORMAL,NORMAL
15,16,0,STAGE,41,LOW,1,4000,1049,0.262,0,0,120,30,0,3,0,0,0,1,26,36,3,51,18,HYBRID_SIMULATED,NORMAL,BUSY
15,16,0,PUB,0,LOW,1,4000,1049,0.262,0,0,120,14,-2,-2,0,0,0,1,14,14,0,42,18,HYBRID_SIMULATED,NORMAL,LOW
15,16,0,FOOD,40,LOW,1,4000,1049,0.262,0,0,120,28,0,5,0,0,0,1,18,24,-6,63,18,HYBRID_SIMULATED,NORMAL,NORMAL
15,16,0,EXPERIENCE,36,LOW,1,4000,1049,0.262,0,0,120,30,1,12,3,2,0,1,13,32,6,135,18,HYBRID_SIMULATED,BUSY,BUSY
15,16,0,GOODS,60,LOW,1,4000,1049,0.262,0,0,120,35,10,0,1,0,1,0,11,19,0,76,18,HYBRID_SIMULATED,NORMAL,BUSY
15,16,0,SAFETY,29,LOW,1,4000,1049,0.262,0,0,120,15,3,-1,5,0,3,0,12,13,4,115,18,HYBRID_SIMULATED,BUSY,NORMAL
15,17,0,STAGE,41,LOW,1,4000,527,0.132,0,0,60,16,1,-1,2,2,0,0,10,13,7,138,18,HYBRID_SIMULATED,NORMAL,NORMAL
15,17,0,PUB,0,LOW,1,4000,527,0.132,0,0,60,17,6,6,0,4,0,0,15,21,7,36,18,HYBRID_SIMULATED,NORMAL,NORMAL
15,17,0,FOOD,37,LOW,1,4000,527,0.132,0,0,60,22,-5,-5,1,2,1,1,11,26,-5,56,18,HYBRID_SIMULATED,NORMAL,NORMAL
15,17,0,EXPERIENCE,11,LOW,1,4000,527,0.132,0,0,60,35,-4,21,1,1,0,3,19,23,5,68,18,HYBRID_SIMULATED,NORMAL,NORMAL
15,17,0,GOODS,18,LOW,1,4000,527,0.132,0,0,60,31,11,0,0,1,0,1,20,7,7,66,18,HYBRID_SIMULATED,NORMAL,NORMAL
15,17,0,SAFETY,29,LOW,1,4000,527,0.132,0,0,60,11,11,11,2,0,0,0,10,7,6,111,18,HYBRID_SIMULATED,NORMAL,NORMAL
15,18,1,STAGE,41,LOW,1,4000,747,0.187,0,1,10,65,6,6,3,1,1,1,16,39,9,67,18,HYBRID_SIMULATED,BUSY,BUSY
15,18,1,PUB,0,LOW,1,4000,747,0.187,1,0,10,69,-7,14,9,2,5,2,4,37,-2,35,18,HYBRID_SIMULATED,VERY_BUSY,VERY_BUSY
15,18,1,FOOD,69,LOW,1,4000,747,0.187,1,0,30,60,7,6,8,5,5,1,2,39,5,29,18,HYBRID_SIMULATED,VERY_BUSY,VERY_BUSY
15,18,1,EXPERIENCE,46,LOW,1,4000,747,0.187,0,0,20,22,12,9,2,0,0,0,17,28,4,92,18,HYBRID_SIMULATED,NORMAL,BUSY
15,18,1,GOODS,80,LOW,1,4000,747,0.187,0,0,20,25,2,10,5,3,1,1,11,18,3,85,18,HYBRID_SIMULATED,BUSY,BUSY
15,18,1,SAFETY,44,LOW,1,4000,747,0.187,0,0,0,35,1,11,0,3,0,0,13,0,12,78,18,HYBRID_SIMULATED,NORMAL,NORMAL
15,19,1,STAGE,41,MEDIUM,2,4000,1778,0.445,0,1,30,50,13,4,2,0,2,3,18,30,5,93,18,HYBRID_SIMULATED,BUSY,VERY_BUSY
15,19,1,PUB,0,MEDIUM,2,4000,1778,0.445,1,0,10,51,8,24,11,6,2,0,0,35,7,29,18,HYBRID_SIMULATED,VERY_BUSY,VERY_BUSY
15,19,1,FOOD,40,MEDIUM,2,4000,1778,0.445,1,0,30,58,-4,4,7,5,1,0,3,32,9,11,18,HYBRID_SIMULATED,VERY_BUSY,VERY_BUSY
15,19,1,EXPERIENCE,58,MEDIUM,2,4000,1778,0.445,0,0,45,16,3,12,8,0,3,2,2,24,7,84,18,HYBRID_SIMULATED,VERY_BUSY,BUSY
15,19,1,GOODS,48,MEDIUM,2,4000,1778,0.445,0,0,10,38,3,10,0,2,0,0,19,12,1,67,18,HYBRID_SIMULATED,NORMAL,NORMAL
15,19,1,SAFETY,66,MEDIUM,2,4000,1778,0.445,0,0,20,34,5,24,9,3,0,1,4,15,5,87,18,HYBRID_SIMULATED,BUSY,BUSY
15,20,1,STAGE,42,MEDIUM,2,4000,2221,0.555,0,1,45,38,3,15,8,3,2,1,3,43,10,97,18,HYBRID_SIMULATED,VERY_BUSY,VERY_BUSY
15,20,1,PUB,0,MEDIUM,2,4000,2221,0.555,1,0,20,60,1,6,11,6,3,0,2,43,6,42,18,HYBRID_SIMULATED,VERY_BUSY,VERY_BUSY
15,20,1,FOOD,30,MEDIUM,2,4000,2221,0.555,1,0,10,51,7,9,8,6,2,1,6,43,10,5,18,HYBRID_SIMULATED,VERY_BUSY,VERY_BUSY
15,20,1,EXPERIENCE,31,MEDIUM,2,4000,2221,0.555,0,0,20,20,2,11,4,1,0,1,6,13,0,92,18,HYBRID_SIMULATED,NORMAL,BUSY
15,20,1,GOODS,38,MEDIUM,2,4000,2221,0.555,0,0,20,41,6,-3,2,2,2,0,8,22,-2,61,18,HYBRID_SIMULATED,BUSY,BUSY
15,20,1,SAFETY,39,MEDIUM,2,4000,2221,0.555,0,0,45,25,-3,5,0,1,0,2,12,8,6,83,18,HYBRID_SIMULATED,NORMAL,NORMAL
15,21,1,STAGE,41,MEDIUM,2,4000,1699,0.425,0,1,0,39,8,1,5,0,2,0,7,25,-1,48,18,HYBRID_SIMULATED,BUSY,VERY_BUSY
15,21,1,PUB,0,MEDIUM,2,4000,1699,0.425,1,0,10,72,-6,-3,7,4,2,1,14,45,-1,20,18,HYBRID_SIMULATED,VERY_BUSY,VERY_BUSY
15,21,1,FOOD,30,MEDIUM,2,4000,1699,0.425,1,0,10,54,-3,14,9,3,4,0,3,44,5,0,18,HYBRID_SIMULATED,VERY_BUSY,VERY_BUSY
15,21,1,EXPERIENCE,31,MEDIUM,2,4000,1699,0.425,0,0,0,26,-1,20,0,3,0,0,19,23,10,51,18,HYBRID_SIMULATED,NORMAL,NORMAL
15,21,1,GOODS,60,MEDIUM,2,4000,1699,0.425,0,0,45,28,9,12,4,0,0,3,12,22,1,26,18,HYBRID_SIMULATED,BUSY,BUSY
15,21,1,SAFETY,14,MEDIUM,2,4000,1699,0.425,0,0,20,22,11,4,6,2,1,3,13,13,2,113,18,HYBRID_SIMULATED,BUSY,BUSY
15,22,1,STAGE,41,LOW,1,4000,1284,0.321,0,1,10,51,4,11,4,3,1,1,14,31,4,62,18,HYBRID_SIMULATED,BUSY,VERY_BUSY
15,22,1,PUB,0,LOW,1,4000,1284,0.321,1,0,45,62,6,3,0,0,0,1,14,31,7,54,18,HYBRID_SIMULATED,NORMAL,VERY_BUSY
15,22,1,FOOD,69,LOW,1,4000,1284,0.321,1,0,0,46,15,14,10,5,3,1,3,36,9,0,18,HYBRID_SIMULATED,VERY_BUSY,VERY_BUSY
15,22,1,EXPERIENCE,26,LOW,1,4000,1284,0.321,0,0,0,27,-3,13,0,1,0,0,11,15,-3,102,18,HYBRID_SIMULATED,NORMAL,NORMAL
15,22,1,GOODS,23,LOW,1,4000,1284,0.321,0,0,45,16,5,2,2,0,0,0,15,18,0,23,18,HYBRID_SIMULATED,NORMAL,NORMAL
15,22,1,SAFETY,19,LOW,1,4000,1284,0.321,0,0,30,26,9,5,0,2,0,0,15,11,0,97,18,HYBRID_SIMULATED,NORMAL,NORMAL
15,23,0,STAGE,41,MEDIUM,2,4000,335,0.084,0,0,0,24,3,1,5,0,2,0,11,28,9,99,18,HYBRID_SIMULATED,BUSY,BUSY
15,23,0,PUB,0,MEDIUM,2,4000,335,0.084,1,0,30,79,-4,13,5,3,5,3,13,54,3,35,18,HYBRID_SIMULATED,VERY_BUSY,VERY_BUSY
15,23,0,FOOD,30,MEDIUM,2,4000,335,0.084,1,0,0,44,-2,14,10,2,3,0,0,41,0,6,18,HYBRID_SIMULATED,VERY_BUSY,VERY_BUSY
15,23,0,EXPERIENCE,73,MEDIUM,2,4000,335,0.084,0,0,20,12,-2,-6,0,2,0,0,21,13,8,55,18,HYBRID_SIMULATED,NORMAL,NORMAL
15,23,0,GOODS,80,MEDIUM,2,4000,335,0.084,0,0,10,8,-7,-1,2,0,0,0,11,2,4,34,18,HYBRID_SIMULATED,LOW,LOW
15,23,0,SAFETY,24,MEDIUM,2,4000,335,0.084,0,0,10,6,1,6,3,2,2,0,14,15,4,104,18,HYBRID_SIMULATED,NORMAL,NORMAL
15,24,0,STAGE,42,MEDIUM,2,4000,824,0.206,0,0,45,35,-2,0,1,0,1,0,17,33,-8,76,18,HYBRID_SIMULATED,NORMAL,BUSY
15,24,0,PUB,0,MEDIUM,2,4000,824,0.206,1,0,20,64,-2,-6,4,3,0,1,15,34,3,34,18,HYBRID_SIMULATED,BUSY,VERY_BUSY
15,24,0,FOOD,15,MEDIUM,2,4000,824,0.206,1,0,0,53,-2,-2,10,6,3,1,0,31,-1,22,18,HYBRID_SIMULATED,VERY_BUSY,VERY_BUSY
15,24,0,EXPERIENCE,63,MEDIUM,2,4000,824,0.206,0,0,0,16,10,1,4,5,0,0,9,21,0,50,18,HYBRID_SIMULATED,BUSY,NORMAL
15,24,0,GOODS,3,MEDIUM,2,4000,824,0.206,0,0,20,3,0,-4,2,0,0,0,13,10,-4,40,18,HYBRID_SIMULATED,LOW,LOW
15,24,0,SAFETY,44,MEDIUM,2,4000,824,0.206,0,0,45,14,5,12,3,5,3,0,9,8,11,74,18,HYBRID_SIMULATED,BUSY,NORMAL
16,10,0,STAGE,42,LOW,1,4000,1053,0.263,0,0,480,19,2,-4,3,1,0,0,12,19,4,128,18,HYBRID_SIMULATED,NORMAL,BUSY
16,10,0,PUB,0,LOW,1,4000,1053,0.263,0,0,480,30,-3,-9,0,2,0,0,24,22,-3,53,18,HYBRID_SIMULATED,NORMAL,NORMAL
16,10,0,FOOD,64,LOW,1,4000,1053,0.263,0,0,480,24,8,-2,11,6,5,1,5,42,7,44,18,HYBRID_SIMULATED,VERY_BUSY,BUSY
16,10,0,EXPERIENCE,58,LOW,1,4000,1053,0.263,0,0,480,17,2,2,11,0,5,2,2,12,-1,105,18,HYBRID_SIMULATED,BUSY,BUSY
16,10,0,GOODS,13,LOW,1,4000,1053,0.263,0,0,480,17,-1,-2,1,2,1,0,15,18,3,80,18,HYBRID_SIMULATED,NORMAL,NORMAL
16,10,0,SAFETY,71,LOW,1,4000,1053,0.263,0,0,480,0,0,0,2,0,0,0,19,10,1,105,18,HYBRID_SIMULATED,LOW,LOW
16,11,0,STAGE,41,MEDIUM,2,4000,120,0.03,0,0,420,21,5,-12,0,1,0,0,18,11,-2,143,18,HYBRID_SIMULATED,NORMAL,NORMAL
16,11,0,PUB,0,MEDIUM,2,4000,120,0.03,0,0,420,22,3,7,6,0,0,0,14,32,2,86,18,HYBRID_SIMULATED,BUSY,NORMAL
16,11,0,FOOD,15,MEDIUM,2,4000,120,0.03,0,0,420,24,0,3,3,4,0,0,12,31,8,100,18,HYBRID_SIMULATED,BUSY,NORMAL
16,11,0,EXPERIENCE,53,MEDIUM,2,4000,120,0.03,0,0,420,22,9,-4,4,0,0,0,6,10,-3,81,18,HYBRID_SIMULATED,NORMAL,NORMAL
16,11,0,GOODS,28,MEDIUM,2,4000,120,0.03,0,0,420,11,2,3,1,3,0,0,20,10,-3,82,18,HYBRID_SIMULATED,NORMAL,NORMAL
16,11,0,SAFETY,34,MEDIUM,2,4000,120,0.03,0,0,420,15,8,0,4,1,1,0,9,13,3,91,18,HYBRID_SIMULATED,BUSY,NORMAL
16,12,0,STAGE,42,MEDIUM,2,4000,1077,0.269,0,0,360,16,2,14,4,4,3,0,10,19,7,65,18,HYBRID_SIMULATED,BUSY,VERY_BUSY
16,12,0,PUB,0,MEDIUM,2,4000,1077,0.269,0,0,360,28,6,-1,5,0,5,0,10,23,-7,65,18,HYBRID_SIMULATED,BUSY,BUSY
16,12,0,FOOD,35,MEDIUM,2,4000,1077,0.269,0,0,360,23,3,4,3,0,0,1,6,17,3,75,18,HYBRID_SIMULATED,NORMAL,NORMAL
16,12,0,EXPERIENCE,21,MEDIUM,2,4000,1077,0.269,0,0,360,37,2,-2,1,0,0,0,19,17,-1,79,18,HYBRID_SIMULATED,NORMAL,NORMAL
16,12,0,GOODS,38,MEDIUM,2,4000,1077,0.269,0,0,360,13,-1,3,3,2,3,0,6,15,2,80,18,HYBRID_SIMULATED,BUSY,NORMAL
16,12,0,SAFETY,66,MEDIUM,2,4000,1077,0.269,0,0,360,17,1,2,3,0,1,0,6,0,0,115,18,HYBRID_SIMULATED,NORMAL,NORMAL
16,13,0,STAGE,42,LOW,1,4000,250,0.062,0,0,300,6,6,-9,6,0,2,0,6,21,-2,98,18,HYBRID_SIMULATED,NORMAL,NORMAL
16,13,0,PUB,0,LOW,1,4000,250,0.062,0,0,300,20,-5,-10,1,2,1,0,23,17,2,80,18,HYBRID_SIMULATED,NORMAL,NORMAL
16,13,0,FOOD,52,LOW,1,4000,250,0.062,0,0,300,22,4,8,2,1,0,1,13,22,5,37,18,HYBRID_SIMULATED,NORMAL,NORMAL
16,13,0,EXPERIENCE,68,LOW,1,4000,250,0.062,0,0,300,28,0,-7,6,2,4,0,10,15,3,116,18,HYBRID_SIMULATED,BUSY,BUSY
16,13,0,GOODS,75,LOW,1,4000,250,0.062,0,0,300,9,4,2,2,0,1,0,10,1,-1,69,18,HYBRID_SIMULATED,NORMAL,LOW
16,13,0,SAFETY,44,LOW,1,4000,250,0.062,0,0,300,23,-1,-2,0,0,0,0,18,0,2,93,18,HYBRID_SIMULATED,NORMAL,NORMAL
16,14,0,STAGE,41,MEDIUM,2,4000,947,0.237,0,0,240,26,2,4,1,1,0,0,12,19,1,170,18,HYBRID_SIMULATED,NORMAL,BUSY
16,14,0,PUB,0,MEDIUM,2,4000,947,0.237,0,0,240,26,14,1,3,2,0,0,18,39,4,65,18,HYBRID_SIMULATED,BUSY,BUSY
16,14,0,FOOD,22,MEDIUM,2,4000,947,0.237,0,0,240,18,0,1,5,1,0,1,5,21,4,60,18,HYBRID_SIMULATED,BUSY,NORMAL
16,14,0,EXPERIENCE,53,MEDIUM,2,4000,947,0.237,0,0,240,27,5,-3,0,2,0,1,17,26,9,119,18,HYBRID_SIMULATED,NORMAL,NORMAL
16,14,0,GOODS,8,MEDIUM,2,4000,947,0.237,0,0,240,18,1,6,4,0,1,2,7,13,3,91,18,HYBRID_SIMULATED,BUSY,NORMAL
16,14,0,SAFETY,66,MEDIUM,2,4000,947,0.237,0,0,240,13,-5,2,6,3,0,2,0,4,5,77,18,HYBRID_SIMULATED,BUSY,NORMAL
16,15,0,STAGE,41,MEDIUM,2,4000,139,0.035,0,0,180,16,2,-7,0,1,0,0,21,21,-1,102,18,HYBRID_SIMULATED,NORMAL,NORMAL
16,15,0,PUB,0,MEDIUM,2,4000,139,0.035,0,0,180,22,-3,-5,2,0,0,0,11,27,-4,54,18,HYBRID_SIMULATED,NORMAL,NORMAL
16,15,0,FOOD,12,MEDIUM,2,4000,139,0.035,0,0,180,21,4,5,4,0,0,2,19,24,-1,57,18,HYBRID_SIMULATED,BUSY,NORMAL
16,15,0,EXPERIENCE,1,MEDIUM,2,4000,139,0.035,0,0,180,32,-2,9,6,2,2,0,9,17,6,96,18,HYBRID_SIMULATED,BUSY,BUSY
16,15,0,GOODS,38,MEDIUM,2,4000,139,0.035,0,0,180,11,4,-8,11,4,7,4,1,28,1,34,18,HYBRID_SIMULATED,BUSY,NORMAL
16,15,0,SAFETY,29,MEDIUM,2,4000,139,0.035,0,0,180,11,11,3,1,2,0,0,18,17,-4,108,18,HYBRID_SIMULATED,NORMAL,LOW
16,16,0,STAGE,42,MEDIUM,2,4000,266,0.067,0,0,120,13,1,4,6,0,2,0,6,26,3,119,18,HYBRID_SIMULATED,BUSY,BUSY
16,16,0,PUB,0,MEDIUM,2,4000,266,0.067,0,0,120,13,6,4,0,4,0,0,21,21,5,55,18,HYBRID_SIMULATED,NORMAL,NORMAL
16,16,0,FOOD,74,MEDIUM,2,4000,266,0.067,0,0,120,16,5,7,0,1,0,0,21,20,8,47,18,HYBRID_SIMULATED,NORMAL,NORMAL
16,16,0,EXPERIENCE,63,MEDIUM,2,4000,266,0.067,0,0,120,34,10,-7,5,2,0,0,17,19,0,90,18,HYBRID_SIMULATED,BUSY,VERY_BUSY
16,16,0,GOODS,33,MEDIUM,2,4000,266,0.067,0,0,120,34,1,4,1,3,1,0,20,21,4,65,18,HYBRID_SIMULATED,NORMAL,NORMAL
16,16,0,SAFETY,29,MEDIUM,2,4000,266,0.067,0,0,120,14,1,11,2,5,2,2,17,0,7,150,18,HYBRID_SIMULATED,NORMAL,NORMAL
16,17,0,STAGE,41,LOW,1,4000,443,0.111,0,0,60,19,-1,5,0,0,0,0,20,27,-5,131,18,HYBRID_SIMULATED,NORMAL,NORMAL
16,17,0,PUB,0,LOW,1,4000,443,0.111,0,0,60,9,-4,0,4,2,1,0,12,31,0,13,18,HYBRID_SIMULATED,NORMAL,NORMAL
16,17,0,FOOD,25,LOW,1,4000,443,0.111,0,0,60,22,-8,-4,5,3,2,0,7,27,1,24,18,HYBRID_SIMULATED,BUSY,BUSY
16,17,0,EXPERIENCE,1,LOW,1,4000,443,0.111,0,0,60,33,4,11,9,2,1,0,3,38,1,123,18,HYBRID_SIMULATED,VERY_BUSY,VERY_BUSY
16,17,0,GOODS,70,LOW,1,4000,443,0.111,0,0,60,26,5,5,6,4,0,0,8,9,-1,55,18,HYBRID_SIMULATED,NORMAL,NORMAL
16,17,0,SAFETY,76,LOW,1,4000,443,0.111,0,0,60,9,4,9,0,0,0,0,23,0,5,141,18,HYBRID_SIMULATED,LOW,LOW
16,18,1,STAGE,41,HIGH,3,4000,2705,0.676,0,1,10,88,1,17,2,0,0,0,13,50,11,115,18,HYBRID_SIMULATED,BUSY,VERY_BUSY
16,18,1,PUB,0,HIGH,3,4000,2705,0.676,1,0,0,25,2,8,4,2,3,0,13,26,12,17,18,HYBRID_SIMULATED,BUSY,BUSY
16,18,1,FOOD,15,HIGH,3,4000,2705,0.676,1,0,45,58,5,5,9,5,4,0,3,32,7,37,18,HYBRID_SIMULATED,VERY_BUSY,BUSY
16,18,1,EXPERIENCE,53,HIGH,3,4000,2705,0.676,0,0,30,22,6,3,1,1,1,0,10,31,-3,95,18,HYBRID_SIMULATED,NORMAL,NORMAL
16,18,1,GOODS,28,HIGH,3,4000,2705,0.676,0,0,0,21,2,11,3,0,3,0,12,17,0,54,18,HYBRID_SIMULATED,BUSY,BUSY
16,18,1,SAFETY,4,HIGH,3,4000,2705,0.676,0,0,30,26,5,5,0,2,0,0,15,0,0,118,18,HYBRID_SIMULATED,NORMAL,NORMAL
16,19,1,STAGE,42,HIGH,3,4000,2857,0.714,0,1,20,87,-3,12,3,2,0,0,10,42,8,88,18,HYBRID_SIMULATED,BUSY,VERY_BUSY
16,19,1,PUB,0,HIGH,3,4000,2857,0.714,1,0,20,44,3,7,11,7,1,2,0,36,7,27,18,HYBRID_SIMULATED,VERY_BUSY,BUSY
16,19,1,FOOD,37,HIGH,3,4000,2857,0.714,1,0,0,40,0,10,7,6,3,0,6,38,7,19,18,HYBRID_SIMULATED,VERY_BUSY,VERY_BUSY
16,19,1,EXPERIENCE,68,HIGH,3,4000,2857,0.714,0,0,30,29,1,11,6,3,4,0,11,15,2,73,18,HYBRID_SIMULATED,BUSY,BUSY
16,19,1,GOODS,18,HIGH,3,4000,2857,0.714,0,0,0,26,2,-1,0,0,0,1,15,14,0,64,18,HYBRID_SIMULATED,NORMAL,NORMAL
16,19,1,SAFETY,66,HIGH,3,4000,2857,0.714,0,0,30,40,4,11,11,4,3,2,4,24,6,175,18,HYBRID_SIMULATED,BUSY,VERY_BUSY
16,20,1,STAGE,41,MEDIUM,2,4000,2062,0.515,0,1,20,33,7,2,0,6,0,0,17,22,6,146,18,HYBRID_SIMULATED,NORMAL,VERY_BUSY
16,20,1,PUB,0,MEDIUM,2,4000,2062,0.515,1,0,20,66,0,23,11,4,4,0,0,39,9,3,18,HYBRID_SIMULATED,VERY_BUSY,VERY_BUSY
16,20,1,FOOD,69,MEDIUM,2,4000,2062,0.515,1,0,10,65,7,10,9,4,2,0,0,48,1,28,18,HYBRID_SIMULATED,VERY_BUSY,VERY_BUSY
16,20,1,EXPERIENCE,11,MEDIUM,2,4000,2062,0.515,0,0,10,8,5,8,6,2,1,0,18,25,7,120,18,HYBRID_SIMULATED,NORMAL,NORMAL
16,20,1,GOODS,75,MEDIUM,2,4000,2062,0.515,0,0,10,31,7,9,3,0,0,0,11,21,2,17,18,HYBRID_SIMULATED,NORMAL,BUSY
16,20,1,SAFETY,44,MEDIUM,2,4000,2062,0.515,0,0,0,30,-7,18,0,0,0,0,22,6,0,59,18,HYBRID_SIMULATED,NORMAL,NORMAL
16,21,1,STAGE,42,LOW,1,4000,1031,0.258,0,1,30,51,4,8,2,1,2,1,13,24,6,94,18,HYBRID_SIMULATED,BUSY,BUSY
16,21,1,PUB,0,LOW,1,4000,1031,0.258,1,0,30,65,2,8,8,7,3,2,13,51,4,26,18,HYBRID_SIMULATED,VERY_BUSY,VERY_BUSY
16,21,1,FOOD,37,LOW,1,4000,1031,0.258,1,0,10,69,4,6,10,1,3,1,0,40,1,3,18,HYBRID_SIMULATED,VERY_BUSY,VERY_BUSY
16,21,1,EXPERIENCE,73,LOW,1,4000,1031,0.258,0,0,45,19,6,18,2,3,2,1,20,8,4,64,18,HYBRID_SIMULATED,NORMAL,NORMAL
16,21,1,GOODS,80,LOW,1,4000,1031,0.258,0,0,10,29,19,2,0,2,0,1,20,13,4,43,18,HYBRID_SIMULATED,NORMAL,NORMAL
16,21,1,SAFETY,34,LOW,1,4000,1031,0.258,0,0,10,22,3,7,1,3,1,0,19,11,8,113,18,HYBRID_SIMULATED,NORMAL,NORMAL
16,22,1,STAGE,41,MEDIUM,2,4000,1747,0.437,0,1,10,46,6,15,6,4,0,0,7,33,14,91,18,HYBRID_SIMULATED,BUSY,VERY_BUSY
16,22,1,PUB,0,MEDIUM,2,4000,1747,0.437,1,0,30,56,4,1,9,8,7,1,4,43,4,13,18,HYBRID_SIMULATED,VERY_BUSY,VERY_BUSY
16,22,1,FOOD,67,MEDIUM,2,4000,1747,0.437,1,0,0,55,7,5,17,3,10,2,0,54,5,12,18,HYBRID_SIMULATED,VERY_BUSY,VERY_BUSY
16,22,1,EXPERIENCE,68,MEDIUM,2,4000,1747,0.437,0,0,20,14,-6,7,0,0,0,0,19,18,-8,95,18,HYBRID_SIMULATED,NORMAL,NORMAL
16,22,1,GOODS,43,MEDIUM,2,4000,1747,0.437,0,0,20,16,3,-4,1,0,0,0,8,14,1,40,18,HYBRID_SIMULATED,NORMAL,NORMAL
16,22,1,SAFETY,56,MEDIUM,2,4000,1747,0.437,0,0,10,27,-2,8,0,0,0,0,12,5,8,106,18,HYBRID_SIMULATED,NORMAL,NORMAL
16,23,0,STAGE,41,LOW,1,4000,751,0.188,0,0,10,17,6,7,0,2,0,0,21,18,1,34,18,HYBRID_SIMULATED,NORMAL,NORMAL
16,23,0,PUB,0,LOW,1,4000,751,0.188,1,0,20,74,5,8,10,5,4,2,6,62,12,0,18,HYBRID_SIMULATED,VERY_BUSY,VERY_BUSY
16,23,0,FOOD,7,LOW,1,4000,751,0.188,1,0,10,60,7,12,10,7,3,0,2,34,9,56,18,HYBRID_SIMULATED,VERY_BUSY,VERY_BUSY
16,23,0,EXPERIENCE,58,LOW,1,4000,751,0.188,0,0,30,26,-2,-13,9,2,4,0,4,26,-4,59,18,HYBRID_SIMULATED,BUSY,BUSY
16,23,0,GOODS,18,LOW,1,4000,751,0.188,0,0,45,21,1,0,0,1,0,0,21,14,-8,47,18,HYBRID_SIMULATED,NORMAL,LOW
16,23,0,SAFETY,34,LOW,1,4000,751,0.188,0,0,30,7,7,-1,3,2,0,0,12,5,11,111,18,HYBRID_SIMULATED,LOW,LOW
16,24,0,STAGE,42,LOW,1,4000,660,0.165,0,0,20,20,-2,3,1,1,1,0,11,28,0,149,18,HYBRID_SIMULATED,NORMAL,NORMAL
16,24,0,PUB,0,LOW,1,4000,660,0.165,1,0,10,62,2,-6,8,6,1,0,0,33,5,21,18,HYBRID_SIMULATED,VERY_BUSY,VERY_BUSY
16,24,0,FOOD,45,LOW,1,4000,660,0.165,1,0,45,58,8,-2,9,4,3,0,0,47,6,19,18,HYBRID_SIMULATED,VERY_BUSY,VERY_BUSY
16,24,0,EXPERIENCE,16,LOW,1,4000,660,0.165,0,0,10,18,5,15,9,0,1,0,2,23,1,140,18,HYBRID_SIMULATED,BUSY,BUSY
16,24,0,GOODS,55,LOW,1,4000,660,0.165,0,0,20,3,3,-9,4,0,3,2,11,14,-1,2,18,HYBRID_SIMULATED,NORMAL,NORMAL
16,24,0,SAFETY,44,LOW,1,4000,660,0.165,0,0,10,16,-1,-8,5,1,3,3,15,8,4,73,18,HYBRID_SIMULATED,BUSY,NORMAL
17,10,0,STAGE,41,LOW,1,4000,633,0.158,0,0,480,21,14,9,9,4,4,1,3,30,7,111,18,HYBRID_SIMULATED,VERY_BUSY,VERY_BUSY
17,10,0,PUB,0,LOW,1,4000,633,0.158,0,0,480,9,0,9,0,5,0,0,22,8,8,90,18,HYBRID_SIMULATED,LOW,LOW
17,10,0,FOOD,22,LOW,1,4000,633,0.158,0,0,480,28,7,-2,0,0,0,0,17,16,-4,46,18,HYBRID_SIMULATED,NORMAL,LOW
17,10,0,EXPERIENCE,1,LOW,1,4000,633,0.158,0,0,480,29,-7,-3,12,3,4,0,3,33,4,140,18,HYBRID_SIMULATED,VERY_BUSY,BUSY
17,10,0,GOODS,33,LOW,1,4000,633,0.158,0,0,480,12,0,-3,0,1,0,1,20,19,0,89,18,HYBRID_SIMULATED,NORMAL,NORMAL
17,10,0,SAFETY,19,LOW,1,4000,633,0.158,0,0,480,5,4,-7,0,0,0,0,18,0,-8,114,18,HYBRID_SIMULATED,LOW,LOW
17,11,0,STAGE,41,LOW,1,4000,297,0.074,0,0,420,27,0,0,2,0,0,0,15,26,-6,141,18,HYBRID_SIMULATED,NORMAL,BUSY
17,11,0,PUB,0,LOW,1,4000,297,0.074,0,0,420,0,0,0,1,1,0,2,11,16,0,65,18,HYBRID_SIMULATED,LOW,LOW
17,11,0,FOOD,27,LOW,1,4000,297,0.074,0,0,420,22,-8,-10,0,0,0,0,7,17,0,81,18,HYBRID_SIMULATED,NORMAL,NORMAL
17,11,0,EXPERIENCE,16,LOW,1,4000,297,0.074,0,0,420,24,5,2,7,1,1,1,7,22,-4,120,18,HYBRID_SIMULATED,BUSY,BUSY
17,11,0,GOODS,80,LOW,1,4000,297,0.074,0,0,420,19,5,13,8,6,8,0,5,20,9,37,18,HYBRID_SIMULATED,BUSY,NORMAL
17,11,0,SAFETY,29,LOW,1,4000,297,0.074,0,0,420,0,-8,0,1,0,0,0,21,0,1,158,18,HYBRID_SIMULATED,LOW,LOW
17,12,0,STAGE,42,HIGH,3,4000,756,0.189,0,0,360,26,5,11,0,0,0,0,22,28,3,123,18,HYBRID_SIMULATED,NORMAL,BUSY
17,12,0,PUB,0,HIGH,3,4000,756,0.189,0,0,360,34,-2,-4,4,1,0,0,14,31,8,64,18,HYBRID_SIMULATED,BUSY,NORMAL
17,12,0,FOOD,25,HIGH,3,4000,756,0.189,0,0,360,18,12,2,0,0,0,0,22,23,-4,67,18,HYBRID_SIMULATED,NORMAL,NORMAL
17,12,0,EXPERIENCE,21,HIGH,3,4000,756,0.189,0,0,360,30,3,-8,1,2,0,1,10,26,4,91,18,HYBRID_SIMULATED,NORMAL,NORMAL
17,12,0,GOODS,13,HIGH,3,4000,756,0.189,0,0,360,8,3,-8,2,2,1,0,8,0,0,73,18,HYBRID_SIMULATED,LOW,LOW
17,12,0,SAFETY,44,HIGH,3,4000,756,0.189,0,0,360,9,4,-5,2,4,0,0,16,8,3,146,18,HYBRID_SIMULATED,NORMAL,NORMAL
17,13,0,STAGE,42,LOW,1,4000,320,0.08,0,0,300,30,-2,2,2,0,0,0,8,17,3,107,18,HYBRID_SIMULATED,NORMAL,NORMAL
17,13,0,PUB,0,LOW,1,4000,320,0.08,0,0,300,18,1,-12,12,5,6,0,0,21,-3,67,18,HYBRID_SIMULATED,VERY_BUSY,BUSY
17,13,0,FOOD,5,LOW,1,4000,320,0.08,0,0,300,25,3,-4,0,1,0,0,11,13,-2,54,18,HYBRID_SIMULATED,NORMAL,LOW
17,13,0,EXPERIENCE,68,LOW,1,4000,320,0.08,0,0,300,34,12,2,0,5,0,0,23,38,3,103,18,HYBRID_SIMULATED,NORMAL,NORMAL
17,13,0,GOODS,48,LOW,1,4000,320,0.08,0,0,300,21,7,0,0,1,0,0,19,8,1,37,18,HYBRID_SIMULATED,NORMAL,NORMAL
17,13,0,SAFETY,4,LOW,1,4000,320,0.08,0,0,300,11,1,11,0,2,0,0,19,3,2,108,18,HYBRID_SIMULATED,LOW,LOW
17,14,0,STAGE,41,LOW,1,4000,556,0.139,0,0,240,12,3,1,0,0,0,0,23,21,-5,84,18,HYBRID_SIMULATED,NORMAL,NORMAL
17,14,0,PUB,0,LOW,1,4000,556,0.139,0,0,240,8,3,1,1,0,1,2,21,21,3,89,18,HYBRID_SIMULATED,NORMAL,LOW
17,14,0,FOOD,47,LOW,1,4000,556,0.139,0,0,240,16,-2,-3,0,1,0,0,15,18,-1,95,18,HYBRID_SIMULATED,NORMAL,LOW
17,14,0,EXPERIENCE,11,LOW,1,4000,556,0.139,0,0,240,38,2,13,0,2,0,0,20,11,5,81,18,HYBRID_SIMULATED,NORMAL,NORMAL
17,14,0,GOODS,75,LOW,1,4000,556,0.139,0,0,240,13,6,12,3,5,1,1,11,14,-1,66,18,HYBRID_SIMULATED,NORMAL,NORMAL
17,14,0,SAFETY,19,LOW,1,4000,556,0.139,0,0,240,23,11,-1,0,1,0,0,21,25,0,80,18,HYBRID_SIMULATED,NORMAL,NORMAL
17,15,0,STAGE,42,HIGH,3,4000,280,0.07,0,0,180,27,8,6,0,0,0,0,25,20,1,160,18,HYBRID_SIMULATED,NORMAL,BUSY
17,15,0,PUB,0,HIGH,3,4000,280,0.07,0,0,180,5,5,0,0,2,0,0,19,10,2,68,18,HYBRID_SIMULATED,LOW,LOW
17,15,0,FOOD,32,HIGH,3,4000,280,0.07,0,0,180,18,6,1,0,0,0,0,21,18,0,69,18,HYBRID_SIMULATED,NORMAL,NORMAL
17,15,0,EXPERIENCE,68,HIGH,3,4000,280,0.07,0,0,180,33,-4,4,11,3,1,0,0,36,2,105,18,HYBRID_SIMULATED,VERY_BUSY,VERY_BUSY
17,15,0,GOODS,18,HIGH,3,4000,280,0.07,0,0,180,23,-5,-10,0,1,0,0,21,5,-2,52,18,HYBRID_SIMULATED,NORMAL,NORMAL
17,15,0,SAFETY,66,HIGH,3,4000,280,0.07,0,0,180,22,7,2,2,1,0,0,16,12,-2,99,18,HYBRID_SIMULATED,NORMAL,LOW
17,16,0,STAGE,42,MEDIUM,2,4000,552,0.138,0,0,120,18,1,0,2,1,0,0,14,21,2,86,18,HYBRID_SIMULATED,NORMAL,NORMAL
17,16,0,PUB,0,MEDIUM,2,4000,552,0.138,0,0,120,4,1,1,5,3,1,1,10,10,5,58,18,HYBRID_SIMULATED,NORMAL,LOW
17,16,0,FOOD,27,MEDIUM,2,4000,552,0.138,0,0,120,17,9,6,3,2,2,0,7,18,4,29,18,HYBRID_SIMULATED,BUSY,NORMAL
17,16,0,EXPERIENCE,73,MEDIUM,2,4000,552,0.138,0,0,120,33,0,7,3,1,3,0,15,18,2,112,18,HYBRID_SIMULATED,BUSY,BUSY
17,16,0,GOODS,55,MEDIUM,2,4000,552,0.138,0,0,120,32,-5,-4,0,0,0,2,23,8,1,52,18,HYBRID_SIMULATED,NORMAL,NORMAL
17,16,0,SAFETY,4,MEDIUM,2,4000,552,0.138,0,0,120,18,7,-18,0,0,0,1,19,3,-1,148,18,HYBRID_SIMULATED,NORMAL,NORMAL
17,17,0,STAGE,41,MEDIUM,2,4000,1086,0.272,0,0,60,11,0,3,0,4,0,0,19,25,4,90,18,HYBRID_SIMULATED,NORMAL,NORMAL
17,17,0,PUB,0,MEDIUM,2,4000,1086,0.272,0,0,60,23,-1,9,0,0,0,1,24,10,-2,57,18,HYBRID_SIMULATED,NORMAL,NORMAL
17,17,0,FOOD,22,MEDIUM,2,4000,1086,0.272,0,0,60,23,-1,1,4,0,2,0,13,31,8,52,18,HYBRID_SIMULATED,BUSY,BUSY
17,17,0,EXPERIENCE,68,MEDIUM,2,4000,1086,0.272,0,0,60,41,-1,13,6,2,1,0,9,32,5,79,18,HYBRID_SIMULATED,BUSY,BUSY
17,17,0,GOODS,18,MEDIUM,2,4000,1086,0.272,0,0,60,26,-8,10,4,1,3,1,14,14,1,54,18,HYBRID_SIMULATED,BUSY,BUSY
17,17,0,SAFETY,4,MEDIUM,2,4000,1086,0.272,0,0,60,25,6,-18,1,0,0,3,16,13,0,92,18,HYBRID_SIMULATED,NORMAL,NORMAL
17,18,1,STAGE,41,MEDIUM,2,4000,1451,0.363,0,1,30,31,2,4,2,1,2,1,22,35,7,108,18,HYBRID_SIMULATED,BUSY,VERY_BUSY
17,18,1,PUB,0,MEDIUM,2,4000,1451,0.363,1,0,10,67,-4,2,14,6,5,3,1,54,8,0,18,HYBRID_SIMULATED,VERY_BUSY,VERY_BUSY
17,18,1,FOOD,79,MEDIUM,2,4000,1451,0.363,1,0,45,62,4,19,6,2,2,3,12,30,1,56,18,HYBRID_SIMULATED,BUSY,VERY_BUSY
17,18,1,EXPERIENCE,63,MEDIUM,2,4000,1451,0.363,0,0,45,22,-2,1,5,1,4,0,10,22,0,84,18,HYBRID_SIMULATED,BUSY,VERY_BUSY
17,18,1,GOODS,8,MEDIUM,2,4000,1451,0.363,0,0,20,38,6,12,2,2,0,0,17,26,10,34,18,HYBRID_SIMULATED,NORMAL,NORMAL
17,18,1,SAFETY,34,MEDIUM,2,4000,1451,0.363,0,0,45,15,4,13,0,1,0,1,14,9,0,78,18,HYBRID_SIMULATED,NORMAL,NORMAL
17,19,1,STAGE,41,MEDIUM,2,4000,1444,0.361,0,1,0,36,7,1,0,0,0,0,18,34,6,110,18,HYBRID_SIMULATED,NORMAL,BUSY
17,19,1,PUB,0,MEDIUM,2,4000,1444,0.361,1,0,45,67,4,10,7,8,3,0,9,43,9,44,18,HYBRID_SIMULATED,VERY_BUSY,VERY_BUSY
17,19,1,FOOD,5,MEDIUM,2,4000,1444,0.361,1,0,10,63,15,6,5,3,3,1,8,33,6,32,18,HYBRID_SIMULATED,VERY_BUSY,VERY_BUSY
17,19,1,EXPERIENCE,16,MEDIUM,2,4000,1444,0.361,0,0,30,9,9,6,5,0,2,0,7,20,-1,102,18,HYBRID_SIMULATED,BUSY,BUSY
17,19,1,GOODS,70,MEDIUM,2,4000,1444,0.361,0,0,10,38,4,15,6,1,0,2,14,27,-2,69,18,HYBRID_SIMULATED,BUSY,BUSY
17,19,1,SAFETY,9,MEDIUM,2,4000,1444,0.361,0,0,30,27,13,20,6,0,0,0,8,17,8,110,18,HYBRID_SIMULATED,BUSY,BUSY
17,20,1,STAGE,42,LOW,1,4000,1211,0.303,0,1,10,47,4,4,6,2,2,0,13,29,2,86,18,HYBRID_SIMULATED,VERY_BUSY,VERY_BUSY
17,20,1,PUB,0,LOW,1,4000,1211,0.303,1,0,0,61,7,16,11,6,6,2,0,54,14,12,18,HYBRID_SIMULATED,VERY_BUSY,VERY_BUSY
17,20,1,FOOD,32,LOW,1,4000,1211,0.303,1,0,0,60,6,-1,8,6,6,1,6,30,1,59,18,HYBRID_SIMULATED,VERY_BUSY,VERY_BUSY
17,20,1,EXPERIENCE,26,LOW,1,4000,1211,0.303,0,0,10,20,1,9,0,0,0,0,20,12,7,121,18,HYBRID_SIMULATED,NORMAL,NORMAL
17,20,1,GOODS,18,LOW,1,4000,1211,0.303,0,0,20,30,-5,16,1,0,1,1,19,23,2,44,18,HYBRID_SIMULATED,NORMAL,NORMAL
17,20,1,SAFETY,24,LOW,1,4000,1211,0.303,0,0,0,20,5,4,0,0,0,0,17,14,9,142,18,HYBRID_SIMULATED,NORMAL,NORMAL
17,21,1,STAGE,42,MEDIUM,2,4000,1484,0.371,0,1,30,37,12,7,3,2,1,0,10,27,11,92,18,HYBRID_SIMULATED,BUSY,VERY_BUSY
17,21,1,PUB,0,MEDIUM,2,4000,1484,0.371,1,0,30,59,12,3,7,3,4,0,7,40,-1,42,18,HYBRID_SIMULATED,VERY_BUSY,VERY_BUSY
17,21,1,FOOD,67,MEDIUM,2,4000,1484,0.371,1,0,20,54,12,16,16,8,10,2,0,40,4,0,18,HYBRID_SIMULATED,VERY_BUSY,VERY_BUSY
17,21,1,EXPERIENCE,73,MEDIUM,2,4000,1484,0.371,0,0,20,20,7,12,1,2,1,0,21,8,3,115,18,HYBRID_SIMULATED,NORMAL,NORMAL
17,21,1,GOODS,65,MEDIUM,2,4000,1484,0.371,0,0,10,30,19,17,3,4,2,2,9,33,11,43,18,HYBRID_SIMULATED,BUSY,BUSY
17,21,1,SAFETY,44,MEDIUM,2,4000,1484,0.371,0,0,0,23,-2,19,0,0,0,0,22,4,4,83,18,HYBRID_SIMULATED,NORMAL,NORMAL
17,22,1,STAGE,41,HIGH,3,4000,3301,0.825,0,1,45,75,2,-4,4,1,1,0,13,43,3,102,18,HYBRID_SIMULATED,VERY_BUSY,VERY_BUSY
17,22,1,PUB,0,HIGH,3,4000,3301,0.825,1,0,45,38,6,11,11,6,7,1,1,57,10,29,18,HYBRID_SIMULATED,VERY_BUSY,VERY_BUSY
17,22,1,FOOD,40,HIGH,3,4000,3301,0.825,1,0,0,36,1,0,10,6,1,0,3,38,7,15,18,HYBRID_SIMULATED,VERY_BUSY,BUSY
17,22,1,EXPERIENCE,26,HIGH,3,4000,3301,0.825,0,0,0,26,4,13,2,2,0,0,16,18,6,149,18,HYBRID_SIMULATED,NORMAL,NORMAL
17,22,1,GOODS,70,HIGH,3,4000,3301,0.825,0,0,0,32,4,13,0,2,0,0,20,21,6,56,18,HYBRID_SIMULATED,NORMAL,NORMAL
17,22,1,SAFETY,34,HIGH,3,4000,3301,0.825,0,0,30,28,-1,2,0,1,0,0,17,12,0,97,18,HYBRID_SIMULATED,NORMAL,NORMAL
17,23,0,STAGE,42,MEDIUM,2,4000,166,0.042,0,0,30,23,7,0,0,0,0,2,22,17,-3,115,18,HYBRID_SIMULATED,NORMAL,NORMAL
17,23,0,PUB,0,MEDIUM,2,4000,166,0.042,1,0,10,60,-2,7,12,6,7,1,3,49,0,0,18,HYBRID_SIMULATED,VERY_BUSY,VERY_BUSY
17,23,0,FOOD,22,MEDIUM,2,4000,166,0.042,1,0,30,35,9,-5,13,3,6,1,6,44,5,40,18,HYBRID_SIMULATED,VERY_BUSY,VERY_BUSY
17,23,0,EXPERIENCE,11,MEDIUM,2,4000,166,0.042,0,0,10,9,2,4,6,2,2,0,12,10,9,37,18,HYBRID_SIMULATED,NORMAL,NORMAL
17,23,0,GOODS,28,MEDIUM,2,4000,166,0.042,0,0,0,11,-1,7,5,2,5,0,9,10,2,17,18,HYBRID_SIMULATED,BUSY,NORMAL
17,23,0,SAFETY,71,MEDIUM,2,4000,166,0.042,0,0,0,14,-4,-6,1,3,0,0,18,0,0,68,18,HYBRID_SIMULATED,NORMAL,LOW
17,24,0,STAGE,42,HIGH,3,4000,382,0.096,0,0,30,30,-6,2,0,0,0,0,14,23,6,50,18,HYBRID_SIMULATED,NORMAL,BUSY
17,24,0,PUB,0,HIGH,3,4000,382,0.096,1,0,0,46,-3,6,4,5,4,0,13,20,7,27,18,HYBRID_SIMULATED,BUSY,VERY_BUSY
17,24,0,FOOD,20,HIGH,3,4000,382,0.096,1,0,20,26,-4,-12,9,6,4,0,8,26,3,0,18,HYBRID_SIMULATED,VERY_BUSY,VERY_BUSY
17,24,0,EXPERIENCE,58,HIGH,3,4000,382,0.096,0,0,10,27,1,7,4,4,4,1,14,8,9,126,18,HYBRID_SIMULATED,BUSY,NORMAL
17,24,0,GOODS,13,HIGH,3,4000,382,0.096,0,0,45,24,1,11,1,3,0,0,21,18,1,37,18,HYBRID_SIMULATED,NORMAL,NORMAL
17,24,0,SAFETY,34,HIGH,3,4000,382,0.096,0,0,20,14,4,12,1,0,1,0,16,14,-3,64,18,HYBRID_SIMULATED,NORMAL,LOW
18,10,0,STAGE,42,MEDIUM,2,4000,772,0.193,0,0,480,17,3,-3,4,5,1,0,14,39,7,98,18,HYBRID_SIMULATED,BUSY,BUSY
18,10,0,PUB,0,MEDIUM,2,4000,772,0.193,0,0,480,12,-1,0,2,0,1,3,12,26,0,76,18,HYBRID_SIMULATED,NORMAL,NORMAL
18,10,0,FOOD,67,MEDIUM,2,4000,772,0.193,0,0,480,27,10,-18,14,0,10,0,0,31,-1,50,18,HYBRID_SIMULATED,VERY_BUSY,BUSY
18,10,0,EXPERIENCE,68,MEDIUM,2,4000,772,0.193,0,0,480,21,-1,4,0,0,0,0,20,9,2,149,18,HYBRID_SIMULATED,NORMAL,NORMAL
18,10,0,GOODS,38,MEDIUM,2,4000,772,0.193,0,0,480,19,2,0,0,6,0,0,17,9,12,57,18,HYBRID_SIMULATED,NORMAL,NORMAL
18,10,0,SAFETY,4,MEDIUM,2,4000,772,0.193,0,0,480,25,2,-3,3,1,0,0,23,0,-1,105,18,HYBRID_SIMULATED,NORMAL,NORMAL
18,11,0,STAGE,42,MEDIUM,2,4000,914,0.229,0,0,420,17,5,-1,2,0,2,0,10,18,-1,51,18,HYBRID_SIMULATED,NORMAL,BUSY
18,11,0,PUB,0,MEDIUM,2,4000,914,0.229,0,0,420,4,4,3,4,4,4,0,10,22,-4,81,18,HYBRID_SIMULATED,NORMAL,NORMAL
18,11,0,FOOD,22,MEDIUM,2,4000,914,0.229,0,0,420,27,6,3,0,0,0,0,20,18,0,27,18,HYBRID_SIMULATED,NORMAL,NORMAL
18,11,0,EXPERIENCE,11,MEDIUM,2,4000,914,0.229,0,0,420,15,-1,5,2,1,2,2,16,23,-4,84,18,HYBRID_SIMULATED,BUSY,NORMAL
18,11,0,GOODS,28,MEDIUM,2,4000,914,0.229,0,0,420,10,5,-4,7,3,2,0,6,31,3,33,18,HYBRID_SIMULATED,BUSY,BUSY
18,11,0,SAFETY,56,MEDIUM,2,4000,914,0.229,0,0,420,20,2,8,0,2,0,3,18,3,-2,127,18,HYBRID_SIMULATED,NORMAL,LOW
18,12,0,STAGE,42,LOW,1,4000,939,0.235,0,0,360,17,0,11,0,0,0,0,18,22,0,122,18,HYBRID_SIMULATED,NORMAL,NORMAL
18,12,0,PUB,0,LOW,1,4000,939,0.235,0,0,360,15,-2,0,0,0,0,0,22,23,-4,78,18,HYBRID_SIMULATED,NORMAL,NORMAL
18,12,0,FOOD,64,LOW,1,4000,939,0.235,0,0,360,20,11,-1,7,5,7,1,12,12,0,59,18,HYBRID_SIMULATED,BUSY,BUSY
18,12,0,EXPERIENCE,26,LOW,1,4000,939,0.235,0,0,360,34,-2,-5,0,3,0,0,15,9,6,163,18,HYBRID_SIMULATED,NORMAL,NORMAL
18,12,0,GOODS,48,LOW,1,4000,939,0.235,0,0,360,16,-3,-6,0,2,0,0,24,11,7,57,18,HYBRID_SIMULATED,NORMAL,LOW
18,12,0,SAFETY,61,LOW,1,4000,939,0.235,0,0,360,17,5,-3,10,4,3,2,0,15,2,130,18,HYBRID_SIMULATED,VERY_BUSY,NORMAL
18,13,0,STAGE,42,HIGH,3,4000,374,0.093,0,0,300,18,-6,18,7,1,4,2,8,19,5,132,18,HYBRID_SIMULATED,BUSY,VERY_BUSY
18,13,0,PUB,0,HIGH,3,4000,374,0.093,0,0,300,22,-3,10,0,0,0,0,16,27,2,51,18,HYBRID_SIMULATED,NORMAL,NORMAL
18,13,0,FOOD,15,HIGH,3,4000,374,0.093,0,0,300,29,3,-2,4,4,0,1,10,22,4,42,18,HYBRID_SIMULATED,BUSY,BUSY
18,13,0,EXPERIENCE,53,HIGH,3,4000,374,0.093,0,0,300,48,8,5,0,0,0,1,16,23,7,102,18,HYBRID_SIMULATED,NORMAL,NORMAL
18,13,0,GOODS,65,HIGH,3,4000,374,0.093,0,0,300,8,3,8,2,3,0,0,15,11,6,24,18,HYBRID_SIMULATED,NORMAL,LOW
18,13,0,SAFETY,44,HIGH,3,4000,374,0.093,0,0,300,26,7,-1,3,1,0,0,11,19,0,159,18,HYBRID_SIMULATED,NORMAL,NORMAL
18,14,0,STAGE,42,LOW,1,4000,170,0.043,0,0,240,24,3,11,0,2,0,0,12,33,-2,102,18,HYBRID_SIMULATED,NORMAL,NORMAL
18,14,0,PUB,0,LOW,1,4000,170,0.043,0,0,240,15,1,12,1,5,0,0,12,30,7,45,18,HYBRID_SIMULATED,NORMAL,NORMAL
18,14,0,FOOD,59,LOW,1,4000,170,0.043,0,0,240,17,0,-1,0,4,0,0,27,16,2,69,18,HYBRID_SIMULATED,NORMAL,NORMAL
18,14,0,EXPERIENCE,16,LOW,1,4000,170,0.043,0,0,240,50,-1,-5,7,1,4,2,5,27,-1,160,18,HYBRID_SIMULATED,BUSY,BUSY
18,14,0,GOODS,8,LOW,1,4000,170,0.043,0,0,240,7,7,6,2,1,2,0,19,21,2,22,18,HYBRID_SIMULATED,NORMAL,NORMAL
18,14,0,SAFETY,71,LOW,1,4000,170,0.043,0,0,240,0,0,-4,6,0,5,1,1,14,0,132,18,HYBRID_SIMULATED,NORMAL,LOW
18,15,0,STAGE,42,LOW,1,4000,287,0.072,0,0,180,21,0,-1,6,3,1,1,9,21,2,173,18,HYBRID_SIMULATED,BUSY,BUSY
18,15,0,PUB,0,LOW,1,4000,287,0.072,0,0,180,22,0,2,0,1,0,0,10,21,-4,56,18,HYBRID_SIMULATED,NORMAL,NORMAL
18,15,0,FOOD,45,LOW,1,4000,287,0.072,0,0,180,15,1,-3,2,2,1,1,14,11,2,70,18,HYBRID_SIMULATED,NORMAL,NORMAL
18,15,0,EXPERIENCE,31,LOW,1,4000,287,0.072,0,0,180,46,0,16,0,0,0,3,22,34,3,96,18,HYBRID_SIMULATED,NORMAL,BUSY
18,15,0,GOODS,13,LOW,1,4000,287,0.072,0,0,180,18,8,-8,1,0,1,2,19,17,-2,42,18,HYBRID_SIMULATED,NORMAL,NORMAL
18,15,0,SAFETY,44,LOW,1,4000,287,0.072,0,0,180,13,-1,3,6,3,5,0,8,10,2,104,18,HYBRID_SIMULATED,BUSY,NORMAL
18,16,0,STAGE,42,HIGH,3,4000,582,0.145,0,0,120,19,-7,8,3,0,0,0,16,27,1,96,18,HYBRID_SIMULATED,BUSY,VERY_BUSY
18,16,0,PUB,0,HIGH,3,4000,582,0.145,0,0,120,14,6,6,5,1,5,1,19,24,0,66,18,HYBRID_SIMULATED,BUSY,BUSY
18,16,0,FOOD,59,HIGH,3,4000,582,0.145,0,0,120,22,-3,1,0,0,0,0,17,12,0,82,18,HYBRID_SIMULATED,NORMAL,NORMAL
18,16,0,EXPERIENCE,63,HIGH,3,4000,582,0.145,0,0,120,34,9,4,1,1,0,0,14,23,0,72,18,HYBRID_SIMULATED,NORMAL,BUSY
18,16,0,GOODS,33,HIGH,3,4000,582,0.145,0,0,120,28,6,7,2,0,2,0,15,32,2,78,18,HYBRID_SIMULATED,BUSY,BUSY
18,16,0,SAFETY,71,HIGH,3,4000,582,0.145,0,0,120,7,1,-6,1,1,1,2,26,3,-5,80,18,HYBRID_SIMULATED,LOW,LOW
18,17,0,STAGE,42,MEDIUM,2,4000,829,0.207,0,0,60,22,3,-2,7,3,4,1,9,31,5,117,18,HYBRID_SIMULATED,VERY_BUSY,VERY_BUSY
18,17,0,PUB,0,MEDIUM,2,4000,829,0.207,0,0,60,16,-6,-5,4,3,4,1,6,26,2,52,18,HYBRID_SIMULATED,BUSY,BUSY
18,17,0,FOOD,59,MEDIUM,2,4000,829,0.207,0,0,60,28,1,4,6,5,1,0,8,13,3,48,18,HYBRID_SIMULATED,BUSY,NORMAL
18,17,0,EXPERIENCE,78,MEDIUM,2,4000,829,0.207,0,0,60,36,-4,-4,3,2,3,0,16,19,9,78,18,HYBRID_SIMULATED,BUSY,BUSY
18,17,0,GOODS,70,MEDIUM,2,4000,829,0.207,0,0,60,34,-2,2,6,0,0,0,17,28,3,41,18,HYBRID_SIMULATED,BUSY,BUSY
18,17,0,SAFETY,24,MEDIUM,2,4000,829,0.207,0,0,60,7,-5,2,1,0,1,3,19,10,1,88,18,HYBRID_SIMULATED,LOW,LOW
18,18,1,STAGE,41,HIGH,3,4000,3359,0.84,0,1,10,76,15,0,4,1,1,0,11,49,1,39,18,HYBRID_SIMULATED,VERY_BUSY,VERY_BUSY
18,18,1,PUB,0,HIGH,3,4000,3359,0.84,1,0,10,38,7,2,11,7,3,0,0,34,9,18,18,HYBRID_SIMULATED,VERY_BUSY,BUSY
18,18,1,FOOD,10,HIGH,3,4000,3359,0.84,1,0,45,36,7,10,8,2,3,3,13,25,9,20,18,HYBRID_SIMULATED,BUSY,BUSY
18,18,1,EXPERIENCE,26,HIGH,3,4000,3359,0.84,0,0,20,28,18,12,1,4,0,1,15,15,9,89,18,HYBRID_SIMULATED,NORMAL,NORMAL
18,18,1,GOODS,3,HIGH,3,4000,3359,0.84,0,0,45,36,0,16,4,1,0,0,9,12,13,50,18,HYBRID_SIMULATED,NORMAL,BUSY
18,18,1,SAFETY,61,HIGH,3,4000,3359,0.84,0,0,10,32,0,-2,11,3,5,1,0,20,3,95,18,HYBRID_SIMULATED,VERY_BUSY,BUSY
18,19,1,STAGE,41,LOW,1,4000,1369,0.342,0,1,30,51,7,4,4,1,3,0,13,47,4,117,18,HYBRID_SIMULATED,VERY_BUSY,VERY_BUSY
18,19,1,PUB,0,LOW,1,4000,1369,0.342,1,0,30,58,4,14,9,4,3,1,6,47,7,22,18,HYBRID_SIMULATED,VERY_BUSY,VERY_BUSY
18,19,1,FOOD,22,LOW,1,4000,1369,0.342,1,0,0,52,17,9,5,5,5,0,0,31,6,38,18,HYBRID_SIMULATED,VERY_BUSY,VERY_BUSY
18,19,1,EXPERIENCE,78,LOW,1,4000,1369,0.342,0,0,0,21,16,14,0,2,0,0,24,7,2,91,18,HYBRID_SIMULATED,NORMAL,NORMAL
18,19,1,GOODS,38,LOW,1,4000,1369,0.342,0,0,10,38,10,18,8,1,3,2,4,15,5,90,18,HYBRID_SIMULATED,BUSY,BUSY
18,19,1,SAFETY,81,LOW,1,4000,1369,0.342,0,0,30,26,7,10,7,1,3,0,8,12,6,111,18,HYBRID_SIMULATED,BUSY,BUSY
18,20,1,STAGE,41,LOW,1,4000,1431,0.358,0,1,10,52,-13,13,3,3,2,1,15,39,13,121,18,HYBRID_SIMULATED,BUSY,BUSY
18,20,1,PUB,0,LOW,1,4000,1431,0.358,1,0,45,68,10,9,11,3,7,1,0,42,3,30,18,HYBRID_SIMULATED,VERY_BUSY,VERY_BUSY
18,20,1,FOOD,59,LOW,1,4000,1431,0.358,1,0,10,60,4,9,7,4,2,0,5,37,7,54,18,HYBRID_SIMULATED,BUSY,VERY_BUSY
18,20,1,EXPERIENCE,6,LOW,1,4000,1431,0.358,0,0,45,17,6,17,0,1,0,0,15,12,7,106,18,HYBRID_SIMULATED,NORMAL,NORMAL
18,20,1,GOODS,75,LOW,1,4000,1431,0.358,0,0,20,20,2,12,0,0,0,2,18,17,-9,51,18,HYBRID_SIMULATED,NORMAL,NORMAL
18,20,1,SAFETY,71,LOW,1,4000,1431,0.358,0,0,10,32,8,13,2,0,2,0,8,20,3,136,18,HYBRID_SIMULATED,NORMAL,NORMAL
18,21,1,STAGE,41,LOW,1,4000,1357,0.339,0,1,10,43,5,10,2,0,0,0,14,30,5,115,18,HYBRID_SIMULATED,BUSY,BUSY
18,21,1,PUB,0,LOW,1,4000,1357,0.339,1,0,0,67,0,-2,8,5,0,0,7,40,4,27,18,HYBRID_SIMULATED,BUSY,VERY_BUSY
18,21,1,FOOD,79,LOW,1,4000,1357,0.339,1,0,30,58,5,-2,9,6,4,2,3,44,-4,50,18,HYBRID_SIMULATED,VERY_BUSY,VERY_BUSY
18,21,1,EXPERIENCE,31,LOW,1,4000,1357,0.339,0,0,0,19,-1,12,5,1,1,3,5,16,-1,66,18,HYBRID_SIMULATED,BUSY,BUSY
18,21,1,GOODS,43,LOW,1,4000,1357,0.339,0,0,45,31,8,1,0,1,0,2,13,21,1,38,18,HYBRID_SIMULATED,NORMAL,NORMAL
18,21,1,SAFETY,24,LOW,1,4000,1357,0.339,0,0,30,26,10,8,3,4,1,0,12,21,8,48,18,HYBRID_SIMULATED,BUSY,NORMAL
18,22,1,STAGE,41,MEDIUM,2,4000,2733,0.683,0,1,0,43,1,4,1,1,1,0,20,30,-5,107,18,HYBRID_SIMULATED,BUSY,VERY_BUSY
18,22,1,PUB,0,MEDIUM,2,4000,2733,0.683,1,0,45,72,6,11,11,8,6,0,0,46,2,18,18,HYBRID_SIMULATED,VERY_BUSY,VERY_BUSY
18,22,1,FOOD,45,MEDIUM,2,4000,2733,0.683,1,0,45,42,6,3,10,2,2,2,5,42,1,18,18,HYBRID_SIMULATED,VERY_BUSY,VERY_BUSY
18,22,1,EXPERIENCE,63,MEDIUM,2,4000,2733,0.683,0,0,0,25,5,10,0,2,0,0,12,1,1,97,18,HYBRID_SIMULATED,NORMAL,NORMAL
18,22,1,GOODS,55,MEDIUM,2,4000,2733,0.683,0,0,45,9,2,9,7,4,0,0,4,26,0,17,18,HYBRID_SIMULATED,NORMAL,NORMAL
18,22,1,SAFETY,19,MEDIUM,2,4000,2733,0.683,0,0,0,26,6,3,0,1,0,1,20,18,-2,87,18,HYBRID_SIMULATED,NORMAL,NORMAL
18,23,0,STAGE,42,LOW,1,4000,631,0.158,0,0,20,15,-6,-2,0,0,0,0,18,29,0,68,18,HYBRID_SIMULATED,NORMAL,NORMAL
18,23,0,PUB,0,LOW,1,4000,631,0.158,1,0,45,65,5,0,8,5,2,1,7,43,7,44,18,HYBRID_SIMULATED,VERY_BUSY,VERY_BUSY
18,23,0,FOOD,54,LOW,1,4000,631,0.158,1,0,30,58,2,-2,2,5,1,0,14,26,3,29,18,HYBRID_SIMULATED,NORMAL,VERY_BUSY
18,23,0,EXPERIENCE,1,LOW,1,4000,631,0.158,0,0,0,3,-2,3,10,0,1,0,11,13,0,117,18,HYBRID_SIMULATED,NORMAL,NORMAL
18,23,0,GOODS,55,LOW,1,4000,631,0.158,0,0,0,5,4,-1,10,1,4,1,4,12,-1,14,18,HYBRID_SIMULATED,NORMAL,NORMAL
18,23,0,SAFETY,81,LOW,1,4000,631,0.158,0,0,45,2,1,-1,0,1,0,0,19,1,3,81,18,HYBRID_SIMULATED,LOW,LOW
18,24,0,STAGE,41,LOW,1,4000,445,0.111,0,0,30,23,-7,10,5,4,1,2,9,20,5,99,18,HYBRID_SIMULATED,BUSY,BUSY
18,24,0,PUB,0,LOW,1,4000,445,0.111,1,0,20,53,5,6,7,4,3,0,4,47,11,44,18,HYBRID_SIMULATED,VERY_BUSY,VERY_BUSY
18,24,0,FOOD,7,LOW,1,4000,445,0.111,1,0,20,65,5,2,5,7,1,1,10,36,7,53,18,HYBRID_SIMULATED,BUSY,VERY_BUSY
18,24,0,EXPERIENCE,58,LOW,1,4000,445,0.111,0,0,30,12,0,12,11,2,7,0,5,19,5,121,18,HYBRID_SIMULATED,BUSY,NORMAL
18,24,0,GOODS,28,LOW,1,4000,445,0.111,0,0,10,24,1,5,0,3,0,1,13,15,0,30,18,HYBRID_SIMULATED,NORMAL,NORMAL
18,24,0,SAFETY,39,LOW,1,4000,445,0.111,0,0,10,23,2,3,0,0,0,0,15,1,2,111,18,HYBRID_SIMULATED,NORMAL,LOW
19,10,0,STAGE,41,MEDIUM,2,4000,574,0.143,0,0,480,18,6,-1,5,0,0,0,6,37,0,143,18,HYBRID_SIMULATED,BUSY,BUSY
19,10,0,PUB,0,MEDIUM,2,4000,574,0.143,0,0,480,12,2,0,0,0,0,0,16,6,-2,109,18,HYBRID_SIMULATED,LOW,LOW
19,10,0,FOOD,20,MEDIUM,2,4000,574,0.143,0,0,480,28,-4,1,5,2,0,0,5,30,0,50,18,HYBRID_SIMULATED,BUSY,NORMAL
19,10,0,EXPERIENCE,1,MEDIUM,2,4000,574,0.143,0,0,480,17,10,-4,9,6,3,0,3,37,7,104,18,HYBRID_SIMULATED,VERY_BUSY,VERY_BUSY
19,10,0,GOODS,75,MEDIUM,2,4000,574,0.143,0,0,480,6,5,-9,4,2,0,0,16,27,0,38,18,HYBRID_SIMULATED,NORMAL,NORMAL
19,10,0,SAFETY,9,MEDIUM,2,4000,574,0.143,0,0,480,22,8,5,2,0,0,0,11,7,5,79,18,HYBRID_SIMULATED,NORMAL,NORMAL
19,11,0,STAGE,41,LOW,1,4000,534,0.134,0,0,420,11,2,7,2,1,2,2,15,28,3,99,18,HYBRID_SIMULATED,NORMAL,NORMAL
19,11,0,PUB,0,LOW,1,4000,534,0.134,0,0,420,27,5,10,0,1,0,1,14,28,6,75,18,HYBRID_SIMULATED,NORMAL,NORMAL
19,11,0,FOOD,32,LOW,1,4000,534,0.134,0,0,420,27,9,-7,4,1,1,0,11,16,3,75,18,HYBRID_SIMULATED,BUSY,NORMAL
19,11,0,EXPERIENCE,73,LOW,1,4000,534,0.134,0,0,420,26,-2,-3,4,3,3,0,15,20,5,99,18,HYBRID_SIMULATED,BUSY,NORMAL
19,11,0,GOODS,70,LOW,1,4000,534,0.134,0,0,420,11,7,5,2,0,0,0,15,1,-4,72,18,HYBRID_SIMULATED,NORMAL,LOW
19,11,0,SAFETY,34,LOW,1,4000,534,0.134,0,0,420,10,-5,-6,2,2,0,1,21,11,0,98,18,HYBRID_SIMULATED,NORMAL,NORMAL
19,12,0,STAGE,42,LOW,1,4000,984,0.246,0,0,360,6,-2,6,5,1,0,0,4,14,1,106,18,HYBRID_SIMULATED,NORMAL,NORMAL
19,12,0,PUB,0,LOW,1,4000,984,0.246,0,0,360,24,2,0,2,2,2,2,13,21,-4,108,18,HYBRID_SIMULATED,NORMAL,NORMAL
19,12,0,FOOD,69,LOW,1,4000,984,0.246,0,0,360,19,0,19,9,4,6,0,10,26,6,72,18,HYBRID_SIMULATED,BUSY,BUSY
19,12,0,EXPERIENCE,78,LOW,1,4000,984,0.246,0,0,360,41,6,16,0,3,0,0,24,18,9,101,18,HYBRID_SIMULATED,NORMAL,NORMAL
19,12,0,GOODS,80,LOW,1,4000,984,0.246,0,0,360,10,3,-16,0,0,0,2,10,10,-4,69,18,HYBRID_SIMULATED,LOW,LOW
19,12,0,SAFETY,56,LOW,1,4000,984,0.246,0,0,360,4,0,4,1,2,1,0,16,12,0,103,18,HYBRID_SIMULATED,LOW,LOW
19,13,0,STAGE,42,LOW,1,4000,226,0.057,0,0,300,32,4,2,2,1,0,0,11,24,-3,124,18,HYBRID_SIMULATED,NORMAL,NORMAL
19,13,0,PUB,0,LOW,1,4000,226,0.057,0,0,300,13,-3,-4,1,0,0,0,19,14,0,100,18,HYBRID_SIMULATED,NORMAL,LOW
19,13,0,FOOD,25,LOW,1,4000,226,0.057,0,0,300,18,-3,8,2,2,1,0,9,10,1,79,18,HYBRID_SIMULATED,NORMAL,NORMAL
19,13,0,EXPERIENCE,63,LOW,1,4000,226,0.057,0,0,300,49,6,1,2,1,1,0,17,21,0,98,18,HYBRID_SIMULATED,NORMAL,BUSY
19,13,0,GOODS,48,LOW,1,4000,226,0.057,0,0,300,18,3,1,0,3,0,0,16,1,-1,71,18,HYBRID_SIMULATED,NORMAL,NORMAL
19,13,0,SAFETY,76,LOW,1,4000,226,0.057,0,0,300,13,-6,-6,5,0,3,0,16,11,1,148,18,HYBRID_SIMULATED,BUSY,NORMAL
19,14,0,STAGE,42,LOW,1,4000,993,0.248,0,0,240,32,3,11,0,3,0,2,23,20,6,135,18,HYBRID_SIMULATED,NORMAL,BUSY
19,14,0,PUB,0,LOW,1,4000,993,0.248,0,0,240,1,-5,-22,2,0,0,0,22,21,-4,63,18,HYBRID_SIMULATED,LOW,LOW
19,14,0,FOOD,59,LOW,1,4000,993,0.248,0,0,240,19,5,9,0,3,0,0,7,4,1,37,18,HYBRID_SIMULATED,NORMAL,NORMAL
19,14,0,EXPERIENCE,1,LOW,1,4000,993,0.248,0,0,240,46,-4,7,8,1,2,0,7,34,2,107,18,HYBRID_SIMULATED,BUSY,VERY_BUSY
19,14,0,GOODS,13,LOW,1,4000,993,0.248,0,0,240,2,-1,-4,0,4,0,0,18,2,1,62,18,HYBRID_SIMULATED,LOW,LOW
19,14,0,SAFETY,14,LOW,1,4000,993,0.248,0,0,240,4,4,4,7,4,1,0,12,13,6,96,18,HYBRID_SIMULATED,NORMAL,LOW
19,15,0,STAGE,41,HIGH,3,4000,951,0.238,0,0,180,20,0,0,7,0,4,0,17,31,-3,141,18,HYBRID_SIMULATED,VERY_BUSY,VERY_BUSY
19,15,0,PUB,0,HIGH,3,4000,951,0.238,0,0,180,22,9,3,4,0,0,0,13,18,0,38,18,HYBRID_SIMULATED,BUSY,NORMAL
19,15,0,FOOD,67,HIGH,3,4000,951,0.238,0,0,180,20,-2,3,12,5,5,3,3,29,12,38,18,HYBRID_SIMULATED,VERY_BUSY,BUSY
19,15,0,EXPERIENCE,21,HIGH,3,4000,951,0.238,0,0,180,31,8,10,1,0,1,1,21,15,6,99,18,HYBRID_SIMULATED,NORMAL,BUSY
19,15,0,GOODS,70,HIGH,3,4000,951,0.238,0,0,180,8,-1,-6,3,2,0,1,17,7,1,44,18,HYBRID_SIMULATED,NORMAL,NORMAL
19,15,0,SAFETY,56,HIGH,3,4000,951,0.238,0,0,180,18,0,1,5,3,0,0,10,13,1,97,18,HYBRID_SIMULATED,BUSY,NORMAL
19,16,0,STAGE,42,MEDIUM,2,4000,766,0.192,0,0,120,17,0,2,0,2,0,0,16,14,4,122,18,HYBRID_SIMULATED,NORMAL,BUSY
19,16,0,PUB,0,MEDIUM,2,4000,766,0.192,0,0,120,12,-1,4,0,1,0,0,20,5,1,85,18,HYBRID_SIMULATED,LOW,LOW
19,16,0,FOOD,27,MEDIUM,2,4000,766,0.192,0,0,120,21,2,9,7,5,4,3,11,34,6,58,18,HYBRID_SIMULATED,VERY_BUSY,BUSY
19,16,0,EXPERIENCE,21,MEDIUM,2,4000,766,0.192,0,0,120,30,-5,1,3,0,2,0,21,16,0,116,18,HYBRID_SIMULATED,BUSY,BUSY
19,16,0,GOODS,8,MEDIUM,2,4000,766,0.192,0,0,120,34,2,-1,1,0,0,0,20,26,3,51,18,HYBRID_SIMULATED,NORMAL,NORMAL
19,16,0,SAFETY,14,MEDIUM,2,4000,766,0.192,0,0,120,19,-1,7,1,0,0,0,13,0,0,116,18,HYBRID_SIMULATED,NORMAL,NORMAL
19,17,0,STAGE,42,LOW,1,4000,732,0.183,0,0,60,13,-7,5,0,2,0,0,22,19,6,107,18,HYBRID_SIMULATED,NORMAL,NORMAL
19,17,0,PUB,0,LOW,1,4000,732,0.183,0,0,60,11,0,3,0,0,0,0,19,14,-4,64,18,HYBRID_SIMULATED,NORMAL,LOW
19,17,0,FOOD,59,LOW,1,4000,732,0.183,0,0,60,11,5,9,5,0,3,0,8,12,-11,63,18,HYBRID_SIMULATED,BUSY,NORMAL
19,17,0,EXPERIENCE,73,LOW,1,4000,732,0.183,0,0,60,27,-7,4,7,3,2,1,0,14,3,84,18,HYBRID_SIMULATED,BUSY,BUSY
19,17,0,GOODS,43,LOW,1,4000,732,0.183,0,0,60,8,-1,1,4,0,0,0,16,19,0,48,18,HYBRID_SIMULATED,NORMAL,NORMAL
19,17,0,SAFETY,56,LOW,1,4000,732,0.183,0,0,60,12,5,12,0,0,0,0,9,0,-1,102,18,HYBRID_SIMULATED,LOW,LOW
19,18,1,STAGE,42,LOW,1,4000,1245,0.311,0,1,45,47,3,13,2,2,0,3,11,33,4,105,18,HYBRID_SIMULATED,BUSY,VERY_BUSY
19,18,1,PUB,0,LOW,1,4000,1245,0.311,1,0,30,54,6,18,9,5,7,0,7,39,12,17,18,HYBRID_SIMULATED,VERY_BUSY,VERY_BUSY
19,18,1,FOOD,67,LOW,1,4000,1245,0.311,1,0,45,58,6,-3,19,4,9,4,0,47,2,7,18,HYBRID_SIMULATED,VERY_BUSY,VERY_BUSY
19,18,1,EXPERIENCE,1,LOW,1,4000,1245,0.311,0,0,30,23,10,14,12,6,7,2,0,21,6,70,18,HYBRID_SIMULATED,VERY_BUSY,BUSY
19,18,1,GOODS,3,LOW,1,4000,1245,0.311,0,0,45,35,7,9,4,2,2,0,18,16,1,47,18,HYBRID_SIMULATED,BUSY,NORMAL
19,18,1,SAFETY,56,LOW,1,4000,1245,0.311,0,0,20,31,12,-1,1,3,0,0,19,15,1,112,18,HYBRID_SIMULATED,NORMAL,NORMAL
19,19,1,STAGE,42,HIGH,3,4000,3805,0.951,0,1,0,81,-5,10,7,3,5,1,11,58,6,91,18,HYBRID_SIMULATED,VERY_BUSY,VERY_BUSY
19,19,1,PUB,0,HIGH,3,4000,3805,0.951,1,0,30,42,5,12,4,5,2,0,13,29,8,47,18,HYBRID_SIMULATED,BUSY,BUSY
19,19,1,FOOD,10,HIGH,3,4000,3805,0.951,1,0,30,39,8,18,5,4,5,1,13,34,6,56,18,HYBRID_SIMULATED,VERY_BUSY,BUSY
19,19,1,EXPERIENCE,36,HIGH,3,4000,3805,0.951,0,0,10,26,6,7,0,0,0,0,16,17,1,69,18,HYBRID_SIMULATED,NORMAL,NORMAL
19,19,1,GOODS,8,HIGH,3,4000,3805,0.951,0,0,0,45,5,3,3,1,3,0,7,24,1,59,18,HYBRID_SIMULATED,BUSY,BUSY
19,19,1,SAFETY,29,HIGH,3,4000,3805,0.951,0,0,0,30,-1,-2,0,0,0,0,17,24,-2,85,18,HYBRID_SIMULATED,NORMAL,NORMAL
19,20,1,STAGE,42,LOW,1,4000,860,0.215,0,1,45,58,12,10,4,2,2,0,13,46,10,111,18,HYBRID_SIMULATED,VERY_BUSY,VERY_BUSY
19,20,1,PUB,0,LOW,1,4000,860,0.215,1,0,10,68,7,-2,10,6,7,3,5,48,7,20,18,HYBRID_SIMULATED,VERY_BUSY,VERY_BUSY
19,20,1,FOOD,25,LOW,1,4000,860,0.215,1,0,0,63,5,22,9,8,6,0,2,40,13,39,18,HYBRID_SIMULATED,VERY_BUSY,VERY_BUSY
19,20,1,EXPERIENCE,58,LOW,1,4000,860,0.215,0,0,20,14,-5,6,9,2,7,0,7,18,5,110,18,HYBRID_SIMULATED,BUSY,BUSY
19,20,1,GOODS,13,LOW,1,4000,860,0.215,0,0,10,12,9,-1,2,6,0,0,11,17,-9,57,18,HYBRID_SIMULATED,NORMAL,NORMAL
19,20,1,SAFETY,19,LOW,1,4000,860,0.215,0,0,20,24,3,9,0,2,0,0,21,13,2,128,18,HYBRID_SIMULATED,NORMAL,NORMAL
19,21,1,STAGE,41,HIGH,3,4000,3290,0.823,0,1,20,82,-2,9,0,1,0,0,24,51,10,69,18,HYBRID_SIMULATED,BUSY,VERY_BUSY
19,21,1,PUB,0,HIGH,3,4000,3290,0.823,1,0,45,26,6,17,9,4,0,0,0,37,7,54,18,HYBRID_SIMULATED,VERY_BUSY,VERY_BUSY
19,21,1,FOOD,27,HIGH,3,4000,3290,0.823,1,0,30,23,1,4,6,5,1,2,3,30,10,42,18,HYBRID_SIMULATED,BUSY,VERY_BUSY
19,21,1,EXPERIENCE,31,HIGH,3,4000,3290,0.823,0,0,10,21,9,12,3,0,2,0,12,23,-2,91,18,HYBRID_SIMULATED,BUSY,BUSY
19,21,1,GOODS,3,HIGH,3,4000,3290,0.823,0,0,30,12,5,12,2,2,2,0,17,13,3,21,18,HYBRID_SIMULATED,NORMAL,NORMAL
19,21,1,SAFETY,71,HIGH,3,4000,3290,0.823,0,0,45,16,9,-4,1,1,1,1,19,11,4,116,18,HYBRID_SIMULATED,NORMAL,NORMAL
19,22,1,STAGE,41,HIGH,3,4000,2930,0.733,0,1,10,80,2,7,3,1,2,0,15,54,23,80,18,HYBRID_SIMULATED,BUSY,VERY_BUSY
19,22,1,PUB,0,HIGH,3,4000,2930,0.733,1,0,20,50,0,16,6,2,3,1,7,41,6,14,18,HYBRID_SIMULATED,VERY_BUSY,VERY_BUSY
19,22,1,FOOD,67,HIGH,3,4000,2930,0.733,1,0,20,45,-8,-7,13,7,9,0,0,57,5,9,18,HYBRID_SIMULATED,VERY_BUSY,VERY_BUSY
19,22,1,EXPERIENCE,78,HIGH,3,4000,2930,0.733,0,0,20,29,6,-3,3,1,0,0,13,33,4,114,18,HYBRID_SIMULATED,BUSY,BUSY
19,22,1,GOODS,55,HIGH,3,4000,2930,0.733,0,0,10,13,-2,6,0,0,0,1,21,8,6,48,18,HYBRID_SIMULATED,NORMAL,LOW
19,22,1,SAFETY,24,HIGH,3,4000,2930,0.733,0,0,45,28,4,17,1,0,0,0,20,19,2,96,18,HYBRID_SIMULATED,NORMAL,NORMAL
19,23,0,STAGE,41,HIGH,3,4000,595,0.149,0,0,10,31,-4,14,0,2,0,2,13,19,7,87,18,HYBRID_SIMULATED,NORMAL,BUSY
19,23,0,PUB,0,HIGH,3,4000,595,0.149,1,0,20,51,6,8,6,1,2,0,14,36,-5,13,18,HYBRID_SIMULATED,BUSY,VERY_BUSY
19,23,0,FOOD,57,HIGH,3,4000,595,0.149,1,0,0,36,6,-3,13,5,5,1,0,34,7,16,18,HYBRID_SIMULATED,VERY_BUSY,VERY_BUSY
19,23,0,EXPERIENCE,26,HIGH,3,4000,595,0.149,0,0,30,22,3,6,4,2,2,0,10,11,0,108,18,HYBRID_SIMULATED,BUSY,BUSY
19,23,0,GOODS,3,HIGH,3,4000,595,0.149,0,0,45,14,-4,10,4,0,0,0,15,16,-2,46,18,HYBRID_SIMULATED,NORMAL,NORMAL
19,23,0,SAFETY,4,HIGH,3,4000,595,0.149,0,0,45,15,-2,3,0,2,0,0,18,15,5,82,18,HYBRID_SIMULATED,NORMAL,NORMAL
19,24,0,STAGE,42,LOW,1,4000,1084,0.271,0,0,45,27,-2,5,4,0,4,0,17,24,0,103,18,HYBRID_SIMULATED,BUSY,BUSY
19,24,0,PUB,0,LOW,1,4000,1084,0.271,1,0,0,62,-7,2,9,1,4,0,6,44,2,0,18,HYBRID_SIMULATED,VERY_BUSY,VERY_BUSY
19,24,0,FOOD,12,LOW,1,4000,1084,0.271,1,0,45,55,0,-11,8,3,2,2,2,31,-1,34,18,HYBRID_SIMULATED,VERY_BUSY,VERY_BUSY
19,24,0,EXPERIENCE,11,LOW,1,4000,1084,0.271,0,0,45,23,-1,5,4,0,0,1,9,19,3,67,18,HYBRID_SIMULATED,BUSY,BUSY
19,24,0,GOODS,80,LOW,1,4000,1084,0.271,0,0,0,0,-7,-2,0,0,0,0,20,15,1,55,18,HYBRID_SIMULATED,LOW,LOW
19,24,0,SAFETY,29,LOW,1,4000,1084,0.271,0,0,10,19,1,5,1,2,0,0,18,6,1,104,18,HYBRID_SIMULATED,NORMAL,NORMAL
20,10,0,STAGE,42,LOW,1,4000,845,0.211,0,0,480,14,-1,0,4,0,1,0,10,26,-3,108,18,HYBRID_SIMULATED,BUSY,BUSY
20,10,0,PUB,0,LOW,1,4000,845,0.211,0,0,480,7,5,-2,0,4,0,0,7,21,5,97,18,HYBRID_SIMULATED,LOW,LOW
20,10,0,FOOD,37,LOW,1,4000,845,0.211,0,0,480,8,0,2,1,2,0,0,19,27,2,37,18,HYBRID_SIMULATED,NORMAL,LOW
20,10,0,EXPERIENCE,26,LOW,1,4000,845,0.211,0,0,480,23,-5,-11,0,0,0,0,19,12,-1,122,18,HYBRID_SIMULATED,NORMAL,NORMAL
20,10,0,GOODS,70,LOW,1,4000,845,0.211,0,0,480,17,1,10,0,0,0,0,18,5,-4,64,18,HYBRID_SIMULATED,NORMAL,LOW
20,10,0,SAFETY,39,LOW,1,4000,845,0.211,0,0,480,19,0,11,2,1,1,0,11,4,4,120,18,HYBRID_SIMULATED,NORMAL,NORMAL
20,11,0,STAGE,42,LOW,1,4000,672,0.168,0,0,420,18,2,-6,6,1,1,0,8,32,-1,105,18,HYBRID_SIMULATED,BUSY,BUSY
20,11,0,PUB,0,LOW,1,4000,672,0.168,0,0,420,16,0,-2,1,0,1,0,23,11,-2,87,18,HYBRID_SIMULATED,NORMAL,NORMAL
20,11,0,FOOD,7,LOW,1,4000,672,0.168,0,0,420,22,-2,8,5,1,0,0,9,7,3,56,18,HYBRID_SIMULATED,NORMAL,NORMAL
20,11,0,EXPERIENCE,58,LOW,1,4000,672,0.168,0,0,420,8,4,8,10,5,10,4,0,24,7,115,18,HYBRID_SIMULATED,BUSY,NORMAL
20,11,0,GOODS,3,LOW,1,4000,672,0.168,0,0,420,21,10,-1,4,3,1,2,5,22,0,68,18,HYBRID_SIMULATED,BUSY,NORMAL
20,11,0,SAFETY,44,LOW,1,4000,672,0.168,0,0,420,13,-3,-12,0,1,0,0,14,5,-6,128,18,HYBRID_SIMULATED,NORMAL,LOW
20,12,0,STAGE,42,LOW,1,4000,420,0.105,0,0,360,23,-2,1,0,1,0,0,23,17,10,49,18,HYBRID_SIMULATED,NORMAL,NORMAL
20,12,0,PUB,0,LOW,1,4000,420,0.105,0,0,360,12,-4,4,3,0,1,0,14,16,2,36,18,HYBRID_SIMULATED,NORMAL,NORMAL
20,12,0,FOOD,20,LOW,1,4000,420,0.105,0,0,360,19,9,9,0,3,0,0,20,20,5,38,18,HYBRID_SIMULATED,NORMAL,NORMAL
20,12,0,EXPERIENCE,26,LOW,1,4000,420,0.105,0,0,360,38,3,1,0,1,0,2,10,15,-5,162,18,HYBRID_SIMULATED,NORMAL,NORMAL
20,12,0,GOODS,80,LOW,1,4000,420,0.105,0,0,360,14,7,-2,0,0,0,0,14,13,5,59,18,HYBRID_SIMULATED,NORMAL,NORMAL
20,12,0,SAFETY,76,LOW,1,4000,420,0.105,0,0,360,3,3,-13,0,0,0,0,11,0,-10,101,18,HYBRID_SIMULATED,LOW,LOW
20,13,0,STAGE,42,LOW,1,4000,1064,0.266,0,0,300,8,1,8,3,2,0,1,19,32,2,110,18,HYBRID_SIMULATED,NORMAL,NORMAL
20,13,0,PUB,0,LOW,1,4000,1064,0.266,0,0,300,25,8,-14,3,2,3,0,10,29,-1,71,18,HYBRID_SIMULATED,BUSY,NORMAL
20,13,0,FOOD,74,LOW,1,4000,1064,0.266,0,0,300,16,2,2,0,1,0,2,19,27,10,47,18,HYBRID_SIMULATED,NORMAL,NORMAL
20,13,0,EXPERIENCE,63,LOW,1,4000,1064,0.266,0,0,300,34,4,2,2,3,0,0,12,5,6,128,18,HYBRID_SIMULATED,NORMAL,NORMAL
20,13,0,GOODS,60,LOW,1,4000,1064,0.266,0,0,300,21,4,3,1,0,1,0,11,21,3,64,18,HYBRID_SIMULATED,NORMAL,NORMAL
20,13,0,SAFETY,4,LOW,1,4000,1064,0.266,0,0,300,29,-4,3,3,5,0,0,5,8,1,165,18,HYBRID_SIMULATED,NORMAL,NORMAL
20,14,0,STAGE,41,MEDIUM,2,4000,710,0.177,0,0,240,18,-5,0,2,3,0,0,18,29,3,91,18,HYBRID_SIMULATED,NORMAL,BUSY
20,14,0,PUB,0,MEDIUM,2,4000,710,0.177,0,0,240,14,-6,10,2,1,0,2,16,27,5,74,18,HYBRID_SIMULATED,NORMAL,NORMAL
20,14,0,FOOD,37,MEDIUM,2,4000,710,0.177,0,0,240,31,-5,8,4,4,4,3,13,29,0,33,18,HYBRID_SIMULATED,BUSY,BUSY
20,14,0,EXPERIENCE,63,MEDIUM,2,4000,710,0.177,0,0,240,24,4,6,2,2,2,1,13,22,-7,130,18,HYBRID_SIMULATED,BUSY,BUSY
20,14,0,GOODS,80,MEDIUM,2,4000,710,0.177,0,0,240,19,6,10,5,1,0,0,11,25,-1,62,18,HYBRID_SIMULATED,BUSY,NORMAL
20,14,0,SAFETY,34,MEDIUM,2,4000,710,0.177,0,0,240,12,-1,4,1,2,0,0,11,6,12,138,18,HYBRID_SIMULATED,NORMAL,LOW
20,15,0,STAGE,41,MEDIUM,2,4000,899,0.225,0,0,180,19,-3,4,0,0,0,0,19,19,-3,102,18,HYBRID_SIMULATED,NORMAL,BUSY
20,15,0,PUB,0,MEDIUM,2,4000,899,0.225,0,0,180,12,4,-2,0,1,0,0,19,21,-1,60,18,HYBRID_SIMULATED,NORMAL,LOW
20,15,0,FOOD,47,MEDIUM,2,4000,899,0.225,0,0,180,22,5,7,5,0,3,1,12,8,0,7,18,HYBRID_SIMULATED,BUSY,BUSY
20,15,0,EXPERIENCE,1,MEDIUM,2,4000,899,0.225,0,0,180,37,7,-3,16,3,4,0,0,43,-2,106,18,HYBRID_SIMULATED,VERY_BUSY,VERY_BUSY
20,15,0,GOODS,28,MEDIUM,2,4000,899,0.225,0,0,180,27,4,18,3,1,2,1,10,20,5,51,18,HYBRID_SIMULATED,BUSY,NORMAL
20,15,0,SAFETY,66,MEDIUM,2,4000,899,0.225,0,0,180,19,-7,-5,9,3,4,1,0,17,4,91,18,HYBRID_SIMULATED,VERY_BUSY,NORMAL
20,16,0,STAGE,42,HIGH,3,4000,173,0.043,0,0,120,20,7,-2,0,0,0,0,11,21,-4,127,18,HYBRID_SIMULATED,NORMAL,BUSY
20,16,0,PUB,0,HIGH,3,4000,173,0.043,0,0,120,21,-1,8,0,3,0,0,18,13,0,45,18,HYBRID_SIMULATED,NORMAL,NORMAL
20,16,0,FOOD,25,HIGH,3,4000,173,0.043,0,0,120,20,2,8,0,4,0,0,20,13,0,37,18,HYBRID_SIMULATED,NORMAL,NORMAL
20,16,0,EXPERIENCE,53,HIGH,3,4000,173,0.043,0,0,120,37,-6,0,2,2,2,2,14,14,2,95,18,HYBRID_SIMULATED,NORMAL,BUSY
20,16,0,GOODS,70,HIGH,3,4000,173,0.043,0,0,120,33,1,13,2,4,2,0,20,20,6,43,18,HYBRID_SIMULATED,NORMAL,NORMAL
20,16,0,SAFETY,71,HIGH,3,4000,173,0.043,0,0,120,24,1,-2,4,1,0,0,16,9,4,58,18,HYBRID_SIMULATED,NORMAL,NORMAL
20,17,0,STAGE,41,LOW,1,4000,415,0.104,0,0,60,11,-7,5,1,0,0,0,18,22,9,77,18,HYBRID_SIMULATED,NORMAL,NORMAL
20,17,0,PUB,0,LOW,1,4000,415,0.104,0,0,60,22,8,2,3,0,1,1,13,32,4,40,18,HYBRID_SIMULATED,BUSY,NORMAL
20,17,0,FOOD,45,LOW,1,4000,415,0.104,0,0,60,25,-2,9,7,1,2,0,1,27,3,76,18,HYBRID_SIMULATED,VERY_BUSY,BUSY
20,17,0,EXPERIENCE,58,LOW,1,4000,415,0.104,0,0,60,33,2,4,10,5,5,1,0,21,2,94,18,HYBRID_SIMULATED,VERY_BUSY,VERY_BUSY
20,17,0,GOODS,23,LOW,1,4000,415,0.104,0,0,60,26,1,-2,1,2,1,0,4,12,5,46,18,HYBRID_SIMULATED,NORMAL,NORMAL
20,17,0,SAFETY,34,LOW,1,4000,415,0.104,0,0,60,17,4,-8,3,0,0,0,11,2,-3,96,18,HYBRID_SIMULATED,NORMAL,LOW
20,18,1,STAGE,41,LOW,1,4000,1538,0.385,0,1,10,26,7,7,6,3,2,1,5,37,14,88,18,HYBRID_SIMULATED,VERY_BUSY,VERY_BUSY
20,18,1,PUB,0,LOW,1,4000,1538,0.385,1,0,10,57,8,-2,10,6,2,0,0,45,2,48,18,HYBRID_SIMULATED,VERY_BUSY,VERY_BUSY
20,18,1,FOOD,45,LOW,1,4000,1538,0.385,1,0,0,45,-7,8,5,4,0,0,14,38,5,41,18,HYBRID_SIMULATED,BUSY,VERY_BUSY
20,18,1,EXPERIENCE,73,LOW,1,4000,1538,0.385,0,0,0,27,3,13,1,0,0,1,13,25,0,86,18,HYBRID_SIMULATED,NORMAL,NORMAL
20,18,1,GOODS,23,LOW,1,4000,1538,0.385,0,0,0,10,10,9,0,1,0,2,17,8,3,51,18,HYBRID_SIMULATED,LOW,LOW
20,18,1,SAFETY,81,LOW,1,4000,1538,0.385,0,0,30,11,3,11,1,0,1,0,15,9,10,74,18,HYBRID_SIMULATED,NORMAL,NORMAL
20,19,1,STAGE,41,MEDIUM,2,4000,2132,0.533,0,1,0,45,9,7,0,1,0,0,16,23,8,115,18,HYBRID_SIMULATED,NORMAL,VERY_BUSY
20,19,1,PUB,0,MEDIUM,2,4000,2132,0.533,1,0,30,60,6,19,11,7,6,0,0,41,0,42,18,HYBRID_SIMULATED,VERY_BUSY,VERY_BUSY
20,19,1,FOOD,52,MEDIUM,2,4000,2132,0.533,1,0,10,60,11,4,9,3,2,1,7,34,0,24,18,HYBRID_SIMULATED,BUSY,VERY_BUSY
20,19,1,EXPERIENCE,16,MEDIUM,2,4000,2132,0.533,0,0,45,12,-2,7,8,3,6,2,5,7,7,105,18,HYBRID_SIMULATED,BUSY,BUSY
20,19,1,GOODS,33,MEDIUM,2,4000,2132,0.533,0,0,45,41,1,23,0,2,0,0,13,9,8,59,18,HYBRID_SIMULATED,NORMAL,NORMAL
20,19,1,SAFETY,71,MEDIUM,2,4000,2132,0.533,0,0,0,34,2,8,1,0,0,0,13,5,0,115,18,HYBRID_SIMULATED,NORMAL,NORMAL
20,20,1,STAGE,41,MEDIUM,2,4000,1501,0.375,0,1,0,47,11,5,2,0,2,2,15,25,9,84,18,HYBRID_SIMULATED,BUSY,VERY_BUSY
20,20,1,PUB,0,MEDIUM,2,4000,1501,0.375,1,0,30,57,10,6,9,5,4,0,0,41,5,31,18,HYBRID_SIMULATED,VERY_BUSY,VERY_BUSY
20,20,1,FOOD,69,MEDIUM,2,4000,1501,0.375,1,0,30,56,5,5,11,6,5,0,0,39,1,11,18,HYBRID_SIMULATED,VERY_BUSY,VERY_BUSY
20,20,1,EXPERIENCE,68,MEDIUM,2,4000,1501,0.375,0,0,20,31,5,15,7,0,1,0,4,41,0,82,18,HYBRID_SIMULATED,BUSY,VERY_BUSY
20,20,1,GOODS,80,MEDIUM,2,4000,1501,0.375,0,0,20,36,3,-2,0,2,0,0,16,15,2,35,18,HYBRID_SIMULATED,NORMAL,NORMAL
20,20,1,SAFETY,71,MEDIUM,2,4000,1501,0.375,0,0,20,32,7,16,0,0,0,0,15,2,-4,66,18,HYBRID_SIMULATED,NORMAL,LOW
20,21,1,STAGE,42,MEDIUM,2,4000,2252,0.563,0,1,10,39,2,10,4,4,4,1,7,33,10,64,18,HYBRID_SIMULATED,VERY_BUSY,VERY_BUSY
20,21,1,PUB,0,MEDIUM,2,4000,2252,0.563,1,0,10,63,12,7,3,7,2,0,16,44,6,26,18,HYBRID_SIMULATED,BUSY,VERY_BUSY
20,21,1,FOOD,47,MEDIUM,2,4000,2252,0.563,1,0,0,50,-2,7,5,6,5,2,10,32,11,35,18,HYBRID_SIMULATED,VERY_BUSY,VERY_BUSY
20,21,1,EXPERIENCE,36,MEDIUM,2,4000,2252,0.563,0,0,10,17,-6,8,0,0,0,0,20,8,1,120,18,HYBRID_SIMULATED,NORMAL,NORMAL
20,21,1,GOODS,60,MEDIUM,2,4000,2252,0.563,0,0,0,30,-7,5,2,0,0,0,19,14,-4,37,18,HYBRID_SIMULATED,NORMAL,NORMAL
20,21,1,SAFETY,29,MEDIUM,2,4000,2252,0.563,0,0,45,29,3,8,3,0,3,0,7,8,-5,99,18,HYBRID_SIMULATED,BUSY,NORMAL
20,22,1,STAGE,41,HIGH,3,4000,3277,0.819,0,1,0,81,12,5,2,0,0,0,22,39,7,79,18,HYBRID_SIMULATED,BUSY,VERY_BUSY
20,22,1,PUB,0,HIGH,3,4000,3277,0.819,1,0,30,51,10,14,11,4,2,0,0,40,2,16,18,HYBRID_SIMULATED,VERY_BUSY,VERY_BUSY
20,22,1,FOOD,57,HIGH,3,4000,3277,0.819,1,0,30,51,6,4,6,3,1,2,11,40,1,12,18,HYBRID_SIMULATED,BUSY,VERY_BUSY
20,22,1,EXPERIENCE,16,HIGH,3,4000,3277,0.819,0,0,30,15,15,15,9,2,3,0,5,22,6,124,18,HYBRID_SIMULATED,BUSY,NORMAL
20,22,1,GOODS,55,HIGH,3,4000,3277,0.819,0,0,30,10,1,10,0,2,0,0,16,2,5,23,18,HYBRID_SIMULATED,LOW,LOW
20,22,1,SAFETY,76,HIGH,3,4000,3277,0.819,0,0,30,30,-1,2,0,3,0,0,18,19,-4,48,18,HYBRID_SIMULATED,NORMAL,NORMAL
20,23,0,STAGE,41,LOW,1,4000,625,0.156,0,0,20,15,-5,5,0,0,0,1,22,20,-3,91,18,HYBRID_SIMULATED,NORMAL,NORMAL
20,23,0,PUB,0,LOW,1,4000,625,0.156,1,0,10,61,-2,0,1,3,0,0,16,39,4,45,18,HYBRID_SIMULATED,NORMAL,VERY_BUSY
20,23,0,FOOD,54,LOW,1,4000,625,0.156,1,0,10,52,-1,0,6,6,4,1,10,23,6,10,18,HYBRID_SIMULATED,VERY_BUSY,VERY_BUSY
20,23,0,EXPERIENCE,53,LOW,1,4000,625,0.156,0,0,45,30,-2,3,2,2,0,1,12,16,-3,97,18,HYBRID_SIMULATED,NORMAL,BUSY
20,23,0,GOODS,60,LOW,1,4000,625,0.156,0,0,10,18,3,-7,3,6,3,0,13,11,1,12,18,HYBRID_SIMULATED,BUSY,NORMAL
20,23,0,SAFETY,19,LOW,1,4000,625,0.156,0,0,30,10,5,1,0,1,0,1,14,6,0,65,18,HYBRID_SIMULATED,LOW,LOW
20,24,0,STAGE,41,MEDIUM,2,4000,620,0.155,0,0,45,22,0,9,1,0,1,0,18,17,3,99,18,HYBRID_SIMULATED,NORMAL,NORMAL
20,24,0,PUB,0,MEDIUM,2,4000,620,0.155,1,0,30,72,1,8,11,2,2,0,3,49,6,69,18,HYBRID_SIMULATED,VERY_BUSY,VERY_BUSY
20,24,0,FOOD,2,MEDIUM,2,4000,620,0.155,1,0,10,58,6,1,11,5,4,2,0,40,8,38,18,HYBRID_SIMULATED,VERY_BUSY,VERY_BUSY
20,24,0,EXPERIENCE,46,MEDIUM,2,4000,620,0.155,0,0,30,13,0,2,7,4,2,0,4,11,7,86,18,HYBRID_SIMULATED,BUSY,NORMAL
20,24,0,GOODS,13,MEDIUM,2,4000,620,0.155,0,0,45,15,4,0,0,1,0,0,23,14,2,68,18,HYBRID_SIMULATED,NORMAL,NORMAL
20,24,0,SAFETY,19,MEDIUM,2,4000,620,0.155,0,0,10,16,-3,-2,3,2,1,0,12,6,3,126,18,HYBRID_SIMULATED,NORMAL,NORMAL
21,10,0,STAGE,41,LOW,1,4000,868,0.217,0,0,480,28,7,14,1,0,0,0,14,17,0,160,18,HYBRID_SIMULATED,NORMAL,BUSY
21,10,0,PUB,0,LOW,1,4000,868,0.217,0,0,480,27,2,9,0,0,0,0,14,24,2,67,18,HYBRID_SIMULATED,NORMAL,NORMAL
21,10,0,FOOD,62,LOW,1,4000,868,0.217,0,0,480,18,10,-13,0,1,0,0,21,21,-8,55,18,HYBRID_SIMULATED,NORMAL,LOW
21,10,0,EXPERIENCE,26,LOW,1,4000,868,0.217,0,0,480,24,-1,-4,2,0,1,0,14,16,4,72,18,HYBRID_SIMULATED,NORMAL,BUSY
21,10,0,GOODS,70,LOW,1,4000,868,0.217,0,0,480,13,3,8,3,0,2,0,14,14,5,61,18,HYBRID_SIMULATED,NORMAL,NORMAL
21,10,0,SAFETY,71,LOW,1,4000,868,0.217,0,0,480,16,11,2,4,3,4,1,8,12,-1,132,18,HYBRID_SIMULATED,BUSY,NORMAL
21,11,0,STAGE,41,LOW,1,4000,589,0.147,0,0,420,25,-8,14,1,0,0,0,13,19,-2,144,18,HYBRID_SIMULATED,NORMAL,NORMAL
21,11,0,PUB,0,LOW,1,4000,589,0.147,0,0,420,12,-7,-1,0,2,0,3,18,29,6,62,18,HYBRID_SIMULATED,NORMAL,NORMAL
21,11,0,FOOD,25,LOW,1,4000,589,0.147,0,0,420,25,-5,7,3,4,1,2,13,27,13,62,18,HYBRID_SIMULATED,BUSY,NORMAL
21,11,0,EXPERIENCE,21,LOW,1,4000,589,0.147,0,0,420,15,-2,-4,1,1,0,1,17,0,-3,129,18,HYBRID_SIMULATED,NORMAL,NORMAL
21,11,0,GOODS,38,LOW,1,4000,589,0.147,0,0,420,6,1,6,5,5,4,1,5,21,14,63,18,HYBRID_SIMULATED,NORMAL,NORMAL
21,11,0,SAFETY,19,LOW,1,4000,589,0.147,0,0,420,13,4,-4,0,0,0,1,18,0,5,115,18,HYBRID_SIMULATED,LOW,LOW
21,12,0,STAGE,41,MEDIUM,2,4000,294,0.073,0,0,360,15,2,-1,3,2,2,0,6,35,0,124,18,HYBRID_SIMULATED,BUSY,BUSY
21,12,0,PUB,0,MEDIUM,2,4000,294,0.073,0,0,360,4,3,-2,0,3,0,1,14,8,4,50,18,HYBRID_SIMULATED,LOW,LOW
21,12,0,FOOD,12,MEDIUM,2,4000,294,0.073,0,0,360,23,0,5,7,0,4,0,12,19,0,86,18,HYBRID_SIMULATED,BUSY,BUSY
21,12,0,EXPERIENCE,1,MEDIUM,2,4000,294,0.073,0,0,360,27,-1,10,6,1,5,0,10,27,2,135,18,HYBRID_SIMULATED,BUSY,BUSY
21,12,0,GOODS,60,MEDIUM,2,4000,294,0.073,0,0,360,19,6,-4,7,3,1,0,11,11,2,73,18,HYBRID_SIMULATED,BUSY,BUSY
21,12,0,SAFETY,34,MEDIUM,2,4000,294,0.073,0,0,360,5,3,5,0,0,0,0,17,14,2,105,18,HYBRID_SIMULATED,LOW,LOW
21,13,0,STAGE,42,LOW,1,4000,625,0.156,0,0,300,24,-6,-1,4,0,2,0,12,30,-1,83,18,HYBRID_SIMULATED,BUSY,BUSY
21,13,0,PUB,0,LOW,1,4000,625,0.156,0,0,300,5,5,-8,3,0,2,0,8,20,-5,62,18,HYBRID_SIMULATED,NORMAL,LOW
21,13,0,FOOD,27,LOW,1,4000,625,0.156,0,0,300,15,12,0,0,0,0,0,15,11,0,62,18,HYBRID_SIMULATED,NORMAL,LOW
21,13,0,EXPERIENCE,11,LOW,1,4000,625,0.156,0,0,300,38,-2,-4,1,1,0,1,11,23,4,132,18,HYBRID_SIMULATED,NORMAL,NORMAL
21,13,0,GOODS,43,LOW,1,4000,625,0.156,0,0,300,23,10,-10,0,2,0,0,20,14,-1,52,18,HYBRID_SIMULATED,NORMAL,NORMAL
21,13,0,SAFETY,44,LOW,1,4000,625,0.156,0,0,300,14,0,-1,6,3,2,0,11,18,3,142,18,HYBRID_SIMULATED,BUSY,NORMAL
21,14,0,STAGE,42,MEDIUM,2,4000,653,0.163,0,0,240,22,8,7,0,0,0,0,13,27,3,101,18,HYBRID_SIMULATED,NORMAL,NORMAL
21,14,0,PUB,0,MEDIUM,2,4000,653,0.163,0,0,240,13,7,12,0,5,0,1,16,17,6,75,18,HYBRID_SIMULATED,NORMAL,NORMAL
21,14,0,FOOD,40,MEDIUM,2,4000,653,0.163,0,0,240,23,-3,-8,2,3,2,0,4,20,-1,65,18,HYBRID_SIMULATED,NORMAL,NORMAL
21,14,0,EXPERIENCE,11,MEDIUM,2,4000,653,0.163,0,0,240,32,13,-6,4,0,4,1,19,8,3,113,18,HYBRID_SIMULATED,BUSY,BUSY
21,14,0,GOODS,55,MEDIUM,2,4000,653,0.163,0,0,240,15,1,0,1,0,0,1,22,0,-2,89,18,HYBRID_SIMULATED,NORMAL,NORMAL
21,14,0,SAFETY,4,MEDIUM,2,4000,653,0.163,0,0,240,19,-2,-2,0,1,0,0,19,9,0,91,18,HYBRID_SIMULATED,NORMAL,LOW
21,15,0,STAGE,42,MEDIUM,2,4000,464,0.116,0,0,180,21,2,1,0,2,0,0,14,28,3,125,18,HYBRID_SIMULATED,NORMAL,NORMAL
21,15,0,PUB,0,MEDIUM,2,4000,464,0.116,0,0,180,14,-3,-6,4,3,4,2,19,18,-4,75,18,HYBRID_SIMULATED,BUSY,BUSY
21,15,0,FOOD,27,MEDIUM,2,4000,464,0.116,0,0,180,13,-3,-1,5,1,2,1,9,17,3,12,18,HYBRID_SIMULATED,BUSY,NORMAL
21,15,0,EXPERIENCE,31,MEDIUM,2,4000,464,0.116,0,0,180,24,7,7,1,0,0,0,24,9,-2,105,18,HYBRID_SIMULATED,NORMAL,NORMAL
21,15,0,GOODS,3,MEDIUM,2,4000,464,0.116,0,0,180,22,9,1,0,3,0,0,18,9,4,60,18,HYBRID_SIMULATED,NORMAL,LOW
21,15,0,SAFETY,34,MEDIUM,2,4000,464,0.116,0,0,180,17,-3,12,1,0,1,0,16,16,0,73,18,HYBRID_SIMULATED,NORMAL,NORMAL
21,16,0,STAGE,42,MEDIUM,2,4000,639,0.16,0,0,120,21,6,4,4,0,1,3,8,22,0,87,18,HYBRID_SIMULATED,BUSY,BUSY
21,16,0,PUB,0,MEDIUM,2,4000,639,0.16,0,0,120,10,4,-11,1,0,0,1,5,8,-7,86,18,HYBRID_SIMULATED,NORMAL,LOW
21,16,0,FOOD,74,MEDIUM,2,4000,639,0.16,0,0,120,29,1,-1,0,0,0,0,23,25,-3,51,18,HYBRID_SIMULATED,NORMAL,NORMAL
21,16,0,EXPERIENCE,6,MEDIUM,2,4000,639,0.16,0,0,120,37,7,-9,2,0,1,1,18,5,0,144,18,HYBRID_SIMULATED,NORMAL,NORMAL
21,16,0,GOODS,65,MEDIUM,2,4000,639,0.16,0,0,120,25,7,9,3,0,0,0,14,26,5,53,18,HYBRID_SIMULATED,BUSY,BUSY
21,16,0,SAFETY,71,MEDIUM,2,4000,639,0.16,0,0,120,13,3,3,5,2,2,0,3,10,12,91,18,HYBRID_SIMULATED,BUSY,NORMAL
21,17,0,STAGE,42,LOW,1,4000,521,0.13,0,0,60,24,6,3,1,3,0,0,16,23,0,92,18,HYBRID_SIMULATED,NORMAL,NORMAL
21,17,0,PUB,0,LOW,1,4000,521,0.13,0,0,60,19,-6,-4,1,0,1,0,14,38,-9,48,18,HYBRID_SIMULATED,BUSY,BUSY
21,17,0,FOOD,2,LOW,1,4000,521,0.13,0,0,60,13,8,12,10,1,6,1,4,33,-2,32,18,HYBRID_SIMULATED,VERY_BUSY,BUSY
21,17,0,EXPERIENCE,46,LOW,1,4000,521,0.13,0,0,60,27,-1,5,0,0,0,2,25,19,-2,140,18,HYBRID_SIMULATED,NORMAL,NORMAL
21,17,0,GOODS,38,LOW,1,4000,521,0.13,0,0,60,16,4,-5,7,3,6,2,3,22,-3,41,18,HYBRID_SIMULATED,VERY_BUSY,BUSY
21,17,0,SAFETY,50,LOW,1,4000,521,0.13,0,0,60,5,5,5,6,2,4,0,12,23,3,113,18,HYBRID_SIMULATED,NORMAL,NORMAL
21,18,1,STAGE,42,HIGH,3,4000,3499,0.875,0,1,45,69,-7,12,0,0,0,0,17,49,2,78,18,HYBRID_SIMULATED,BUSY,VERY_BUSY
21,18,1,PUB,0,HIGH,3,4000,3499,0.875,1,0,30,46,3,10,9,3,7,1,7,37,10,32,18,HYBRID_SIMULATED,VERY_BUSY,VERY_BUSY
21,18,1,FOOD,54,HIGH,3,4000,3499,0.875,1,0,30,38,12,8,11,3,4,1,5,29,6,50,18,HYBRID_SIMULATED,BUSY,BUSY
21,18,1,EXPERIENCE,36,HIGH,3,4000,3499,0.875,0,0,10,28,13,13,7,3,0,0,11,27,7,77,18,HYBRID_SIMULATED,BUSY,BUSY
21,18,1,GOODS,8,HIGH,3,4000,3499,0.875,0,0,45,18,12,0,0,0,0,0,18,8,2,50,18,HYBRID_SIMULATED,NORMAL,NORMAL
21,18,1,SAFETY,50,HIGH,3,4000,3499,0.875,0,0,45,24,7,11,5,0,2,2,4,26,0,74,18,HYBRID_SIMULATED,BUSY,BUSY
21,19,1,STAGE,41,MEDIUM,2,4000,1976,0.494,0,1,20,47,5,4,0,2,0,0,18,36,9,84,18,HYBRID_SIMULATED,NORMAL,VERY_BUSY
21,19,1,PUB,0,MEDIUM,2,4000,1976,0.494,1,0,0,60,6,-2,8,3,2,1,6,33,6,51,18,HYBRID_SIMULATED,BUSY,VERY_BUSY
21,19,1,FOOD,64,MEDIUM,2,4000,1976,0.494,1,0,20,52,-1,2,13,3,6,0,0,46,8,40,18,HYBRID_SIMULATED,VERY_BUSY,VERY_BUSY
21,19,1,EXPERIENCE,1,MEDIUM,2,4000,1976,0.494,0,0,0,21,6,21,11,2,4,1,2,19,16,77,18,HYBRID_SIMULATED,VERY_BUSY,BUSY
21,19,1,GOODS,13,MEDIUM,2,4000,1976,0.494,0,0,0,20,10,18,1,2,0,1,18,11,1,59,18,HYBRID_SIMULATED,NORMAL,BUSY
21,19,1,SAFETY,44,MEDIUM,2,4000,1976,0.494,0,0,30,19,3,11,5,0,4,1,6,13,1,93,18,HYBRID_SIMULATED,BUSY,BUSY
21,20,1,STAGE,42,MEDIUM,2,4000,2774,0.694,0,1,45,54,10,2,2,2,2,2,14,45,7,136,18,HYBRID_SIMULATED,BUSY,VERY_BUSY
21,20,1,PUB,0,MEDIUM,2,4000,2774,0.694,1,0,10,66,4,11,4,1,4,0,18,35,-2,4,18,HYBRID_SIMULATED,VERY_BUSY,VERY_BUSY
21,20,1,FOOD,7,MEDIUM,2,4000,2774,0.694,1,0,20,59,4,2,5,5,1,0,18,37,10,54,18,HYBRID_SIMULATED,BUSY,VERY_BUSY
21,20,1,EXPERIENCE,63,MEDIUM,2,4000,2774,0.694,0,0,45,17,1,10,4,2,2,0,9,32,4,110,18,HYBRID_SIMULATED,BUSY,BUSY
21,20,1,GOODS,38,MEDIUM,2,4000,2774,0.694,0,0,45,24,4,10,8,0,8,1,1,18,9,16,18,HYBRID_SIMULATED,VERY_BUSY,BUSY
21,20,1,SAFETY,34,MEDIUM,2,4000,2774,0.694,0,0,0,40,7,-1,4,1,3,0,14,24,0,80,18,HYBRID_SIMULATED,BUSY,BUSY
21,21,1,STAGE,42,LOW,1,4000,1529,0.382,0,1,10,43,10,14,0,0,0,0,13,27,1,153,18,HYBRID_SIMULATED,NORMAL,BUSY
21,21,1,PUB,0,LOW,1,4000,1529,0.382,1,0,20,56,0,-2,4,5,0,0,10,40,11,24,18,HYBRID_SIMULATED,BUSY,VERY_BUSY
21,21,1,FOOD,67,LOW,1,4000,1529,0.382,1,0,45,69,-1,7,11,4,11,3,2,41,6,7,18,HYBRID_SIMULATED,VERY_BUSY,VERY_BUSY
21,21,1,EXPERIENCE,11,LOW,1,4000,1529,0.382,0,0,20,23,6,14,0,1,0,2,16,20,-2,106,18,HYBRID_SIMULATED,NORMAL,NORMAL
21,21,1,GOODS,55,LOW,1,4000,1529,0.382,0,0,10,25,4,6,2,0,0,0,18,12,-1,68,18,HYBRID_SIMULATED,NORMAL,NORMAL
21,21,1,SAFETY,56,LOW,1,4000,1529,0.382,0,0,10,27,4,9,2,1,0,0,6,1,-3,70,18,HYBRID_SIMULATED,NORMAL,NORMAL
21,22,1,STAGE,42,LOW,1,4000,1090,0.273,0,1,30,34,-1,19,4,7,0,0,18,32,12,86,18,HYBRID_SIMULATED,BUSY,VERY_BUSY
21,22,1,PUB,0,LOW,1,4000,1090,0.273,1,0,20,66,0,15,1,1,1,4,18,45,0,59,18,HYBRID_SIMULATED,BUSY,VERY_BUSY
21,22,1,FOOD,54,LOW,1,4000,1090,0.273,1,0,0,72,3,-2,4,0,1,0,14,39,-2,17,18,HYBRID_SIMULATED,BUSY,VERY_BUSY
21,22,1,EXPERIENCE,46,LOW,1,4000,1090,0.273,0,0,10,22,3,6,0,0,0,0,10,7,0,116,18,HYBRID_SIMULATED,NORMAL,NORMAL
21,22,1,GOODS,43,LOW,1,4000,1090,0.273,0,0,30,1,1,1,2,2,0,0,10,24,-2,34,18,HYBRID_SIMULATED,LOW,LOW
21,22,1,SAFETY,24,LOW,1,4000,1090,0.273,0,0,45,23,6,7,3,2,3,0,15,3,1,96,18,HYBRID_SIMULATED,NORMAL,NORMAL
21,23,0,STAGE,41,LOW,1,4000,594,0.148,0,0,10,18,3,10,7,0,3,3,7,31,0,147,18,HYBRID_SIMULATED,BUSY,BUSY
21,23,0,PUB,0,LOW,1,4000,594,0.148,1,0,0,62,3,7,7,3,4,3,8,50,-2,22,18,HYBRID_SIMULATED,VERY_BUSY,VERY_BUSY
21,23,0,FOOD,32,LOW,1,4000,594,0.148,1,0,45,59,2,7,6,5,4,0,4,20,9,28,18,HYBRID_SIMULATED,BUSY,VERY_BUSY
21,23,0,EXPERIENCE,78,LOW,1,4000,594,0.148,0,0,30,14,-7,6,2,1,0,0,14,13,-1,33,18,HYBRID_SIMULATED,NORMAL,NORMAL
21,23,0,GOODS,38,LOW,1,4000,594,0.148,0,0,0,18,-6,-7,9,1,6,0,0,35,0,37,18,HYBRID_SIMULATED,VERY_BUSY,BUSY
21,23,0,SAFETY,4,LOW,1,4000,594,0.148,0,0,20,6,1,6,0,0,0,0,16,9,1,99,18,HYBRID_SIMULATED,LOW,LOW
21,24,0,STAGE,42,HIGH,3,4000,653,0.163,0,0,10,4,4,4,0,0,0,0,25,17,-9,98,18,HYBRID_SIMULATED,LOW,NORMAL
21,24,0,PUB,0,HIGH,3,4000,653,0.163,1,0,45,39,0,3,4,0,0,0,14,27,-2,53,18,HYBRID_SIMULATED,BUSY,VERY_BUSY
21,24,0,FOOD,74,HIGH,3,4000,653,0.163,1,0,45,39,7,11,4,5,0,0,16,25,5,37,18,HYBRID_SIMULATED,BUSY,BUSY
21,24,0,EXPERIENCE,46,HIGH,3,4000,653,0.163,0,0,10,23,4,-7,0,0,0,0,19,14,1,68,18,HYBRID_SIMULATED,NORMAL,NORMAL
21,24,0,GOODS,55,HIGH,3,4000,653,0.163,0,0,30,10,2,-4,0,0,0,0,17,4,1,20,18,HYBRID_SIMULATED,LOW,LOW
21,24,0,SAFETY,44,HIGH,3,4000,653,0.163,0,0,20,4,4,4,2,4,1,1,17,14,0,87,18,HYBRID_SIMULATED,LOW,LOW
22,10,0,STAGE,42,LOW,1,4000,635,0.159,0,0,480,19,-6,0,1,0,0,0,21,16,-10,125,18,HYBRID_SIMULATED,NORMAL,NORMAL
22,10,0,PUB,0,LOW,1,4000,635,0.159,0,0,480,21,8,0,0,1,0,0,22,22,0,55,18,HYBRID_SIMULATED,NORMAL,NORMAL
22,10,0,FOOD,25,LOW,1,4000,635,0.159,0,0,480,27,6,11,3,4,1,0,12,30,4,53,18,HYBRID_SIMULATED,BUSY,NORMAL
22,10,0,EXPERIENCE,73,LOW,1,4000,635,0.159,0,0,480,30,-4,1,0,0,0,0,16,19,0,68,18,HYBRID_SIMULATED,NORMAL,NORMAL
22,10,0,GOODS,33,LOW,1,4000,635,0.159,0,0,480,12,-5,-1,4,0,0,0,11,13,-1,85,18,HYBRID_SIMULATED,NORMAL,NORMAL
22,10,0,SAFETY,9,LOW,1,4000,635,0.159,0,0,480,14,-7,1,4,1,4,0,14,10,-2,128,18,HYBRID_SIMULATED,BUSY,NORMAL
22,11,0,STAGE,41,HIGH,3,4000,617,0.154,0,0,420,26,3,5,8,4,2,0,5,41,1,104,18,HYBRID_SIMULATED,VERY_BUSY,VERY_BUSY
22,11,0,PUB,0,HIGH,3,4000,617,0.154,0,0,420,13,4,-4,5,0,2,0,3,23,-1,50,18,HYBRID_SIMULATED,BUSY,NORMAL
22,11,0,FOOD,45,HIGH,3,4000,617,0.154,0,0,420,23,6,12,3,0,0,0,14,37,1,108,18,HYBRID_SIMULATED,BUSY,NORMAL
22,11,0,EXPERIENCE,63,HIGH,3,4000,617,0.154,0,0,420,29,7,0,0,1,0,0,18,14,2,130,18,HYBRID_SIMULATED,NORMAL,NORMAL
22,11,0,GOODS,70,HIGH,3,4000,617,0.154,0,0,420,15,-10,8,4,1,0,0,14,5,-2,77,18,HYBRID_SIMULATED,NORMAL,NORMAL
22,11,0,SAFETY,14,HIGH,3,4000,617,0.154,0,0,420,8,8,8,0,0,0,0,18,10,6,107,18,HYBRID_SIMULATED,LOW,LOW
22,12,0,STAGE,41,LOW,1,4000,919,0.23,0,0,360,15,-5,8,3,0,0,0,10,27,-2,89,18,HYBRID_SIMULATED,BUSY,BUSY
22,12,0,PUB,0,LOW,1,4000,919,0.23,0,0,360,9,0,9,7,2,1,0,12,20,-1,42,18,HYBRID_SIMULATED,NORMAL,NORMAL
22,12,0,FOOD,67,LOW,1,4000,919,0.23,0,0,360,13,-1,9,10,4,4,3,1,31,2,16,18,HYBRID_SIMULATED,VERY_BUSY,NORMAL
22,12,0,EXPERIENCE,36,LOW,1,4000,919,0.23,0,0,360,20,-5,2,7,3,2,0,7,24,3,124,18,HYBRID_SIMULATED,BUSY,BUSY
22,12,0,GOODS,43,LOW,1,4000,919,0.23,0,0,360,2,-1,1,0,3,0,0,12,4,-1,87,18,HYBRID_SIMULATED,LOW,LOW
22,12,0,SAFETY,76,LOW,1,4000,919,0.23,0,0,360,22,3,3,4,6,1,0,9,8,8,91,18,HYBRID_SIMULATED,NORMAL,NORMAL
22,13,0,STAGE,41,MEDIUM,2,4000,441,0.11,0,0,300,20,-1,7,4,0,0,0,7,34,0,106,18,HYBRID_SIMULATED,BUSY,BUSY
22,13,0,PUB,0,MEDIUM,2,4000,441,0.11,0,0,300,10,-3,7,0,4,0,0,16,16,3,68,18,HYBRID_SIMULATED,NORMAL,LOW
22,13,0,FOOD,17,MEDIUM,2,4000,441,0.11,0,0,300,20,9,-3,1,1,0,1,18,3,-5,57,18,HYBRID_SIMULATED,NORMAL,NORMAL
22,13,0,EXPERIENCE,63,MEDIUM,2,4000,441,0.11,0,0,300,44,2,15,2,0,1,0,19,20,-2,137,18,HYBRID_SIMULATED,NORMAL,BUSY
22,13,0,GOODS,33,MEDIUM,2,4000,441,0.11,0,0,300,10,1,4,0,1,0,0,15,17,2,61,18,HYBRID_SIMULATED,NORMAL,LOW
22,13,0,SAFETY,9,MEDIUM,2,4000,441,0.11,0,0,300,16,7,-4,2,0,0,0,12,0,1,127,18,HYBRID_SIMULATED,NORMAL,NORMAL
22,14,0,STAGE,41,MEDIUM,2,4000,527,0.132,0,0,240,30,-4,13,0,0,0,1,16,22,4,150,18,HYBRID_SIMULATED,NORMAL,NORMAL
22,14,0,PUB,0,MEDIUM,2,4000,527,0.132,0,0,240,22,2,6,0,0,0,0,18,28,4,61,18,HYBRID_SIMULATED,NORMAL,NORMAL
22,14,0,FOOD,17,MEDIUM,2,4000,527,0.132,0,0,240,21,-3,-1,3,1,2,2,14,25,-1,23,18,HYBRID_SIMULATED,BUSY,NORMAL
22,14,0,EXPERIENCE,16,MEDIUM,2,4000,527,0.132,0,0,240,22,-3,-3,6,0,1,0,12,34,-7,98,18,HYBRID_SIMULATED,BUSY,VERY_BUSY
22,14,0,GOODS,33,MEDIUM,2,4000,527,0.132,0,0,240,12,11,2,1,1,1,0,9,12,-2,38,18,HYBRID_SIMULATED,NORMAL,NORMAL
22,14,0,SAFETY,66,MEDIUM,2,4000,527,0.132,0,0,240,19,7,-4,7,1,5,1,13,21,-8,94,18,HYBRID_SIMULATED,BUSY,NORMAL
22,15,0,STAGE,42,LOW,1,4000,638,0.16,0,0,180,12,-1,-1,2,2,1,0,13,20,0,135,18,HYBRID_SIMULATED,NORMAL,NORMAL
22,15,0,PUB,0,LOW,1,4000,638,0.16,0,0,180,24,5,0,0,0,0,0,22,16,10,61,18,HYBRID_SIMULATED,NORMAL,LOW
22,15,0,FOOD,22,LOW,1,4000,638,0.16,0,0,180,16,4,-7,0,3,0,0,20,25,3,68,18,HYBRID_SIMULATED,NORMAL,NORMAL
22,15,0,EXPERIENCE,58,LOW,1,4000,638,0.16,0,0,180,43,10,5,11,2,8,3,0,36,4,121,18,HYBRID_SIMULATED,VERY_BUSY,BUSY
22,15,0,GOODS,18,LOW,1,4000,638,0.16,0,0,180,14,5,-3,0,0,0,0,16,21,-7,58,18,HYBRID_SIMULATED,NORMAL,NORMAL
22,15,0,SAFETY,29,LOW,1,4000,638,0.16,0,0,180,18,1,5,0,2,0,0,18,8,4,111,18,HYBRID_SIMULATED,NORMAL,NORMAL
22,16,0,STAGE,42,LOW,1,4000,640,0.16,0,0,120,25,5,6,8,3,6,3,5,31,3,62,18,HYBRID_SIMULATED,VERY_BUSY,BUSY
22,16,0,PUB,0,LOW,1,4000,640,0.16,0,0,120,21,-4,-5,2,1,0,0,13,27,1,49,18,HYBRID_SIMULATED,NORMAL,NORMAL
22,16,0,FOOD,45,LOW,1,4000,640,0.16,0,0,120,18,1,5,5,0,2,0,17,31,7,29,18,HYBRID_SIMULATED,BUSY,NORMAL
22,16,0,EXPERIENCE,21,LOW,1,4000,640,0.16,0,0,120,28,5,-5,4,2,0,2,8,19,0,108,18,HYBRID_SIMULATED,BUSY,BUSY
22,16,0,GOODS,8,LOW,1,4000,640,0.16,0,0,120,40,3,2,0,2,0,2,5,15,-3,54,18,HYBRID_SIMULATED,NORMAL,NORMAL
22,16,0,SAFETY,14,LOW,1,4000,640,0.16,0,0,120,15,6,7,1,1,1,0,22,3,2,158,18,HYBRID_SIMULATED,NORMAL,NORMAL
22,17,0,STAGE,42,LOW,1,4000,374,0.093,0,0,60,19,10,5,3,0,1,1,16,28,0,95,18,HYBRID_SIMULATED,BUSY,NORMAL
22,17,0,PUB,0,LOW,1,4000,374,0.093,0,0,60,12,2,-3,0,7,0,0,16,21,3,69,18,HYBRID_SIMULATED,NORMAL,LOW
22,17,0,FOOD,2,LOW,1,4000,374,0.093,0,0,60,14,-1,-2,6,2,6,2,7,26,7,40,18,HYBRID_SIMULATED,BUSY,BUSY
22,17,0,EXPERIENCE,11,LOW,1,4000,374,0.093,0,0,60,33,6,-7,0,3,0,0,22,5,8,78,18,HYBRID_SIMULATED,NORMAL,NORMAL
22,17,0,GOODS,3,LOW,1,4000,374,0.093,0,0,60,35,3,2,0,3,0,1,20,18,3,39,18,HYBRID_SIMULATED,NORMAL,NORMAL
22,17,0,SAFETY,9,LOW,1,4000,374,0.093,0,0,60,20,4,-8,6,1,2,1,11,9,-1,81,18,HYBRID_SIMULATED,BUSY,NORMAL
22,18,1,STAGE,42,LOW,1,4000,939,0.235,0,1,30,42,5,20,0,2,0,0,11,35,10,79,18,HYBRID_SIMULATED,NORMAL,VERY_BUSY
22,18,1,PUB,0,LOW,1,4000,939,0.235,1,0,10,67,10,14,8,5,3,0,3,49,1,20,18,HYBRID_SIMULATED,VERY_BUSY,VERY_BUSY
22,18,1,FOOD,40,LOW,1,4000,939,0.235,1,0,20,63,5,7,5,6,1,1,11,41,3,53,18,HYBRID_SIMULATED,BUSY,VERY_BUSY
22,18,1,EXPERIENCE,46,LOW,1,4000,939,0.235,0,0,0,27,5,0,0,1,0,0,13,20,-1,55,18,HYBRID_SIMULATED,NORMAL,NORMAL
22,18,1,GOODS,80,LOW,1,4000,939,0.235,0,0,30,31,7,-8,4,0,0,1,9,17,-4,39,18,HYBRID_SIMULATED,NORMAL,BUSY
22,18,1,SAFETY,76,LOW,1,4000,939,0.235,0,0,10,30,-2,6,5,7,1,1,10,24,7,125,18,HYBRID_SIMULATED,BUSY,BUSY
22,19,1,STAGE,42,HIGH,3,4000,4118,1.03,0,1,0,81,9,16,0,0,0,0,13,41,9,74,18,HYBRID_SIMULATED,BUSY,VERY_BUSY
22,19,1,PUB,0,HIGH,3,4000,4118,1.03,1,0,45,42,10,16,9,3,2,0,1,26,2,39,18,HYBRID_SIMULATED,VERY_BUSY,BUSY
22,19,1,FOOD,37,HIGH,3,4000,4118,1.03,1,0,45,43,-3,8,6,3,2,2,6,35,3,20,18,HYBRID_SIMULATED,BUSY,BUSY
22,19,1,EXPERIENCE,11,HIGH,3,4000,4118,1.03,0,0,0,5,-3,5,0,2,0,0,11,13,3,58,18,HYBRID_SIMULATED,LOW,LOW
22,19,1,GOODS,43,HIGH,3,4000,4118,1.03,0,0,20,20,-2,3,0,0,0,0,26,12,3,67,18,HYBRID_SIMULATED,NORMAL,NORMAL
22,19,1,SAFETY,61,HIGH,3,4000,4118,1.03,0,0,10,28,0,4,8,3,6,2,8,6,4,125,18,HYBRID_SIMULATED,BUSY,BUSY
22,20,1,STAGE,42,HIGH,3,4000,3119,0.78,0,1,20,66,6,10,3,0,3,0,8,44,6,87,18,HYBRID_SIMULATED,VERY_BUSY,VERY_BUSY
22,20,1,PUB,0,HIGH,3,4000,3119,0.78,1,0,45,43,9,1,7,4,7,0,12,22,4,55,18,HYBRID_SIMULATED,BUSY,VERY_BUSY
22,20,1,FOOD,57,HIGH,3,4000,3119,0.78,1,0,30,37,5,6,11,4,4,3,7,38,4,45,18,HYBRID_SIMULATED,VERY_BUSY,VERY_BUSY
22,20,1,EXPERIENCE,63,HIGH,3,4000,3119,0.78,0,0,20,3,3,-7,0,0,0,0,16,0,-1,126,18,HYBRID_SIMULATED,LOW,LOW
22,20,1,GOODS,33,HIGH,3,4000,3119,0.78,0,0,0,29,2,11,4,3,0,2,17,14,3,41,18,HYBRID_SIMULATED,NORMAL,BUSY
22,20,1,SAFETY,34,HIGH,3,4000,3119,0.78,0,0,10,17,6,10,2,1,1,0,14,7,0,137,18,HYBRID_SIMULATED,NORMAL,NORMAL
22,21,1,STAGE,41,MEDIUM,2,4000,2743,0.686,0,1,0,44,10,13,8,3,5,0,6,41,8,112,18,HYBRID_SIMULATED,VERY_BUSY,VERY_BUSY
22,21,1,PUB,0,MEDIUM,2,4000,2743,0.686,1,0,10,66,8,9,2,4,0,0,11,34,12,45,18,HYBRID_SIMULATED,BUSY,VERY_BUSY
22,21,1,FOOD,5,MEDIUM,2,4000,2743,0.686,1,0,30,45,6,11,11,4,6,5,2,30,5,44,18,HYBRID_SIMULATED,VERY_BUSY,VERY_BUSY
22,21,1,EXPERIENCE,16,MEDIUM,2,4000,2743,0.686,0,0,30,10,6,10,10,1,5,1,2,28,6,94,18,HYBRID_SIMULATED,BUSY,BUSY
22,21,1,GOODS,55,MEDIUM,2,4000,2743,0.686,0,0,45,27,11,12,2,1,1,0,17,21,0,59,18,HYBRID_SIMULATED,NORMAL,BUSY
22,21,1,SAFETY,61,MEDIUM,2,4000,2743,0.686,0,0,0,23,5,6,8,0,5,1,12,25,0,118,18,HYBRID_SIMULATED,BUSY,BUSY
22,22,1,STAGE,42,MEDIUM,2,4000,1804,0.451,0,1,45,43,2,3,0,0,0,0,20,35,8,106,18,HYBRID_SIMULATED,NORMAL,VERY_BUSY
22,22,1,PUB,0,MEDIUM,2,4000,1804,0.451,1,0,0,61,2,-4,8,8,1,0,13,60,6,39,18,HYBRID_SIMULATED,BUSY,VERY_BUSY
22,22,1,FOOD,69,MEDIUM,2,4000,1804,0.451,1,0,30,61,10,6,11,3,3,0,0,47,9,65,18,HYBRID_SIMULATED,VERY_BUSY,VERY_BUSY
22,22,1,EXPERIENCE,78,MEDIUM,2,4000,1804,0.451,0,0,30,19,8,2,0,0,0,0,15,15,3,82,18,HYBRID_SIMULATED,NORMAL,NORMAL
22,22,1,GOODS,48,MEDIUM,2,4000,1804,0.451,0,0,45,22,8,-1,8,4,1,0,9,21,0,55,18,HYBRID_SIMULATED,BUSY,NORMAL
22,22,1,SAFETY,9,MEDIUM,2,4000,1804,0.451,0,0,10,18,9,8,0,0,0,0,16,0,2,132,18,HYBRID_SIMULATED,NORMAL,NORMAL
22,23,0,STAGE,42,MEDIUM,2,4000,701,0.175,0,0,0,14,5,6,3,2,0,0,16,27,-3,112,18,HYBRID_SIMULATED,BUSY,BUSY
22,23,0,PUB,0,MEDIUM,2,4000,701,0.175,1,0,0,64,-7,1,12,7,9,3,0,51,7,5,18,HYBRID_SIMULATED,VERY_BUSY,VERY_BUSY
22,23,0,FOOD,10,MEDIUM,2,4000,701,0.175,1,0,0,57,5,0,10,5,6,2,0,42,4,26,18,HYBRID_SIMULATED,VERY_BUSY,VERY_BUSY
22,23,0,EXPERIENCE,21,MEDIUM,2,4000,701,0.175,0,0,10,31,6,1,4,1,0,0,13,26,5,99,18,HYBRID_SIMULATED,BUSY,BUSY
22,23,0,GOODS,55,MEDIUM,2,4000,701,0.175,0,0,45,9,-1,7,0,0,0,0,24,13,1,5,18,HYBRID_SIMULATED,NORMAL,NORMAL
22,23,0,SAFETY,50,MEDIUM,2,4000,701,0.175,0,0,30,15,5,3,4,4,2,0,12,13,3,88,18,HYBRID_SIMULATED,BUSY,BUSY
22,24,0,STAGE,42,LOW,1,4000,980,0.245,0,0,20,25,-3,2,6,3,1,2,6,30,8,120,18,HYBRID_SIMULATED,BUSY,VERY_BUSY
22,24,0,PUB,0,LOW,1,4000,980,0.245,1,0,0,61,7,12,12,4,6,2,9,44,2,29,18,HYBRID_SIMULATED,VERY_BUSY,VERY_BUSY
22,24,0,FOOD,17,LOW,1,4000,980,0.245,1,0,45,65,8,4,6,4,0,0,11,44,-2,36,18,HYBRID_SIMULATED,BUSY,VERY_BUSY
22,24,0,EXPERIENCE,1,LOW,1,4000,980,0.245,0,0,30,21,-3,12,5,3,2,0,13,22,2,98,18,HYBRID_SIMULATED,BUSY,NORMAL
22,24,0,GOODS,3,LOW,1,4000,980,0.245,0,0,45,11,2,1,0,2,0,0,19,15,2,45,18,HYBRID_SIMULATED,NORMAL,NORMAL
22,24,0,SAFETY,4,LOW,1,4000,980,0.245,0,0,30,14,6,8,4,1,0,1,11,13,2,126,18,HYBRID_SIMULATED,NORMAL,NORMAL
23,10,0,STAGE,42,MEDIUM,2,4000,811,0.203,0,0,480,27,3,-6,3,4,3,1,11,30,9,138,18,HYBRID_SIMULATED,BUSY,BUSY
23,10,0,PUB,0,MEDIUM,2,4000,811,0.203,0,0,480,4,4,-2,0,0,0,0,23,16,-3,112,18,HYBRID_SIMULATED,LOW,LOW
23,10,0,FOOD,7,MEDIUM,2,4000,811,0.203,0,0,480,10,8,-6,4,0,2,0,12,27,-2,68,18,HYBRID_SIMULATED,BUSY,BUSY
23,10,0,EXPERIENCE,58,MEDIUM,2,4000,811,0.203,0,0,480,9,9,4,10,1,6,0,7,31,4,86,18,HYBRID_SIMULATED,BUSY,BUSY
23,10,0,GOODS,70,MEDIUM,2,4000,811,0.203,0,0,480,16,-1,2,1,1,0,0,17,9,5,45,18,HYBRID_SIMULATED,NORMAL,NORMAL
23,10,0,SAFETY,71,MEDIUM,2,4000,811,0.203,0,0,480,9,5,-2,2,6,2,3,16,18,6,117,18,HYBRID_SIMULATED,NORMAL,NORMAL
23,11,0,STAGE,42,HIGH,3,4000,903,0.226,0,0,420,19,11,4,0,1,0,0,17,21,0,125,18,HYBRID_SIMULATED,NORMAL,NORMAL
23,11,0,PUB,0,HIGH,3,4000,903,0.226,0,0,420,12,-1,10,1,1,0,0,14,23,0,46,18,HYBRID_SIMULATED,NORMAL,NORMAL
23,11,0,FOOD,30,HIGH,3,4000,903,0.226,0,0,420,13,7,13,8,0,3,1,9,25,2,79,18,HYBRID_SIMULATED,BUSY,NORMAL
23,11,0,EXPERIENCE,11,HIGH,3,4000,903,0.226,0,0,420,25,9,-1,1,0,0,0,18,9,0,103,18,HYBRID_SIMULATED,NORMAL,NORMAL
23,11,0,GOODS,38,HIGH,3,4000,903,0.226,0,0,420,14,9,-6,8,3,7,0,8,21,-3,69,18,HYBRID_SIMULATED,BUSY,BUSY
23,11,0,SAFETY,44,HIGH,3,4000,903,0.226,0,0,420,12,-2,9,1,0,1,0,17,12,0,83,18,HYBRID_SIMULATED,NORMAL,NORMAL
23,12,0,STAGE,42,LOW,1,4000,1009,0.252,0,0,360,21,12,-3,3,2,0,0,11,8,9,108,18,HYBRID_SIMULATED,NORMAL,BUSY
23,12,0,PUB,0,LOW,1,4000,1009,0.252,0,0,360,24,5,-2,8,2,4,0,12,28,4,53,18,HYBRID_SIMULATED,BUSY,BUSY
23,12,0,FOOD,40,LOW,1,4000,1009,0.252,0,0,360,18,7,2,6,3,4,0,8,27,-4,65,18,HYBRID_SIMULATED,BUSY,BUSY
23,12,0,EXPERIENCE,36,LOW,1,4000,1009,0.252,0,0,360,33,2,-2,3,3,3,1,12,16,7,128,18,HYBRID_SIMULATED,BUSY,NORMAL
23,12,0,GOODS,8,LOW,1,4000,1009,0.252,0,0,360,4,2,-6,2,0,2,0,13,7,-3,53,18,HYBRID_SIMULATED,LOW,LOW
23,12,0,SAFETY,66,LOW,1,4000,1009,0.252,0,0,360,20,0,-1,13,5,5,1,0,25,4,110,18,HYBRID_SIMULATED,VERY_BUSY,BUSY
23,13,0,STAGE,41,LOW,1,4000,1079,0.27,0,0,300,28,2,-3,1,2,0,1,15,34,1,84,18,HYBRID_SIMULATED,NORMAL,BUSY
23,13,0,PUB,0,LOW,1,4000,1079,0.27,0,0,300,13,6,13,1,2,1,0,17,20,4,66,18,HYBRID_SIMULATED,NORMAL,NORMAL
23,13,0,FOOD,20,LOW,1,4000,1079,0.27,0,0,300,25,4,11,5,3,0,0,9,31,6,49,18,HYBRID_SIMULATED,BUSY,BUSY
23,13,0,EXPERIENCE,21,LOW,1,4000,1079,0.27,0,0,300,41,-2,11,0,0,0,0,21,9,4,122,18,HYBRID_SIMULATED,NORMAL,NORMAL
23,13,0,GOODS,33,LOW,1,4000,1079,0.27,0,0,300,8,4,8,0,1,0,0,16,10,3,76,18,HYBRID_SIMULATED,LOW,LOW
23,13,0,SAFETY,56,LOW,1,4000,1079,0.27,0,0,300,22,10,-1,0,1,0,2,27,6,-1,60,18,HYBRID_SIMULATED,NORMAL,LOW
23,14,0,STAGE,41,LOW,1,4000,192,0.048,0,0,240,24,4,-3,3,2,1,0,11,17,0,88,18,HYBRID_SIMULATED,NORMAL,NORMAL
23,14,0,PUB,0,LOW,1,4000,192,0.048,0,0,240,26,6,7,0,0,0,1,19,34,-1,79,18,HYBRID_SIMULATED,NORMAL,NORMAL
23,14,0,FOOD,64,LOW,1,4000,192,0.048,0,0,240,23,0,13,5,3,5,4,7,23,3,44,18,HYBRID_SIMULATED,BUSY,BUSY
23,14,0,EXPERIENCE,46,LOW,1,4000,192,0.048,0,0,240,23,4,7,9,3,4,2,8,21,3,136,18,HYBRID_SIMULATED,BUSY,BUSY
23,14,0,GOODS,18,LOW,1,4000,192,0.048,0,0,240,9,-10,4,3,0,1,0,10,12,0,54,18,HYBRID_SIMULATED,NORMAL,NORMAL
23,14,0,SAFETY,61,LOW,1,4000,192,0.048,0,0,240,8,-2,3,10,2,8,3,6,7,2,121,18,HYBRID_SIMULATED,NORMAL,NORMAL
23,15,0,STAGE,42,LOW,1,4000,946,0.236,0,0,180,21,6,4,3,0,1,0,9,27,2,104,18,HYBRID_SIMULATED,BUSY,BUSY
23,15,0,PUB,0,LOW,1,4000,946,0.236,0,0,180,26,11,3,6,0,0,0,8,35,0,57,18,HYBRID_SIMULATED,BUSY,BUSY
23,15,0,FOOD,64,LOW,1,4000,946,0.236,0,0,180,30,3,-8,10,3,5,2,3,34,5,44,18,HYBRID_SIMULATED,VERY_BUSY,BUSY
23,15,0,EXPERIENCE,6,LOW,1,4000,946,0.236,0,0,180,31,8,12,7,2,2,0,6,34,3,92,18,HYBRID_SIMULATED,BUSY,BUSY
23,15,0,GOODS,18,LOW,1,4000,946,0.236,0,0,180,18,-2,-13,3,1,2,0,18,9,0,25,18,HYBRID_SIMULATED,NORMAL,NORMAL
23,15,0,SAFETY,44,LOW,1,4000,946,0.236,0,0,180,7,2,7,3,5,1,0,13,17,1,114,18,HYBRID_SIMULATED,NORMAL,NORMAL
23,16,0,STAGE,41,LOW,1,4000,1098,0.275,0,0,120,17,5,-5,0,0,0,1,16,35,4,114,18,HYBRID_SIMULATED,NORMAL,BUSY
23,16,0,PUB,0,LOW,1,4000,1098,0.275,0,0,120,26,15,3,2,0,2,0,24,28,-2,37,18,HYBRID_SIMULATED,BUSY,NORMAL
23,16,0,FOOD,20,LOW,1,4000,1098,0.275,0,0,120,21,-6,13,1,0,0,1,14,24,6,80,18,HYBRID_SIMULATED,NORMAL,NORMAL
23,16,0,EXPERIENCE,1,LOW,1,4000,1098,0.275,0,0,120,39,9,12,15,1,9,1,1,33,1,55,18,HYBRID_SIMULATED,VERY_BUSY,BUSY
23,16,0,GOODS,33,LOW,1,4000,1098,0.275,0,0,120,27,9,-7,0,0,0,1,20,28,-3,60,18,HYBRID_SIMULATED,NORMAL,NORMAL
23,16,0,SAFETY,24,LOW,1,4000,1098,0.275,0,0,120,14,-4,5,0,4,0,0,16,0,3,122,18,HYBRID_SIMULATED,NORMAL,LOW
23,17,0,STAGE,42,MEDIUM,2,4000,1006,0.252,0,0,60,16,6,5,2,0,0,1,14,25,2,108,18,HYBRID_SIMULATED,NORMAL,NORMAL
23,17,0,PUB,0,MEDIUM,2,4000,1006,0.252,0,0,60,14,1,-4,2,0,0,0,18,19,-1,47,18,HYBRID_SIMULATED,NORMAL,NORMAL
23,17,0,FOOD,27,MEDIUM,2,4000,1006,0.252,0,0,60,31,0,11,0,0,0,0,21,24,7,49,18,HYBRID_SIMULATED,NORMAL,NORMAL
23,17,0,EXPERIENCE,6,MEDIUM,2,4000,1006,0.252,0,0,60,44,4,7,0,1,0,0,24,20,4,79,18,HYBRID_SIMULATED,NORMAL,NORMAL
23,17,0,GOODS,65,MEDIUM,2,4000,1006,0.252,0,0,60,20,-3,-4,1,3,1,0,13,10,0,55,18,HYBRID_SIMULATED,NORMAL,NORMAL
23,17,0,SAFETY,14,MEDIUM,2,4000,1006,0.252,0,0,60,18,10,-7,5,3,5,0,12,17,-2,62,18,HYBRID_SIMULATED,BUSY,BUSY
23,18,1,STAGE,41,HIGH,3,4000,4129,1.032,0,1,10,91,8,-2,2,0,0,0,10,39,14,119,18,HYBRID_SIMULATED,BUSY,VERY_BUSY
23,18,1,PUB,0,HIGH,3,4000,4129,1.032,1,0,30,48,-1,8,9,2,2,0,4,57,1,35,18,HYBRID_SIMULATED,VERY_BUSY,VERY_BUSY
23,18,1,FOOD,74,HIGH,3,4000,4129,1.032,1,0,20,50,6,5,8,4,7,0,5,41,7,36,18,HYBRID_SIMULATED,VERY_BUSY,BUSY
23,18,1,EXPERIENCE,31,HIGH,3,4000,4129,1.032,0,0,20,25,1,15,0,0,0,0,21,15,-3,84,18,HYBRID_SIMULATED,NORMAL,NORMAL
23,18,1,GOODS,33,HIGH,3,4000,4129,1.032,0,0,20,38,8,-4,4,1,1,0,14,20,0,33,18,HYBRID_SIMULATED,BUSY,BUSY
23,18,1,SAFETY,29,HIGH,3,4000,4129,1.032,0,0,20,34,-4,0,7,0,4,1,6,23,-1,72,18,HYBRID_SIMULATED,BUSY,BUSY
23,19,1,STAGE,41,MEDIUM,2,4000,2057,0.514,0,1,10,40,-6,13,3,3,0,0,10,41,7,105,18,HYBRID_SIMULATED,BUSY,VERY_BUSY
23,19,1,PUB,0,MEDIUM,2,4000,2057,0.514,1,0,45,76,-4,4,9,4,5,0,4,47,3,12,18,HYBRID_SIMULATED,VERY_BUSY,VERY_BUSY
23,19,1,FOOD,72,MEDIUM,2,4000,2057,0.514,1,0,20,54,0,14,3,4,3,0,18,33,1,50,18,HYBRID_SIMULATED,BUSY,VERY_BUSY
23,19,1,EXPERIENCE,78,MEDIUM,2,4000,2057,0.514,0,0,20,11,8,-3,2,0,2,0,15,18,5,68,18,HYBRID_SIMULATED,NORMAL,BUSY
23,19,1,GOODS,33,MEDIUM,2,4000,2057,0.514,0,0,10,32,-1,-3,4,3,2,0,7,28,0,45,18,HYBRID_SIMULATED,BUSY,BUSY
23,19,1,SAFETY,34,MEDIUM,2,4000,2057,0.514,0,0,45,34,16,5,0,3,0,0,16,10,0,108,18,HYBRID_SIMULATED,NORMAL,NORMAL
23,20,1,STAGE,42,MEDIUM,2,4000,2201,0.55,0,1,0,47,-2,5,4,1,3,0,12,30,10,98,18,HYBRID_SIMULATED,VERY_BUSY,VERY_BUSY
23,20,1,PUB,0,MEDIUM,2,4000,2201,0.55,1,0,0,64,10,20,13,6,10,1,0,52,11,13,18,HYBRID_SIMULATED,VERY_BUSY,VERY_BUSY
23,20,1,FOOD,37,MEDIUM,2,4000,2201,0.55,1,0,10,70,7,7,11,3,7,0,1,49,7,14,18,HYBRID_SIMULATED,VERY_BUSY,VERY_BUSY
23,20,1,EXPERIENCE,68,MEDIUM,2,4000,2201,0.55,0,0,20,16,5,5,2,2,2,1,15,9,1,87,18,HYBRID_SIMULATED,NORMAL,NORMAL
23,20,1,GOODS,28,MEDIUM,2,4000,2201,0.55,0,0,30,24,8,1,0,2,0,0,14,8,7,93,18,HYBRID_SIMULATED,NORMAL,NORMAL
23,20,1,SAFETY,14,MEDIUM,2,4000,2201,0.55,0,0,0,15,5,13,0,0,0,0,16,10,3,127,18,HYBRID_SIMULATED,NORMAL,NORMAL
23,21,1,STAGE,41,LOW,1,4000,1109,0.277,0,1,10,45,11,-7,2,0,0,1,11,35,7,110,18,HYBRID_SIMULATED,BUSY,BUSY
23,21,1,PUB,0,LOW,1,4000,1109,0.277,1,0,45,73,-5,-1,8,2,5,1,10,52,0,11,18,HYBRID_SIMULATED,VERY_BUSY,VERY_BUSY
23,21,1,FOOD,64,LOW,1,4000,1109,0.277,1,0,20,62,4,2,14,5,8,2,0,40,8,43,18,HYBRID_SIMULATED,VERY_BUSY,VERY_BUSY
23,21,1,EXPERIENCE,21,LOW,1,4000,1109,0.277,0,0,20,22,9,2,2,0,0,0,20,7,3,65,18,HYBRID_SIMULATED,NORMAL,NORMAL
23,21,1,GOODS,48,LOW,1,4000,1109,0.277,0,0,0,30,4,4,0,0,0,0,15,24,4,52,18,HYBRID_SIMULATED,NORMAL,NORMAL
23,21,1,SAFETY,29,LOW,1,4000,1109,0.277,0,0,20,17,-1,10,0,0,0,1,19,0,-1,77,18,HYBRID_SIMULATED,NORMAL,LOW
23,22,1,STAGE,41,LOW,1,4000,1005,0.251,0,1,20,38,4,-2,0,0,0,0,18,33,7,109,18,HYBRID_SIMULATED,NORMAL,BUSY
23,22,1,PUB,0,LOW,1,4000,1005,0.251,1,0,10,51,3,13,7,4,3,0,9,43,6,27,18,HYBRID_SIMULATED,VERY_BUSY,VERY_BUSY
23,22,1,FOOD,69,LOW,1,4000,1005,0.251,1,0,45,63,8,11,6,5,4,3,12,45,0,47,18,HYBRID_SIMULATED,VERY_BUSY,VERY_BUSY
23,22,1,EXPERIENCE,78,LOW,1,4000,1005,0.251,0,0,10,13,-1,-3,0,0,0,0,17,11,-4,79,18,HYBRID_SIMULATED,NORMAL,NORMAL
23,22,1,GOODS,80,LOW,1,4000,1005,0.251,0,0,45,5,5,5,3,2,0,0,13,9,6,29,18,HYBRID_SIMULATED,LOW,LOW
23,22,1,SAFETY,44,LOW,1,4000,1005,0.251,0,0,20,26,12,3,3,0,0,2,4,0,-3,138,18,HYBRID_SIMULATED,NORMAL,NORMAL
23,23,0,STAGE,41,HIGH,3,4000,795,0.199,0,0,10,24,-1,9,4,1,1,1,10,19,4,130,18,HYBRID_SIMULATED,BUSY,VERY_BUSY
23,23,0,PUB,0,HIGH,3,4000,795,0.199,1,0,0,35,12,5,14,2,6,1,0,42,-1,37,18,HYBRID_SIMULATED,VERY_BUSY,VERY_BUSY
23,23,0,FOOD,12,HIGH,3,4000,795,0.199,1,0,30,51,-5,6,10,5,7,2,0,34,0,40,18,HYBRID_SIMULATED,VERY_BUSY,VERY_BUSY
23,23,0,EXPERIENCE,78,HIGH,3,4000,795,0.199,0,0,10,9,2,-6,1,0,0,0,12,13,-7,124,18,HYBRID_SIMULATED,NORMAL,LOW
23,23,0,GOODS,38,HIGH,3,4000,795,0.199,0,0,0,12,12,2,8,5,5,0,0,29,-2,15,18,HYBRID_SIMULATED,VERY_BUSY,BUSY
23,23,0,SAFETY,44,HIGH,3,4000,795,0.199,0,0,20,1,-1,1,0,1,0,1,16,0,-2,96,18,HYBRID_SIMULATED,LOW,LOW
23,24,0,STAGE,42,MEDIUM,2,4000,1068,0.267,0,0,20,17,5,9,2,0,0,2,16,24,5,78,18,HYBRID_SIMULATED,NORMAL,BUSY
23,24,0,PUB,0,MEDIUM,2,4000,1068,0.267,1,0,45,61,7,12,4,3,3,1,8,38,-4,12,18,HYBRID_SIMULATED,BUSY,VERY_BUSY
23,24,0,FOOD,69,MEDIUM,2,4000,1068,0.267,1,0,45,64,-1,7,15,5,9,0,0,54,18,2,18,HYBRID_SIMULATED,VERY_BUSY,VERY_BUSY
23,24,0,EXPERIENCE,58,MEDIUM,2,4000,1068,0.267,0,0,30,13,0,-5,6,0,5,3,9,10,0,84,18,HYBRID_SIMULATED,BUSY,BUSY
23,24,0,GOODS,33,MEDIUM,2,4000,1068,0.267,0,0,10,14,7,4,4,4,2,0,10,5,2,42,18,HYBRID_SIMULATED,NORMAL,NORMAL
23,24,0,SAFETY,14,MEDIUM,2,4000,1068,0.267,0,0,10,25,5,6,3,1,0,0,10,19,5,114,18,HYBRID_SIMULATED,NORMAL,NORMAL
24,10,0,STAGE,41,LOW,1,4000,263,0.066,0,0,480,20,-4,-4,3,0,0,0,10,24,2,38,18,HYBRID_SIMULATED,NORMAL,BUSY
24,10,0,PUB,0,LOW,1,4000,263,0.066,0,0,480,23,0,5,2,2,0,2,12,13,0,70,18,HYBRID_SIMULATED,NORMAL,NORMAL
24,10,0,FOOD,15,LOW,1,4000,263,0.066,0,0,480,27,-3,-6,0,0,0,0,11,27,0,100,18,HYBRID_SIMULATED,NORMAL,NORMAL
24,10,0,EXPERIENCE,6,LOW,1,4000,263,0.066,0,0,480,24,3,-9,8,0,1,0,3,22,2,103,18,HYBRID_SIMULATED,BUSY,BUSY
24,10,0,GOODS,3,LOW,1,4000,263,0.066,0,0,480,22,3,10,8,2,3,1,5,22,3,23,18,HYBRID_SIMULATED,BUSY,BUSY
24,10,0,SAFETY,50,LOW,1,4000,263,0.066,0,0,480,20,3,7,1,0,1,0,15,5,-2,125,18,HYBRID_SIMULATED,NORMAL,NORMAL
24,11,0,STAGE,42,MEDIUM,2,4000,370,0.092,0,0,420,10,5,-11,1,0,1,0,16,26,-2,134,18,HYBRID_SIMULATED,NORMAL,NORMAL
24,11,0,PUB,0,MEDIUM,2,4000,370,0.092,0,0,420,12,6,12,3,3,0,0,15,28,6,67,18,HYBRID_SIMULATED,NORMAL,NORMAL
24,11,0,FOOD,17,MEDIUM,2,4000,370,0.092,0,0,420,16,3,3,2,2,0,0,16,21,3,49,18,HYBRID_SIMULATED,NORMAL,NORMAL
24,11,0,EXPERIENCE,68,MEDIUM,2,4000,370,0.092,0,0,420,18,5,4,0,2,0,0,16,10,0,131,18,HYBRID_SIMULATED,NORMAL,NORMAL
24,11,0,GOODS,3,MEDIUM,2,4000,370,0.092,0,0,420,12,1,1,1,2,1,1,13,7,-1,63,18,HYBRID_SIMULATED,NORMAL,NORMAL
24,11,0,SAFETY,9,MEDIUM,2,4000,370,0.092,0,0,420,12,-5,8,6,1,0,0,13,16,5,131,18,HYBRID_SIMULATED,NORMAL,NORMAL
24,12,0,STAGE,41,MEDIUM,2,4000,830,0.207,0,0,360,39,5,-7,9,1,0,0,10,33,3,141,18,HYBRID_SIMULATED,BUSY,VERY_BUSY
24,12,0,PUB,0,MEDIUM,2,4000,830,0.207,0,0,360,4,-4,4,4,1,3,1,9,27,6,118,18,HYBRID_SIMULATED,NORMAL,LOW
24,12,0,FOOD,15,MEDIUM,2,4000,830,0.207,0,0,360,17,-1,13,0,1,0,0,17,28,3,52,18,HYBRID_SIMULATED,NORMAL,NORMAL
24,12,0,EXPERIENCE,36,MEDIUM,2,4000,830,0.207,0,0,360,22,0,-5,3,3,3,0,13,25,0,125,18,HYBRID_SIMULATED,BUSY,BUSY
24,12,0,GOODS,23,MEDIUM,2,4000,830,0.207,0,0,360,0,0,-6,0,2,0,0,19,13,1,72,18,HYBRID_SIMULATED,LOW,LOW
24,12,0,SAFETY,71,MEDIUM,2,4000,830,0.207,0,0,360,22,0,4,0,1,0,0,8,3,3,58,18,HYBRID_SIMULATED,NORMAL,NORMAL
24,13,0,STAGE,41,MEDIUM,2,4000,771,0.193,0,0,300,26,-4,1,3,4,2,0,18,16,12,97,18,HYBRID_SIMULATED,BUSY,BUSY
24,13,0,PUB,0,MEDIUM,2,4000,771,0.193,0,0,300,16,4,16,0,0,0,1,18,23,2,86,18,HYBRID_SIMULATED,NORMAL,NORMAL
24,13,0,FOOD,64,MEDIUM,2,4000,771,0.193,0,0,300,17,7,-3,6,2,6,4,14,19,1,49,18,HYBRID_SIMULATED,BUSY,BUSY
24,13,0,EXPERIENCE,46,MEDIUM,2,4000,771,0.193,0,0,300,24,5,9,0,4,0,0,21,13,6,152,18,HYBRID_SIMULATED,NORMAL,NORMAL
24,13,0,GOODS,3,MEDIUM,2,4000,771,0.193,0,0,300,23,0,-1,0,0,0,0,21,19,4,55,18,HYBRID_SIMULATED,NORMAL,NORMAL
24,13,0,SAFETY,39,MEDIUM,2,4000,771,0.193,0,0,300,13,8,1,2,0,0,1,12,1,-3,103,18,HYBRID_SIMULATED,NORMAL,NORMAL
24,14,0,STAGE,42,MEDIUM,2,4000,799,0.2,0,0,240,11,9,11,3,0,1,0,20,26,3,86,18,HYBRID_SIMULATED,NORMAL,NORMAL
24,14,0,PUB,0,MEDIUM,2,4000,799,0.2,0,0,240,14,4,4,4,3,4,1,15,36,0,58,18,HYBRID_SIMULATED,BUSY,BUSY
24,14,0,FOOD,77,MEDIUM,2,4000,799,0.2,0,0,240,25,2,-16,0,0,0,0,11,12,0,67,18,HYBRID_SIMULATED,NORMAL,LOW
24,14,0,EXPERIENCE,31,MEDIUM,2,4000,799,0.2,0,0,240,23,3,-7,0,1,0,0,23,17,-4,99,18,HYBRID_SIMULATED,NORMAL,NORMAL
24,14,0,GOODS,60,MEDIUM,2,4000,799,0.2,0,0,240,6,2,6,4,4,1,0,12,25,2,42,18,HYBRID_SIMULATED,NORMAL,NORMAL
24,14,0,SAFETY,9,MEDIUM,2,4000,799,0.2,0,0,240,12,6,3,2,0,0,0,17,8,-2,146,18,HYBRID_SIMULATED,NORMAL,NORMAL
24,15,0,STAGE,41,LOW,1,4000,1042,0.261,0,0,180,35,-5,-5,0,0,0,1,17,21,-8,76,18,HYBRID_SIMULATED,NORMAL,NORMAL
24,15,0,PUB,0,LOW,1,4000,1042,0.261,0,0,180,5,5,-3,3,1,0,0,12,14,-5,58,18,HYBRID_SIMULATED,NORMAL,LOW
24,15,0,FOOD,79,LOW,1,4000,1042,0.261,0,0,180,21,2,2,0,4,0,0,21,26,3,62,18,HYBRID_SIMULATED,NORMAL,NORMAL
24,15,0,EXPERIENCE,73,LOW,1,4000,1042,0.261,0,0,180,30,-4,-2,5,0,5,2,8,30,2,153,18,HYBRID_SIMULATED,VERY_BUSY,BUSY
24,15,0,GOODS,48,LOW,1,4000,1042,0.261,0,0,180,5,0,5,0,1,0,0,23,24,-2,37,18,HYBRID_SIMULATED,LOW,LOW
24,15,0,SAFETY,44,LOW,1,4000,1042,0.261,0,0,180,7,7,0,1,2,0,0,16,7,-1,134,18,HYBRID_SIMULATED,LOW,LOW
24,16,0,STAGE,42,LOW,1,4000,576,0.144,0,0,120,14,6,7,0,0,0,1,16,20,5,135,18,HYBRID_SIMULATED,NORMAL,NORMAL
24,16,0,PUB,0,LOW,1,4000,576,0.144,0,0,120,16,1,-11,0,4,0,4,17,7,5,74,18,HYBRID_SIMULATED,NORMAL,NORMAL
24,16,0,FOOD,54,LOW,1,4000,576,0.144,0,0,120,10,-2,10,9,2,6,1,13,24,3,46,18,HYBRID_SIMULATED,BUSY,BUSY
24,16,0,EXPERIENCE,46,LOW,1,4000,576,0.144,0,0,120,33,-3,8,0,0,0,2,23,24,0,108,18,HYBRID_SIMULATED,NORMAL,NORMAL
24,16,0,GOODS,23,LOW,1,4000,576,0.144,0,0,120,28,5,-12,0,0,0,0,20,0,-3,66,18,HYBRID_SIMULATED,NORMAL,NORMAL
24,16,0,SAFETY,9,LOW,1,4000,576,0.144,0,0,120,18,0,6,0,2,0,0,20,12,-5,92,18,HYBRID_SIMULATED,NORMAL,LOW
24,17,0,STAGE,41,LOW,1,4000,543,0.136,0,0,60,19,-4,-3,0,0,0,1,21,26,5,54,18,HYBRID_SIMULATED,NORMAL,NORMAL
24,17,0,PUB,0,LOW,1,4000,543,0.136,0,0,60,3,3,-4,0,4,0,0,24,13,6,58,18,HYBRID_SIMULATED,LOW,LOW
24,17,0,FOOD,62,LOW,1,4000,543,0.136,0,0,60,22,3,-1,1,0,1,0,18,34,-3,31,18,HYBRID_SIMULATED,NORMAL,NORMAL
24,17,0,EXPERIENCE,31,LOW,1,4000,543,0.136,0,0,60,21,7,9,8,5,3,0,1,20,10,164,18,HYBRID_SIMULATED,VERY_BUSY,BUSY
24,17,0,GOODS,48,LOW,1,4000,543,0.136,0,0,60,28,1,0,3,0,0,1,18,4,-2,73,18,HYBRID_SIMULATED,NORMAL,NORMAL
24,17,0,SAFETY,29,LOW,1,4000,543,0.136,0,0,60,17,-1,-11,2,0,2,1,14,0,0,78,18,HYBRID_SIMULATED,NORMAL,NORMAL
24,18,1,STAGE,42,MEDIUM,2,4000,2509,0.627,0,1,10,37,3,10,0,0,0,0,17,23,7,94,18,HYBRID_SIMULATED,NORMAL,VERY_BUSY
24,18,1,PUB,0,MEDIUM,2,4000,2509,0.627,1,0,30,65,-1,6,5,1,0,0,0,35,0,44,18,HYBRID_SIMULATED,VERY_BUSY,VERY_BUSY
24,18,1,FOOD,15,MEDIUM,2,4000,2509,0.627,1,0,10,61,5,4,2,3,0,1,15,34,8,43,18,HYBRID_SIMULATED,BUSY,BUSY
24,18,1,EXPERIENCE,1,MEDIUM,2,4000,2509,0.627,0,0,10,21,8,17,5,3,3,2,8,25,3,111,18,HYBRID_SIMULATED,BUSY,VERY_BUSY
24,18,1,GOODS,23,MEDIUM,2,4000,2509,0.627,0,0,20,26,1,17,4,0,2,3,11,34,-4,35,18,HYBRID_SIMULATED,BUSY,BUSY
24,18,1,SAFETY,19,MEDIUM,2,4000,2509,0.627,0,0,30,16,4,7,1,0,0,0,13,12,-1,54,18,HYBRID_SIMULATED,NORMAL,NORMAL
24,19,1,STAGE,42,HIGH,3,4000,3303,0.826,0,1,45,96,4,10,6,0,5,0,11,55,12,94,18,HYBRID_SIMULATED,VERY_BUSY,VERY_BUSY
24,19,1,PUB,0,HIGH,3,4000,3303,0.826,1,0,20,35,6,24,6,4,2,2,2,33,13,60,18,HYBRID_SIMULATED,VERY_BUSY,BUSY
24,19,1,FOOD,52,HIGH,3,4000,3303,0.826,1,0,20,46,6,1,8,2,1,0,7,37,1,42,18,HYBRID_SIMULATED,BUSY,BUSY
24,19,1,EXPERIENCE,46,HIGH,3,4000,3303,0.826,0,0,0,18,8,1,0,0,0,0,17,4,2,78,18,HYBRID_SIMULATED,NORMAL,NORMAL
24,19,1,GOODS,13,HIGH,3,4000,3303,0.826,0,0,0,28,5,-1,5,3,2,0,7,17,3,28,18,HYBRID_SIMULATED,BUSY,BUSY
24,19,1,SAFETY,76,HIGH,3,4000,3303,0.826,0,0,0,41,5,13,4,0,0,1,9,13,12,88,18,HYBRID_SIMULATED,NORMAL,BUSY
24,20,1,STAGE,41,MEDIUM,2,4000,2153,0.538,0,1,20,41,-2,11,0,0,0,0,19,19,13,128,18,HYBRID_SIMULATED,NORMAL,BUSY
24,20,1,PUB,0,MEDIUM,2,4000,2153,0.538,1,0,45,59,2,13,12,3,4,1,0,36,6,0,18,HYBRID_SIMULATED,VERY_BUSY,VERY_BUSY
24,20,1,FOOD,15,MEDIUM,2,4000,2153,0.538,1,0,0,52,2,2,5,3,2,1,7,31,6,57,18,HYBRID_SIMULATED,BUSY,VERY_BUSY
24,20,1,EXPERIENCE,1,MEDIUM,2,4000,2153,0.538,0,0,10,13,4,12,8,4,4,1,3,25,4,94,18,HYBRID_SIMULATED,VERY_BUSY,BUSY
24,20,1,GOODS,38,MEDIUM,2,4000,2153,0.538,0,0,10,29,7,-2,16,2,10,2,0,38,7,16,18,HYBRID_SIMULATED,VERY_BUSY,VERY_BUSY
24,20,1,SAFETY,4,MEDIUM,2,4000,2153,0.538,0,0,45,25,1,11,0,0,0,0,15,2,2,64,18,HYBRID_SIMULATED,NORMAL,NORMAL
24,21,1,STAGE,42,LOW,1,4000,1429,0.357,0,1,0,56,-4,8,3,1,1,0,11,49,5,105,18,HYBRID_SIMULATED,BUSY,VERY_BUSY
24,21,1,PUB,0,LOW,1,4000,1429,0.357,1,0,20,65,12,13,8,2,1,0,7,35,5,47,18,HYBRID_SIMULATED,BUSY,VERY_BUSY
24,21,1,FOOD,25,LOW,1,4000,1429,0.357,1,0,10,60,3,4,8,6,6,1,7,39,7,16,18,HYBRID_SIMULATED,VERY_BUSY,VERY_BUSY
24,21,1,EXPERIENCE,1,LOW,1,4000,1429,0.357,0,0,10,8,8,0,11,2,4,0,4,24,0,123,18,HYBRID_SIMULATED,BUSY,BUSY
24,21,1,GOODS,8,LOW,1,4000,1429,0.357,0,0,45,35,-2,6,4,0,0,0,16,28,6,56,18,HYBRID_SIMULATED,BUSY,BUSY
24,21,1,SAFETY,81,LOW,1,4000,1429,0.357,0,0,0,44,5,11,0,1,0,2,18,8,-5,109,18,HYBRID_SIMULATED,NORMAL,NORMAL
24,22,1,STAGE,42,MEDIUM,2,4000,2962,0.741,0,1,20,58,2,3,2,2,1,0,3,34,14,75,18,HYBRID_SIMULATED,BUSY,VERY_BUSY
24,22,1,PUB,0,MEDIUM,2,4000,2962,0.741,1,0,0,61,-2,8,5,1,3,0,15,30,8,20,18,HYBRID_SIMULATED,BUSY,VERY_BUSY
24,22,1,FOOD,72,MEDIUM,2,4000,2962,0.741,1,0,30,57,8,19,11,0,2,0,1,34,-2,19,18,HYBRID_SIMULATED,VERY_BUSY,VERY_BUSY
24,22,1,EXPERIENCE,26,MEDIUM,2,4000,2962,0.741,0,0,30,39,6,-3,0,0,0,0,16,12,2,131,18,HYBRID_SIMULATED,NORMAL,NORMAL
24,22,1,GOODS,43,MEDIUM,2,4000,2962,0.741,0,0,30,28,10,2,1,0,0,1,21,17,4,50,18,HYBRID_SIMULATED,NORMAL,NORMAL
24,22,1,SAFETY,56,MEDIUM,2,4000,2962,0.741,0,0,45,30,12,21,0,2,0,0,17,12,8,123,18,HYBRID_SIMULATED,NORMAL,NORMAL
24,23,0,STAGE,42,LOW,1,4000,1030,0.258,0,0,20,18,-6,6,0,0,0,0,21,21,-6,83,18,HYBRID_SIMULATED,NORMAL,NORMAL
24,23,0,PUB,0,LOW,1,4000,1030,0.258,1,0,45,64,4,14,13,3,5,1,0,47,3,0,18,HYBRID_SIMULATED,VERY_BUSY,VERY_BUSY
24,23,0,FOOD,2,LOW,1,4000,1030,0.258,1,0,10,64,4,-3,18,7,7,3,0,45,6,0,18,HYBRID_SIMULATED,VERY_BUSY,VERY_BUSY
24,23,0,EXPERIENCE,11,LOW,1,4000,1030,0.258,0,0,10,18,2,5,0,1,0,0,22,11,5,57,18,HYBRID_SIMULATED,NORMAL,NORMAL
24,23,0,GOODS,18,LOW,1,4000,1030,0.258,0,0,30,17,-7,-2,4,2,3,2,8,14,1,31,18,HYBRID_SIMULATED,BUSY,BUSY
24,23,0,SAFETY,4,LOW,1,4000,1030,0.258,0,0,45,25,-4,4,7,3,2,1,9,18,7,120,18,HYBRID_SIMULATED,BUSY,BUSY
24,24,0,STAGE,42,LOW,1,4000,224,0.056,0,0,30,32,6,1,1,1,0,0,15,24,4,79,18,HYBRID_SIMULATED,NORMAL,NORMAL
24,24,0,PUB,0,LOW,1,4000,224,0.056,1,0,20,65,-3,-4,7,0,3,4,3,50,0,36,18,HYBRID_SIMULATED,VERY_BUSY,VERY_BUSY
24,24,0,FOOD,2,LOW,1,4000,224,0.056,1,0,10,54,-7,4,18,8,9,0,0,50,6,0,18,HYBRID_SIMULATED,VERY_BUSY,VERY_BUSY
24,24,0,EXPERIENCE,6,LOW,1,4000,224,0.056,0,0,0,14,5,-1,1,0,1,1,15,0,-4,81,18,HYBRID_SIMULATED,NORMAL,LOW
24,24,0,GOODS,75,LOW,1,4000,224,0.056,0,0,10,9,-2,9,1,0,1,0,21,0,5,25,18,HYBRID_SIMULATED,LOW,LOW
24,24,0,SAFETY,14,LOW,1,4000,224,0.056,0,0,30,9,9,-1,2,4,2,1,7,7,-6,98,18,HYBRID_SIMULATED,NORMAL,NORMAL
25,10,0,STAGE,42,MEDIUM,2,4000,695,0.174,0,0,480,25,-6,10,2,1,2,1,6,22,7,89,18,HYBRID_SIMULATED,BUSY,BUSY
25,10,0,PUB,0,MEDIUM,2,4000,695,0.174,0,0,480,19,8,6,3,0,1,0,15,34,4,54,18,HYBRID_SIMULATED,BUSY,NORMAL
25,10,0,FOOD,62,MEDIUM,2,4000,695,0.174,0,0,480,33,3,-2,4,1,0,2,18,25,-12,95,18,HYBRID_SIMULATED,BUSY,NORMAL
25,10,0,EXPERIENCE,58,MEDIUM,2,4000,695,0.174,0,0,480,25,2,6,13,0,8,1,0,29,2,95,18,HYBRID_SIMULATED,VERY_BUSY,BUSY
25,10,0,GOODS,38,MEDIUM,2,4000,695,0.174,0,0,480,19,6,-5,6,2,3,3,6,26,2,13,18,HYBRID_SIMULATED,BUSY,BUSY
25,10,0,SAFETY,19,MEDIUM,2,4000,695,0.174,0,0,480,23,-4,5,6,3,0,0,6,24,-2,120,18,HYBRID_SIMULATED,BUSY,NORMAL
25,11,0,STAGE,41,LOW,1,4000,408,0.102,0,0,420,16,11,-3,6,0,0,0,15,31,-7,148,18,HYBRID_SIMULATED,BUSY,BUSY
25,11,0,PUB,0,LOW,1,4000,408,0.102,0,0,420,10,6,8,0,0,0,0,13,9,0,79,18,HYBRID_SIMULATED,LOW,LOW
25,11,0,FOOD,77,LOW,1,4000,408,0.102,0,0,420,18,-2,13,3,2,2,0,13,18,-7,81,18,HYBRID_SIMULATED,BUSY,NORMAL
25,11,0,EXPERIENCE,36,LOW,1,4000,408,0.102,0,0,420,30,3,12,1,2,1,2,16,32,12,124,18,HYBRID_SIMULATED,NORMAL,NORMAL
25,11,0,GOODS,65,LOW,1,4000,408,0.102,0,0,420,15,-3,13,0,0,0,0,24,0,4,84,18,HYBRID_SIMULATED,NORMAL,NORMAL
25,11,0,SAFETY,81,LOW,1,4000,408,0.102,0,0,420,18,-6,1,0,0,0,0,23,8,19,76,18,HYBRID_SIMULATED,NORMAL,LOW
25,12,0,STAGE,42,MEDIUM,2,4000,978,0.244,0,0,360,18,1,16,0,0,0,1,26,29,8,103,18,HYBRID_SIMULATED,NORMAL,NORMAL
25,12,0,PUB,0,MEDIUM,2,4000,978,0.244,0,0,360,12,2,-2,4,1,2,0,14,23,-1,22,18,HYBRID_SIMULATED,BUSY,NORMAL
25,12,0,FOOD,72,MEDIUM,2,4000,978,0.244,0,0,360,27,-14,-2,0,1,0,0,24,18,-1,89,18,HYBRID_SIMULATED,NORMAL,NORMAL
25,12,0,EXPERIENCE,73,MEDIUM,2,4000,978,0.244,0,0,360,45,1,3,1,0,0,1,16,24,-3,113,18,HYBRID_SIMULATED,NORMAL,NORMAL
25,12,0,GOODS,70,MEDIUM,2,4000,978,0.244,0,0,360,25,5,14,4,1,0,0,12,18,2,95,18,HYBRID_SIMULATED,BUSY,NORMAL
25,12,0,SAFETY,39,MEDIUM,2,4000,978,0.244,0,0,360,15,-2,-4,5,3,0,0,8,16,0,100,18,HYBRID_SIMULATED,BUSY,NORMAL
25,13,0,STAGE,42,LOW,1,4000,413,0.103,0,0,300,23,6,9,3,3,0,1,16,29,5,126,18,HYBRID_SIMULATED,BUSY,NORMAL
25,13,0,PUB,0,LOW,1,4000,413,0.103,0,0,300,15,2,1,1,4,0,0,15,17,4,25,18,HYBRID_SIMULATED,NORMAL,LOW
25,13,0,FOOD,5,LOW,1,4000,413,0.103,0,0,300,23,-8,16,6,3,2,3,4,26,6,77,18,HYBRID_SIMULATED,BUSY,NORMAL
25,13,0,EXPERIENCE,36,LOW,1,4000,413,0.103,0,0,300,34,11,2,1,2,0,0,18,15,0,83,18,HYBRID_SIMULATED,NORMAL,NORMAL
25,13,0,GOODS,18,LOW,1,4000,413,0.103,0,0,300,23,-4,-1,6,0,0,2,11,28,-7,18,18,HYBRID_SIMULATED,BUSY,BUSY
25,13,0,SAFETY,71,LOW,1,4000,413,0.103,0,0,300,12,4,-2,4,3,2,2,19,8,0,135,18,HYBRID_SIMULATED,NORMAL,NORMAL
25,14,0,STAGE,41,LOW,1,4000,1036,0.259,0,0,240,16,1,7,5,2,3,0,14,29,-3,108,18,HYBRID_SIMULATED,BUSY,BUSY
25,14,0,PUB,0,LOW,1,4000,1036,0.259,0,0,240,19,-1,1,1,0,0,0,19,23,-5,45,18,HYBRID_SIMULATED,NORMAL,NORMAL
25,14,0,FOOD,69,LOW,1,4000,1036,0.259,0,0,240,12,2,9,7,2,4,0,0,23,2,28,18,HYBRID_SIMULATED,VERY_BUSY,BUSY
25,14,0,EXPERIENCE,53,LOW,1,4000,1036,0.259,0,0,240,23,3,11,0,0,0,1,16,13,2,140,18,HYBRID_SIMULATED,NORMAL,NORMAL
25,14,0,GOODS,48,LOW,1,4000,1036,0.259,0,0,240,8,-4,6,6,1,2,0,9,18,-2,40,18,HYBRID_SIMULATED,NORMAL,NORMAL
25,14,0,SAFETY,4,LOW,1,4000,1036,0.259,0,0,240,11,-6,8,0,0,0,0,15,2,3,103,18,HYBRID_SIMULATED,LOW,LOW
25,15,0,STAGE,41,HIGH,3,4000,338,0.085,0,0,180,22,-4,-4,0,0,0,1,13,30,1,105,18,HYBRID_SIMULATED,NORMAL,BUSY
25,15,0,PUB,0,HIGH,3,4000,338,0.085,0,0,180,16,11,8,3,2,0,0,12,20,6,17,18,HYBRID_SIMULATED,NORMAL,NORMAL
25,15,0,FOOD,57,HIGH,3,4000,338,0.085,0,0,180,10,3,2,0,2,0,0,18,24,-3,40,18,HYBRID_SIMULATED,NORMAL,LOW
25,15,0,EXPERIENCE,16,HIGH,3,4000,338,0.085,0,0,180,40,-4,3,6,0,2,0,11,30,-2,117,18,HYBRID_SIMULATED,BUSY,VERY_BUSY
25,15,0,GOODS,65,HIGH,3,4000,338,0.085,0,0,180,16,-6,5,5,1,3,0,7,22,0,56,18,HYBRID_SIMULATED,BUSY,BUSY
25,15,0,SAFETY,56,HIGH,3,4000,338,0.085,0,0,180,17,5,10,5,0,1,0,11,13,3,104,18,HYBRID_SIMULATED,BUSY,NORMAL
25,16,0,STAGE,42,MEDIUM,2,4000,873,0.218,0,0,120,27,3,10,5,1,4,0,15,34,8,127,18,HYBRID_SIMULATED,VERY_BUSY,VERY_BUSY
25,16,0,PUB,0,MEDIUM,2,4000,873,0.218,0,0,120,14,-4,3,4,1,3,0,16,23,0,72,18,HYBRID_SIMULATED,BUSY,NORMAL
25,16,0,FOOD,35,MEDIUM,2,4000,873,0.218,0,0,120,5,-7,-5,2,0,2,0,16,17,-7,31,18,HYBRID_SIMULATED,NORMAL,LOW
25,16,0,EXPERIENCE,63,MEDIUM,2,4000,873,0.218,0,0,120,37,-4,7,4,1,2,3,11,25,-3,120,18,HYBRID_SIMULATED,BUSY,BUSY
25,16,0,GOODS,18,MEDIUM,2,4000,873,0.218,0,0,120,34,4,-8,0,0,0,0,17,11,2,58,18,HYBRID_SIMULATED,NORMAL,NORMAL
25,16,0,SAFETY,71,MEDIUM,2,4000,873,0.218,0,0,120,29,4,3,5,6,3,0,14,13,5,110,18,HYBRID_SIMULATED,BUSY,NORMAL
25,17,0,STAGE,41,MEDIUM,2,4000,253,0.063,0,0,60,16,6,14,9,1,2,0,1,30,3,61,18,HYBRID_SIMULATED,VERY_BUSY,BUSY
25,17,0,PUB,0,MEDIUM,2,4000,253,0.063,0,0,60,21,2,0,0,0,0,0,20,25,0,51,18,HYBRID_SIMULATED,NORMAL,NORMAL
25,17,0,FOOD,5,MEDIUM,2,4000,253,0.063,0,0,60,11,2,11,0,4,0,0,17,21,4,67,18,HYBRID_SIMULATED,NORMAL,LOW
25,17,0,EXPERIENCE,46,MEDIUM,2,4000,253,0.063,0,0,60,29,-1,-2,1,2,1,1,17,16,1,86,18,HYBRID_SIMULATED,NORMAL,NORMAL
25,17,0,GOODS,48,MEDIUM,2,4000,253,0.063,0,0,60,24,-1,16,4,1,1,0,12,17,7,54,18,HYBRID_SIMULATED,BUSY,BUSY
25,17,0,SAFETY,14,MEDIUM,2,4000,253,0.063,0,0,60,12,0,-2,3,1,2,0,10,2,-10,78,18,HYBRID_SIMULATED,NORMAL,NORMAL
25,18,1,STAGE,41,MEDIUM,2,4000,2837,0.709,0,1,45,47,5,7,0,3,0,0,21,35,5,96,18,HYBRID_SIMULATED,NORMAL,VERY_BUSY
25,18,1,PUB,0,MEDIUM,2,4000,2837,0.709,1,0,10,56,5,-5,8,6,4,1,3,37,4,39,18,HYBRID_SIMULATED,VERY_BUSY,VERY_BUSY
25,18,1,FOOD,15,MEDIUM,2,4000,2837,0.709,1,0,20,62,14,1,10,3,6,0,8,45,-2,7,18,HYBRID_SIMULATED,VERY_BUSY,VERY_BUSY
25,18,1,EXPERIENCE,6,MEDIUM,2,4000,2837,0.709,0,0,10,29,8,9,1,1,0,2,20,19,0,125,18,HYBRID_SIMULATED,NORMAL,NORMAL
25,18,1,GOODS,75,MEDIUM,2,4000,2837,0.709,0,0,0,17,5,17,2,0,0,0,13,20,-1,49,18,HYBRID_SIMULATED,NORMAL,NORMAL
25,18,1,SAFETY,61,MEDIUM,2,4000,2837,0.709,0,0,0,9,4,3,11,5,8,1,3,18,1,63,18,HYBRID_SIMULATED,BUSY,BUSY
25,19,1,STAGE,41,LOW,1,4000,993,0.248,0,1,0,58,8,19,2,0,2,0,18,28,12,100,18,HYBRID_SIMULATED,BUSY,BUSY
25,19,1,PUB,0,LOW,1,4000,993,0.248,1,0,0,76,0,4,7,7,0,0,8,45,8,0,18,HYBRID_SIMULATED,VERY_BUSY,VERY_BUSY
25,19,1,FOOD,30,LOW,1,4000,993,0.248,1,0,0,50,2,6,8,4,3,0,2,44,1,51,18,HYBRID_SIMULATED,VERY_BUSY,VERY_BUSY
25,19,1,EXPERIENCE,58,LOW,1,4000,993,0.248,0,0,10,27,9,12,8,3,7,0,2,26,0,108,18,HYBRID_SIMULATED,VERY_BUSY,BUSY
25,19,1,GOODS,23,LOW,1,4000,993,0.248,0,0,10,34,2,13,0,0,0,0,5,21,-4,71,18,HYBRID_SIMULATED,NORMAL,NORMAL
25,19,1,SAFETY,19,LOW,1,4000,993,0.248,0,0,45,26,14,3,2,1,2,2,17,18,-4,113,18,HYBRID_SIMULATED,NORMAL,NORMAL
25,20,1,STAGE,41,HIGH,3,4000,4189,1.047,0,1,45,78,8,9,0,0,0,0,12,36,6,141,18,HYBRID_SIMULATED,NORMAL,VERY_BUSY
25,20,1,PUB,0,HIGH,3,4000,4189,1.047,1,0,20,35,2,11,14,5,8,0,0,41,-1,22,18,HYBRID_SIMULATED,VERY_BUSY,VERY_BUSY
25,20,1,FOOD,72,HIGH,3,4000,4189,1.047,1,0,10,36,10,13,10,3,1,0,0,29,9,17,18,HYBRID_SIMULATED,VERY_BUSY,VERY_BUSY
25,20,1,EXPERIENCE,21,HIGH,3,4000,4189,1.047,0,0,0,17,-2,12,0,4,0,1,17,7,7,115,18,HYBRID_SIMULATED,NORMAL,NORMAL
25,20,1,GOODS,48,HIGH,3,4000,4189,1.047,0,0,30,24,2,0,4,2,1,0,16,17,3,58,18,HYBRID_SIMULATED,BUSY,BUSY
25,20,1,SAFETY,81,HIGH,3,4000,4189,1.047,0,0,20,22,9,18,1,1,1,1,15,3,1,90,18,HYBRID_SIMULATED,NORMAL,NORMAL
25,21,1,STAGE,42,MEDIUM,2,4000,1680,0.42,0,1,30,50,4,12,1,0,1,0,13,43,7,91,18,HYBRID_SIMULATED,BUSY,VERY_BUSY
25,21,1,PUB,0,MEDIUM,2,4000,1680,0.42,1,0,20,52,-2,9,2,4,0,2,10,29,5,78,18,HYBRID_SIMULATED,NORMAL,VERY_BUSY
25,21,1,FOOD,27,MEDIUM,2,4000,1680,0.42,1,0,10,54,-8,12,10,1,4,2,3,47,-3,18,18,HYBRID_SIMULATED,VERY_BUSY,VERY_BUSY
25,21,1,EXPERIENCE,6,MEDIUM,2,4000,1680,0.42,0,0,30,23,0,5,0,3,0,2,13,8,9,103,18,HYBRID_SIMULATED,NORMAL,NORMAL
25,21,1,GOODS,43,MEDIUM,2,4000,1680,0.42,0,0,20,31,5,19,0,3,0,0,20,14,4,17,18,HYBRID_SIMULATED,NORMAL,NORMAL
25,21,1,SAFETY,44,MEDIUM,2,4000,1680,0.42,0,0,20,29,7,-1,5,0,4,3,14,19,-4,106,18,HYBRID_SIMULATED,BUSY,BUSY
25,22,1,STAGE,42,LOW,1,4000,853,0.213,0,1,30,38,8,11,0,0,0,2,24,30,8,38,18,HYBRID_SIMULATED,NORMAL,BUSY
25,22,1,PUB,0,LOW,1,4000,853,0.213,1,0,45,63,4,-2,9,7,1,1,7,52,5,0,18,HYBRID_SIMULATED,VERY_BUSY,VERY_BUSY
25,22,1,FOOD,69,LOW,1,4000,853,0.213,1,0,10,54,9,27,11,0,5,2,0,41,1,0,18,HYBRID_SIMULATED,VERY_BUSY,VERY_BUSY
25,22,1,EXPERIENCE,16,LOW,1,4000,853,0.213,0,0,30,22,7,13,12,4,6,1,1,20,6,82,18,HYBRID_SIMULATED,VERY_BUSY,BUSY
25,22,1,GOODS,3,LOW,1,4000,853,0.213,0,0,20,21,3,11,3,0,1,1,12,24,1,20,18,HYBRID_SIMULATED,BUSY,NORMAL
25,22,1,SAFETY,66,LOW,1,4000,853,0.213,0,0,0,16,6,3,7,0,2,0,9,21,4,94,18,HYBRID_SIMULATED,BUSY,BUSY
25,23,0,STAGE,42,MEDIUM,2,4000,340,0.085,0,0,45,17,-1,11,5,2,2,0,9,34,-1,114,18,HYBRID_SIMULATED,BUSY,BUSY
25,23,0,PUB,0,MEDIUM,2,4000,340,0.085,1,0,10,75,1,-4,8,6,3,2,11,33,0,12,18,HYBRID_SIMULATED,VERY_BUSY,VERY_BUSY
25,23,0,FOOD,22,MEDIUM,2,4000,340,0.085,1,0,10,59,-5,9,5,1,3,0,12,35,5,13,18,HYBRID_SIMULATED,VERY_BUSY,VERY_BUSY
25,23,0,EXPERIENCE,53,MEDIUM,2,4000,340,0.085,0,0,30,24,6,-7,4,0,1,0,15,12,-4,94,18,HYBRID_SIMULATED,BUSY,NORMAL
25,23,0,GOODS,60,MEDIUM,2,4000,340,0.085,0,0,45,14,8,3,0,3,0,0,17,6,-5,48,18,HYBRID_SIMULATED,NORMAL,LOW
25,23,0,SAFETY,24,MEDIUM,2,4000,340,0.085,0,0,30,12,4,12,4,1,0,0,19,14,2,108,18,HYBRID_SIMULATED,NORMAL,NORMAL
25,24,0,STAGE,42,LOW,1,4000,736,0.184,0,0,20,5,5,5,2,2,1,0,23,20,-5,100,18,HYBRID_SIMULATED,NORMAL,NORMAL
25,24,0,PUB,0,LOW,1,4000,736,0.184,1,0,20,51,-1,3,8,4,5,0,13,40,0,69,18,HYBRID_SIMULATED,VERY_BUSY,VERY_BUSY
25,24,0,FOOD,32,LOW,1,4000,736,0.184,1,0,10,68,-12,0,6,3,6,0,7,25,-1,40,18,HYBRID_SIMULATED,BUSY,VERY_BUSY
25,24,0,EXPERIENCE,73,LOW,1,4000,736,0.184,0,0,45,25,-4,3,5,3,0,0,13,29,-3,91,18,HYBRID_SIMULATED,BUSY,NORMAL
25,24,0,GOODS,70,LOW,1,4000,736,0.184,0,0,45,22,-6,-3,0,0,0,0,21,13,1,39,18,HYBRID_SIMULATED,NORMAL,NORMAL
25,24,0,SAFETY,34,LOW,1,4000,736,0.184,0,0,20,4,3,4,0,3,0,0,8,5,0,107,18,HYBRID_SIMULATED,LOW,LOW
26,10,0,STAGE,42,LOW,1,4000,1013,0.253,0,0,480,20,7,6,0,0,0,0,8,24,-1,120,18,HYBRID_SIMULATED,NORMAL,NORMAL
26,10,0,PUB,0,LOW,1,4000,1013,0.253,0,0,480,14,8,-8,0,0,0,0,12,19,0,72,18,HYBRID_SIMULATED,NORMAL,NORMAL
26,10,0,FOOD,17,LOW,1,4000,1013,0.253,0,0,480,24,3,0,0,0,0,0,18,11,1,55,18,HYBRID_SIMULATED,NORMAL,NORMAL
26,10,0,EXPERIENCE,16,LOW,1,4000,1013,0.253,0,0,480,14,-3,-9,10,4,3,1,2,17,7,115,18,HYBRID_SIMULATED,BUSY,BUSY
26,10,0,GOODS,48,LOW,1,4000,1013,0.253,0,0,480,21,-6,0,0,0,0,1,10,23,5,78,18,HYBRID_SIMULATED,NORMAL,NORMAL
26,10,0,SAFETY,39,LOW,1,4000,1013,0.253,0,0,480,11,4,3,1,4,0,0,18,0,0,107,18,HYBRID_SIMULATED,LOW,NORMAL
26,11,0,STAGE,42,LOW,1,4000,122,0.03,0,0,420,34,-5,0,0,3,0,0,15,18,-2,59,18,HYBRID_SIMULATED,NORMAL,LOW
26,11,0,PUB,0,LOW,1,4000,122,0.03,0,0,420,24,2,18,0,2,0,0,16,23,9,93,18,HYBRID_SIMULATED,NORMAL,NORMAL
26,11,0,FOOD,32,LOW,1,4000,122,0.03,0,0,420,29,-5,2,0,1,0,0,21,23,-3,59,18,HYBRID_SIMULATED,NORMAL,NORMAL
26,11,0,EXPERIENCE,21,LOW,1,4000,122,0.03,0,0,420,28,5,13,2,0,0,1,12,22,8,106,18,HYBRID_SIMULATED,NORMAL,NORMAL
26,11,0,GOODS,18,LOW,1,4000,122,0.03,0,0,420,13,5,12,0,1,0,0,16,14,0,79,18,HYBRID_SIMULATED,NORMAL,LOW
26,11,0,SAFETY,56,LOW,1,4000,122,0.03,0,0,420,8,-2,8,1,0,0,2,17,0,5,116,18,HYBRID_SIMULATED,LOW,LOW
26,12,0,STAGE,42,LOW,1,4000,610,0.152,0,0,360,28,12,-16,0,1,0,0,18,28,2,127,18,HYBRID_SIMULATED,NORMAL,NORMAL
26,12,0,PUB,0,LOW,1,4000,610,0.152,0,0,360,5,5,-1,0,0,0,0,21,21,-5,96,18,HYBRID_SIMULATED,LOW,LOW
26,12,0,FOOD,30,LOW,1,4000,610,0.152,0,0,360,14,-4,3,0,1,0,0,18,13,0,69,18,HYBRID_SIMULATED,NORMAL,LOW
26,12,0,EXPERIENCE,36,LOW,1,4000,610,0.152,0,0,360,39,-5,8,1,0,1,0,21,16,0,121,18,HYBRID_SIMULATED,NORMAL,NORMAL
26,12,0,GOODS,60,LOW,1,4000,610,0.152,0,0,360,13,-8,-15,3,1,0,0,12,0,-3,50,18,HYBRID_SIMULATED,NORMAL,NORMAL
26,12,0,SAFETY,19,LOW,1,4000,610,0.152,0,0,360,16,-5,6,6,3,6,1,8,14,6,157,18,HYBRID_SIMULATED,BUSY,BUSY
26,13,0,STAGE,42,LOW,1,4000,121,0.03,0,0,300,23,-7,6,0,1,0,0,15,21,4,72,18,HYBRID_SIMULATED,NORMAL,NORMAL
26,13,0,PUB,0,LOW,1,4000,121,0.03,0,0,300,20,-9,-4,0,0,0,2,17,32,-5,64,18,HYBRID_SIMULATED,NORMAL,NORMAL
26,13,0,FOOD,74,LOW,1,4000,121,0.03,0,0,300,23,4,15,2,0,0,1,18,24,-3,61,18,HYBRID_SIMULATED,NORMAL,NORMAL
26,13,0,EXPERIENCE,73,LOW,1,4000,121,0.03,0,0,300,47,-3,-7,2,2,0,0,13,20,0,97,18,HYBRID_SIMULATED,NORMAL,BUSY
26,13,0,GOODS,75,LOW,1,4000,121,0.03,0,0,300,6,0,1,3,5,1,0,14,13,8,69,18,HYBRID_SIMULATED,NORMAL,LOW
26,13,0,SAFETY,81,LOW,1,4000,121,0.03,0,0,300,11,2,11,8,0,6,1,0,10,3,67,18,HYBRID_SIMULATED,BUSY,NORMAL
26,14,0,STAGE,42,HIGH,3,4000,601,0.15,0,0,240,13,-1,12,2,0,2,3,11,19,0,94,18,HYBRID_SIMULATED,NORMAL,NORMAL
26,14,0,PUB,0,HIGH,3,4000,601,0.15,0,0,240,12,3,8,2,0,0,3,12,30,5,69,18,HYBRID_SIMULATED,NORMAL,NORMAL
26,14,0,FOOD,40,HIGH,3,4000,601,0.15,0,0,240,13,-2,-13,2,1,0,0,15,31,0,37,18,HYBRID_SIMULATED,NORMAL,NORMAL
26,14,0,EXPERIENCE,6,HIGH,3,4000,601,0.15,0,0,240,44,8,3,5,1,4,1,4,23,6,98,18,HYBRID_SIMULATED,BUSY,VERY_BUSY
26,14,0,GOODS,3,HIGH,3,4000,601,0.15,0,0,240,17,-4,2,0,2,0,0,12,17,2,62,18,HYBRID_SIMULATED,NORMAL,NORMAL
26,14,0,SAFETY,29,HIGH,3,4000,601,0.15,0,0,240,6,2,-3,7,1,0,0,13,0,7,107,18,HYBRID_SIMULATED,NORMAL,NORMAL
26,15,0,STAGE,42,LOW,1,4000,882,0.221,0,0,180,20,7,3,4,2,1,0,10,23,8,108,18,HYBRID_SIMULATED,BUSY,BUSY
26,15,0,PUB,0,LOW,1,4000,882,0.221,0,0,180,17,2,7,0,1,0,0,21,19,1,60,18,HYBRID_SIMULATED,NORMAL,NORMAL
26,15,0,FOOD,72,LOW,1,4000,882,0.221,0,0,180,22,2,-9,7,0,2,0,8,15,-6,59,18,HYBRID_SIMULATED,BUSY,NORMAL
26,15,0,EXPERIENCE,31,LOW,1,4000,882,0.221,0,0,180,23,-9,1,1,0,0,0,13,16,-1,116,18,HYBRID_SIMULATED,NORMAL,BUSY
26,15,0,GOODS,28,LOW,1,4000,882,0.221,0,0,180,19,1,-7,1,3,1,0,16,12,4,46,18,HYBRID_SIMULATED,NORMAL,NORMAL
26,15,0,SAFETY,9,LOW,1,4000,882,0.221,0,0,180,16,9,9,4,1,2,0,11,8,-2,112,18,HYBRID_SIMULATED,BUSY,NORMAL
26,16,0,STAGE,42,HIGH,3,4000,424,0.106,0,0,120,19,5,10,1,0,1,1,12,13,0,98,18,HYBRID_SIMULATED,NORMAL,BUSY
26,16,0,PUB,0,HIGH,3,4000,424,0.106,0,0,120,17,-8,5,2,2,1,0,8,28,0,52,18,HYBRID_SIMULATED,BUSY,NORMAL
26,16,0,FOOD,30,HIGH,3,4000,424,0.106,0,0,120,22,3,10,7,3,1,0,9,16,3,34,18,HYBRID_SIMULATED,BUSY,BUSY
26,16,0,EXPERIENCE,1,HIGH,3,4000,424,0.106,0,0,120,35,-10,-3,12,0,4,0,2,31,-4,139,18,HYBRID_SIMULATED,VERY_BUSY,VERY_BUSY
26,16,0,GOODS,3,HIGH,3,4000,424,0.106,0,0,120,35,9,8,1,0,0,1,11,14,1,55,18,HYBRID_SIMULATED,NORMAL,NORMAL
26,16,0,SAFETY,50,HIGH,3,4000,424,0.106,0,0,120,31,-1,-14,5,4,0,0,13,12,-5,116,18,HYBRID_SIMULATED,BUSY,BUSY
26,17,0,STAGE,41,MEDIUM,2,4000,199,0.05,0,0,60,9,2,6,0,0,0,0,13,12,1,67,18,HYBRID_SIMULATED,LOW,NORMAL
26,17,0,PUB,0,MEDIUM,2,4000,199,0.05,0,0,60,13,-6,-3,4,3,2,0,8,16,2,67,18,HYBRID_SIMULATED,BUSY,NORMAL
26,17,0,FOOD,62,MEDIUM,2,4000,199,0.05,0,0,60,19,-3,16,8,1,1,0,2,40,-1,43,18,HYBRID_SIMULATED,VERY_BUSY,BUSY
26,17,0,EXPERIENCE,31,MEDIUM,2,4000,199,0.05,0,0,60,41,-4,6,4,0,2,0,16,23,1,116,18,HYBRID_SIMULATED,BUSY,BUSY
26,17,0,GOODS,75,MEDIUM,2,4000,199,0.05,0,0,60,28,-7,-3,2,0,1,1,14,14,-4,53,18,HYBRID_SIMULATED,NORMAL,NORMAL
26,17,0,SAFETY,50,MEDIUM,2,4000,199,0.05,0,0,60,23,13,4,2,3,2,0,14,1,12,93,18,HYBRID_SIMULATED,NORMAL,NORMAL
26,18,1,STAGE,42,LOW,1,4000,1178,0.294,0,1,20,57,9,1,1,0,0,0,20,45,4,86,18,HYBRID_SIMULATED,BUSY,BUSY
26,18,1,PUB,0,LOW,1,4000,1178,0.294,1,0,30,53,5,7,5,4,5,1,8,25,4,54,18,HYBRID_SIMULATED,BUSY,VERY_BUSY
26,18,1,FOOD,40,LOW,1,4000,1178,0.294,1,0,0,53,1,15,8,6,5,0,3,38,13,59,18,HYBRID_SIMULATED,VERY_BUSY,VERY_BUSY
26,18,1,EXPERIENCE,53,LOW,1,4000,1178,0.294,0,0,10,27,10,16,3,0,3,2,12,18,2,122,18,HYBRID_SIMULATED,BUSY,BUSY
26,18,1,GOODS,33,LOW,1,4000,1178,0.294,0,0,45,32,3,6,0,2,0,2,19,11,-3,42,18,HYBRID_SIMULATED,NORMAL,LOW
26,18,1,SAFETY,71,LOW,1,4000,1178,0.294,0,0,10,23,4,0,0,0,0,0,14,29,-4,130,18,HYBRID_SIMULATED,NORMAL,NORMAL
26,19,1,STAGE,42,LOW,1,4000,1058,0.265,0,1,30,34,6,15,3,3,0,0,21,31,10,104,18,HYBRID_SIMULATED,BUSY,VERY_BUSY
26,19,1,PUB,0,LOW,1,4000,1058,0.265,1,0,10,58,-3,13,9,7,3,0,6,50,9,2,18,HYBRID_SIMULATED,VERY_BUSY,VERY_BUSY
26,19,1,FOOD,67,LOW,1,4000,1058,0.265,1,0,10,58,11,13,16,4,6,0,0,41,4,24,18,HYBRID_SIMULATED,VERY_BUSY,VERY_BUSY
26,19,1,EXPERIENCE,53,LOW,1,4000,1058,0.265,0,0,10,17,-1,12,0,0,0,0,10,2,0,101,18,HYBRID_SIMULATED,NORMAL,NORMAL
26,19,1,GOODS,55,LOW,1,4000,1058,0.265,0,0,30,21,0,7,4,0,4,1,6,26,1,26,18,HYBRID_SIMULATED,BUSY,BUSY
26,19,1,SAFETY,66,LOW,1,4000,1058,0.265,0,0,30,5,-4,5,7,6,7,1,9,12,4,82,18,HYBRID_SIMULATED,NORMAL,NORMAL
26,20,1,STAGE,41,HIGH,3,4000,3922,0.981,0,1,20,72,1,8,2,1,0,0,8,47,8,96,18,HYBRID_SIMULATED,BUSY,VERY_BUSY
26,20,1,PUB,0,HIGH,3,4000,3922,0.981,1,0,30,51,8,-9,7,4,1,2,4,35,5,45,18,HYBRID_SIMULATED,BUSY,BUSY
26,20,1,FOOD,59,HIGH,3,4000,3922,0.981,1,0,30,33,11,15,3,6,0,0,13,40,8,24,18,HYBRID_SIMULATED,BUSY,VERY_BUSY
26,20,1,EXPERIENCE,11,HIGH,3,4000,3922,0.981,0,0,30,15,9,15,3,0,2,3,11,16,3,83,18,HYBRID_SIMULATED,BUSY,NORMAL
26,20,1,GOODS,70,HIGH,3,4000,3922,0.981,0,0,20,31,1,9,2,2,0,0,11,18,9,51,18,HYBRID_SIMULATED,NORMAL,NORMAL
26,20,1,SAFETY,39,HIGH,3,4000,3922,0.981,0,0,20,33,1,16,0,0,0,0,14,7,0,80,18,HYBRID_SIMULATED,NORMAL,NORMAL
26,21,1,STAGE,41,LOW,1,4000,1562,0.391,0,1,20,61,5,3,0,0,0,1,15,39,5,65,18,HYBRID_SIMULATED,BUSY,BUSY
26,21,1,PUB,0,LOW,1,4000,1562,0.391,1,0,20,65,2,3,9,3,6,0,4,44,-1,36,18,HYBRID_SIMULATED,VERY_BUSY,VERY_BUSY
26,21,1,FOOD,54,LOW,1,4000,1562,0.391,1,0,0,51,5,0,5,2,3,1,6,32,1,47,18,HYBRID_SIMULATED,VERY_BUSY,VERY_BUSY
26,21,1,EXPERIENCE,63,LOW,1,4000,1562,0.391,0,0,10,14,-1,6,2,3,0,2,14,30,6,127,18,HYBRID_SIMULATED,NORMAL,BUSY
26,21,1,GOODS,60,LOW,1,4000,1562,0.391,0,0,0,31,-1,-3,2,0,2,1,18,11,0,73,18,HYBRID_SIMULATED,NORMAL,NORMAL
26,21,1,SAFETY,19,LOW,1,4000,1562,0.391,0,0,20,30,5,7,1,3,0,0,17,17,6,77,18,HYBRID_SIMULATED,NORMAL,NORMAL
26,22,1,STAGE,41,LOW,1,4000,903,0.226,0,1,30,52,2,14,4,2,0,0,13,41,12,103,18,HYBRID_SIMULATED,BUSY,VERY_BUSY
26,22,1,PUB,0,LOW,1,4000,903,0.226,1,0,30,56,9,1,9,4,3,1,2,42,-3,16,18,HYBRID_SIMULATED,VERY_BUSY,VERY_BUSY
26,22,1,FOOD,40,LOW,1,4000,903,0.226,1,0,0,57,4,11,8,4,4,0,4,28,10,0,18,HYBRID_SIMULATED,VERY_BUSY,VERY_BUSY
26,22,1,EXPERIENCE,16,LOW,1,4000,903,0.226,0,0,20,22,8,5,3,1,1,1,11,15,6,93,18,HYBRID_SIMULATED,NORMAL,BUSY
26,22,1,GOODS,70,LOW,1,4000,903,0.226,0,0,20,13,4,13,2,2,1,0,14,12,8,37,18,HYBRID_SIMULATED,NORMAL,NORMAL
26,22,1,SAFETY,56,LOW,1,4000,903,0.226,0,0,20,24,11,7,2,2,2,1,13,8,7,100,18,HYBRID_SIMULATED,NORMAL,NORMAL
26,23,0,STAGE,42,MEDIUM,2,4000,314,0.079,0,0,30,22,9,1,5,1,2,0,11,28,-1,94,18,HYBRID_SIMULATED,BUSY,BUSY
26,23,0,PUB,0,MEDIUM,2,4000,314,0.079,1,0,0,44,-7,1,14,6,9,3,0,50,0,3,18,HYBRID_SIMULATED,VERY_BUSY,VERY_BUSY
26,23,0,FOOD,15,MEDIUM,2,4000,314,0.079,1,0,20,53,11,-5,13,4,6,2,7,48,-3,35,18,HYBRID_SIMULATED,VERY_BUSY,VERY_BUSY
26,23,0,EXPERIENCE,73,MEDIUM,2,4000,314,0.079,0,0,45,14,-3,12,3,2,0,3,19,16,10,91,18,HYBRID_SIMULATED,NORMAL,NORMAL
26,23,0,GOODS,13,MEDIUM,2,4000,314,0.079,0,0,0,11,9,-5,0,0,0,0,17,5,-4,51,18,HYBRID_SIMULATED,LOW,NORMAL
26,23,0,SAFETY,50,MEDIUM,2,4000,314,0.079,0,0,30,25,0,-2,0,1,0,0,12,21,-2,129,18,HYBRID_SIMULATED,NORMAL,LOW
26,24,0,STAGE,42,LOW,1,4000,327,0.082,0,0,30,28,1,-4,0,2,0,0,23,11,2,89,18,HYBRID_SIMULATED,NORMAL,NORMAL
26,24,0,PUB,0,LOW,1,4000,327,0.082,1,0,30,70,-3,2,8,7,6,0,3,44,-3,36,18,HYBRID_SIMULATED,VERY_BUSY,VERY_BUSY
26,24,0,FOOD,74,LOW,1,4000,327,0.082,1,0,0,57,3,16,3,7,2,0,12,30,14,35,18,HYBRID_SIMULATED,BUSY,VERY_BUSY
26,24,0,EXPERIENCE,36,LOW,1,4000,327,0.082,0,0,0,25,0,-5,5,0,1,0,16,15,-6,50,18,HYBRID_SIMULATED,BUSY,BUSY
26,24,0,GOODS,80,LOW,1,4000,327,0.082,0,0,0,25,-2,13,3,1,0,1,16,8,5,29,18,HYBRID_SIMULATED,NORMAL,NORMAL
26,24,0,SAFETY,50,LOW,1,4000,327,0.082,0,0,30,24,0,1,6,0,1,0,3,28,0,109,18,HYBRID_SIMULATED,BUSY,BUSY
27,10,0,STAGE,41,MEDIUM,2,4000,984,0.246,0,0,480,27,2,2,8,0,5,0,0,33,-6,92,18,HYBRID_SIMULATED,VERY_BUSY,VERY_BUSY
27,10,0,PUB,0,MEDIUM,2,4000,984,0.246,0,0,480,12,1,8,2,0,1,0,13,13,0,65,18,HYBRID_SIMULATED,NORMAL,LOW
27,10,0,FOOD,40,MEDIUM,2,4000,984,0.246,0,0,480,20,-4,-6,1,0,0,3,15,11,-9,61,18,HYBRID_SIMULATED,NORMAL,NORMAL
27,10,0,EXPERIENCE,46,MEDIUM,2,4000,984,0.246,0,0,480,21,-3,9,0,2,0,0,10,11,2,96,18,HYBRID_SIMULATED,NORMAL,NORMAL
27,10,0,GOODS,18,MEDIUM,2,4000,984,0.246,0,0,480,23,-6,0,2,2,0,0,18,13,0,94,18,HYBRID_SIMULATED,NORMAL,NORMAL
27,10,0,SAFETY,81,MEDIUM,2,4000,984,0.246,0,0,480,14,2,8,0,0,0,0,14,7,9,126,18,HYBRID_SIMULATED,NORMAL,NORMAL
27,11,0,STAGE,42,LOW,1,4000,732,0.183,0,0,420,23,14,3,5,3,4,0,14,25,1,90,18,HYBRID_SIMULATED,BUSY,VERY_BUSY
27,11,0,PUB,0,LOW,1,4000,732,0.183,0,0,420,17,4,1,5,2,0,0,10,27,7,45,18,HYBRID_SIMULATED,BUSY,NORMAL
27,11,0,FOOD,37,LOW,1,4000,732,0.183,0,0,420,12,-5,6,1,0,1,0,16,19,0,65,18,HYBRID_SIMULATED,NORMAL,NORMAL
27,11,0,EXPERIENCE,11,LOW,1,4000,732,0.183,0,0,420,18,5,6,0,5,0,2,20,11,5,63,18,HYBRID_SIMULATED,NORMAL,NORMAL
27,11,0,GOODS,75,LOW,1,4000,732,0.183,0,0,420,21,-4,14,1,3,1,1,13,9,8,77,18,HYBRID_SIMULATED,NORMAL,NORMAL
27,11,0,SAFETY,34,LOW,1,4000,732,0.183,0,0,420,9,4,9,5,1,2,0,10,19,3,102,18,HYBRID_SIMULATED,BUSY,NORMAL
27,12,0,STAGE,42,MEDIUM,2,4000,1057,0.264,0,0,360,20,-1,2,0,4,0,0,12,23,6,102,18,HYBRID_SIMULATED,NORMAL,BUSY
27,12,0,PUB,0,MEDIUM,2,4000,1057,0.264,0,0,360,16,2,-5,0,0,0,0,14,29,-3,69,18,HYBRID_SIMULATED,NORMAL,NORMAL
27,12,0,FOOD,74,MEDIUM,2,4000,1057,0.264,0,0,360,26,7,15,7,4,2,1,0,31,7,50,18,HYBRID_SIMULATED,VERY_BUSY,BUSY
27,12,0,EXPERIENCE,16,MEDIUM,2,4000,1057,0.264,0,0,360,32,-3,0,8,2,5,2,0,28,3,119,18,HYBRID_SIMULATED,VERY_BUSY,BUSY
27,12,0,GOODS,55,MEDIUM,2,4000,1057,0.264,0,0,360,11,-13,-2,2,2,1,0,8,4,-2,71,18,HYBRID_SIMULATED,NORMAL,NORMAL
27,12,0,SAFETY,50,MEDIUM,2,4000,1057,0.264,0,0,360,29,1,-4,5,0,1,0,16,27,-4,150,18,HYBRID_SIMULATED,BUSY,NORMAL
27,13,0,STAGE,41,LOW,1,4000,821,0.205,0,0,300,20,3,-9,3,0,3,1,13,16,-4,119,18,HYBRID_SIMULATED,BUSY,BUSY
27,13,0,PUB,0,LOW,1,4000,821,0.205,0,0,300,24,-2,3,0,1,0,0,19,21,2,26,18,HYBRID_SIMULATED,NORMAL,NORMAL
27,13,0,FOOD,27,LOW,1,4000,821,0.205,0,0,300,11,-1,-7,4,0,3,1,17,14,0,59,18,HYBRID_SIMULATED,BUSY,NORMAL
27,13,0,EXPERIENCE,26,LOW,1,4000,821,0.205,0,0,300,43,2,-3,0,2,0,0,19,18,0,87,18,HYBRID_SIMULATED,NORMAL,NORMAL
27,13,0,GOODS,28,LOW,1,4000,821,0.205,0,0,300,6,5,-3,6,1,1,1,1,13,-1,47,18,HYBRID_SIMULATED,NORMAL,NORMAL
27,13,0,SAFETY,44,LOW,1,4000,821,0.205,0,0,300,10,2,5,6,4,3,0,13,19,1,89,18,HYBRID_SIMULATED,BUSY,NORMAL
27,14,0,STAGE,41,LOW,1,4000,449,0.112,0,0,240,24,1,-3,6,3,4,1,9,40,-1,98,18,HYBRID_SIMULATED,VERY_BUSY,BUSY
27,14,0,PUB,0,LOW,1,4000,449,0.112,0,0,240,8,-2,8,0,2,0,0,16,14,0,41,18,HYBRID_SIMULATED,LOW,LOW
27,14,0,FOOD,10,LOW,1,4000,449,0.112,0,0,240,25,4,4,6,5,5,0,15,25,0,57,18,HYBRID_SIMULATED,BUSY,BUSY
27,14,0,EXPERIENCE,16,LOW,1,4000,449,0.112,0,0,240,40,0,0,9,4,0,0,0,30,6,105,18,HYBRID_SIMULATED,VERY_BUSY,VERY_BUSY
27,14,0,GOODS,3,LOW,1,4000,449,0.112,0,0,240,15,4,4,0,2,0,0,22,0,-8,94,18,HYBRID_SIMULATED,NORMAL,NORMAL
27,14,0,SAFETY,56,LOW,1,4000,449,0.112,0,0,240,16,-8,2,0,3,0,0,11,4,3,110,18,HYBRID_SIMULATED,NORMAL,LOW
27,15,0,STAGE,42,MEDIUM,2,4000,787,0.197,0,0,180,10,10,9,3,1,0,0,11,29,0,109,18,HYBRID_SIMULATED,NORMAL,BUSY
27,15,0,PUB,0,MEDIUM,2,4000,787,0.197,0,0,180,18,-2,3,1,0,1,1,13,31,3,70,18,HYBRID_SIMULATED,NORMAL,NORMAL
27,15,0,FOOD,62,MEDIUM,2,4000,787,0.197,0,0,180,32,11,-5,6,1,3,0,13,28,1,46,18,HYBRID_SIMULATED,BUSY,NORMAL
27,15,0,EXPERIENCE,46,MEDIUM,2,4000,787,0.197,0,0,180,30,3,-8,11,4,2,0,0,24,0,117,18,HYBRID_SIMULATED,VERY_BUSY,VERY_BUSY
27,15,0,GOODS,18,MEDIUM,2,4000,787,0.197,0,0,180,17,4,-6,0,0,0,2,16,13,-5,47,18,HYBRID_SIMULATED,NORMAL,NORMAL
27,15,0,SAFETY,81,MEDIUM,2,4000,787,0.197,0,0,180,24,7,-2,2,0,2,2,11,12,4,78,18,HYBRID_SIMULATED,NORMAL,NORMAL
27,16,0,STAGE,42,LOW,1,4000,202,0.051,0,0,120,16,8,7,0,2,0,0,18,30,3,126,18,HYBRID_SIMULATED,NORMAL,NORMAL
27,16,0,PUB,0,LOW,1,4000,202,0.051,0,0,120,15,1,15,0,0,0,0,13,22,-1,62,18,HYBRID_SIMULATED,NORMAL,NORMAL
27,16,0,FOOD,45,LOW,1,4000,202,0.051,0,0,120,5,-5,1,2,1,0,0,19,27,4,53,18,HYBRID_SIMULATED,NORMAL,NORMAL
27,16,0,EXPERIENCE,26,LOW,1,4000,202,0.051,0,0,120,33,-2,-5,0,2,0,0,15,23,1,123,18,HYBRID_SIMULATED,NORMAL,NORMAL
27,16,0,GOODS,70,LOW,1,4000,202,0.051,0,0,120,32,-6,-6,5,1,3,0,7,16,4,79,18,HYBRID_SIMULATED,BUSY,BUSY
27,16,0,SAFETY,71,LOW,1,4000,202,0.051,0,0,120,17,-7,3,1,0,1,0,21,0,0,115,18,HYBRID_SIMULATED,NORMAL,NORMAL
27,17,0,STAGE,42,LOW,1,4000,1006,0.252,0,0,60,27,9,20,3,2,3,2,8,33,10,89,18,HYBRID_SIMULATED,BUSY,BUSY
27,17,0,PUB,0,LOW,1,4000,1006,0.252,0,0,60,2,-2,-7,0,0,0,0,27,13,2,43,18,HYBRID_SIMULATED,LOW,LOW
27,17,0,FOOD,77,LOW,1,4000,1006,0.252,0,0,60,29,-6,-1,2,0,0,0,18,10,0,65,18,HYBRID_SIMULATED,NORMAL,NORMAL
27,17,0,EXPERIENCE,73,LOW,1,4000,1006,0.252,0,0,60,39,3,-12,1,1,1,0,19,24,-7,69,18,HYBRID_SIMULATED,NORMAL,BUSY
27,17,0,GOODS,43,LOW,1,4000,1006,0.252,0,0,60,29,3,1,8,4,6,1,10,18,2,42,18,HYBRID_SIMULATED,BUSY,BUSY
27,17,0,SAFETY,9,LOW,1,4000,1006,0.252,0,0,60,21,-3,6,6,2,3,2,10,17,2,84,18,HYBRID_SIMULATED,BUSY,NORMAL
27,18,1,STAGE,41,MEDIUM,2,4000,2695,0.674,0,1,10,46,9,15,0,0,0,0,9,28,13,92,18,HYBRID_SIMULATED,NORMAL,VERY_BUSY
27,18,1,PUB,0,MEDIUM,2,4000,2695,0.674,1,0,20,60,2,11,8,4,3,0,5,48,5,40,18,HYBRID_SIMULATED,VERY_BUSY,VERY_BUSY
27,18,1,FOOD,30,MEDIUM,2,4000,2695,0.674,1,0,20,64,6,9,8,5,0,1,10,36,1,17,18,HYBRID_SIMULATED,BUSY,VERY_BUSY
27,18,1,EXPERIENCE,63,MEDIUM,2,4000,2695,0.674,0,0,30,22,3,17,5,0,1,0,6,28,1,90,18,HYBRID_SIMULATED,BUSY,BUSY
27,18,1,GOODS,75,MEDIUM,2,4000,2695,0.674,0,0,30,19,1,-4,0,3,0,0,16,14,6,30,18,HYBRID_SIMULATED,NORMAL,NORMAL
27,18,1,SAFETY,76,MEDIUM,2,4000,2695,0.674,0,0,10,33,3,8,4,2,2,0,15,27,0,137,18,HYBRID_SIMULATED,BUSY,BUSY
27,19,1,STAGE,41,MEDIUM,2,4000,2883,0.721,0,1,20,52,0,12,0,0,0,0,11,42,8,107,18,HYBRID_SIMULATED,BUSY,VERY_BUSY
27,19,1,PUB,0,MEDIUM,2,4000,2883,0.721,1,0,20,52,5,6,7,3,5,1,11,43,6,33,18,HYBRID_SIMULATED,VERY_BUSY,VERY_BUSY
27,19,1,FOOD,17,MEDIUM,2,4000,2883,0.721,1,0,10,50,7,11,5,4,4,0,9,33,5,69,18,HYBRID_SIMULATED,VERY_BUSY,VERY_BUSY
27,19,1,EXPERIENCE,58,MEDIUM,2,4000,2883,0.721,0,0,0,21,8,14,9,4,9,0,8,22,0,91,18,HYBRID_SIMULATED,BUSY,BUSY
27,19,1,GOODS,8,MEDIUM,2,4000,2883,0.721,0,0,30,30,16,11,0,1,0,0,17,24,1,69,18,HYBRID_SIMULATED,NORMAL,NORMAL
27,19,1,SAFETY,24,MEDIUM,2,4000,2883,0.721,0,0,0,25,6,-3,3,1,1,0,20,6,-2,173,18,HYBRID_SIMULATED,NORMAL,NORMAL
27,20,1,STAGE,42,HIGH,3,4000,3204,0.801,0,1,0,75,9,19,2,0,2,0,14,39,5,74,18,HYBRID_SIMULATED,BUSY,VERY_BUSY
27,20,1,PUB,0,HIGH,3,4000,3204,0.801,1,0,20,45,5,19,10,9,2,0,3,33,9,55,18,HYBRID_SIMULATED,VERY_BUSY,VERY_BUSY
27,20,1,FOOD,10,HIGH,3,4000,3204,0.801,1,0,45,27,3,8,9,4,3,0,7,31,4,29,18,HYBRID_SIMULATED,BUSY,VERY_BUSY
27,20,1,EXPERIENCE,31,HIGH,3,4000,3204,0.801,0,0,30,21,11,15,0,0,0,0,16,16,9,95,18,HYBRID_SIMULATED,NORMAL,NORMAL
27,20,1,GOODS,18,HIGH,3,4000,3204,0.801,0,0,30,21,2,9,0,0,0,0,16,7,2,40,18,HYBRID_SIMULATED,NORMAL,NORMAL
27,20,1,SAFETY,34,HIGH,3,4000,3204,0.801,0,0,0,31,2,3,1,4,0,2,13,13,2,103,18,HYBRID_SIMULATED,NORMAL,NORMAL
27,21,1,STAGE,42,MEDIUM,2,4000,1565,0.391,0,1,0,51,4,2,0,4,0,0,21,29,5,142,18,HYBRID_SIMULATED,NORMAL,VERY_BUSY
27,21,1,PUB,0,MEDIUM,2,4000,1565,0.391,1,0,10,57,2,1,4,4,2,0,13,45,5,41,18,HYBRID_SIMULATED,BUSY,VERY_BUSY
27,21,1,FOOD,12,MEDIUM,2,4000,1565,0.391,1,0,0,51,1,8,11,4,4,3,3,49,14,18,18,HYBRID_SIMULATED,VERY_BUSY,VERY_BUSY
27,21,1,EXPERIENCE,73,MEDIUM,2,4000,1565,0.391,0,0,30,22,10,3,1,0,0,0,14,12,4,117,18,HYBRID_SIMULATED,NORMAL,NORMAL
27,21,1,GOODS,55,MEDIUM,2,4000,1565,0.391,0,0,45,21,7,9,3,0,1,0,20,13,5,45,18,HYBRID_SIMULATED,NORMAL,NORMAL
27,21,1,SAFETY,24,MEDIUM,2,4000,1565,0.391,0,0,30,14,6,10,1,3,1,0,12,6,5,103,18,HYBRID_SIMULATED,NORMAL,NORMAL
27,22,1,STAGE,41,LOW,1,4000,1208,0.302,0,1,20,35,5,-2,0,0,0,0,22,19,12,90,18,HYBRID_SIMULATED,NORMAL,BUSY
27,22,1,PUB,0,LOW,1,4000,1208,0.302,1,0,45,71,1,-2,4,1,2,1,4,46,-1,30,18,HYBRID_SIMULATED,BUSY,VERY_BUSY
27,22,1,FOOD,40,LOW,1,4000,1208,0.302,1,0,30,51,4,1,5,6,2,1,11,34,4,56,18,HYBRID_SIMULATED,BUSY,VERY_BUSY
27,22,1,EXPERIENCE,73,LOW,1,4000,1208,0.302,0,0,45,26,7,12,1,0,0,0,9,7,2,108,18,HYBRID_SIMULATED,NORMAL,NORMAL
27,22,1,GOODS,60,LOW,1,4000,1208,0.302,0,0,20,12,9,12,1,1,1,1,16,3,8,34,18,HYBRID_SIMULATED,NORMAL,NORMAL
27,22,1,SAFETY,71,LOW,1,4000,1208,0.302,0,0,0,31,2,28,0,0,0,1,22,10,6,74,18,HYBRID_SIMULATED,NORMAL,NORMAL
27,23,0,STAGE,41,LOW,1,4000,804,0.201,0,0,30,19,-1,4,2,1,1,1,9,37,0,86,18,HYBRID_SIMULATED,BUSY,BUSY
27,23,0,PUB,0,LOW,1,4000,804,0.201,1,0,20,69,4,6,7,3,5,1,2,51,1,24,18,HYBRID_SIMULATED,VERY_BUSY,VERY_BUSY
27,23,0,FOOD,69,LOW,1,4000,804,0.201,1,0,20,48,7,8,13,2,7,2,0,40,-3,0,18,HYBRID_SIMULATED,VERY_BUSY,VERY_BUSY
27,23,0,EXPERIENCE,58,LOW,1,4000,804,0.201,0,0,10,17,1,1,15,3,10,3,0,37,2,90,18,HYBRID_SIMULATED,VERY_BUSY,BUSY
27,23,0,GOODS,65,LOW,1,4000,804,0.201,0,0,0,0,-1,0,2,0,0,0,23,5,3,57,18,HYBRID_SIMULATED,LOW,LOW
27,23,0,SAFETY,39,LOW,1,4000,804,0.201,0,0,45,19,0,2,2,4,2,2,19,13,7,74,18,HYBRID_SIMULATED,NORMAL,NORMAL
27,24,0,STAGE,41,LOW,1,4000,485,0.121,0,0,45,37,3,18,4,2,0,0,14,35,11,104,18,HYBRID_SIMULATED,BUSY,BUSY
27,24,0,PUB,0,LOW,1,4000,485,0.121,1,0,10,61,4,19,10,2,1,0,2,48,4,35,18,HYBRID_SIMULATED,VERY_BUSY,VERY_BUSY
27,24,0,FOOD,40,LOW,1,4000,485,0.121,1,0,30,57,3,-1,11,11,4,0,0,30,6,56,18,HYBRID_SIMULATED,VERY_BUSY,VERY_BUSY
27,24,0,EXPERIENCE,26,LOW,1,4000,485,0.121,0,0,10,22,3,-4,0,1,0,0,22,11,0,90,18,HYBRID_SIMULATED,NORMAL,NORMAL
27,24,0,GOODS,60,LOW,1,4000,485,0.121,0,0,0,11,1,2,5,0,2,2,9,30,0,27,18,HYBRID_SIMULATED,BUSY,BUSY
27,24,0,SAFETY,50,LOW,1,4000,485,0.121,0,0,45,8,-7,1,0,2,0,0,22,5,1,114,18,HYBRID_SIMULATED,LOW,LOW
28,10,0,STAGE,41,LOW,1,4000,742,0.185,0,0,480,16,1,12,0,1,0,0,13,33,-5,99,18,HYBRID_SIMULATED,NORMAL,BUSY
28,10,0,PUB,0,LOW,1,4000,742,0.185,0,0,480,5,5,-1,3,0,2,3,8,13,0,53,18,HYBRID_SIMULATED,NORMAL,NORMAL
28,10,0,FOOD,37,LOW,1,4000,742,0.185,0,0,480,21,3,2,4,0,4,2,13,33,0,81,18,HYBRID_SIMULATED,BUSY,BUSY
28,10,0,EXPERIENCE,1,LOW,1,4000,742,0.185,0,0,480,26,-6,6,17,3,8,0,0,29,3,101,18,HYBRID_SIMULATED,VERY_BUSY,BUSY
28,10,0,GOODS,55,LOW,1,4000,742,0.185,0,0,480,13,6,-7,1,0,0,0,19,15,-5,84,18,HYBRID_SIMULATED,NORMAL,NORMAL
28,10,0,SAFETY,50,LOW,1,4000,742,0.185,0,0,480,14,4,-1,6,4,1,2,13,17,5,127,18,HYBRID_SIMULATED,BUSY,NORMAL
28,11,0,STAGE,42,MEDIUM,2,4000,903,0.226,0,0,420,29,5,8,0,2,0,0,21,34,0,118,18,HYBRID_SIMULATED,NORMAL,BUSY
28,11,0,PUB,0,MEDIUM,2,4000,903,0.226,0,0,420,25,-4,-7,0,0,0,1,17,30,-4,83,18,HYBRID_SIMULATED,NORMAL,NORMAL
28,11,0,FOOD,45,MEDIUM,2,4000,903,0.226,0,0,420,19,11,7,0,2,0,0,19,18,1,43,18,HYBRID_SIMULATED,NORMAL,LOW
28,11,0,EXPERIENCE,36,MEDIUM,2,4000,903,0.226,0,0,420,8,8,3,3,2,0,0,11,17,0,99,18,HYBRID_SIMULATED,NORMAL,NORMAL
28,11,0,GOODS,28,MEDIUM,2,4000,903,0.226,0,0,420,15,-2,-2,0,3,0,0,9,16,0,70,18,HYBRID_SIMULATED,NORMAL,NORMAL
28,11,0,SAFETY,4,MEDIUM,2,4000,903,0.226,0,0,420,16,1,-7,3,3,1,1,6,1,6,120,18,HYBRID_SIMULATED,NORMAL,NORMAL
28,12,0,STAGE,41,MEDIUM,2,4000,723,0.181,0,0,360,21,11,0,0,6,0,0,13,25,8,94,18,HYBRID_SIMULATED,NORMAL,NORMAL
28,12,0,PUB,0,MEDIUM,2,4000,723,0.181,0,0,360,32,11,-2,1,1,0,0,12,16,0,67,18,HYBRID_SIMULATED,NORMAL,NORMAL
28,12,0,FOOD,20,MEDIUM,2,4000,723,0.181,0,0,360,24,-2,6,4,2,4,1,4,28,0,36,18,HYBRID_SIMULATED,BUSY,BUSY
28,12,0,EXPERIENCE,31,MEDIUM,2,4000,723,0.181,0,0,360,33,3,1,1,0,1,1,6,21,-3,100,18,HYBRID_SIMULATED,NORMAL,NORMAL
28,12,0,GOODS,55,MEDIUM,2,4000,723,0.181,0,0,360,1,-3,1,8,0,0,1,0,17,0,44,18,HYBRID_SIMULATED,NORMAL,LOW
28,12,0,SAFETY,9,MEDIUM,2,4000,723,0.181,0,0,360,21,1,12,5,0,2,0,14,16,-4,152,18,HYBRID_SIMULATED,BUSY,BUSY
28,13,0,STAGE,42,LOW,1,4000,436,0.109,0,0,300,23,-5,-7,4,0,3,0,20,24,0,127,18,HYBRID_SIMULATED,BUSY,BUSY
28,13,0,PUB,0,LOW,1,4000,436,0.109,0,0,300,12,10,-3,0,2,0,0,17,13,0,44,18,HYBRID_SIMULATED,NORMAL,LOW
28,13,0,FOOD,7,LOW,1,4000,436,0.109,0,0,300,19,-4,6,3,1,2,0,8,14,2,51,18,HYBRID_SIMULATED,BUSY,NORMAL
28,13,0,EXPERIENCE,11,LOW,1,4000,436,0.109,0,0,300,38,0,1,4,0,4,0,10,26,0,101,18,HYBRID_SIMULATED,BUSY,BUSY
28,13,0,GOODS,75,LOW,1,4000,436,0.109,0,0,300,14,4,0,0,0,0,0,22,16,-1,34,18,HYBRID_SIMULATED,NORMAL,NORMAL
28,13,0,SAFETY,14,LOW,1,4000,436,0.109,0,0,300,7,-6,4,6,2,0,0,11,3,5,108,18,HYBRID_SIMULATED,NORMAL,NORMAL
28,14,0,STAGE,42,LOW,1,4000,822,0.205,0,0,240,13,-4,13,2,0,0,1,6,28,-3,68,18,HYBRID_SIMULATED,NORMAL,BUSY
28,14,0,PUB,0,LOW,1,4000,822,0.205,0,0,240,18,2,3,2,0,0,0,13,17,1,53,18,HYBRID_SIMULATED,NORMAL,NORMAL
28,14,0,FOOD,40,LOW,1,4000,822,0.205,0,0,240,16,-2,9,0,0,0,0,17,11,2,61,18,HYBRID_SIMULATED,NORMAL,NORMAL
28,14,0,EXPERIENCE,31,LOW,1,4000,822,0.205,0,0,240,44,-2,4,2,0,1,1,11,18,-4,71,18,HYBRID_SIMULATED,NORMAL,BUSY
28,14,0,GOODS,8,LOW,1,4000,822,0.205,0,0,240,27,-2,-2,4,1,3,1,12,22,-1,61,18,HYBRID_SIMULATED,BUSY,BUSY
28,14,0,SAFETY,34,LOW,1,4000,822,0.205,0,0,240,29,2,2,7,1,3,2,12,18,2,88,18,HYBRID_SIMULATED,BUSY,BUSY
28,15,0,STAGE,42,LOW,1,4000,655,0.164,0,0,180,19,-1,3,3,2,0,0,17,21,3,45,18,HYBRID_SIMULATED,NORMAL,BUSY
28,15,0,PUB,0,LOW,1,4000,655,0.164,0,0,180,9,-9,-11,0,3,0,0,16,18,4,45,18,HYBRID_SIMULATED,LOW,LOW
28,15,0,FOOD,54,LOW,1,4000,655,0.164,0,0,180,7,-3,5,0,0,0,0,15,14,-3,60,18,HYBRID_SIMULATED,LOW,LOW
28,15,0,EXPERIENCE,46,LOW,1,4000,655,0.164,0,0,180,40,4,9,0,0,0,0,5,21,-7,87,18,HYBRID_SIMULATED,NORMAL,NORMAL
28,15,0,GOODS,70,LOW,1,4000,655,0.164,0,0,180,21,3,13,2,2,1,0,9,11,3,39,18,HYBRID_SIMULATED,NORMAL,NORMAL
28,15,0,SAFETY,19,LOW,1,4000,655,0.164,0,0,180,6,1,0,5,0,1,0,10,12,-1,150,18,HYBRID_SIMULATED,NORMAL,NORMAL
28,16,0,STAGE,41,LOW,1,4000,198,0.05,0,0,120,10,10,7,6,1,2,2,9,25,0,115,18,HYBRID_SIMULATED,BUSY,NORMAL
28,16,0,PUB,0,LOW,1,4000,198,0.05,0,0,120,10,6,10,0,0,0,1,11,17,-2,60,18,HYBRID_SIMULATED,NORMAL,LOW
28,16,0,FOOD,32,LOW,1,4000,198,0.05,0,0,120,16,-3,6,0,3,0,0,18,18,5,67,18,HYBRID_SIMULATED,NORMAL,NORMAL
28,16,0,EXPERIENCE,46,LOW,1,4000,198,0.05,0,0,120,39,-1,2,6,6,0,0,6,23,11,110,18,HYBRID_SIMULATED,BUSY,BUSY
28,16,0,GOODS,48,LOW,1,4000,198,0.05,0,0,120,25,2,0,1,1,0,1,14,14,-2,58,18,HYBRID_SIMULATED,NORMAL,NORMAL
28,16,0,SAFETY,76,LOW,1,4000,198,0.05,0,0,120,21,1,-14,2,1,1,0,11,17,1,106,18,HYBRID_SIMULATED,NORMAL,NORMAL
28,17,0,STAGE,41,MEDIUM,2,4000,1081,0.27,0,0,60,21,7,6,0,1,0,0,18,28,4,124,18,HYBRID_SIMULATED,NORMAL,BUSY
28,17,0,PUB,0,MEDIUM,2,4000,1081,0.27,0,0,60,12,2,6,2,0,2,2,20,21,3,55,18,HYBRID_SIMULATED,NORMAL,NORMAL
28,17,0,FOOD,12,MEDIUM,2,4000,1081,0.27,0,0,60,17,3,6,0,0,0,0,17,27,-3,58,18,HYBRID_SIMULATED,NORMAL,NORMAL
28,17,0,EXPERIENCE,1,MEDIUM,2,4000,1081,0.27,0,0,60,27,-1,-3,7,0,0,0,7,26,-4,114,18,HYBRID_SIMULATED,BUSY,VERY_BUSY
28,17,0,GOODS,13,MEDIUM,2,4000,1081,0.27,0,0,60,34,7,4,1,1,0,0,15,8,3,24,18,HYBRID_SIMULATED,NORMAL,NORMAL
28,17,0,SAFETY,56,MEDIUM,2,4000,1081,0.27,0,0,60,0,-1,-9,0,2,0,0,20,3,0,125,18,HYBRID_SIMULATED,LOW,LOW
28,18,1,STAGE,42,MEDIUM,2,4000,2778,0.695,0,1,45,46,4,9,4,4,0,0,14,36,12,109,18,HYBRID_SIMULATED,BUSY,VERY_BUSY
28,18,1,PUB,0,MEDIUM,2,4000,2778,0.695,1,0,45,65,3,16,0,0,0,0,18,49,-1,36,18,HYBRID_SIMULATED,NORMAL,BUSY
28,18,1,FOOD,27,MEDIUM,2,4000,2778,0.695,1,0,10,55,4,19,3,1,3,0,17,46,7,58,18,HYBRID_SIMULATED,BUSY,VERY_BUSY
28,18,1,EXPERIENCE,16,MEDIUM,2,4000,2778,0.695,0,0,0,29,4,0,5,7,3,0,15,6,10,149,18,HYBRID_SIMULATED,BUSY,BUSY
28,18,1,GOODS,48,MEDIUM,2,4000,2778,0.695,0,0,30,24,1,17,2,3,0,1,15,19,0,54,18,HYBRID_SIMULATED,NORMAL,BUSY
28,18,1,SAFETY,66,MEDIUM,2,4000,2778,0.695,0,0,20,14,14,14,2,0,0,0,11,8,-3,88,18,HYBRID_SIMULATED,NORMAL,NORMAL
28,19,1,STAGE,41,MEDIUM,2,4000,2042,0.51,0,1,45,37,-2,4,0,0,0,0,13,34,3,101,18,HYBRID_SIMULATED,NORMAL,VERY_BUSY
28,19,1,PUB,0,MEDIUM,2,4000,2042,0.51,1,0,10,56,3,3,13,2,5,0,0,43,1,34,18,HYBRID_SIMULATED,VERY_BUSY,VERY_BUSY
28,19,1,FOOD,64,MEDIUM,2,4000,2042,0.51,1,0,20,53,0,14,12,3,6,2,3,37,6,15,18,HYBRID_SIMULATED,VERY_BUSY,VERY_BUSY
28,19,1,EXPERIENCE,21,MEDIUM,2,4000,2042,0.51,0,0,10,29,2,17,2,3,1,1,19,25,9,111,18,HYBRID_SIMULATED,NORMAL,BUSY
28,19,1,GOODS,23,MEDIUM,2,4000,2042,0.51,0,0,20,38,9,12,0,0,0,0,12,23,0,43,18,HYBRID_SIMULATED,NORMAL,NORMAL
28,19,1,SAFETY,44,MEDIUM,2,4000,2042,0.51,0,0,0,18,3,14,0,3,0,1,15,16,2,77,18,HYBRID_SIMULATED,NORMAL,NORMAL
28,20,1,STAGE,41,MEDIUM,2,4000,2807,0.702,0,1,0,53,6,5,4,2,0,0,8,40,16,115,18,HYBRID_SIMULATED,BUSY,VERY_BUSY
28,20,1,PUB,0,MEDIUM,2,4000,2807,0.702,1,0,10,53,5,0,4,3,2,0,16,30,7,50,18,HYBRID_SIMULATED,BUSY,VERY_BUSY
28,20,1,FOOD,15,MEDIUM,2,4000,2807,0.702,1,0,30,48,-1,1,12,3,5,1,0,41,12,15,18,HYBRID_SIMULATED,VERY_BUSY,VERY_BUSY
28,20,1,EXPERIENCE,78,MEDIUM,2,4000,2807,0.702,0,0,45,24,11,-1,8,0,3,1,12,22,-2,99,18,HYBRID_SIMULATED,BUSY,VERY_BUSY
28,20,1,GOODS,70,MEDIUM,2,4000,2807,0.702,0,0,30,28,4,-6,6,0,0,0,9,15,2,51,18,HYBRID_SIMULATED,BUSY,BUSY
28,20,1,SAFETY,66,MEDIUM,2,4000,2807,0.702,0,0,45,19,16,-1,6,6,5,0,1,23,0,81,18,HYBRID_SIMULATED,VERY_BUSY,BUSY
28,21,1,STAGE,42,MEDIUM,2,4000,2675,0.669,0,1,0,38,5,10,0,2,0,0,25,33,8,70,18,HYBRID_SIMULATED,NORMAL,VERY_BUSY
28,21,1,PUB,0,MEDIUM,2,4000,2675,0.669,1,0,45,69,4,9,5,4,1,2,16,48,2,0,18,HYBRID_SIMULATED,VERY_BUSY,VERY_BUSY
28,21,1,FOOD,20,MEDIUM,2,4000,2675,0.669,1,0,45,57,5,6,1,6,1,1,17,23,6,69,18,HYBRID_SIMULATED,NORMAL,VERY_BUSY
28,21,1,EXPERIENCE,16,MEDIUM,2,4000,2675,0.669,0,0,45,23,3,4,8,0,4,0,3,34,3,86,18,HYBRID_SIMULATED,VERY_BUSY,VERY_BUSY
28,21,1,GOODS,28,MEDIUM,2,4000,2675,0.669,0,0,30,34,3,23,0,1,0,1,21,4,0,54,18,HYBRID_SIMULATED,NORMAL,NORMAL
28,21,1,SAFETY,76,MEDIUM,2,4000,2675,0.669,0,0,30,20,8,18,0,1,0,1,21,19,4,122,18,HYBRID_SIMULATED,NORMAL,NORMAL
28,22,1,STAGE,41,LOW,1,4000,885,0.221,0,1,20,51,9,9,4,0,4,0,12,42,8,71,18,HYBRID_SIMULATED,VERY_BUSY,VERY_BUSY
28,22,1,PUB,0,LOW,1,4000,885,0.221,1,0,0,52,3,0,5,4,1,2,18,47,0,57,18,HYBRID_SIMULATED,BUSY,VERY_BUSY
28,22,1,FOOD,59,LOW,1,4000,885,0.221,1,0,45,71,4,4,7,2,1,2,12,44,5,27,18,HYBRID_SIMULATED,BUSY,VERY_BUSY
28,22,1,EXPERIENCE,73,LOW,1,4000,885,0.221,0,0,45,24,7,9,3,4,1,0,10,14,5,128,18,HYBRID_SIMULATED,NORMAL,BUSY
28,22,1,GOODS,28,LOW,1,4000,885,0.221,0,0,0,16,2,15,2,3,0,0,13,20,2,69,18,HYBRID_SIMULATED,NORMAL,NORMAL
28,22,1,SAFETY,14,LOW,1,4000,885,0.221,0,0,30,22,4,2,0,1,0,0,16,8,1,88,18,HYBRID_SIMULATED,NORMAL,NORMAL
28,23,0,STAGE,42,MEDIUM,2,4000,1015,0.254,0,0,10,16,0,-2,2,0,0,0,15,29,-1,109,18,HYBRID_SIMULATED,NORMAL,BUSY
28,23,0,PUB,0,MEDIUM,2,4000,1015,0.254,1,0,20,62,3,15,7,4,4,0,9,47,6,17,18,HYBRID_SIMULATED,VERY_BUSY,VERY_BUSY
28,23,0,FOOD,35,MEDIUM,2,4000,1015,0.254,1,0,30,52,0,8,8,5,1,0,0,33,-7,13,18,HYBRID_SIMULATED,VERY_BUSY,VERY_BUSY
28,23,0,EXPERIENCE,58,MEDIUM,2,4000,1015,0.254,0,0,20,23,5,9,9,2,5,0,4,30,8,115,18,HYBRID_SIMULATED,VERY_BUSY,BUSY
28,23,0,GOODS,23,MEDIUM,2,4000,1015,0.254,0,0,45,16,0,-3,0,1,0,1,22,15,1,79,18,HYBRID_SIMULATED,NORMAL,NORMAL
28,23,0,SAFETY,66,MEDIUM,2,4000,1015,0.254,0,0,45,30,-1,8,6,2,2,0,10,6,4,88,18,HYBRID_SIMULATED,BUSY,BUSY
28,24,0,STAGE,41,MEDIUM,2,4000,856,0.214,0,0,30,27,0,19,0,0,0,1,15,34,1,140,18,HYBRID_SIMULATED,NORMAL,BUSY
28,24,0,PUB,0,MEDIUM,2,4000,856,0.214,1,0,0,52,-1,-7,8,4,2,0,17,31,1,29,18,HYBRID_SIMULATED,BUSY,VERY_BUSY
28,24,0,FOOD,67,MEDIUM,2,4000,856,0.214,1,0,20,60,6,13,18,7,8,3,0,48,11,0,18,HYBRID_SIMULATED,VERY_BUSY,VERY_BUSY
28,24,0,EXPERIENCE,36,MEDIUM,2,4000,856,0.214,0,0,0,9,5,8,2,3,2,1,11,14,2,105,18,HYBRID_SIMULATED,NORMAL,NORMAL
28,24,0,GOODS,3,MEDIUM,2,4000,856,0.214,0,0,20,14,6,2,5,0,3,0,7,18,2,16,18,HYBRID_SIMULATED,BUSY,NORMAL
28,24,0,SAFETY,29,MEDIUM,2,4000,856,0.214,0,0,45,15,-5,8,2,0,0,3,13,0,-4,108,18,HYBRID_SIMULATED,NORMAL,NORMAL
